IngredientRxCUI,ProductRxCUI,NDC11,PackSize,UoM,UnitsPerPack,GTIN,RefrigeratedFlag,IsCurrent
327361,1655728,00074433901,,,,,0,1
327361,1655728,00074433902,,,,,0,1
327361,1655728,00074433971,,,,,0,1
327361,1655728,00074433974,,,,,0,1
327361,1655728,50090448700,,,,,0,1
327361,1726846,00074024302,,,,,0,1
327361,1726846,00074024371,,,,,0,1
327361,1726846,83457024201,,,,,0,1
327361,1726846,83457024302,,,,,0,1
327361,1855524,00074254001,,,,,0,1
327361,1872980,00074055401,,,,,0,1
327361,1872980,00074055402,,,,,0,1
327361,1872980,00074055471,,,,,0,1
327361,1872980,00074055474,,,,,0,1
327361,1872980,83457055301,,,,,0,1
327361,1872980,83457055402,,,,,0,1
327361,1921010,00074081702,,,,,0,1
327361,1921010,83457081601,,,,,0,1
327361,1921010,83457081702,,,,,0,1
327361,1921017,00074061602,,,,,0,1
327361,1921017,00074061671,,,,,0,1
327361,1921017,83457061501,,,,,0,1
327361,1921017,83457061602,,,,,0,1
327361,1921240,00074012401,,,,,0,1
327361,1921240,00074012402,,,,,0,1
327361,1921240,00074012474,,,,,0,1
327361,1921240,83457012301,,,,,0,1
327361,1921240,83457012402,,,,,0,1
327361,2627717,55513041101,,,,,0,1
327361,2627722,55513040001,,,,,0,1
327361,2627722,55513040002,,,,,0,1
327361,2627722,55513040091,,,,,0,1
327361,2627722,72511040001,,,,,0,1
327361,2627722,72511040002,,,,,0,1
327361,2627725,55513041001,,,,,0,1
327361,2627725,55513041002,,,,,0,1
327361,2634479,55513041301,,,,,0,1
327361,2639657,72606003009,,,,,0,1
327361,2639657,72606003010,,,,,0,1
327361,2639662,72606003001,,,,,0,1
327361,2639662,72606003002,,,,,0,1
327361,2639662,72606003003,,,,,0,1
327361,2639662,72606003004,,,,,0,1
327361,2639662,72606003005,,,,,0,1
327361,2639662,72606003006,,,,,0,1
327361,2639662,72606003007,,,,,0,1
327361,2639662,72606003008,,,,,0,1
327361,2640300,50090670600,,,,,0,1
327361,2640300,78206018401,,,,,0,1
327361,2640300,78206018499,,,,,0,1
327361,2640305,50090670500,,,,,0,1
327361,2640305,78206018301,,,,,0,1
327361,2640305,78206018399,,,,,0,1
327361,2640395,70114021002,,,,,0,1
327361,2640395,71288081681,,,,,0,1
327361,2640400,70114022002,,,,,0,1
327361,2640400,71288081581,,,,,0,1
327361,2640410,49502038002,,,,,0,1
327361,2640410,49502038006,,,,,0,1
327361,2640410,83257001932,,,,,0,1
327361,2640415,49502038102,,,,,0,1
327361,2640415,49502038106,,,,,0,1
327361,2640415,49502056706,,,,,0,1
327361,2640415,83257001642,,,,,0,1
327361,2640418,49502038202,,,,,0,1
327361,2640418,49502038206,,,,,0,1
327361,2640418,49502054006,,,,,0,1
327361,2640418,49502055406,,,,,0,1
327361,2640418,83257001742,,,,,0,1
327361,2640422,78206018501,,,,,0,1
327361,2640422,78206018599,,,,,0,1
327361,2640428,50090670400,,,,,0,1
327361,2640428,78206018601,,,,,0,1
327361,2640428,78206018699,,,,,0,1
327361,2640432,50090670700,,,,,0,1
327361,2640432,78206018701,,,,,0,1
327361,2640432,78206018758,,,,,0,1
327361,2640432,78206018759,,,,,0,1
327361,2640432,78206018799,,,,,0,1
327361,2640857,65219055618,,,,,0,1
327361,2640857,65219056914,,,,,0,1
327361,2640862,65219055408,,,,,0,1
327361,2640889,00597037045,,,,,0,1
327361,2640889,00597037072,,,,,0,1
327361,2640889,00597037082,,,,,0,1
327361,2640892,00597040089,,,,,0,1
327361,2640894,00597040510,,,,,0,1
327361,2640894,00597040580,,,,,0,1
327361,2640898,00597037548,,,,,0,1
327361,2640898,00597037553,,,,,0,1
327361,2640898,00597037597,,,,,0,1
327361,2641650,61314050964,,,,,0,1
327361,2641654,61314047664,,,,,0,1
327361,2641654,83457010801,,,,,0,1
327361,2641658,61314047320,,,,,0,1
327361,2641658,61314047377,,,,,0,1
327361,2641658,61314047392,,,,,0,1
327361,2641658,83457010001,,,,,0,1
327361,2641658,83457020040,,,,,0,1
327361,2641661,61314047364,,,,,0,1
327361,2641661,83457010101,,,,,0,1
327361,2641661,83457020146,,,,,0,1
327361,2641663,61314045420,,,,,0,1
327361,2641663,83457010701,,,,,0,1
327361,2663904,55513039901,,,,,0,1
327361,2663904,72511039901,,,,,0,1
327361,2663904,84612039901,,,,,0,1
327361,2663907,55513047901,,,,,0,1
327361,2663907,55513047902,,,,,0,1
327361,2663907,72511047901,,,,,0,1
327361,2663907,72511047902,,,,,0,1
327361,2663907,84612047901,,,,,0,1
327361,2663907,84612047902,,,,,0,1
327361,2663910,55513048201,,,,,0,1
327361,2663910,55513048202,,,,,0,1
327361,2663910,72511048201,,,,,0,1
327361,2663910,72511048202,,,,,0,1
327361,2663910,84612048201,,,,,0,1
327361,2663910,84612048202,,,,,0,1
327361,2663913,55513048001,,,,,0,1
327361,2663913,55513048002,,,,,0,1
327361,2663915,55513048101,,,,,0,1
327361,2663915,55513048102,,,,,0,1
327361,2663915,72511048101,,,,,0,1
327361,2663915,72511048102,,,,,0,1
327361,2663915,84612048101,,,,,0,1
327361,2663915,84612048102,,,,,0,1
327361,2665422,83457010201,,,,,0,1
327361,2665422,83457020250,,,,,0,1
327361,2665426,83457010301,,,,,0,1
327361,2665426,83457020356,,,,,0,1
327361,2668071,00025031801,,,,,0,1
327361,2668071,00025032501,,,,,0,1
327361,2668071,00025032502,,,,,0,1
327361,2668071,00069031801,,,,,0,1
327361,2668071,00069032501,,,,,0,1
327361,2668071,00069032502,,,,,0,1
327361,2668078,00025031701,,,,,0,1
327361,2668078,00025032801,,,,,0,1
327361,2668078,00025032802,,,,,0,1
327361,2668078,00069031701,,,,,0,1
327361,2668078,00069032801,,,,,0,1
327361,2668078,00069032802,,,,,0,1
327361,2668096,00025032901,,,,,0,1
327361,2668096,00025033302,,,,,0,1
327361,2668096,00069032901,,,,,0,1
327361,2668096,00069033302,,,,,0,1
327361,2668484,72606002401,,,,,0,1
327361,2668486,72606002301,,,,,0,1
327361,2668486,72606002302,,,,,0,1
327361,2668486,72606002303,,,,,0,1
327361,2668488,72606002304,,,,,0,1
327361,2668488,72606002305,,,,,0,1
327361,2677787,51759040202,,,,,0,1
327361,2677787,51759040217,,,,,0,1
327361,2677787,51759051321,,,,,0,1
327361,2680746,00597048012,,,,,0,1
327361,2680746,00597048520,,,,,0,1
327361,2680746,00597048546,,,,,0,1
327361,2680746,00597049032,,,,,0,1
327361,2680750,00597049547,,,,,0,1
327361,2680750,00597049550,,,,,0,1
327361,2688823,51759038622,,,,,0,1
327361,2688823,51759049731,,,,,0,1
327361,2688827,51759041222,,,,,0,1
327361,2688827,51759062431,,,,,0,1
327361,2688829,51759052321,,,,,0,1
327361,2688829,51759063431,,,,,0,1
327361,2699319,65219055808,,,,,0,1
327361,2699319,65219056201,,,,,0,1
327361,2706645,51759027417,,,,,0,1
327361,2706645,51759038421,,,,,0,1
327361,727705,00074379902,,,,,0,1
327361,727705,00074379971,,,,,0,1
327361,2639651,72606002209,,,,,0,1
327361,2639651,72606002210,,,,,0,1
327361,2639651,72606002211,,,,,0,1
327361,2639651,72606002212,,,,,0,1
327361,2639659,72606002201,,,,,0,1
327361,2639659,72606002202,,,,,0,1
327361,2639659,72606002203,,,,,0,1
327361,2639659,72606002204,,,,,0,1
327361,2639659,72606002205,,,,,0,1
327361,2639659,72606002206,,,,,0,1
327361,2639659,72606002207,,,,,0,1
327361,2639659,72606002208,,,,,0,1
327361,2640287,78206020301,,,,,0,1
327361,2640287,78206020399,,,,,0,1
327361,2640302,78206020401,,,,,0,1
327361,2640302,78206020499,,,,,0,1
327361,2640404,49502041602,,,,,0,1
327361,2640404,49502041606,,,,,0,1
327361,2640404,51407083402,,,,,0,1
327361,2640404,51407084402,,,,,0,1
327361,2640404,83257002232,,,,,0,1
327361,2640412,49502041702,,,,,0,1
327361,2640412,49502041706,,,,,0,1
327361,2640412,83257002042,,,,,0,1
327361,2640417,49502041802,,,,,0,1
327361,2640417,49502041806,,,,,0,1
327361,2640417,51407083502,,,,,0,1
327361,2640417,51407084602,,,,,0,1
327361,2640417,83257002142,,,,,0,1
327361,2640419,78206020501,,,,,0,1
327361,2640419,78206020599,,,,,0,1
327361,2640425,78206020701,,,,,0,1
327361,2640425,78206020799,,,,,0,1
327361,2640430,78206020601,,,,,0,1
327361,2640430,78206020699,,,,,0,1
327361,2640851,65219061802,,,,,0,1
327361,2640851,65219062020,,,,,0,1
327361,2640859,65219061002,,,,,0,1
327361,2640859,65219061299,,,,,0,1
327361,2640883,00597054010,,,,,0,1
327361,2640883,00597059026,,,,,0,1
327361,2640883,00597059520,,,,,0,1
327361,2640883,82009015022,,,,,0,1
327361,2640883,82009015111,,,,,0,1
327361,2640891,00597058037,,,,,0,1
327361,2640891,00597058589,,,,,0,1
327361,2640893,00597055006,,,,,0,1
327361,2640893,00597055580,,,,,0,1
327361,2640895,00597054522,,,,,0,1
327361,2640895,82009014822,,,,,0,1
327361,2640895,82009014911,,,,,0,1
327361,2641644,61314039164,,,,,0,1
327361,2641644,61314039194,,,,,0,1
327361,2641653,61314033264,,,,,0,1
327361,2641653,61314033294,,,,,0,1
327361,2641655,61314032720,,,,,0,1
327361,2641660,61314032764,,,,,0,1
327361,2641662,61314032520,,,,,0,1
327361,2641662,61314032596,,,,,0,1
327361,2668483,72606004101,,,,,0,1
327361,2668485,72606004001,,,,,0,1
327361,2668485,72606004002,,,,,0,1
327361,2668485,72606004003,,,,,0,1
327361,2668487,72606004004,,,,,0,1
327361,2668487,72606004005,,,,,0,1
327361,2677780,51759036002,,,,,0,1
327361,2677780,51759036821,,,,,0,1
327361,2677780,82009015622,,,,,0,1
327361,2677780,82009015711,,,,,0,1
327361,2680743,00597056012,,,,,0,1
327361,2680743,00597056520,,,,,0,1
327361,2680743,82009014622,,,,,0,1
327361,2680743,82009014711,,,,,0,1
327361,2680748,00597057032,,,,,0,1
327361,2680748,00597057550,,,,,0,1
327361,2680748,82009014422,,,,,0,1
327361,2680748,82009014511,,,,,0,1
327361,2688826,82009015822,,,,,0,1
327361,2688826,82009015911,,,,,0,1
327361,2706644,51759036117,,,,,0,1
153165,262095,00071015823,,,,,0,1
153165,262095,00071015892,,,,,0,1
153165,262095,58151015877,,,,,0,1
153165,262095,58864083430,,,,,0,1
153165,262095,63629336601,,,,,0,1
153165,262095,63629336602,,,,,0,1
153165,262095,63629336603,,,,,0,1
153165,262095,63629336604,,,,,0,1
153165,617314,00071015523,,,,,0,1
153165,617314,00071015540,,,,,0,1
153165,617314,13411011301,,,,,0,1
153165,617314,13411011303,,,,,0,1
153165,617314,13411011306,,,,,0,1
153165,617314,13411011309,,,,,0,1
153165,617314,13411011315,,,,,0,1
153165,617314,33358021001,,,,,0,1
153165,617314,33358021030,,,,,0,1
153165,617314,33358021060,,,,,0,1
153165,617314,33358021090,,,,,0,1
153165,617314,52959075990,,,,,0,1
153165,617314,55289087030,,,,,0,1
153165,617314,58151015577,,,,,0,1
153165,617314,58864060830,,,,,0,1
153165,617314,63629144601,,,,,0,1
153165,617314,63629144602,,,,,0,1
153165,617314,66105011309,,,,,0,1
153165,617314,68071039930,,,,,0,1
153165,617318,00071015623,,,,,0,1
153165,617318,00071015640,,,,,0,1
153165,617318,00071015694,,,,,0,1
153165,617318,13411011401,,,,,0,1
153165,617318,13411011403,,,,,0,1
153165,617318,13411011406,,,,,0,1
153165,617318,13411011409,,,,,0,1
153165,617318,13411011415,,,,,0,1
153165,617318,52959076090,,,,,0,1
153165,617318,55289080030,,,,,0,1
153165,617318,58151015677,,,,,0,1
153165,617318,58864068530,,,,,0,1
153165,617318,63629144701,,,,,0,1
153165,617318,66105011409,,,,,0,1
153165,617318,68071015430,,,,,0,1
153165,617320,00071015723,,,,,0,1
153165,617320,00071015740,,,,,0,1
153165,617320,13411011501,,,,,0,1
153165,617320,13411011503,,,,,0,1
153165,617320,13411011506,,,,,0,1
153165,617320,13411011509,,,,,0,1
153165,617320,13411011515,,,,,0,1
153165,617320,52959004630,,,,,0,1
153165,617320,55289086130,,,,,0,1
153165,617320,55887092930,,,,,0,1
153165,617320,58151015777,,,,,0,1
153165,617320,58864062315,,,,,0,1
153165,617320,58864062330,,,,,0,1
153165,617320,66105011509,,,,,0,1
153165,617320,68071031030,,,,,0,1
153165,259255,00093505705,,,,,0,1
153165,259255,00093505798,,,,,0,1
153165,259255,00378395305,,,,,0,1
153165,259255,00378395307,,,,,0,1
153165,259255,00378395309,,,,,0,1
153165,259255,00378395377,,,,,0,1
153165,259255,00440712830,,,,,0,1
153165,259255,00615800905,,,,,0,1
153165,259255,00615800907,,,,,0,1
153165,259255,00615800939,,,,,0,1
153165,259255,00781538892,,,,,0,1
153165,259255,00904629304,,,,,0,1
153165,259255,10135065305,,,,,0,1
153165,259255,16571013909,,,,,0,1
153165,259255,16571013910,,,,,0,1
153165,259255,16571013950,,,,,0,1
153165,259255,16714017601,,,,,0,1
153165,259255,16714017602,,,,,0,1
153165,259255,16714017603,,,,,0,1
153165,259255,16714087701,,,,,0,1
153165,259255,16714087702,,,,,0,1
153165,259255,16714087703,,,,,0,1
153165,259255,16729004701,,,,,0,1
153165,259255,16729004710,,,,,0,1
153165,259255,16729004715,,,,,0,1
153165,259255,16729004716,,,,,0,1
153165,259255,16729004717,,,,,0,1
153165,259255,24658051010,,,,,0,1
153165,259255,24658051090,,,,,0,1
153165,259255,31722042705,,,,,0,1
153165,259255,31722042710,,,,,0,1
153165,259255,31722042790,,,,,0,1
153165,259255,42385094301,,,,,0,1
153165,259255,42385094305,,,,,0,1
153165,259255,42385094308,,,,,0,1
153165,259255,42385094310,,,,,0,1
153165,259255,42385094311,,,,,0,1
153165,259255,42385094330,,,,,0,1
153165,259255,42385094364,,,,,0,1
153165,259255,42385094368,,,,,0,1
153165,259255,42385094390,,,,,0,1
153165,259255,42571017510,,,,,0,1
153165,259255,42571017524,,,,,0,1
153165,259255,42571017530,,,,,0,1
153165,259255,42571017532,,,,,0,1
153165,259255,42571017590,,,,,0,1
153165,259255,43063048790,,,,,0,1
153165,259255,43353018415,,,,,0,1
153165,259255,43353018430,,,,,0,1
153165,259255,43353018445,,,,,0,1
153165,259255,43353018460,,,,,0,1
153165,259255,43353032115,,,,,0,1
153165,259255,43353032130,,,,,0,1
153165,259255,43353032145,,,,,0,1
153165,259255,43353032160,,,,,0,1
153165,259255,43353081515,,,,,0,1
153165,259255,43353081530,,,,,0,1
153165,259255,43353081545,,,,,0,1
153165,259255,43353081560,,,,,0,1
153165,259255,43353081579,,,,,0,1
153165,259255,43353082715,,,,,0,1
153165,259255,43353082730,,,,,0,1
153165,259255,43353082745,,,,,0,1
153165,259255,43353082753,,,,,0,1
153165,259255,43353082760,,,,,0,1
153165,259255,43353084360,,,,,0,1
153165,259255,43353098115,,,,,0,1
153165,259255,43353098130,,,,,0,1
153165,259255,43353098145,,,,,0,1
153165,259255,43353098160,,,,,0,1
153165,259255,43598010305,,,,,0,1
153165,259255,43598010310,,,,,0,1
153165,259255,43598010381,,,,,0,1
153165,259255,43598010390,,,,,0,1
153165,259255,43598083305,,,,,0,1
153165,259255,43598083379,,,,,0,1
153165,259255,43598083381,,,,,0,1
153165,259255,43598083390,,,,,0,1
153165,259255,50090126400,,,,,0,1
153165,259255,50090126401,,,,,0,1
153165,259255,50090468500,,,,,0,1
153165,259255,50090468501,,,,,0,1
153165,259255,50090505100,,,,,0,1
153165,259255,50090505101,,,,,0,1
153165,259255,50090529800,,,,,0,1
153165,259255,50090529801,,,,,0,1
153165,259255,50090605400,,,,,0,1
153165,259255,50090605401,,,,,0,1
153165,259255,50090605402,,,,,0,1
153165,259255,50090605700,,,,,0,1
153165,259255,50090605701,,,,,0,1
153165,259255,50090606100,,,,,0,1
153165,259255,50090606101,,,,,0,1
153165,259255,50090606102,,,,,0,1
153165,259255,50090650500,,,,,0,1
153165,259255,50090650501,,,,,0,1
153165,259255,50090650502,,,,,0,1
153165,259255,50090650600,,,,,0,1
153165,259255,50090697000,,,,,0,1
153165,259255,50090735800,,,,,0,1
153165,259255,50090735801,,,,,0,1
153165,259255,50090735802,,,,,0,1
153165,259255,50090735900,,,,,0,1
153165,259255,50090753200,,,,,0,1
153165,259255,50090753201,,,,,0,1
153165,259255,50090753202,,,,,0,1
153165,259255,50090753300,,,,,0,1
153165,259255,50228045405,,,,,0,1
153165,259255,50228045490,,,,,0,1
153165,259255,50268009611,,,,,0,1
153165,259255,50268009612,,,,,0,1
153165,259255,51079021101,,,,,0,1
153165,259255,51079021103,,,,,0,1
153165,259255,51407008105,,,,,0,1
153165,259255,51407008190,,,,,0,1
153165,259255,51655074752,,,,,0,1
153165,259255,51655088030,,,,,0,1
153165,259255,51655088130,,,,,0,1
153165,259255,55111012405,,,,,0,1
153165,259255,55111012430,,,,,0,1
153165,259255,55111012460,,,,,0,1
153165,259255,55111012490,,,,,0,1
153165,259255,55154438406,,,,,0,1
153165,259255,55154498300,,,,,0,1
153165,259255,55154728900,,,,,0,1
153165,259255,55700003430,,,,,0,1
153165,259255,59651060905,,,,,0,1
153165,259255,59651060930,,,,,0,1
153165,259255,59651060990,,,,,0,1
153165,259255,59651060999,,,,,0,1
153165,259255,59762015801,,,,,0,1
153165,259255,59762015802,,,,,0,1
153165,259255,60429032605,,,,,0,1
153165,259255,60429032690,,,,,0,1
153165,259255,60505267100,,,,,0,1
153165,259255,60505267103,,,,,0,1
153165,259255,60505267105,,,,,0,1
153165,259255,60505267107,,,,,0,1
153165,259255,60505267108,,,,,0,1
153165,259255,60505267109,,,,,0,1
153165,259255,61919053130,,,,,0,1
153165,259255,61919053190,,,,,0,1
153165,259255,62175089741,,,,,0,1
153165,259255,62175089746,,,,,0,1
153165,259255,63187065630,,,,,0,1
153165,259255,63187065660,,,,,0,1
153165,259255,63187065690,,,,,0,1
153165,259255,63187090730,,,,,0,1
153165,259255,63187090760,,,,,0,1
153165,259255,63187090790,,,,,0,1
153165,259255,63304083005,,,,,0,1
153165,259255,63304083090,,,,,0,1
153165,259255,63629847201,,,,,0,1
153165,259255,63739003733,,,,,0,1
153165,259255,67046135103,,,,,0,1
153165,259255,67046145403,,,,,0,1
153165,259255,67296205309,,,,,0,1
153165,259255,67296205509,,,,,0,1
153165,259255,67877051405,,,,,0,1
153165,259255,67877051410,,,,,0,1
153165,259255,67877051433,,,,,0,1
153165,259255,67877051438,,,,,0,1
153165,259255,67877051490,,,,,0,1
153165,259255,68071227609,,,,,0,1
153165,259255,68071276509,,,,,0,1
153165,259255,68071496209,,,,,0,1
153165,259255,68084059025,,,,,0,1
153165,259255,68084059095,,,,,0,1
153165,259255,68180063802,,,,,0,1
153165,259255,68180063806,,,,,0,1
153165,259255,68180063809,,,,,0,1
153165,259255,68382025201,,,,,0,1
153165,259255,68382025205,,,,,0,1
153165,259255,68382025206,,,,,0,1
153165,259255,68382025210,,,,,0,1
153165,259255,68382025216,,,,,0,1
153165,259255,68382025230,,,,,0,1
153165,259255,68382025277,,,,,0,1
153165,259255,68645046154,,,,,0,1
153165,259255,68645049554,,,,,0,1
153165,259255,68788813201,,,,,0,1
153165,259255,68788813203,,,,,0,1
153165,259255,68788813206,,,,,0,1
153165,259255,68788813209,,,,,0,1
153165,259255,69097091105,,,,,0,1
153165,259255,69097091112,,,,,0,1
153165,259255,69097094705,,,,,0,1
153165,259255,69097094712,,,,,0,1
153165,259255,69539009605,,,,,0,1
153165,259255,69539009630,,,,,0,1
153165,259255,69539009690,,,,,0,1
153165,259255,69539009699,,,,,0,1
153165,259255,70377003011,,,,,0,1
153165,259255,70377003012,,,,,0,1
153165,259255,70377003013,,,,,0,1
153165,259255,70377003014,,,,,0,1
153165,259255,70377008011,,,,,0,1
153165,259255,70377008012,,,,,0,1
153165,259255,70377008013,,,,,0,1
153165,259255,70518056700,,,,,0,1
153165,259255,70518151400,,,,,0,1
153165,259255,70518151401,,,,,0,1
153165,259255,70518330400,,,,,0,1
153165,259255,70518330401,,,,,0,1
153165,259255,70518384800,,,,,0,1
153165,259255,70518384801,,,,,0,1
153165,259255,70518384802,,,,,0,1
153165,259255,70710177000,,,,,0,1
153165,259255,70710177005,,,,,0,1
153165,259255,70710177009,,,,,0,1
153165,259255,70756025030,,,,,0,1
153165,259255,70756025051,,,,,0,1
153165,259255,70756025090,,,,,0,1
153165,259255,70771144600,,,,,0,1
153165,259255,70771144601,,,,,0,1
153165,259255,70771144603,,,,,0,1
153165,259255,70771144604,,,,,0,1
153165,259255,70771144605,,,,,0,1
153165,259255,70771144609,,,,,0,1
153165,259255,70771187800,,,,,0,1
153165,259255,70771187805,,,,,0,1
153165,259255,70771187809,,,,,0,1
153165,259255,70934051330,,,,,0,1
153165,259255,71205009830,,,,,0,1
153165,259255,71205009860,,,,,0,1
153165,259255,71205009890,,,,,0,1
153165,259255,71205033520,,,,,0,1
153165,259255,71205033530,,,,,0,1
153165,259255,71205033560,,,,,0,1
153165,259255,71205033590,,,,,0,1
153165,259255,71209009304,,,,,0,1
153165,259255,71209009310,,,,,0,1
153165,259255,71335029501,,,,,0,1
153165,259255,71335029502,,,,,0,1
153165,259255,71335029503,,,,,0,1
153165,259255,71335058301,,,,,0,1
153165,259255,71335058302,,,,,0,1
153165,259255,71335058303,,,,,0,1
153165,259255,71335133601,,,,,0,1
153165,259255,71335133602,,,,,0,1
153165,259255,71335133603,,,,,0,1
153165,259255,71335133604,,,,,0,1
153165,259255,71335222501,,,,,0,1
153165,259255,71335222502,,,,,0,1
153165,259255,71335222503,,,,,0,1
153165,259255,71335222504,,,,,0,1
153165,259255,71335240701,,,,,0,1
153165,259255,71335240702,,,,,0,1
153165,259255,71335240703,,,,,0,1
153165,259255,71335240704,,,,,0,1
153165,259255,71335258201,,,,,0,1
153165,259255,71335258202,,,,,0,1
153165,259255,71335258203,,,,,0,1
153165,259255,71335258204,,,,,0,1
153165,259255,71335964601,,,,,0,1
153165,259255,71335964602,,,,,0,1
153165,259255,71335964603,,,,,0,1
153165,259255,71335964604,,,,,0,1
153165,259255,71399068005,,,,,0,1
153165,259255,71610003615,,,,,0,1
153165,259255,71610003630,,,,,0,1
153165,259255,71610003645,,,,,0,1
153165,259255,71610003660,,,,,0,1
153165,259255,71610009415,,,,,0,1
153165,259255,71610009430,,,,,0,1
153165,259255,71610009445,,,,,0,1
153165,259255,71610009460,,,,,0,1
153165,259255,71610017015,,,,,0,1
153165,259255,71610017030,,,,,0,1
153165,259255,71610017045,,,,,0,1
153165,259255,71610017060,,,,,0,1
153165,259255,71610063315,,,,,0,1
153165,259255,71610063330,,,,,0,1
153165,259255,71610063345,,,,,0,1
153165,259255,71610063360,,,,,0,1
153165,259255,71610074615,,,,,0,1
153165,259255,71610074630,,,,,0,1
153165,259255,71610074645,,,,,0,1
153165,259255,71610074653,,,,,0,1
153165,259255,71610074660,,,,,0,1
153165,259255,72162155609,,,,,0,1
153165,259255,72189029530,,,,,0,1
153165,259255,72189053790,,,,,0,1
153165,259255,72205002505,,,,,0,1
153165,259255,72205002530,,,,,0,1
153165,259255,72205002590,,,,,0,1
153165,259255,72205002599,,,,,0,1
153165,259255,72603028501,,,,,0,1
153165,259255,72603028502,,,,,0,1
153165,259255,72603028503,,,,,0,1
153165,259255,75834025801,,,,,0,1
153165,259255,75834025802,,,,,0,1
153165,259255,75834025850,,,,,0,1
153165,259255,75834025890,,,,,0,1
153165,259255,76420094800,,,,,0,1
153165,259255,76420094805,,,,,0,1
153165,259255,76420094812,,,,,0,1
153165,259255,76420094820,,,,,0,1
153165,259255,76420094830,,,,,0,1
153165,259255,76420094838,,,,,0,1
153165,259255,76420094860,,,,,0,1
153165,259255,76420094890,,,,,0,1
153165,259255,76519108403,,,,,0,1
153165,259255,77771045405,,,,,0,1
153165,259255,77771045490,,,,,0,1
153165,259255,82009000410,,,,,0,1
153165,259255,82137001901,,,,,0,1
153165,617310,00093505910,,,,,0,1
153165,617310,00093505998,,,,,0,1
153165,617310,00378395105,,,,,0,1
153165,617310,00378395107,,,,,0,1
153165,617310,00378395109,,,,,0,1
153165,617310,00378395177,,,,,0,1
153165,617310,00615800705,,,,,0,1
153165,617310,00615800707,,,,,0,1
153165,617310,00615800714,,,,,0,1
153165,617310,00615800728,,,,,0,1
153165,617310,00615800730,,,,,0,1
153165,617310,00615800739,,,,,0,1
153165,617310,00781538292,,,,,0,1
153165,617310,00904629106,,,,,0,1
153165,617310,00904629161,,,,,0,1
153165,617310,10135065005,,,,,0,1
153165,617310,16571013709,,,,,0,1
153165,617310,16571013710,,,,,0,1
153165,617310,16571013750,,,,,0,1
153165,617310,16714017401,,,,,0,1
153165,617310,16714017402,,,,,0,1
153165,617310,16714017403,,,,,0,1
153165,617310,16714087501,,,,,0,1
153165,617310,16714087502,,,,,0,1
153165,617310,16714087503,,,,,0,1
153165,617310,16729004501,,,,,0,1
153165,617310,16729004510,,,,,0,1
153165,617310,16729004515,,,,,0,1
153165,617310,16729004516,,,,,0,1
153165,617310,16729004517,,,,,0,1
153165,617310,24658050810,,,,,0,1
153165,617310,24658050890,,,,,0,1
153165,617310,31722042505,,,,,0,1
153165,617310,31722042510,,,,,0,1
153165,617310,31722042590,,,,,0,1
153165,617310,35356089418,,,,,0,1
153165,617310,35356089430,,,,,0,1
153165,617310,35356089490,,,,,0,1
153165,617310,42385094101,,,,,0,1
153165,617310,42385094105,,,,,0,1
153165,617310,42385094110,,,,,0,1
153165,617310,42385094111,,,,,0,1
153165,617310,42385094130,,,,,0,1
153165,617310,42385094168,,,,,0,1
153165,617310,42385094190,,,,,0,1
153165,617310,42571017310,,,,,0,1
153165,617310,42571017311,,,,,0,1
153165,617310,42571017330,,,,,0,1
153165,617310,42571017332,,,,,0,1
153165,617310,42571017390,,,,,0,1
153165,617310,42708000430,,,,,0,1
153165,617310,42708001330,,,,,0,1
153165,617310,42708014130,,,,,0,1
153165,617310,43063049630,,,,,0,1
153165,617310,43063049660,,,,,0,1
153165,617310,43353018145,,,,,0,1
153165,617310,43353018160,,,,,0,1
153165,617310,43353089209,,,,,0,1
153165,617310,43353089245,,,,,0,1
153165,617310,43598009905,,,,,0,1
153165,617310,43598009910,,,,,0,1
153165,617310,43598009978,,,,,0,1
153165,617310,43598009990,,,,,0,1
153165,617310,43598083105,,,,,0,1
153165,617310,43598083178,,,,,0,1
153165,617310,43598083179,,,,,0,1
153165,617310,43598083190,,,,,0,1
153165,617310,50090125700,,,,,0,1
153165,617310,50090125701,,,,,0,1
153165,617310,50090488000,,,,,0,1
153165,617310,50090488001,,,,,0,1
153165,617310,50090497200,,,,,0,1
153165,617310,50090518100,,,,,0,1
153165,617310,50090518101,,,,,0,1
153165,617310,50090518102,,,,,0,1
153165,617310,50090518200,,,,,0,1
153165,617310,50090563400,,,,,0,1
153165,617310,50090563401,,,,,0,1
153165,617310,50090648100,,,,,0,1
153165,617310,50090648101,,,,,0,1
153165,617310,50090648102,,,,,0,1
153165,617310,50090648200,,,,,0,1
153165,617310,50090660400,,,,,0,1
153165,617310,50090660401,,,,,0,1
153165,617310,50090660402,,,,,0,1
153165,617310,50090738600,,,,,0,1
153165,617310,50090738601,,,,,0,1
153165,617310,50090738602,,,,,0,1
153165,617310,50090738700,,,,,0,1
153165,617310,50090752800,,,,,0,1
153165,617310,50090752801,,,,,0,1
153165,617310,50090752802,,,,,0,1
153165,617310,50090752900,,,,,0,1
153165,617310,50228045205,,,,,0,1
153165,617310,50228045206,,,,,0,1
153165,617310,50228045290,,,,,0,1
153165,617310,50268009411,,,,,0,1
153165,617310,50268009415,,,,,0,1
153165,617310,50436998803,,,,,0,1
153165,617310,51079020901,,,,,0,1
153165,617310,51079020920,,,,,0,1
153165,617310,51407007905,,,,,0,1
153165,617310,51407007990,,,,,0,1
153165,617310,51655046452,,,,,0,1
153165,617310,51655092026,,,,,0,1
153165,617310,51655092030,,,,,0,1
153165,617310,51655092083,,,,,0,1
153165,617310,51655092152,,,,,0,1
153165,617310,55111012205,,,,,0,1
153165,617310,55111012210,,,,,0,1
153165,617310,55111012230,,,,,0,1
153165,617310,55111012260,,,,,0,1
153165,617310,55111012290,,,,,0,1
153165,617310,55154663400,,,,,0,1
153165,617310,55154763000,,,,,0,1
153165,617310,55700054830,,,,,0,1
153165,617310,59651060705,,,,,0,1
153165,617310,59651060730,,,,,0,1
153165,617310,59651060790,,,,,0,1
153165,617310,59651060799,,,,,0,1
153165,617310,59762015601,,,,,0,1
153165,617310,59762015602,,,,,0,1
153165,617310,60505257900,,,,,0,1
153165,617310,60505257903,,,,,0,1
153165,617310,60505257905,,,,,0,1
153165,617310,60505257907,,,,,0,1
153165,617310,60505257908,,,,,0,1
153165,617310,60505257909,,,,,0,1
153165,617310,60760088390,,,,,0,1
153165,617310,60760090430,,,,,0,1
153165,617310,61919025830,,,,,0,1
153165,617310,61919025890,,,,,0,1
153165,617310,61919063230,,,,,0,1
153165,617310,61919091630,,,,,0,1
153165,617310,62175089143,,,,,0,1
153165,617310,62175089146,,,,,0,1
153165,617310,63187010830,,,,,0,1
153165,617310,63187010860,,,,,0,1
153165,617310,63187010890,,,,,0,1
153165,617310,63304082805,,,,,0,1
153165,617310,63304082890,,,,,0,1
153165,617310,63629484901,,,,,0,1
153165,617310,63629484902,,,,,0,1
153165,617310,63629484903,,,,,0,1
153165,617310,63629803201,,,,,0,1
153165,617310,63629803202,,,,,0,1
153165,617310,63629847001,,,,,0,1
153165,617310,63629847101,,,,,0,1
153165,617310,63739002010,,,,,0,1
153165,617310,67046123003,,,,,0,1
153165,617310,67046140303,,,,,0,1
153165,617310,67046145303,,,,,0,1
153165,617310,67046150503,,,,,0,1
153165,617310,67046152603,,,,,0,1
153165,617310,67296142203,,,,,0,1
153165,617310,67877051205,,,,,0,1
153165,617310,67877051210,,,,,0,1
153165,617310,67877051233,,,,,0,1
153165,617310,67877051238,,,,,0,1
153165,617310,67877051244,,,,,0,1
153165,617310,67877051290,,,,,0,1
153165,617310,68071091530,,,,,0,1
153165,617310,68071268709,,,,,0,1
153165,617310,68071296703,,,,,0,1
153165,617310,68071296706,,,,,0,1
153165,617310,68071296709,,,,,0,1
153165,617310,68071347006,,,,,0,1
153165,617310,68071358009,,,,,0,1
153165,617310,68071365909,,,,,0,1
153165,617310,68071371403,,,,,0,1
153165,617310,68071371406,,,,,0,1
153165,617310,68071371409,,,,,0,1
153165,617310,68071484009,,,,,0,1
153165,617310,68071516803,,,,,0,1
153165,617310,68084009801,,,,,0,1
153165,617310,68084009811,,,,,0,1
153165,617310,68180063602,,,,,0,1
153165,617310,68180063606,,,,,0,1
153165,617310,68180063609,,,,,0,1
153165,617310,68382025001,,,,,0,1
153165,617310,68382025005,,,,,0,1
153165,617310,68382025006,,,,,0,1
153165,617310,68382025010,,,,,0,1
153165,617310,68382025016,,,,,0,1
153165,617310,68382025030,,,,,0,1
153165,617310,68382025077,,,,,0,1
153165,617310,68645045954,,,,,0,1
153165,617310,68645045970,,,,,0,1
153165,617310,68645048154,,,,,0,1
153165,617310,68645048170,,,,,0,1
153165,617310,68645048254,,,,,0,1
153165,617310,68645059154,,,,,0,1
153165,617310,68788634109,,,,,0,1
153165,617310,68788763101,,,,,0,1
153165,617310,68788763103,,,,,0,1
153165,617310,68788763106,,,,,0,1
153165,617310,68788763109,,,,,0,1
153165,617310,68788787401,,,,,0,1
153165,617310,68788787403,,,,,0,1
153165,617310,68788787406,,,,,0,1
153165,617310,68788787409,,,,,0,1
153165,617310,68788798601,,,,,0,1
153165,617310,68788798603,,,,,0,1
153165,617310,68788798606,,,,,0,1
153165,617310,68788798609,,,,,0,1
153165,617310,68788837001,,,,,0,1
153165,617310,68788837003,,,,,0,1
153165,617310,68788837006,,,,,0,1
153165,617310,68788837009,,,,,0,1
153165,617310,68788841601,,,,,0,1
153165,617310,68788841603,,,,,0,1
153165,617310,68788841606,,,,,0,1
153165,617310,68788841609,,,,,0,1
153165,617310,68788861301,,,,,0,1
153165,617310,68788861303,,,,,0,1
153165,617310,68788861306,,,,,0,1
153165,617310,68788861309,,,,,0,1
153165,617310,68788862501,,,,,0,1
153165,617310,68788862503,,,,,0,1
153165,617310,68788862506,,,,,0,1
153165,617310,68788862509,,,,,0,1
153165,617310,68788868301,,,,,0,1
153165,617310,68788868303,,,,,0,1
153165,617310,68788868306,,,,,0,1
153165,617310,68788868309,,,,,0,1
153165,617310,68788869301,,,,,0,1
153165,617310,68788869303,,,,,0,1
153165,617310,68788869306,,,,,0,1
153165,617310,68788869309,,,,,0,1
153165,617310,69097089805,,,,,0,1
153165,617310,69097089812,,,,,0,1
153165,617310,69097094505,,,,,0,1
153165,617310,69097094512,,,,,0,1
153165,617310,69539009405,,,,,0,1
153165,617310,69539009430,,,,,0,1
153165,617310,69539009490,,,,,0,1
153165,617310,69539009499,,,,,0,1
153165,617310,70377002811,,,,,0,1
153165,617310,70377002812,,,,,0,1
153165,617310,70377002813,,,,,0,1
153165,617310,70377007811,,,,,0,1
153165,617310,70377007812,,,,,0,1
153165,617310,70377007813,,,,,0,1
153165,617310,70518018600,,,,,0,1
153165,617310,70518018601,,,,,0,1
153165,617310,70518018602,,,,,0,1
153165,617310,70518303700,,,,,0,1
153165,617310,70518303701,,,,,0,1
153165,617310,70518303702,,,,,0,1
153165,617310,70518333900,,,,,0,1
153165,617310,70518333901,,,,,0,1
153165,617310,70518378300,,,,,0,1
153165,617310,70518378301,,,,,0,1
153165,617310,70518378302,,,,,0,1
153165,617310,70518378303,,,,,0,1
153165,617310,70518408500,,,,,0,1
153165,617310,70518410300,,,,,0,1
153165,617310,70710177500,,,,,0,1
153165,617310,70710177505,,,,,0,1
153165,617310,70710177509,,,,,0,1
153165,617310,70756024812,,,,,0,1
153165,617310,70756024830,,,,,0,1
153165,617310,70756024851,,,,,0,1
153165,617310,70756024890,,,,,0,1
153165,617310,70771144400,,,,,0,1
153165,617310,70771144401,,,,,0,1
153165,617310,70771144403,,,,,0,1
153165,617310,70771144404,,,,,0,1
153165,617310,70771144405,,,,,0,1
153165,617310,70771144409,,,,,0,1
153165,617310,70771187600,,,,,0,1
153165,617310,70771187605,,,,,0,1
153165,617310,70771187609,,,,,0,1
153165,617310,70882012030,,,,,0,1
153165,617310,70934006930,,,,,0,1
153165,617310,70934006990,,,,,0,1
153165,617310,70934020190,,,,,0,1
153165,617310,70934029630,,,,,0,1
153165,617310,70934061430,,,,,0,1
153165,617310,70934061490,,,,,0,1
153165,617310,71205024730,,,,,0,1
153165,617310,71205024760,,,,,0,1
153165,617310,71205024790,,,,,0,1
153165,617310,71205079130,,,,,0,1
153165,617310,71205079160,,,,,0,1
153165,617310,71205079190,,,,,0,1
153165,617310,71209009104,,,,,0,1
153165,617310,71335000401,,,,,0,1
153165,617310,71335000402,,,,,0,1
153165,617310,71335000403,,,,,0,1
153165,617310,71335000404,,,,,0,1
153165,617310,71335000405,,,,,0,1
153165,617310,71335101001,,,,,0,1
153165,617310,71335101002,,,,,0,1
153165,617310,71335101003,,,,,0,1
153165,617310,71335101004,,,,,0,1
153165,617310,71335101005,,,,,0,1
153165,617310,71335101006,,,,,0,1
153165,617310,71335101007,,,,,0,1
153165,617310,71335101008,,,,,0,1
153165,617310,71335101009,,,,,0,1
153165,617310,71335105101,,,,,0,1
153165,617310,71335105102,,,,,0,1
153165,617310,71335105103,,,,,0,1
153165,617310,71335105104,,,,,0,1
153165,617310,71335105105,,,,,0,1
153165,617310,71335105106,,,,,0,1
153165,617310,71335105107,,,,,0,1
153165,617310,71335105108,,,,,0,1
153165,617310,71335105109,,,,,0,1
153165,617310,71335150701,,,,,0,1
153165,617310,71335150702,,,,,0,1
153165,617310,71335150703,,,,,0,1
153165,617310,71335150704,,,,,0,1
153165,617310,71335150705,,,,,0,1
153165,617310,71335150706,,,,,0,1
153165,617310,71335150707,,,,,0,1
153165,617310,71335150708,,,,,0,1
153165,617310,71335150709,,,,,0,1
153165,617310,71335192901,,,,,0,1
153165,617310,71335192902,,,,,0,1
153165,617310,71335192903,,,,,0,1
153165,617310,71335192904,,,,,0,1
153165,617310,71335192905,,,,,0,1
153165,617310,71335192906,,,,,0,1
153165,617310,71335192907,,,,,0,1
153165,617310,71335192908,,,,,0,1
153165,617310,71335192909,,,,,0,1
153165,617310,71335221301,,,,,0,1
153165,617310,71335221302,,,,,0,1
153165,617310,71335221303,,,,,0,1
153165,617310,71335221304,,,,,0,1
153165,617310,71335221305,,,,,0,1
153165,617310,71335221306,,,,,0,1
153165,617310,71335221307,,,,,0,1
153165,617310,71335221308,,,,,0,1
153165,617310,71335221309,,,,,0,1
153165,617310,71335239301,,,,,0,1
153165,617310,71335239302,,,,,0,1
153165,617310,71335239303,,,,,0,1
153165,617310,71335239304,,,,,0,1
153165,617310,71335239305,,,,,0,1
153165,617310,71335239306,,,,,0,1
153165,617310,71335239307,,,,,0,1
153165,617310,71335239308,,,,,0,1
153165,617310,71335239309,,,,,0,1
153165,617310,71335240401,,,,,0,1
153165,617310,71335240402,,,,,0,1
153165,617310,71335240403,,,,,0,1
153165,617310,71335240404,,,,,0,1
153165,617310,71335240405,,,,,0,1
153165,617310,71335240406,,,,,0,1
153165,617310,71335240407,,,,,0,1
153165,617310,71335240408,,,,,0,1
153165,617310,71335240409,,,,,0,1
153165,617310,71399052005,,,,,0,1
153165,617310,71399062005,,,,,0,1
153165,617310,71610002245,,,,,0,1
153165,617310,71610002260,,,,,0,1
153165,617310,71610011645,,,,,0,1
153165,617310,71610011660,,,,,0,1
153165,617310,71610018015,,,,,0,1
153165,617310,71610018030,,,,,0,1
153165,617310,71610018045,,,,,0,1
153165,617310,71610018060,,,,,0,1
153165,617310,71610074415,,,,,0,1
153165,617310,71610074430,,,,,0,1
153165,617310,71610074445,,,,,0,1
153165,617310,71610074453,,,,,0,1
153165,617310,71610074460,,,,,0,1
153165,617310,71610074470,,,,,0,1
153165,617310,72162155505,,,,,0,1
153165,617310,72162155509,,,,,0,1
153165,617310,72162171202,,,,,0,1
153165,617310,72162171203,,,,,0,1
153165,617310,72162171204,,,,,0,1
153165,617310,72162171206,,,,,0,1
153165,617310,72162171207,,,,,0,1
153165,617310,72162171209,,,,,0,1
153165,617310,72189029190,,,,,0,1
153165,617310,72189058730,,,,,0,1
153165,617310,72189058790,,,,,0,1
153165,617310,72205002305,,,,,0,1
153165,617310,72205002330,,,,,0,1
153165,617310,72205002390,,,,,0,1
153165,617310,72205002399,,,,,0,1
153165,617310,72603028301,,,,,0,1
153165,617310,72603028302,,,,,0,1
153165,617310,72603028303,,,,,0,1
153165,617310,72789008430,,,,,0,1
153165,617310,75834025601,,,,,0,1
153165,617310,75834025605,,,,,0,1
153165,617310,75834025650,,,,,0,1
153165,617310,75834025690,,,,,0,1
153165,617310,76420094500,,,,,0,1
153165,617310,76420094505,,,,,0,1
153165,617310,76420094512,,,,,0,1
153165,617310,76420094520,,,,,0,1
153165,617310,76420094530,,,,,0,1
153165,617310,76420094538,,,,,0,1
153165,617310,76420094544,,,,,0,1
153165,617310,76420094560,,,,,0,1
153165,617310,76420094590,,,,,0,1
153165,617310,76519107809,,,,,0,1
153165,617310,77771045205,,,,,0,1
153165,617310,77771045290,,,,,0,1
153165,617310,82009000210,,,,,0,1
153165,617310,82137001701,,,,,0,1
153165,617310,82804005430,,,,,0,1
153165,617310,82804005460,,,,,0,1
153165,617310,82804005490,,,,,0,1
153165,617310,82804016130,,,,,0,1
153165,617310,82804016190,,,,,0,1
153165,617311,00093505810,,,,,0,1
153165,617311,00093505898,,,,,0,1
153165,617311,00378212177,,,,,0,1
153165,617311,00378395205,,,,,0,1
153165,617311,00378395207,,,,,0,1
153165,617311,00378395209,,,,,0,1
153165,617311,00378395277,,,,,0,1
153165,617311,00615800805,,,,,0,1
153165,617311,00615800807,,,,,0,1
153165,617311,00615800814,,,,,0,1
153165,617311,00615800828,,,,,0,1
153165,617311,00615800830,,,,,0,1
153165,617311,00615800839,,,,,0,1
153165,617311,00781538492,,,,,0,1
153165,617311,00904629206,,,,,0,1
153165,617311,00904629261,,,,,0,1
153165,617311,10135065110,,,,,0,1
153165,617311,16571013809,,,,,0,1
153165,617311,16571013810,,,,,0,1
153165,617311,16571013850,,,,,0,1
153165,617311,16714017501,,,,,0,1
153165,617311,16714017502,,,,,0,1
153165,617311,16714017503,,,,,0,1
153165,617311,16714087601,,,,,0,1
153165,617311,16714087602,,,,,0,1
153165,617311,16714087603,,,,,0,1
153165,617311,16729004601,,,,,0,1
153165,617311,16729004610,,,,,0,1
153165,617311,16729004615,,,,,0,1
153165,617311,16729004616,,,,,0,1
153165,617311,16729004617,,,,,0,1
153165,617311,24658050910,,,,,0,1
153165,617311,24658050990,,,,,0,1
153165,617311,31722042605,,,,,0,1
153165,617311,31722042610,,,,,0,1
153165,617311,31722042690,,,,,0,1
153165,617311,42385094201,,,,,0,1
153165,617311,42385094205,,,,,0,1
153165,617311,42385094210,,,,,0,1
153165,617311,42385094211,,,,,0,1
153165,617311,42385094230,,,,,0,1
153165,617311,42385094268,,,,,0,1
153165,617311,42385094290,,,,,0,1
153165,617311,42571017410,,,,,0,1
153165,617311,42571017411,,,,,0,1
153165,617311,42571017430,,,,,0,1
153165,617311,42571017432,,,,,0,1
153165,617311,42571017490,,,,,0,1
153165,617311,42708000530,,,,,0,1
153165,617311,42708010830,,,,,0,1
153165,617311,42708014430,,,,,0,1
153165,617311,43063045330,,,,,0,1
153165,617311,43353018215,,,,,0,1
153165,617311,43353018245,,,,,0,1
153165,617311,43353028015,,,,,0,1
153165,617311,43353028715,,,,,0,1
153165,617311,43353028730,,,,,0,1
153165,617311,43353028745,,,,,0,1
153165,617311,43353028760,,,,,0,1
153165,617311,43353082115,,,,,0,1
153165,617311,43353082145,,,,,0,1
153165,617311,43353082160,,,,,0,1
153165,617311,43353082615,,,,,0,1
153165,617311,43353082645,,,,,0,1
153165,617311,43353082660,,,,,0,1
153165,617311,43353095915,,,,,0,1
153165,617311,43353095930,,,,,0,1
153165,617311,43353095945,,,,,0,1
153165,617311,43598010105,,,,,0,1
153165,617311,43598010110,,,,,0,1
153165,617311,43598010178,,,,,0,1
153165,617311,43598010190,,,,,0,1
153165,617311,43598083205,,,,,0,1
153165,617311,43598083278,,,,,0,1
153165,617311,43598083279,,,,,0,1
153165,617311,43598083290,,,,,0,1
153165,617311,50090126000,,,,,0,1
153165,617311,50090126001,,,,,0,1
153165,617311,50090491300,,,,,0,1
153165,617311,50090520700,,,,,0,1
153165,617311,50090520701,,,,,0,1
153165,617311,50090520702,,,,,0,1
153165,617311,50090520800,,,,,0,1
153165,617311,50090563200,,,,,0,1
153165,617311,50090563201,,,,,0,1
153165,617311,50090591500,,,,,0,1
153165,617311,50090591501,,,,,0,1
153165,617311,50090591502,,,,,0,1
153165,617311,50090592100,,,,,0,1
153165,617311,50090592101,,,,,0,1
153165,617311,50090592102,,,,,0,1
153165,617311,50090633300,,,,,0,1
153165,617311,50090633301,,,,,0,1
153165,617311,50090633302,,,,,0,1
153165,617311,50090633400,,,,,0,1
153165,617311,50090644000,,,,,0,1
153165,617311,50090644001,,,,,0,1
153165,617311,50090644002,,,,,0,1
153165,617311,50090644100,,,,,0,1
153165,617311,50090680000,,,,,0,1
153165,617311,50090680001,,,,,0,1
153165,617311,50090680002,,,,,0,1
153165,617311,50090680100,,,,,0,1
153165,617311,50090689000,,,,,0,1
153165,617311,50090689001,,,,,0,1
153165,617311,50090689002,,,,,0,1
153165,617311,50090689100,,,,,0,1
153165,617311,50090738400,,,,,0,1
153165,617311,50090738401,,,,,0,1
153165,617311,50090738402,,,,,0,1
153165,617311,50090738500,,,,,0,1
153165,617311,50228045310,,,,,0,1
153165,617311,50228045311,,,,,0,1
153165,617311,50228045390,,,,,0,1
153165,617311,50268009511,,,,,0,1
153165,617311,50268009515,,,,,0,1
153165,617311,50436998901,,,,,0,1
153165,617311,51079021001,,,,,0,1
153165,617311,51079021020,,,,,0,1
153165,617311,51407008010,,,,,0,1
153165,617311,51407008090,,,,,0,1
153165,617311,51655046552,,,,,0,1
153165,617311,51655064030,,,,,0,1
153165,617311,51655065152,,,,,0,1
153165,617311,54458088116,,,,,0,1
153165,617311,55111012305,,,,,0,1
153165,617311,55111012310,,,,,0,1
153165,617311,55111012330,,,,,0,1
153165,617311,55111012360,,,,,0,1
153165,617311,55111012390,,,,,0,1
153165,617311,55154416600,,,,,0,1
153165,617311,55154664600,,,,,0,1
153165,617311,55154762800,,,,,0,1
153165,617311,58517000130,,,,,0,1
153165,617311,59651060805,,,,,0,1
153165,617311,59651060830,,,,,0,1
153165,617311,59651060890,,,,,0,1
153165,617311,59651060899,,,,,0,1
153165,617311,59762015701,,,,,0,1
153165,617311,59762015702,,,,,0,1
153165,617311,60429032505,,,,,0,1
153165,617311,60505258000,,,,,0,1
153165,617311,60505258003,,,,,0,1
153165,617311,60505258005,,,,,0,1
153165,617311,60505258007,,,,,0,1
153165,617311,60505258008,,,,,0,1
153165,617311,60505258009,,,,,0,1
153165,617311,60760055830,,,,,0,1
153165,617311,60760070930,,,,,0,1
153165,617311,60760072630,,,,,0,1
153165,617311,60760073430,,,,,0,1
153165,617311,60760082930,,,,,0,1
153165,617311,60760088230,,,,,0,1
153165,617311,60760090530,,,,,0,1
153165,617311,60760090590,,,,,0,1
153165,617311,60760097930,,,,,0,1
153165,617311,61919030330,,,,,0,1
153165,617311,61919030390,,,,,0,1
153165,617311,62175089241,,,,,0,1
153165,617311,62175089246,,,,,0,1
153165,617311,63187010930,,,,,0,1
153165,617311,63187010960,,,,,0,1
153165,617311,63187010990,,,,,0,1
153165,617311,63304082905,,,,,0,1
153165,617311,63304082990,,,,,0,1
153165,617311,63629486501,,,,,0,1
153165,617311,63739003610,,,,,0,1
153165,617311,67046144103,,,,,0,1
153165,617311,67046152903,,,,,0,1
153165,617311,67877051305,,,,,0,1
153165,617311,67877051310,,,,,0,1
153165,617311,67877051323,,,,,0,1
153165,617311,67877051333,,,,,0,1
153165,617311,67877051338,,,,,0,1
153165,617311,67877051390,,,,,0,1
153165,617311,68071091630,,,,,0,1
153165,617311,68071230203,,,,,0,1
153165,617311,68071299103,,,,,0,1
153165,617311,68071299109,,,,,0,1
153165,617311,68071299409,,,,,0,1
153165,617311,68071326709,,,,,0,1
153165,617311,68071359509,,,,,0,1
153165,617311,68071362809,,,,,0,1
153165,617311,68071366703,,,,,0,1
153165,617311,68071483709,,,,,0,1
153165,617311,68071509103,,,,,0,1
153165,617311,68071519403,,,,,0,1
153165,617311,68084009901,,,,,0,1
153165,617311,68084009911,,,,,0,1
153165,617311,68180063702,,,,,0,1
153165,617311,68180063706,,,,,0,1
153165,617311,68180063709,,,,,0,1
153165,617311,68382025101,,,,,0,1
153165,617311,68382025105,,,,,0,1
153165,617311,68382025106,,,,,0,1
153165,617311,68382025110,,,,,0,1
153165,617311,68382025116,,,,,0,1
153165,617311,68382025130,,,,,0,1
153165,617311,68382025177,,,,,0,1
153165,617311,68645046054,,,,,0,1
153165,617311,68645048354,,,,,0,1
153165,617311,68645056854,,,,,0,1
153165,617311,68645059254,,,,,0,1
153165,617311,68788779901,,,,,0,1
153165,617311,68788779903,,,,,0,1
153165,617311,68788779906,,,,,0,1
153165,617311,68788779909,,,,,0,1
153165,617311,68788809401,,,,,0,1
153165,617311,68788809403,,,,,0,1
153165,617311,68788809406,,,,,0,1
153165,617311,68788809409,,,,,0,1
153165,617311,68788829801,,,,,0,1
153165,617311,68788829803,,,,,0,1
153165,617311,68788829806,,,,,0,1
153165,617311,68788829809,,,,,0,1
153165,617311,68788831501,,,,,0,1
153165,617311,68788831503,,,,,0,1
153165,617311,68788831506,,,,,0,1
153165,617311,68788831509,,,,,0,1
153165,617311,68788857409,,,,,0,1
153165,617311,69097089905,,,,,0,1
153165,617311,69097089915,,,,,0,1
153165,617311,69097094605,,,,,0,1
153165,617311,69097094615,,,,,0,1
153165,617311,69539009505,,,,,0,1
153165,617311,69539009530,,,,,0,1
153165,617311,69539009590,,,,,0,1
153165,617311,69539009599,,,,,0,1
153165,617311,70377002911,,,,,0,1
153165,617311,70377002912,,,,,0,1
153165,617311,70377002913,,,,,0,1
153165,617311,70377007911,,,,,0,1
153165,617311,70377007912,,,,,0,1
153165,617311,70377007913,,,,,0,1
153165,617311,70518132200,,,,,0,1
153165,617311,70518132201,,,,,0,1
153165,617311,70518132202,,,,,0,1
153165,617311,70518132203,,,,,0,1
153165,617311,70518132204,,,,,0,1
153165,617311,70518327300,,,,,0,1
153165,617311,70518327301,,,,,0,1
153165,617311,70518327302,,,,,0,1
153165,617311,70518327303,,,,,0,1
153165,617311,70518327304,,,,,0,1
153165,617311,70518394600,,,,,0,1
153165,617311,70518398300,,,,,0,1
153165,617311,70518432100,,,,,0,1
153165,617311,70710177200,,,,,0,1
153165,617311,70710177205,,,,,0,1
153165,617311,70710177209,,,,,0,1
153165,617311,70756024912,,,,,0,1
153165,617311,70756024930,,,,,0,1
153165,617311,70756024951,,,,,0,1
153165,617311,70756024990,,,,,0,1
153165,617311,70771144500,,,,,0,1
153165,617311,70771144501,,,,,0,1
153165,617311,70771144503,,,,,0,1
153165,617311,70771144504,,,,,0,1
153165,617311,70771144505,,,,,0,1
153165,617311,70771144509,,,,,0,1
153165,617311,70771187700,,,,,0,1
153165,617311,70771187705,,,,,0,1
153165,617311,70771187709,,,,,0,1
153165,617311,70882010930,,,,,0,1
153165,617311,70934009130,,,,,0,1
153165,617311,70934009190,,,,,0,1
153165,617311,70934061530,,,,,0,1
153165,617311,70934061590,,,,,0,1
153165,617311,71205026430,,,,,0,1
153165,617311,71205026460,,,,,0,1
153165,617311,71205026490,,,,,0,1
153165,617311,71205073130,,,,,0,1
153165,617311,71205073160,,,,,0,1
153165,617311,71205073190,,,,,0,1
153165,617311,71205076530,,,,,0,1
153165,617311,71205076560,,,,,0,1
153165,617311,71205076590,,,,,0,1
153165,617311,71209009204,,,,,0,1
153165,617311,71209009210,,,,,0,1
153165,617311,71335010201,,,,,0,1
153165,617311,71335010202,,,,,0,1
153165,617311,71335010203,,,,,0,1
153165,617311,71335010204,,,,,0,1
153165,617311,71335076701,,,,,0,1
153165,617311,71335076703,,,,,0,1
153165,617311,71335101101,,,,,0,1
153165,617311,71335101102,,,,,0,1
153165,617311,71335101103,,,,,0,1
153165,617311,71335101104,,,,,0,1
153165,617311,71335101105,,,,,0,1
153165,617311,71335101106,,,,,0,1
153165,617311,71335101107,,,,,0,1
153165,617311,71335112601,,,,,0,1
153165,617311,71335112602,,,,,0,1
153165,617311,71335112603,,,,,0,1
153165,617311,71335112604,,,,,0,1
153165,617311,71335112605,,,,,0,1
153165,617311,71335112606,,,,,0,1
153165,617311,71335112607,,,,,0,1
153165,617311,71335132202,,,,,0,1
153165,617311,71335249301,,,,,0,1
153165,617311,71335249302,,,,,0,1
153165,617311,71335249303,,,,,0,1
153165,617311,71335249304,,,,,0,1
153165,617311,71335249305,,,,,0,1
153165,617311,71335249306,,,,,0,1
153165,617311,71335249307,,,,,0,1
153165,617311,71335259101,,,,,0,1
153165,617311,71335259102,,,,,0,1
153165,617311,71335259103,,,,,0,1
153165,617311,71335259104,,,,,0,1
153165,617311,71335259105,,,,,0,1
153165,617311,71335259106,,,,,0,1
153165,617311,71335259107,,,,,0,1
153165,617311,71335971101,,,,,0,1
153165,617311,71335971102,,,,,0,1
153165,617311,71335971103,,,,,0,1
153165,617311,71335971104,,,,,0,1
153165,617311,71335971105,,,,,0,1
153165,617311,71335971106,,,,,0,1
153165,617311,71335971107,,,,,0,1
153165,617311,71335972301,,,,,0,1
153165,617311,71335972302,,,,,0,1
153165,617311,71335972303,,,,,0,1
153165,617311,71335972304,,,,,0,1
153165,617311,71335972305,,,,,0,1
153165,617311,71335972306,,,,,0,1
153165,617311,71335972307,,,,,0,1
153165,617311,71399054001,,,,,0,1
153165,617311,71399064001,,,,,0,1
153165,617311,71610016315,,,,,0,1
153165,617311,71610016330,,,,,0,1
153165,617311,71610016345,,,,,0,1
153165,617311,71610016815,,,,,0,1
153165,617311,71610016830,,,,,0,1
153165,617311,71610016845,,,,,0,1
153165,617311,71610016860,,,,,0,1
153165,617311,71610074515,,,,,0,1
153165,617311,71610074530,,,,,0,1
153165,617311,71610074545,,,,,0,1
153165,617311,71610074553,,,,,0,1
153165,617311,71610074560,,,,,0,1
153165,617311,72162223809,,,,,0,1
153165,617311,72189055730,,,,,0,1
153165,617311,72189055790,,,,,0,1
153165,617311,72205002405,,,,,0,1
153165,617311,72205002430,,,,,0,1
153165,617311,72205002490,,,,,0,1
153165,617311,72205002499,,,,,0,1
153165,617311,72603028401,,,,,0,1
153165,617311,72603028402,,,,,0,1
153165,617311,72603028403,,,,,0,1
153165,617311,72789008930,,,,,0,1
153165,617311,75834025701,,,,,0,1
153165,617311,75834025725,,,,,0,1
153165,617311,75834025750,,,,,0,1
153165,617311,75834025790,,,,,0,1
153165,617311,76420094600,,,,,0,1
153165,617311,76420094605,,,,,0,1
153165,617311,76420094612,,,,,0,1
153165,617311,76420094620,,,,,0,1
153165,617311,76420094623,,,,,0,1
153165,617311,76420094630,,,,,0,1
153165,617311,76420094638,,,,,0,1
153165,617311,76420094660,,,,,0,1
153165,617311,76420094690,,,,,0,1
153165,617311,76519106303,,,,,0,1
153165,617311,77771045310,,,,,0,1
153165,617311,77771045390,,,,,0,1
153165,617311,82009000310,,,,,0,1
153165,617311,82137001801,,,,,0,1
153165,617311,82804002630,,,,,0,1
153165,617311,82804002660,,,,,0,1
153165,617311,82804002690,,,,,0,1
153165,617311,82804005630,,,,,0,1
153165,617311,82804005660,,,,,0,1
153165,617311,82804005690,,,,,0,1
153165,617311,82868002930,,,,,0,1
153165,617311,82868004830,,,,,0,1
153165,617311,83008008090,,,,,0,1
153165,617312,00093505610,,,,,0,1
153165,617312,00093505698,,,,,0,1
153165,617312,00378395005,,,,,0,1
153165,617312,00378395007,,,,,0,1
153165,617312,00378395009,,,,,0,1
153165,617312,00378395077,,,,,0,1
153165,617312,00615800605,,,,,0,1
153165,617312,00615800607,,,,,0,1
153165,617312,00615800630,,,,,0,1
153165,617312,00615800639,,,,,0,1
153165,617312,00781538192,,,,,0,1
153165,617312,00904629006,,,,,0,1
153165,617312,00904629061,,,,,0,1
153165,617312,10135064910,,,,,0,1
153165,617312,16571013609,,,,,0,1
153165,617312,16571013610,,,,,0,1
153165,617312,16571013650,,,,,0,1
153165,617312,16714017301,,,,,0,1
153165,617312,16714017302,,,,,0,1
153165,617312,16714017303,,,,,0,1
153165,617312,16714087401,,,,,0,1
153165,617312,16714087402,,,,,0,1
153165,617312,16714087403,,,,,0,1
153165,617312,16729004401,,,,,0,1
153165,617312,16729004410,,,,,0,1
153165,617312,16729004415,,,,,0,1
153165,617312,16729004416,,,,,0,1
153165,617312,16729004417,,,,,0,1
153165,617312,24658050710,,,,,0,1
153165,617312,24658050790,,,,,0,1
153165,617312,31722042405,,,,,0,1
153165,617312,31722042410,,,,,0,1
153165,617312,31722042490,,,,,0,1
153165,617312,35356086018,,,,,0,1
153165,617312,35356086030,,,,,0,1
153165,617312,35356086090,,,,,0,1
153165,617312,42385094001,,,,,0,1
153165,617312,42385094005,,,,,0,1
153165,617312,42385094010,,,,,0,1
153165,617312,42385094011,,,,,0,1
153165,617312,42385094030,,,,,0,1
153165,617312,42385094068,,,,,0,1
153165,617312,42385094090,,,,,0,1
153165,617312,42571017210,,,,,0,1
153165,617312,42571017211,,,,,0,1
153165,617312,42571017230,,,,,0,1
153165,617312,42571017232,,,,,0,1
153165,617312,42571017290,,,,,0,1
153165,617312,42708000330,,,,,0,1
153165,617312,42708001430,,,,,0,1
153165,617312,43063037330,,,,,0,1
153165,617312,43063047430,,,,,0,1
153165,617312,43063047490,,,,,0,1
153165,617312,43353011545,,,,,0,1
153165,617312,43353012060,,,,,0,1
153165,617312,43598009805,,,,,0,1
153165,617312,43598009810,,,,,0,1
153165,617312,43598009878,,,,,0,1
153165,617312,43598009890,,,,,0,1
153165,617312,43598083005,,,,,0,1
153165,617312,43598083078,,,,,0,1
153165,617312,43598083079,,,,,0,1
153165,617312,43598083090,,,,,0,1
153165,617312,50090125400,,,,,0,1
153165,617312,50090125401,,,,,0,1
153165,617312,50090125500,,,,,0,1
153165,617312,50090125501,,,,,0,1
153165,617312,50090496400,,,,,0,1
153165,617312,50090496401,,,,,0,1
153165,617312,50090506900,,,,,0,1
153165,617312,50090516200,,,,,0,1
153165,617312,50090518400,,,,,0,1
153165,617312,50090518401,,,,,0,1
153165,617312,50090518402,,,,,0,1
153165,617312,50090518500,,,,,0,1
153165,617312,50090563600,,,,,0,1
153165,617312,50090563601,,,,,0,1
153165,617312,50090647900,,,,,0,1
153165,617312,50090647901,,,,,0,1
153165,617312,50090647902,,,,,0,1
153165,617312,50090648000,,,,,0,1
153165,617312,50090757400,,,,,0,1
153165,617312,50090757401,,,,,0,1
153165,617312,50090757402,,,,,0,1
153165,617312,50090757500,,,,,0,1
153165,617312,50228045110,,,,,0,1
153165,617312,50228045190,,,,,0,1
153165,617312,50268009311,,,,,0,1
153165,617312,50268009315,,,,,0,1
153165,617312,51079020801,,,,,0,1
153165,617312,51079020820,,,,,0,1
153165,617312,51407007810,,,,,0,1
153165,617312,51407007890,,,,,0,1
153165,617312,51655061030,,,,,0,1
153165,617312,51655061352,,,,,0,1
153165,617312,51655061383,,,,,0,1
153165,617312,51655061452,,,,,0,1
153165,617312,51655094652,,,,,0,1
153165,617312,55111012105,,,,,0,1
153165,617312,55111012110,,,,,0,1
153165,617312,55111012130,,,,,0,1
153165,617312,55111012160,,,,,0,1
153165,617312,55111012190,,,,,0,1
153165,617312,55154588400,,,,,0,1
153165,617312,55154663500,,,,,0,1
153165,617312,55700065930,,,,,0,1
153165,617312,59651060605,,,,,0,1
153165,617312,59651060630,,,,,0,1
153165,617312,59651060690,,,,,0,1
153165,617312,59651060699,,,,,0,1
153165,617312,59762015501,,,,,0,1
153165,617312,59762015502,,,,,0,1
153165,617312,60429032310,,,,,0,1
153165,617312,60429032390,,,,,0,1
153165,617312,60505257800,,,,,0,1
153165,617312,60505257803,,,,,0,1
153165,617312,60505257805,,,,,0,1
153165,617312,60505257807,,,,,0,1
153165,617312,60505257808,,,,,0,1
153165,617312,60505257809,,,,,0,1
153165,617312,60760059330,,,,,0,1
153165,617312,60760066630,,,,,0,1
153165,617312,60760090330,,,,,0,1
153165,617312,60760090390,,,,,0,1
153165,617312,61919095630,,,,,0,1
153165,617312,61919095690,,,,,0,1
153165,617312,62175089043,,,,,0,1
153165,617312,62175089046,,,,,0,1
153165,617312,63304082705,,,,,0,1
153165,617312,63304082790,,,,,0,1
153165,617312,63629846901,,,,,0,1
153165,617312,63739001810,,,,,0,1
153165,617312,67046069303,,,,,0,1
153165,617312,67046144203,,,,,0,1
153165,617312,67046145803,,,,,0,1
153165,617312,67046149103,,,,,0,1
153165,617312,67296213009,,,,,0,1
153165,617312,67877051105,,,,,0,1
153165,617312,67877051110,,,,,0,1
153165,617312,67877051133,,,,,0,1
153165,617312,67877051138,,,,,0,1
153165,617312,67877051155,,,,,0,1
153165,617312,67877051190,,,,,0,1
153165,617312,68071091430,,,,,0,1
153165,617312,68071354609,,,,,0,1
153165,617312,68071360203,,,,,0,1
153165,617312,68071370109,,,,,0,1
153165,617312,68071381303,,,,,0,1
153165,617312,68071386803,,,,,0,1
153165,617312,68071500803,,,,,0,1
153165,617312,68071519803,,,,,0,1
153165,617312,68084009701,,,,,0,1
153165,617312,68084009711,,,,,0,1
153165,617312,68180063502,,,,,0,1
153165,617312,68180063506,,,,,0,1
153165,617312,68180063509,,,,,0,1
153165,617312,68382024901,,,,,0,1
153165,617312,68382024905,,,,,0,1
153165,617312,68382024906,,,,,0,1
153165,617312,68382024910,,,,,0,1
153165,617312,68382024916,,,,,0,1
153165,617312,68382024930,,,,,0,1
153165,617312,68382024977,,,,,0,1
153165,617312,68645045854,,,,,0,1
153165,617312,68645045870,,,,,0,1
153165,617312,68645048054,,,,,0,1
153165,617312,68645048070,,,,,0,1
153165,617312,68788761801,,,,,0,1
153165,617312,68788761803,,,,,0,1
153165,617312,68788761806,,,,,0,1
153165,617312,68788761809,,,,,0,1
153165,617312,68788763001,,,,,0,1
153165,617312,68788763003,,,,,0,1
153165,617312,68788763006,,,,,0,1
153165,617312,68788763009,,,,,0,1
153165,617312,68788790001,,,,,0,1
153165,617312,68788790003,,,,,0,1
153165,617312,68788790006,,,,,0,1
153165,617312,68788790009,,,,,0,1
153165,617312,68788797901,,,,,0,1
153165,617312,68788797903,,,,,0,1
153165,617312,68788797906,,,,,0,1
153165,617312,68788797909,,,,,0,1
153165,617312,68788838901,,,,,0,1
153165,617312,68788838903,,,,,0,1
153165,617312,68788838906,,,,,0,1
153165,617312,68788838909,,,,,0,1
153165,617312,68788839501,,,,,0,1
153165,617312,68788839503,,,,,0,1
153165,617312,68788839506,,,,,0,1
153165,617312,68788839509,,,,,0,1
153165,617312,68788840901,,,,,0,1
153165,617312,68788840903,,,,,0,1
153165,617312,68788840906,,,,,0,1
153165,617312,68788840909,,,,,0,1
153165,617312,68788859109,,,,,0,1
153165,617312,68788865603,,,,,0,1
153165,617312,68788865606,,,,,0,1
153165,617312,68788865609,,,,,0,1
153165,617312,68788867203,,,,,0,1
153165,617312,68788867206,,,,,0,1
153165,617312,68788867209,,,,,0,1
153165,617312,68788868401,,,,,0,1
153165,617312,68788868403,,,,,0,1
153165,617312,68788868406,,,,,0,1
153165,617312,68788868409,,,,,0,1
153165,617312,68788884203,,,,,0,1
153165,617312,68788884206,,,,,0,1
153165,617312,68788884209,,,,,0,1
153165,617312,69097089705,,,,,0,1
153165,617312,69097089715,,,,,0,1
153165,617312,69097094405,,,,,0,1
153165,617312,69097094415,,,,,0,1
153165,617312,69539009305,,,,,0,1
153165,617312,69539009330,,,,,0,1
153165,617312,69539009390,,,,,0,1
153165,617312,69539009399,,,,,0,1
153165,617312,70377002711,,,,,0,1
153165,617312,70377002712,,,,,0,1
153165,617312,70377002713,,,,,0,1
153165,617312,70377007711,,,,,0,1
153165,617312,70377007712,,,,,0,1
153165,617312,70377007713,,,,,0,1
153165,617312,70518022400,,,,,0,1
153165,617312,70518022401,,,,,0,1
153165,617312,70518022402,,,,,0,1
153165,617312,70518329800,,,,,0,1
153165,617312,70518329801,,,,,0,1
153165,617312,70518379100,,,,,0,1
153165,617312,70518379101,,,,,0,1
153165,617312,70518408000,,,,,0,1
153165,617312,70518413800,,,,,0,1
153165,617312,70518413801,,,,,0,1
153165,617312,70710177700,,,,,0,1
153165,617312,70710177705,,,,,0,1
153165,617312,70710177709,,,,,0,1
153165,617312,70756024712,,,,,0,1
153165,617312,70756024730,,,,,0,1
153165,617312,70756024751,,,,,0,1
153165,617312,70756024790,,,,,0,1
153165,617312,70771144300,,,,,0,1
153165,617312,70771144301,,,,,0,1
153165,617312,70771144303,,,,,0,1
153165,617312,70771144304,,,,,0,1
153165,617312,70771144305,,,,,0,1
153165,617312,70771144309,,,,,0,1
153165,617312,70771187500,,,,,0,1
153165,617312,70771187505,,,,,0,1
153165,617312,70771187509,,,,,0,1
153165,617312,70882011930,,,,,0,1
153165,617312,70934007030,,,,,0,1
153165,617312,70934025090,,,,,0,1
153165,617312,70934031290,,,,,0,1
153165,617312,70934048230,,,,,0,1
153165,617312,70934048290,,,,,0,1
153165,617312,71205024630,,,,,0,1
153165,617312,71205024660,,,,,0,1
153165,617312,71205024690,,,,,0,1
153165,617312,71205080230,,,,,0,1
153165,617312,71205080260,,,,,0,1
153165,617312,71205080290,,,,,0,1
153165,617312,71209009004,,,,,0,1
153165,617312,71335016901,,,,,0,1
153165,617312,71335016902,,,,,0,1
153165,617312,71335016903,,,,,0,1
153165,617312,71335016904,,,,,0,1
153165,617312,71335138801,,,,,0,1
153165,617312,71335138802,,,,,0,1
153165,617312,71335138803,,,,,0,1
153165,617312,71335138804,,,,,0,1
153165,617312,71335138805,,,,,0,1
153165,617312,71335138806,,,,,0,1
153165,617312,71335171001,,,,,0,1
153165,617312,71335171002,,,,,0,1
153165,617312,71335171003,,,,,0,1
153165,617312,71335171004,,,,,0,1
153165,617312,71335171005,,,,,0,1
153165,617312,71335171006,,,,,0,1
153165,617312,71335224101,,,,,0,1
153165,617312,71335224102,,,,,0,1
153165,617312,71335224103,,,,,0,1
153165,617312,71335224104,,,,,0,1
153165,617312,71335224105,,,,,0,1
153165,617312,71335224106,,,,,0,1
153165,617312,71335238801,,,,,0,1
153165,617312,71335238802,,,,,0,1
153165,617312,71335238803,,,,,0,1
153165,617312,71335238804,,,,,0,1
153165,617312,71335238805,,,,,0,1
153165,617312,71335238806,,,,,0,1
153165,617312,71399051001,,,,,0,1
153165,617312,71399061001,,,,,0,1
153165,617312,71610016960,,,,,0,1
153165,617312,72162155409,,,,,0,1
153165,617312,72189022630,,,,,0,1
153165,617312,72189022690,,,,,0,1
153165,617312,72189053190,,,,,0,1
153165,617312,72205002205,,,,,0,1
153165,617312,72205002230,,,,,0,1
153165,617312,72205002290,,,,,0,1
153165,617312,72205002299,,,,,0,1
153165,617312,72603028201,,,,,0,1
153165,617312,72603028202,,,,,0,1
153165,617312,72603028203,,,,,0,1
153165,617312,72789015330,,,,,0,1
153165,617312,75834025501,,,,,0,1
153165,617312,75834025505,,,,,0,1
153165,617312,75834025550,,,,,0,1
153165,617312,75834025590,,,,,0,1
153165,617312,76420094300,,,,,0,1
153165,617312,76420094305,,,,,0,1
153165,617312,76420094312,,,,,0,1
153165,617312,76420094320,,,,,0,1
153165,617312,76420094330,,,,,0,1
153165,617312,76420094338,,,,,0,1
153165,617312,76420094355,,,,,0,1
153165,617312,76420094360,,,,,0,1
153165,617312,76420094390,,,,,0,1
153165,617312,76519107503,,,,,0,1
153165,617312,77771045110,,,,,0,1
153165,617312,77771045190,,,,,0,1
153165,617312,82009000110,,,,,0,1
153165,617312,82009000190,,,,,0,1
153165,617312,82137001601,,,,,0,1
153165,617312,82804014430,,,,,0,1
153165,617312,82804014490,,,,,0,1
161,1037274,10892015310,,,,,0,1
161,1038779,24286155004,,,,,0,1
161,1041530,43825010201,,,,,0,1
161,1049216,60951071270,,,,,0,1
161,1049216,63629218701,,,,,0,1
161,1049216,72162172801,,,,,0,1
161,1049223,60951060270,,,,,0,1
161,1049223,60951060285,,,,,0,1
161,1049223,63629218801,,,,,0,1
161,1049223,63629218901,,,,,0,1
161,1049223,67296083607,,,,,0,1
161,1049227,60951070070,,,,,0,1
161,1049227,63629219001,,,,,0,1
161,1049227,68071028660,,,,,0,1
161,1049227,68071028690,,,,,0,1
161,1049625,63481062970,,,,,0,1
161,1049637,63481062770,,,,,0,1
161,1049640,63481062370,,,,,0,1
161,1049640,63481062385,,,,,0,1
161,1049642,63481062870,,,,,0,1
161,1052416,71687300606,,,,,0,1
161,1052445,41167030021,,,,,0,1
161,1052466,63029005004,,,,,0,1
161,1052466,63029005050,,,,,0,1
161,1052466,63029005324,,,,,0,1
161,1052466,63029005350,,,,,0,1
161,1052466,63029005390,,,,,0,1
161,1052466,75137000493,,,,,0,1
161,1052466,75137000495,,,,,0,1
161,1052469,63029004913,,,,,0,1
161,1052469,63029004940,,,,,0,1
161,1052469,75137000497,,,,,0,1
161,1052469,75137043211,,,,,0,1
161,1052641,41167031023,,,,,0,1
161,1052641,41167310201,,,,,0,1
161,1052641,71687310204,,,,,0,1
161,1053852,41167030014,,,,,0,1
161,1053852,71687300301,,,,,0,1
161,1053852,71687300302,,,,,0,1
161,1053852,71687300304,,,,,0,1
161,1087609,21406049050,,,,,0,1
161,1087609,21406490300,,,,,0,1
161,1092375,50580083301,,,,,0,1
161,1092378,50269060806,,,,,0,1
161,1092378,50580018220,,,,,0,1
161,1092378,50580018240,,,,,0,1
161,1092378,50580018252,,,,,0,1
161,1092378,50580023424,,,,,0,1
161,1092378,50580042610,,,,,0,1
161,1092378,50580042623,,,,,0,1
161,1092378,50580042624,,,,,0,1
161,1092378,50580060801,,,,,0,1
161,1092378,50580060802,,,,,0,1
161,1092378,50580060803,,,,,0,1
161,1092378,50580060804,,,,,0,1
161,1092378,50580060805,,,,,0,1
161,1092378,50580060806,,,,,0,1
161,1092378,50580060807,,,,,0,1
161,1092378,50580060808,,,,,0,1
161,1092378,53209100201,,,,,0,1
161,1092378,53209100202,,,,,0,1
161,1092378,66715641702,,,,,0,1
161,1092378,66715641707,,,,,0,1
161,1092378,66715641708,,,,,0,1
161,1092378,66715651702,,,,,0,1
161,1092378,66715981702,,,,,0,1
161,1092378,66715981703,,,,,0,1
161,1092378,67414060800,,,,,0,1
161,1092378,67414060806,,,,,0,1
161,1092378,70264002801,,,,,0,1
161,1092378,80850050610,,,,,0,1
161,1093077,41167000404,,,,,0,1
161,1093077,41167004002,,,,,0,1
161,1093077,41167004004,,,,,0,1
161,1094718,00135060801,,,,,0,1
161,1094718,00135060802,,,,,0,1
161,1094718,00135060803,,,,,0,1
161,1094718,00135060804,,,,,0,1
161,1094718,00135702101,,,,,0,1
161,1094718,00135702102,,,,,0,1
161,1094718,00135702103,,,,,0,1
161,1095636,00135053703,,,,,0,1
161,1100005,54473030550,,,,,0,1
161,1100907,58407053401,,,,,0,1
161,1101754,12843017148,,,,,0,1
161,1101754,42364001101,,,,,0,1
161,1101754,42364001102,,,,,0,1
161,1101754,59556015110,,,,,0,1
161,1116532,27495001350,,,,,0,1
161,1116532,63629458901,,,,,0,1
161,1117539,00067205324,,,,,0,1
161,1117539,00067205350,,,,,0,1
161,1117539,00067205383,,,,,0,1
161,1117539,00067205391,,,,,0,1
161,1117539,00067205524,,,,,0,1
161,1117539,00067205550,,,,,0,1
161,1117539,00067205586,,,,,0,1
161,1117539,00067205591,,,,,0,1
161,1117539,00067640520,,,,,0,1
161,1117539,00067640580,,,,,0,1
161,1190201,63187070500,,,,,0,1
161,1190201,63187070530,,,,,0,1
161,1190201,63187070560,,,,,0,1
161,1190201,63187070572,,,,,0,1
161,1190201,63187070590,,,,,0,1
161,1190201,63629563701,,,,,0,1
161,1190201,63629563702,,,,,0,1
161,1190201,63629563703,,,,,0,1
161,1190201,63629563704,,,,,0,1
161,1190201,66992084010,,,,,0,1
161,1235462,49873008201,,,,,0,1
161,1243439,00904576960,,,,,0,1
161,1243439,71335061401,,,,,0,1
161,1243439,71335061402,,,,,0,1
161,1243439,71335061403,,,,,0,1
161,1243440,00045029721,,,,,0,1
161,1243440,00045029727,,,,,0,1
161,1243440,00045083824,,,,,0,1
161,1243440,50580030901,,,,,0,1
161,1243440,50580030902,,,,,0,1
161,1243440,50580057501,,,,,0,1
161,1243440,50580057502,,,,,0,1
161,1243440,50580057503,,,,,0,1
161,1243440,50580057506,,,,,0,1
161,1243440,50580057601,,,,,0,1
161,1243440,50580057602,,,,,0,1
161,1243440,50580078310,,,,,0,1
161,1243440,50580078324,,,,,0,1
161,1243440,50580078325,,,,,0,1
161,1243440,50580078329,,,,,0,1
161,1243440,50580078330,,,,,0,1
161,1243440,50580078331,,,,,0,1
161,1243440,50580078332,,,,,0,1
161,1243440,50580078351,,,,,0,1
161,1293942,16103035004,,,,,0,1
161,1293942,16103035008,,,,,0,1
161,1293942,16103035010,,,,,0,1
161,1293942,16103035011,,,,,0,1
161,1293942,16103035099,,,,,0,1
161,1293942,16103037606,,,,,0,1
161,1293942,16103037608,,,,,0,1
161,1293942,16103037611,,,,,0,1
161,1293942,16103037699,,,,,0,1
161,1293942,17856037602,,,,,0,1
161,1293942,50090119100,,,,,0,1
161,1293942,61919086150,,,,,0,1
161,1293942,71205047820,,,,,0,1
161,1293942,71205047824,,,,,0,1
161,1293942,71205047830,,,,,0,1
161,1293942,71205047840,,,,,0,1
161,1293942,71205047850,,,,,0,1
161,1293942,71205047860,,,,,0,1
161,1293942,71205047890,,,,,0,1
161,1293942,73057035008,,,,,0,1
161,1293942,73057035011,,,,,0,1
161,1293942,73057037608,,,,,0,1
161,1293942,73057037611,,,,,0,1
161,1298830,16103035306,,,,,0,1
161,1298830,16103035307,,,,,0,1
161,1298830,16103035308,,,,,0,1
161,1298830,16103035311,,,,,0,1
161,1298830,16103035399,,,,,0,1
161,1298830,17856035301,,,,,0,1
161,1298830,17856035302,,,,,0,1
161,1298830,17856035303,,,,,0,1
161,1298830,17856035304,,,,,0,1
161,1298830,50090026702,,,,,0,1
161,1298830,50090026703,,,,,0,1
161,1298830,50090026704,,,,,0,1
161,1298830,73057035308,,,,,0,1
161,1298830,73057035311,,,,,0,1
161,1303159,52389023701,,,,,0,1
161,1303159,52389023728,,,,,0,1
161,1356080,52389015301,,,,,0,1
161,1356080,52389015303,,,,,0,1
161,1356080,52389015314,,,,,0,1
161,1356080,52389015328,,,,,0,1
161,1356080,52389015335,,,,,0,1
161,1356080,52389015338,,,,,0,1
161,1356080,52389015346,,,,,0,1
161,1358835,50332010801,,,,,0,1
161,1358835,50332010804,,,,,0,1
161,1358835,50332010807,,,,,0,1
161,1358835,50332010808,,,,,0,1
161,1358835,50332014901,,,,,0,1
161,1358835,50332014903,,,,,0,1
161,1358835,50332014904,,,,,0,1
161,1358835,50332014907,,,,,0,1
161,1358835,50332014908,,,,,0,1
161,1358837,50332010301,,,,,0,1
161,1358837,50332010302,,,,,0,1
161,1358837,50332010303,,,,,0,1
161,1358837,50332010304,,,,,0,1
161,1358837,50332010308,,,,,0,1
161,1358837,50332014801,,,,,0,1
161,1358837,50332014804,,,,,0,1
161,1358837,50332014807,,,,,0,1
161,1358837,50332014808,,,,,0,1
161,1358853,50332010504,,,,,0,1
161,1358853,50332010507,,,,,0,1
161,1358853,50332010508,,,,,0,1
161,1361402,05238902228,,,,,0,1
161,1428622,00095300001,,,,,0,1
161,1432261,52544008001,,,,,0,1
161,1433802,52544008201,,,,,0,1
161,1442445,17478045016,,,,,0,1
161,1483329,11584003001,,,,,0,1
161,1487251,68308055410,,,,,0,1
161,1487288,60951070170,,,,,0,1
161,1492673,68308022401,,,,,0,1
161,1495472,50474093201,,,,,0,1
161,1495474,50474093001,,,,,0,1
161,1495476,50474093101,,,,,0,1
161,1537116,24090068188,,,,,0,1
161,1537120,24090068388,,,,,0,1
161,1537122,24090068288,,,,,0,1
161,1542981,68025006910,,,,,0,1
161,1591934,00067029530,,,,,0,1
161,1593116,00067205624,,,,,0,1
161,1593116,00067205691,,,,,0,1
161,1593771,23359003316,,,,,0,1
161,1602570,11584047703,,,,,0,1
161,1648584,58809035930,,,,,0,1
161,1648584,58809082016,,,,,0,1
161,1738139,50580048720,,,,,0,1
161,1738139,50580048790,,,,,0,1
161,1866143,69197002920,,,,,0,1
161,1872075,00135062001,,,,,0,1
161,1944113,52389033728,,,,,0,1
161,2001364,10702034101,,,,,0,1
161,2001364,70040016701,,,,,0,1
161,200977,00135060901,,,,,0,1
161,200977,00135060902,,,,,0,1
161,200977,00135060903,,,,,0,1
161,200977,00135060904,,,,,0,1
161,200977,00135060905,,,,,0,1
161,200977,00135701101,,,,,0,1
161,200977,00135701102,,,,,0,1
161,200977,00135701103,,,,,0,1
161,200977,00135701104,,,,,0,1
161,2045500,72245019303,,,,,0,1
161,2045500,72245019310,,,,,0,1
161,209352,00713011801,,,,,0,1
161,209352,00713011812,,,,,0,1
161,209352,00713011850,,,,,0,1
161,209353,51672211500,,,,,0,1
161,209353,51672211502,,,,,0,1
161,209353,51672211504,,,,,0,1
161,209360,00713016401,,,,,0,1
161,209360,00713016412,,,,,0,1
161,209360,00713016450,,,,,0,1
161,209361,51672211600,,,,,0,1
161,209361,51672211602,,,,,0,1
161,209361,51672211604,,,,,0,1
161,209361,63629824001,,,,,0,1
161,209363,00713016501,,,,,0,1
161,209363,00713016512,,,,,0,1
161,209363,00713016550,,,,,0,1
161,209363,55154885000,,,,,0,1
161,209364,51672211700,,,,,0,1
161,209364,51672211704,,,,,0,1
161,209375,33261014230,,,,,0,1
161,209375,60760093550,,,,,0,1
161,209375,61919085771,,,,,0,1
161,209384,00927018601,,,,,0,1
161,209384,00927018653,,,,,0,1
161,209387,50580045810,,,,,0,1
161,209387,50580045811,,,,,0,1
161,209387,50580045850,,,,,0,1
161,209387,50580049501,,,,,0,1
161,209387,50580049660,,,,,0,1
161,209387,50580049698,,,,,0,1
161,209387,50580060001,,,,,0,1
161,209387,50580060002,,,,,0,1
161,209387,50580060003,,,,,0,1
161,209397,17856098501,,,,,0,1
161,209397,17856098502,,,,,0,1
161,209397,17856098503,,,,,0,1
161,209397,17856098504,,,,,0,1
161,209397,17856098505,,,,,0,1
161,209397,17856098506,,,,,0,1
161,209397,17856098507,,,,,0,1
161,209397,17856098508,,,,,0,1
161,209397,17856198500,,,,,0,1
161,209397,17856198501,,,,,0,1
161,209397,17856198502,,,,,0,1
161,209397,17856198503,,,,,0,1
161,209397,17856198504,,,,,0,1
161,209397,17856198505,,,,,0,1
161,209397,17856198507,,,,,0,1
161,209397,17856198508,,,,,0,1
161,209397,17856198509,,,,,0,1
161,209397,17859198502,,,,,0,1
161,209397,50090258800,,,,,0,1
161,209417,00904584709,,,,,0,1
161,209425,54859080908,,,,,0,1
161,209433,63736031030,,,,,0,1
161,209443,00904198351,,,,,0,1
161,209443,00904198859,,,,,0,1
161,209443,00904198880,,,,,0,1
161,209459,00045044905,,,,,0,1
161,209459,00045044910,,,,,0,1
161,209459,00045044915,,,,,0,1
161,209459,00045049925,,,,,0,1
161,209459,29485654704,,,,,0,1
161,209459,29485692603,,,,,0,1
161,209459,29485700302,,,,,0,1
161,209459,29485702502,,,,,0,1
161,209459,50090000500,,,,,0,1
161,209459,50090169500,,,,,0,1
161,209459,50090546900,,,,,0,1
161,209459,50269000806,,,,,0,1
161,209459,50269044925,,,,,0,1
161,209459,50580037801,,,,,0,1
161,209459,50580037802,,,,,0,1
161,209459,50580037803,,,,,0,1
161,209459,50580037804,,,,,0,1
161,209459,50580037805,,,,,0,1
161,209459,50580037806,,,,,0,1
161,209459,50580037807,,,,,0,1
161,209459,50580037808,,,,,0,1
161,209459,50580041201,,,,,0,1
161,209459,50580041202,,,,,0,1
161,209459,50580041203,,,,,0,1
161,209459,50580044410,,,,,0,1
161,209459,50580044424,,,,,0,1
161,209459,50580044450,,,,,0,1
161,209459,50580044900,,,,,0,1
161,209459,50580044905,,,,,0,1
161,209459,50580044908,,,,,0,1
161,209459,50580044909,,,,,0,1
161,209459,50580044910,,,,,0,1
161,209459,50580044911,,,,,0,1
161,209459,50580044912,,,,,0,1
161,209459,50580044913,,,,,0,1
161,209459,50580044914,,,,,0,1
161,209459,50580044915,,,,,0,1
161,209459,50580044923,,,,,0,1
161,209459,50580044927,,,,,0,1
161,209459,50580044931,,,,,0,1
161,209459,50580044934,,,,,0,1
161,209459,50580044935,,,,,0,1
161,209459,50580044936,,,,,0,1
161,209459,50580044961,,,,,0,1
161,209459,50580044962,,,,,0,1
161,209459,50580044966,,,,,0,1
161,209459,50580044980,,,,,0,1
161,209459,50580044984,,,,,0,1
161,209459,50580044985,,,,,0,1
161,209459,50580044986,,,,,0,1
161,209459,50580044987,,,,,0,1
161,209459,50580044996,,,,,0,1
161,209459,50580044997,,,,,0,1
161,209459,50580044998,,,,,0,1
161,209459,50580045150,,,,,0,1
161,209459,50580045170,,,,,0,1
161,209459,50580045710,,,,,0,1
161,209459,50580045711,,,,,0,1
161,209459,50580045770,,,,,0,1
161,209459,50580047201,,,,,0,1
161,209459,50580047202,,,,,0,1
161,209459,50580047203,,,,,0,1
161,209459,50580047204,,,,,0,1
161,209459,50580048810,,,,,0,1
161,209459,50580048824,,,,,0,1
161,209459,50580048825,,,,,0,1
161,209459,50580048828,,,,,0,1
161,209459,50580048852,,,,,0,1
161,209459,50580049010,,,,,0,1
161,209459,50580049020,,,,,0,1
161,209459,50580049024,,,,,0,1
161,209459,50580049025,,,,,0,1
161,209459,50580049050,,,,,0,1
161,209459,50580049090,,,,,0,1
161,209459,50580059001,,,,,0,1
161,209459,50580059002,,,,,0,1
161,209459,50580059003,,,,,0,1
161,209459,50580059004,,,,,0,1
161,209459,50580059005,,,,,0,1
161,209459,50580059006,,,,,0,1
161,209459,50580069201,,,,,0,1
161,209459,50580069202,,,,,0,1
161,209459,50580069203,,,,,0,1
161,209459,50580093701,,,,,0,1
161,209459,50580093702,,,,,0,1
161,209459,50580093703,,,,,0,1
161,209459,50580093704,,,,,0,1
161,209459,50580093705,,,,,0,1
161,209459,50580093706,,,,,0,1
161,209459,50580093707,,,,,0,1
161,209459,50580093710,,,,,0,1
161,209459,50580093715,,,,,0,1
161,209459,50580093719,,,,,0,1
161,209459,50580093720,,,,,0,1
161,209459,50580093766,,,,,0,1
161,209459,53209100101,,,,,0,1
161,209459,53209100102,,,,,0,1
161,209459,66715644702,,,,,0,1
161,209459,66715654702,,,,,0,1
161,209459,66715974701,,,,,0,1
161,209459,66715974702,,,,,0,1
161,209459,66715974703,,,,,0,1
161,209459,66715974707,,,,,0,1
161,209459,66715974708,,,,,0,1
161,209459,66715974709,,,,,0,1
161,209459,67414044900,,,,,0,1
161,209459,67414044910,,,,,0,1
161,209459,67414044911,,,,,0,1
161,209459,67751016701,,,,,0,1
161,209459,67751016702,,,,,0,1
161,209459,67751016703,,,,,0,1
161,209459,67751016704,,,,,0,1
161,209459,70264002701,,,,,0,1
161,209468,00067012802,,,,,0,1
161,209468,00067015802,,,,,0,1
161,209468,00067200002,,,,,0,1
161,209468,00067200007,,,,,0,1
161,209468,00067200010,,,,,0,1
161,209468,00067200020,,,,,0,1
161,209468,00067200024,,,,,0,1
161,209468,00067200030,,,,,0,1
161,209468,00067200033,,,,,0,1
161,209468,00067200050,,,,,0,1
161,209468,00067200077,,,,,0,1
161,209468,00067200083,,,,,0,1
161,209468,00067200091,,,,,0,1
161,209468,00067200094,,,,,0,1
161,209468,00067200101,,,,,0,1
161,209468,00067200102,,,,,0,1
161,209468,00067200103,,,,,0,1
161,209468,00067200104,,,,,0,1
161,209468,00067200105,,,,,0,1
161,209468,00067200106,,,,,0,1
161,209468,00067200107,,,,,0,1
161,209468,00067200108,,,,,0,1
161,209468,00067200109,,,,,0,1
161,209468,00067200114,,,,,0,1
161,209468,00067200201,,,,,0,1
161,209468,00067200202,,,,,0,1
161,209468,00067200203,,,,,0,1
161,209468,00067200204,,,,,0,1
161,209468,00067200205,,,,,0,1
161,209468,00067200206,,,,,0,1
161,209468,00067200207,,,,,0,1
161,209468,00067200208,,,,,0,1
161,209468,00067200301,,,,,0,1
161,209468,00067200302,,,,,0,1
161,209468,00067202120,,,,,0,1
161,209468,00067202124,,,,,0,1
161,209468,00067202180,,,,,0,1
161,209468,00067203008,,,,,0,1
161,209468,00067203010,,,,,0,1
161,209468,00067203024,,,,,0,1
161,209468,00067203050,,,,,0,1
161,209468,00067203077,,,,,0,1
161,209468,00067203091,,,,,0,1
161,209468,00067203092,,,,,0,1
161,209468,00067203094,,,,,0,1
161,209468,00067203520,,,,,0,1
161,209468,00067203580,,,,,0,1
161,209468,00067203702,,,,,0,1
161,209468,00067203750,,,,,0,1
161,209468,00067203777,,,,,0,1
161,209468,00067203783,,,,,0,1
161,209468,00067203791,,,,,0,1
161,209468,00067203902,,,,,0,1
161,209468,00067203907,,,,,0,1
161,209468,00067203908,,,,,0,1
161,209468,00067203909,,,,,0,1
161,209468,00067203910,,,,,0,1
161,209468,00067203924,,,,,0,1
161,209468,00067203930,,,,,0,1
161,209468,00067203933,,,,,0,1
161,209468,00067203950,,,,,0,1
161,209468,00067203977,,,,,0,1
161,209468,00067203983,,,,,0,1
161,209468,00067203984,,,,,0,1
161,209468,00067203986,,,,,0,1
161,209468,00067203991,,,,,0,1
161,209468,00067203992,,,,,0,1
161,209468,00067203994,,,,,0,1
161,209468,00067204001,,,,,0,1
161,209468,00067204002,,,,,0,1
161,209468,00067204003,,,,,0,1
161,209468,00067204004,,,,,0,1
161,209468,00067204005,,,,,0,1
161,209468,00067204006,,,,,0,1
161,209468,00067204007,,,,,0,1
161,209468,00067204008,,,,,0,1
161,209468,00067204009,,,,,0,1
161,209468,00067204011,,,,,0,1
161,209468,00067204201,,,,,0,1
161,209468,00067204202,,,,,0,1
161,209468,00067204203,,,,,0,1
161,209468,00067204204,,,,,0,1
161,209468,00067204205,,,,,0,1
161,209468,00067204206,,,,,0,1
161,209468,00067204207,,,,,0,1
161,209468,00067204208,,,,,0,1
161,209468,00067627016,,,,,0,1
161,209468,00067627020,,,,,0,1
161,209468,00067627040,,,,,0,1
161,209468,00067627080,,,,,0,1
161,209468,00067810350,,,,,0,1
161,209468,00067810492,,,,,0,1
161,209468,00067820103,,,,,0,1
161,209468,00067820203,,,,,0,1
161,209468,00067820302,,,,,0,1
161,209468,00067820303,,,,,0,1
161,209468,00067820304,,,,,0,1
161,209468,01981000022,,,,,0,1
161,209468,01981000028,,,,,0,1
161,209468,01981000296,,,,,0,1
161,209468,01981007004,,,,,0,1
161,209468,01981007729,,,,,0,1
161,209468,01981020111,,,,,0,1
161,209468,01981020112,,,,,0,1
161,209468,01981020113,,,,,0,1
161,209468,01981020203,,,,,0,1
161,209468,01981020211,,,,,0,1
161,209468,01981020212,,,,,0,1
161,209468,01981020213,,,,,0,1
161,209468,01981020221,,,,,0,1
161,209468,01981020224,,,,,0,1
161,209468,19810000619,,,,,0,1
161,209468,19810008660,,,,,0,1
161,209468,19810008690,,,,,0,1
161,209468,29485651004,,,,,0,1
161,209468,29485802706,,,,,0,1
161,209468,29485802806,,,,,0,1
161,209468,50090609300,,,,,0,1
161,209468,50269015801,,,,,0,1
161,209468,50269015802,,,,,0,1
161,209468,50269015803,,,,,0,1
161,209468,66715641002,,,,,0,1
161,209468,66715644903,,,,,0,1
161,209468,66715651002,,,,,0,1
161,209468,66715654902,,,,,0,1
161,209468,66715974902,,,,,0,1
161,209468,66715974903,,,,,0,1
161,209468,66715974908,,,,,0,1
161,209468,66715981002,,,,,0,1
161,209468,66715981003,,,,,0,1
161,209468,66715981007,,,,,0,1
161,209468,66715981008,,,,,0,1
161,209468,67414023902,,,,,0,1
161,209468,67751011901,,,,,0,1
161,209468,67751011902,,,,,0,1
161,209468,70264004501,,,,,0,1
161,209495,00904579146,,,,,0,1
161,209495,71335118601,,,,,0,1
161,209501,19810000228,,,,,0,1
161,209531,51672211400,,,,,0,1
161,209531,51672211402,,,,,0,1
161,209531,51672211404,,,,,0,1
161,209531,51672211405,,,,,0,1
161,209826,00682140001,,,,,0,1
161,209870,00904664524,,,,,0,1
161,209870,71205032224,,,,,0,1
161,209873,19810000229,,,,,0,1
161,209890,00904198760,,,,,0,1
161,2105929,70362073030,,,,,0,1
161,2105929,70569015230,,,,,0,1
161,210864,47862045544,,,,,0,1
161,211161,68308021901,,,,,0,1
161,211189,68308022001,,,,,0,1
161,211194,00642016210,,,,,0,1
161,2118730,10702034001,,,,,0,1
161,2118730,70040014501,,,,,0,1
161,2118734,10702034201,,,,,0,1
161,2118734,70040018901,,,,,0,1
161,2178758,50580055504,,,,,0,1
161,2178758,50580055505,,,,,0,1
161,2261403,70154011116,,,,,0,1
161,2279007,68047075201,,,,,0,1
161,2279007,68047075230,,,,,0,1
161,2279007,70362072201,,,,,0,1
161,2279007,70362072230,,,,,0,1
161,2279007,70569015001,,,,,0,1
161,2279007,70569015030,,,,,0,1
161,2279510,72245068303,,,,,0,1
161,2279510,72245068310,,,,,0,1
161,2279512,72245068103,,,,,0,1
161,2279512,72245068110,,,,,0,1
161,2279514,72245068203,,,,,0,1
161,2279514,72245068210,,,,,0,1
161,2281851,72245064812,,,,,0,1
161,2281851,72245064850,,,,,0,1
161,2374361,50580020902,,,,,0,1
161,2374361,50580020904,,,,,0,1
161,2391610,10267100001,,,,,0,1
161,2391610,10267100009,,,,,0,1
161,2639351,51672531908,,,,,0,1
161,2673880,00143915001,,,,,0,1
161,2673880,00143915010,,,,,0,1
161,2673880,72260010301,,,,,0,1
161,2675765,00143943227,,,,,0,1
161,2675765,72260012901,,,,,0,1
161,404172,00067204524,,,,,0,1
161,404172,00067204550,,,,,0,1
161,404172,00067204583,,,,,0,1
161,404172,00067204591,,,,,0,1
161,404172,00067205024,,,,,0,1
161,404172,00067627220,,,,,0,1
161,404172,00067627240,,,,,0,1
161,404172,00067627280,,,,,0,1
161,404172,00067811924,,,,,0,1
161,404172,00067813901,,,,,0,1
161,404172,00067813902,,,,,0,1
161,404172,01981020611,,,,,0,1
161,404172,01981020612,,,,,0,1
161,404172,01981020613,,,,,0,1
161,404172,01981020711,,,,,0,1
161,404172,19810002901,,,,,0,1
161,404172,19810002902,,,,,0,1
161,404172,19810002903,,,,,0,1
161,702615,19810030041,,,,,0,1
161,702615,19810030042,,,,,0,1
161,723530,00067623806,,,,,0,1
161,723533,63736020302,,,,,0,1
161,798926,60760049150,,,,,0,1
161,828555,50580013904,,,,,0,1
161,828555,50580013908,,,,,0,1
161,828555,50580017001,,,,,0,1
161,828555,50580017002,,,,,0,1
161,828555,50580017003,,,,,0,1
161,828555,50580017004,,,,,0,1
161,828555,50580017708,,,,,0,1
161,828555,50580019101,,,,,0,1
161,828555,50580032501,,,,,0,1
161,828555,50580042401,,,,,0,1
161,828555,50580043301,,,,,0,1
161,828555,50580043302,,,,,0,1
161,828555,50580050901,,,,,0,1
161,828555,50580057902,,,,,0,1
161,828555,50580059901,,,,,0,1
161,828555,50580059902,,,,,0,1
161,828555,50580059903,,,,,0,1
161,828555,50580061201,,,,,0,1
161,828555,50580061202,,,,,0,1
161,828555,50580061401,,,,,0,1
161,828557,50580052124,,,,,0,1
161,828557,50580052224,,,,,0,1
161,836397,50458065060,,,,,0,1
161,836397,52959066600,,,,,0,1
161,836397,52959066602,,,,,0,1
161,836397,52959066620,,,,,0,1
161,836397,52959066628,,,,,0,1
161,836397,52959066630,,,,,0,1
161,836397,52959066640,,,,,0,1
161,836397,52959066656,,,,,0,1
161,836397,52959066660,,,,,0,1
161,836397,52959066690,,,,,0,1
161,836397,66267046820,,,,,0,1
161,836397,66267046840,,,,,0,1
161,836397,66267046860,,,,,0,1
161,856942,00713070389,,,,,0,1
161,856942,13551080105,,,,,0,1
161,857001,52959053340,,,,,0,1
161,857004,52544007101,,,,,0,1
161,857007,52544016201,,,,,0,1
161,884770,50332012004,,,,,0,1
161,884770,50332012007,,,,,0,1
161,993837,50090000602,,,,,0,1
161,993892,50458051560,,,,,0,1
161,998706,00485006601,,,,,0,1
161,1014599,72887068303,,,,,0,1
161,1014615,72887068103,,,,,0,1
161,1014632,72887068203,,,,,0,1
161,1037259,72887019303,,,,,0,1
161,1042675,11523007701,,,,,0,1
161,1042675,55910075340,,,,,0,1
161,1042675,58593000306,,,,,0,1
161,1042675,69423084412,,,,,0,1
161,1042675,84126030508,,,,,0,1
161,1042675,84126030812,,,,,0,1
161,1042684,00113066634,,,,,0,1
161,1042684,00363004130,,,,,0,1
161,1042684,00363004138,,,,,0,1
161,1042684,00363004143,,,,,0,1
161,1042684,00363019326,,,,,0,1
161,1042684,00363090830,,,,,0,1
161,1042684,00363090838,,,,,0,1
161,1042684,00363090843,,,,,0,1
161,1042684,36800004130,,,,,0,1
161,1042684,36800004138,,,,,0,1
161,1042684,36800066634,,,,,0,1
161,1042684,36800099038,,,,,0,1
161,1042684,37205078137,,,,,0,1
161,1042684,46017002608,,,,,0,1
161,1042684,46122027734,,,,,0,1
161,1042684,50580024301,,,,,0,1
161,1042684,50580035008,,,,,0,1
161,1042684,50580055908,,,,,0,1
161,1042684,56062004138,,,,,0,1
161,1042684,56062090838,,,,,0,1
161,1042684,59779029334,,,,,0,1
161,1042684,68016011201,,,,,0,1
161,1042684,68016011206,,,,,0,1
161,1042684,68016011301,,,,,0,1
161,1042684,68016011302,,,,,0,1
161,1042684,84126035712,,,,,0,1
161,1042688,00280009201,,,,,0,1
161,1042688,00280009202,,,,,0,1
161,1042688,00280112110,,,,,0,1
161,1042688,00280112120,,,,,0,1
161,1042688,00280112140,,,,,0,1
161,1042688,00280121220,,,,,0,1
161,1042688,00280157010,,,,,0,1
161,1042688,00280157020,,,,,0,1
161,1042688,00280157040,,,,,0,1
161,1042688,16500055534,,,,,0,1
161,1042688,53345004501,,,,,0,1
161,1042695,00067010408,,,,,0,1
161,1042695,11523007601,,,,,0,1
161,1042695,55505021736,,,,,0,1
161,1043400,00113033530,,,,,0,1
161,1043400,00113033534,,,,,0,1
161,1043400,00113033538,,,,,0,1
161,1043400,00113033540,,,,,0,1
161,1043400,00113045930,,,,,0,1
161,1043400,00113045934,,,,,0,1
161,1043400,00113045938,,,,,0,1
161,1043400,00113045940,,,,,0,1
161,1043400,00363033534,,,,,0,1
161,1043400,00363040134,,,,,0,1
161,1043400,00363040140,,,,,0,1
161,1043400,00363045934,,,,,0,1
161,1043400,00363045940,,,,,0,1
161,1043400,00363045943,,,,,0,1
161,1043400,00363045950,,,,,0,1
161,1043400,00363056540,,,,,0,1
161,1043400,00363056634,,,,,0,1
161,1043400,00363056640,,,,,0,1
161,1043400,00363056643,,,,,0,1
161,1043400,00363056650,,,,,0,1
161,1043400,00363087240,,,,,0,1
161,1043400,00363087250,,,,,0,1
161,1043400,00363343012,,,,,0,1
161,1043400,00363621008,,,,,0,1
161,1043400,00363622116,,,,,0,1
161,1043400,00363991302,,,,,0,1
161,1043400,00363991396,,,,,0,1
161,1043400,00363997508,,,,,0,1
161,1043400,00363997608,,,,,0,1
161,1043400,00904646509,,,,,0,1
161,1043400,11523435801,,,,,0,1
161,1043400,11523721402,,,,,0,1
161,1043400,11673001940,,,,,0,1
161,1043400,11673028701,,,,,0,1
161,1043400,11673031201,,,,,0,1
161,1043400,11673050040,,,,,0,1
161,1043400,11822331800,,,,,0,1
161,1043400,11822331801,,,,,0,1
161,1043400,11822331805,,,,,0,1
161,1043400,11822583201,,,,,0,1
161,1043400,11822583202,,,,,0,1
161,1043400,11822583203,,,,,0,1
161,1043400,21130004408,,,,,0,1
161,1043400,21130004412,,,,,0,1
161,1043400,21130034308,,,,,0,1
161,1043400,21130034312,,,,,0,1
161,1043400,21130034324,,,,,0,1
161,1043400,21130090701,,,,,0,1
161,1043400,21130090702,,,,,0,1
161,1043400,23900001424,,,,,0,1
161,1043400,23900001426,,,,,0,1
161,1043400,23900001429,,,,,0,1
161,1043400,23900001430,,,,,0,1
161,1043400,24385031634,,,,,0,1
161,1043400,24385031640,,,,,0,1
161,1043400,30142029212,,,,,0,1
161,1043400,30142033530,,,,,0,1
161,1043400,30142033534,,,,,0,1
161,1043400,30142033538,,,,,0,1
161,1043400,30142033540,,,,,0,1
161,1043400,30142045940,,,,,0,1
161,1043400,30142063412,,,,,0,1
161,1043400,30142087240,,,,,0,1
161,1043400,36800033534,,,,,0,1
161,1043400,36800033540,,,,,0,1
161,1043400,36800045934,,,,,0,1
161,1043400,36800045940,,,,,0,1
161,1043400,37000080708,,,,,0,1
161,1043400,37000080712,,,,,0,1
161,1043400,37000080808,,,,,0,1
161,1043400,37000080812,,,,,0,1
161,1043400,37000080912,,,,,0,1
161,1043400,37205058634,,,,,0,1
161,1043400,37205058640,,,,,0,1
161,1043400,37205058734,,,,,0,1
161,1043400,37205058740,,,,,0,1
161,1043400,37808033534,,,,,0,1
161,1043400,37808033540,,,,,0,1
161,1043400,37808045938,,,,,0,1
161,1043400,37808045940,,,,,0,1
161,1043400,37808045950,,,,,0,1
161,1043400,37835052402,,,,,0,1
161,1043400,37835052430,,,,,0,1
161,1043400,37835052512,,,,,0,1
161,1043400,41100080884,,,,,0,1
161,1043400,41163033534,,,,,0,1
161,1043400,41163033538,,,,,0,1
161,1043400,41163033540,,,,,0,1
161,1043400,41163045934,,,,,0,1
161,1043400,41163045938,,,,,0,1
161,1043400,41163045940,,,,,0,1
161,1043400,41163045950,,,,,0,1
161,1043400,41163087240,,,,,0,1
161,1043400,41226075001,,,,,0,1
161,1043400,41226078201,,,,,0,1
161,1043400,41250033540,,,,,0,1
161,1043400,41250045940,,,,,0,1
161,1043400,41250045943,,,,,0,1
161,1043400,41520008434,,,,,0,1
161,1043400,41520008440,,,,,0,1
161,1043400,41520071234,,,,,0,1
161,1043400,41520071240,,,,,0,1
161,1043400,46122013634,,,,,0,1
161,1043400,46122013640,,,,,0,1
161,1043400,46122019830,,,,,0,1
161,1043400,46122019834,,,,,0,1
161,1043400,46122019838,,,,,0,1
161,1043400,46122019840,,,,,0,1
161,1043400,46122040440,,,,,0,1
161,1043400,46994034408,,,,,0,1
161,1043400,49035004412,,,,,0,1
161,1043400,49035004424,,,,,0,1
161,1043400,49035032434,,,,,0,1
161,1043400,49035032440,,,,,0,1
161,1043400,49035032450,,,,,0,1
161,1043400,49035033540,,,,,0,1
161,1043400,49035045934,,,,,0,1
161,1043400,49035045940,,,,,0,1
161,1043400,49035045950,,,,,0,1
161,1043400,49035060940,,,,,0,1
161,1043400,49348006136,,,,,0,1
161,1043400,49348006137,,,,,0,1
161,1043400,49348006139,,,,,0,1
161,1043400,49348006149,,,,,0,1
161,1043400,49348097537,,,,,0,1
161,1043400,49348097539,,,,,0,1
161,1043400,49580034302,,,,,0,1
161,1043400,49580034304,,,,,0,1
161,1043400,49580034306,,,,,0,1
161,1043400,49580034308,,,,,0,1
161,1043400,49580034602,,,,,0,1
161,1043400,49580034604,,,,,0,1
161,1043400,49580034608,,,,,0,1
161,1043400,49580084302,,,,,0,1
161,1043400,49580084402,,,,,0,1
161,1043400,50066030304,,,,,0,1
161,1043400,50594045940,,,,,0,1
161,1043400,50844025202,,,,,0,1
161,1043400,50844025245,,,,,0,1
161,1043400,51316013002,,,,,0,1
161,1043400,51316034308,,,,,0,1
161,1043400,51316034312,,,,,0,1
161,1043400,51316034412,,,,,0,1
161,1043400,51316061912,,,,,0,1
161,1043400,51316066406,,,,,0,1
161,1043400,51316069212,,,,,0,1
161,1043400,53942050128,,,,,0,1
161,1043400,53942050228,,,,,0,1
161,1043400,53943050128,,,,,0,1
161,1043400,53943050228,,,,,0,1
161,1043400,55301031002,,,,,0,1
161,1043400,55301034412,,,,,0,1
161,1043400,55301054312,,,,,0,1
161,1043400,55319009608,,,,,0,1
161,1043400,55319044312,,,,,0,1
161,1043400,55319069212,,,,,0,1
161,1043400,55319092612,,,,,0,1
161,1043400,55758005625,,,,,0,1
161,1043400,55758041606,,,,,0,1
161,1043400,55910033534,,,,,0,1
161,1043400,55910033538,,,,,0,1
161,1043400,55910033540,,,,,0,1
161,1043400,55910044312,,,,,0,1
161,1043400,55910045934,,,,,0,1
161,1043400,55910045938,,,,,0,1
161,1043400,55910045940,,,,,0,1
161,1043400,56062033540,,,,,0,1
161,1043400,56062045940,,,,,0,1
161,1043400,57243050125,,,,,0,1
161,1043400,57243050225,,,,,0,1
161,1043400,59779033530,,,,,0,1
161,1043400,59779033534,,,,,0,1
161,1043400,59779033538,,,,,0,1
161,1043400,59779033540,,,,,0,1
161,1043400,59779033550,,,,,0,1
161,1043400,59779045930,,,,,0,1
161,1043400,59779045934,,,,,0,1
161,1043400,59779045938,,,,,0,1
161,1043400,59779045940,,,,,0,1
161,1043400,59779045950,,,,,0,1
161,1043400,62011008202,,,,,0,1
161,1043400,62011008302,,,,,0,1
161,1043400,63868014008,,,,,0,1
161,1043400,63868014012,,,,,0,1
161,1043400,63868023408,,,,,0,1
161,1043400,63868023412,,,,,0,1
161,1043400,63941034308,,,,,0,1
161,1043400,63941034312,,,,,0,1
161,1043400,63941034408,,,,,0,1
161,1043400,63941034412,,,,,0,1
161,1043400,66715553404,,,,,0,1
161,1043400,66715641604,,,,,0,1
161,1043400,66715693404,,,,,0,1
161,1043400,67091025823,,,,,0,1
161,1043400,67091025854,,,,,0,1
161,1043400,67091026023,,,,,0,1
161,1043400,67091026054,,,,,0,1
161,1043400,69256034312,,,,,0,1
161,1043400,69256034412,,,,,0,1
161,1043400,69423078908,,,,,0,1
161,1043400,69423078912,,,,,0,1
161,1043400,69423078924,,,,,0,1
161,1043400,69423079108,,,,,0,1
161,1043400,69423079112,,,,,0,1
161,1043400,69423079124,,,,,0,1
161,1043400,69423079136,,,,,0,1
161,1043400,69423097306,,,,,0,1
161,1043400,69423097308,,,,,0,1
161,1043400,69423098104,,,,,0,1
161,1043400,69842008602,,,,,0,1
161,1043400,70000018201,,,,,0,1
161,1043400,70000018301,,,,,0,1
161,1043400,70000018302,,,,,0,1
161,1043400,70000018401,,,,,0,1
161,1043400,70000018402,,,,,0,1
161,1043400,70000067301,,,,,0,1
161,1043400,70677103201,,,,,0,1
161,1043400,70677103301,,,,,0,1
161,1043400,70677103302,,,,,0,1
161,1043400,71141018032,,,,,0,1
161,1043400,72288033534,,,,,0,1
161,1043400,72288033540,,,,,0,1
161,1043400,72288045934,,,,,0,1
161,1043400,72288045940,,,,,0,1
161,1043400,76281030528,,,,,0,1
161,1043400,76281030725,,,,,0,1
161,1043400,76281050125,,,,,0,1
161,1043400,76281050128,,,,,0,1
161,1043400,76281050225,,,,,0,1
161,1043400,76281050228,,,,,0,1
161,1043400,79481692102,,,,,0,1
161,1043400,79903017308,,,,,0,1
161,1043400,79903017312,,,,,0,1
161,1043400,79903017324,,,,,0,1
161,1043400,81660055501,,,,,0,1
161,1043400,81660077701,,,,,0,1
161,1043400,82501343102,,,,,0,1
161,1043400,82706001201,,,,,0,1
161,1043400,82706002301,,,,,0,1
161,1043400,83324015812,,,,,0,1
161,1043400,83324015908,,,,,0,1
161,1043400,83324016312,,,,,0,1
161,1043400,83324016408,,,,,0,1
161,1043400,83393055501,,,,,0,1
161,1043400,83393077701,,,,,0,1
161,1043400,84126031404,,,,,0,1
161,1043400,84126034204,,,,,0,1
161,1043400,84379027604,,,,,0,1
161,1044427,00054084363,,,,,0,1
161,1044427,27808013001,,,,,0,1
161,1044427,46672064516,,,,,0,1
161,1046378,00067206091,,,,,0,1
161,1046378,00067206224,,,,,0,1
161,1046378,00113006662,,,,,0,1
161,1046378,00113027262,,,,,0,1
161,1046378,00135060701,,,,,0,1
161,1046378,00135060702,,,,,0,1
161,1046378,00135060703,,,,,0,1
161,1046378,00135703101,,,,,0,1
161,1046378,00135703102,,,,,0,1
161,1046378,00363046622,,,,,0,1
161,1046378,00363050208,,,,,0,1
161,1046378,00363055807,,,,,0,1
161,1046378,00363055808,,,,,0,1
161,1046378,00363406608,,,,,0,1
161,1046378,00450054724,,,,,0,1
161,1046378,00536128935,,,,,0,1
161,1046378,00904676024,,,,,0,1
161,1046378,01981020631,,,,,0,1
161,1046378,01981020632,,,,,0,1
161,1046378,11822041608,,,,,0,1
161,1046378,11822466908,,,,,0,1
161,1046378,11822502208,,,,,0,1
161,1046378,21130046608,,,,,0,1
161,1046378,21130047408,,,,,0,1
161,1046378,21130050221,,,,,0,1
161,1046378,24385016962,,,,,0,1
161,1046378,30142027262,,,,,0,1
161,1046378,30142046608,,,,,0,1
161,1046378,36800027262,,,,,0,1
161,1046378,36800032006,,,,,0,1
161,1046378,36800032205,,,,,0,1
161,1046378,37808046608,,,,,0,1
161,1046378,41163066408,,,,,0,1
161,1046378,41250020706,,,,,0,1
161,1046378,41250053405,,,,,0,1
161,1046378,46122044362,,,,,0,1
161,1046378,46122045362,,,,,0,1
161,1046378,46122065862,,,,,0,1
161,1046378,49035055822,,,,,0,1
161,1046378,49035055842,,,,,0,1
161,1046378,50580043501,,,,,0,1
161,1046378,50580054725,,,,,0,1
161,1046378,50580054773,,,,,0,1
161,1046378,50580059801,,,,,0,1
161,1046378,50580059802,,,,,0,1
161,1046378,50804012305,,,,,0,1
161,1046378,50804022006,,,,,0,1
161,1046378,50804047606,,,,,0,1
161,1046378,50844046702,,,,,0,1
161,1046378,50844046708,,,,,0,1
161,1046378,50844066408,,,,,0,1
161,1046378,51467000801,,,,,0,1
161,1046378,51467000802,,,,,0,1
161,1046378,51467001301,,,,,0,1
161,1046378,51467001302,,,,,0,1
161,1046378,53943022006,,,,,0,1
161,1046378,53943032305,,,,,0,1
161,1046378,55301044608,,,,,0,1
161,1046378,55301090208,,,,,0,1
161,1046378,55319049608,,,,,0,1
161,1046378,55319070208,,,,,0,1
161,1046378,55910046608,,,,,0,1
161,1046378,55910092508,,,,,0,1
161,1046378,56062027262,,,,,0,1
161,1046378,57344092305,,,,,0,1
161,1046378,59779004706,,,,,0,1
161,1046378,59779046608,,,,,0,1
161,1046378,59779080208,,,,,0,1
161,1046378,63868058124,,,,,0,1
161,1046378,63868058224,,,,,0,1
161,1046378,63941022006,,,,,0,1
161,1046378,67091020924,,,,,0,1
161,1046378,67091021324,,,,,0,1
161,1046378,68016002605,,,,,0,1
161,1046378,68016002606,,,,,0,1
161,1046378,68016017324,,,,,0,1
161,1046378,68016017424,,,,,0,1
161,1046378,68998022006,,,,,0,1
161,1046378,68998032305,,,,,0,1
161,1046378,69168027095,,,,,0,1
161,1046378,69842067362,,,,,0,1
161,1046378,70000016101,,,,,0,1
161,1046378,70000056801,,,,,0,1
161,1046378,72036032006,,,,,0,1
161,1046378,72036032305,,,,,0,1
161,1046378,72476012006,,,,,0,1
161,1046378,72476012305,,,,,0,1
161,1046378,79903015542,,,,,0,1
161,1046378,79903015548,,,,,0,1
161,1046378,83324009424,,,,,0,1
161,1046384,37000069912,,,,,0,1
161,1046384,69423089912,,,,,0,1
161,1046751,00363054309,,,,,0,1
161,1046751,00363054409,,,,,0,1
161,1046751,00363054508,,,,,0,1
161,1046751,00363543009,,,,,0,1
161,1046751,46122005360,,,,,0,1
161,1046751,46122026860,,,,,0,1
161,1046751,49035054309,,,,,0,1
161,1046751,49035054341,,,,,0,1
161,1046751,59779054309,,,,,0,1
161,1046751,68016002590,,,,,0,1
161,1046781,00113047662,,,,,0,1
161,1046781,00135057801,,,,,0,1
161,1046781,00135057802,,,,,0,1
161,1046781,00135057803,,,,,0,1
161,1046781,00363019922,,,,,0,1
161,1046781,00363045508,,,,,0,1
161,1046781,00363045522,,,,,0,1
161,1046781,00363055908,,,,,0,1
161,1046781,00573123821,,,,,0,1
161,1046781,00924009100,,,,,0,1
161,1046781,00924009101,,,,,0,1
161,1046781,10956077136,,,,,0,1
161,1046781,11383023750,,,,,0,1
161,1046781,36800047662,,,,,0,1
161,1046781,36800047667,,,,,0,1
161,1046781,36800062802,,,,,0,1
161,1046781,36800093562,,,,,0,1
161,1046781,37205094062,,,,,0,1
161,1046781,37808062802,,,,,0,1
161,1046781,46122007462,,,,,0,1
161,1046781,46122040662,,,,,0,1
161,1046781,46122066062,,,,,0,1
161,1046781,47682012013,,,,,0,1
161,1046781,47682012033,,,,,0,1
161,1046781,47682012047,,,,,0,1
161,1046781,47682012064,,,,,0,1
161,1046781,47682012099,,,,,0,1
161,1046781,47682054303,,,,,0,1
161,1046781,47682054399,,,,,0,1
161,1046781,49035055908,,,,,0,1
161,1046781,50332012704,,,,,0,1
161,1046781,50332012707,,,,,0,1
161,1046781,50332012708,,,,,0,1
161,1046781,50332015304,,,,,0,1
161,1046781,50332015307,,,,,0,1
161,1046781,50580026424,,,,,0,1
161,1046781,50804012802,,,,,0,1
161,1046781,50804082803,,,,,0,1
161,1046781,51467000501,,,,,0,1
161,1046781,51467000502,,,,,0,1
161,1046781,51467001001,,,,,0,1
161,1046781,51467001002,,,,,0,1
161,1046781,51467001101,,,,,0,1
161,1046781,51467001102,,,,,0,1
161,1046781,51467001401,,,,,0,1
161,1046781,51467001402,,,,,0,1
161,1046781,53100034649,,,,,0,1
161,1046781,53145000502,,,,,0,1
161,1046781,53145000530,,,,,0,1
161,1046781,53809020401,,,,,0,1
161,1046781,53943022802,,,,,0,1
161,1046781,55301045508,,,,,0,1
161,1046781,55910045508,,,,,0,1
161,1046781,56062047662,,,,,0,1
161,1046781,57344092802,,,,,0,1
161,1046781,59779004306,,,,,0,1
161,1046781,63654027520,,,,,0,1
161,1046781,63654060520,,,,,0,1
161,1046781,63868057824,,,,,0,1
161,1046781,66715992703,,,,,0,1
161,1046781,68016002149,,,,,0,1
161,1046781,68998022802,,,,,0,1
161,1046781,69168000451,,,,,0,1
161,1046781,70000021101,,,,,0,1
161,1046781,70677100401,,,,,0,1
161,1046781,72476012802,,,,,0,1
161,1046781,76095001120,,,,,0,1
161,1046781,83324008624,,,,,0,1
161,1049179,00225059004,,,,,0,1
161,1049179,00225059008,,,,,0,1
161,1049179,48964023224,,,,,0,1
161,1049179,63736060556,,,,,0,1
161,1049179,63736060560,,,,,0,1
161,1049214,00378710601,,,,,0,1
161,1049214,00406052301,,,,,0,1
161,1049214,00406052305,,,,,0,1
161,1049214,00406052323,,,,,0,1
161,1049214,00406052362,,,,,0,1
161,1049214,00527167101,,,,,0,1
161,1049214,00527167105,,,,,0,1
161,1049214,00904709561,,,,,0,1
161,1049214,10702018701,,,,,0,1
161,1049214,10702018710,,,,,0,1
161,1049214,10702018750,,,,,0,1
161,1049214,13107004601,,,,,0,1
161,1049214,13107004605,,,,,0,1
161,1049214,13107004630,,,,,0,1
161,1049214,13107004699,,,,,0,1
161,1049214,31722019401,,,,,0,1
161,1049214,31722019405,,,,,0,1
161,1049214,31722095101,,,,,0,1
161,1049214,31722095105,,,,,0,1
161,1049214,35356080130,,,,,0,1
161,1049214,35356080160,,,,,0,1
161,1049214,35356080190,,,,,0,1
161,1049214,35356093701,,,,,0,1
161,1049214,35356093715,,,,,0,1
161,1049214,35356093730,,,,,0,1
161,1049214,35356093760,,,,,0,1
161,1049214,35356093790,,,,,0,1
161,1049214,42291064601,,,,,0,1
161,1049214,42806011601,,,,,0,1
161,1049214,42858010401,,,,,0,1
161,1049214,42858010410,,,,,0,1
161,1049214,42858010450,,,,,0,1
161,1049214,43063021398,,,,,0,1
161,1049214,43386049301,,,,,0,1
161,1049214,43386049305,,,,,0,1
161,1049214,43386049310,,,,,0,1
161,1049214,43598054701,,,,,0,1
161,1049214,43598054705,,,,,0,1
161,1049214,47781023001,,,,,0,1
161,1049214,47781023005,,,,,0,1
161,1049214,47781023063,,,,,0,1
161,1049214,49999085405,,,,,0,1
161,1049214,50268064611,,,,,0,1
161,1049214,50268064615,,,,,0,1
161,1049214,50436298301,,,,,0,1
161,1049214,50436298302,,,,,0,1
161,1049214,50436416501,,,,,0,1
161,1049214,50436416502,,,,,0,1
161,1049214,50436416503,,,,,0,1
161,1049214,52959011902,,,,,0,1
161,1049214,52959011920,,,,,0,1
161,1049214,52959011930,,,,,0,1
161,1049214,52959011960,,,,,0,1
161,1049214,52959011990,,,,,0,1
161,1049214,53746020401,,,,,0,1
161,1049214,53746020405,,,,,0,1
161,1049214,55700049601,,,,,0,1
161,1049214,55700049614,,,,,0,1
161,1049214,55700049621,,,,,0,1
161,1049214,55700049630,,,,,0,1
161,1049214,55700049660,,,,,0,1
161,1049214,55700049690,,,,,0,1
161,1049214,55887012901,,,,,0,1
161,1049214,57664016088,,,,,0,1
161,1049214,60760027630,,,,,0,1
161,1049214,60760027660,,,,,0,1
161,1049214,60760027690,,,,,0,1
161,1049214,61919043730,,,,,0,1
161,1049214,61919043760,,,,,0,1
161,1049214,61919043790,,,,,0,1
161,1049214,61919047560,,,,,0,1
161,1049214,61919061230,,,,,0,1
161,1049214,61919061260,,,,,0,1
161,1049214,61919061290,,,,,0,1
161,1049214,61919087130,,,,,0,1
161,1049214,61919087160,,,,,0,1
161,1049214,61919087172,,,,,0,1
161,1049214,61919087190,,,,,0,1
161,1049214,63187036312,,,,,0,1
161,1049214,63187036315,,,,,0,1
161,1049214,63187036320,,,,,0,1
161,1049214,63187036330,,,,,0,1
161,1049214,63187036360,,,,,0,1
161,1049214,63187072115,,,,,0,1
161,1049214,63187072120,,,,,0,1
161,1049214,63187072130,,,,,0,1
161,1049214,63187072160,,,,,0,1
161,1049214,63187072190,,,,,0,1
161,1049214,63187082315,,,,,0,1
161,1049214,63187082320,,,,,0,1
161,1049214,63187082330,,,,,0,1
161,1049214,63187082360,,,,,0,1
161,1049214,63187082390,,,,,0,1
161,1049214,63629190701,,,,,0,1
161,1049214,63629190801,,,,,0,1
161,1049214,63629194201,,,,,0,1
161,1049214,63629395301,,,,,0,1
161,1049214,63629395302,,,,,0,1
161,1049214,63629395303,,,,,0,1
161,1049214,63629395304,,,,,0,1
161,1049214,63629395305,,,,,0,1
161,1049214,63629395306,,,,,0,1
161,1049214,63629395307,,,,,0,1
161,1049214,63629395308,,,,,0,1
161,1049214,63629395309,,,,,0,1
161,1049214,63629774801,,,,,0,1
161,1049214,63629774802,,,,,0,1
161,1049214,63629774803,,,,,0,1
161,1049214,63629774804,,,,,0,1
161,1049214,63629774805,,,,,0,1
161,1049214,63629774806,,,,,0,1
161,1049214,63629774807,,,,,0,1
161,1049214,63629774808,,,,,0,1
161,1049214,63629774809,,,,,0,1
161,1049214,63629782601,,,,,0,1
161,1049214,63629883401,,,,,0,1
161,1049214,63629883402,,,,,0,1
161,1049214,63629883403,,,,,0,1
161,1049214,63629883404,,,,,0,1
161,1049214,63629883405,,,,,0,1
161,1049214,63629883406,,,,,0,1
161,1049214,63629883407,,,,,0,1
161,1049214,63629883408,,,,,0,1
161,1049214,63629883409,,,,,0,1
161,1049214,63629887601,,,,,0,1
161,1049214,63629887901,,,,,0,1
161,1049214,63629887902,,,,,0,1
161,1049214,63629887903,,,,,0,1
161,1049214,63629950101,,,,,0,1
161,1049214,64850062301,,,,,0,1
161,1049214,68071034410,,,,,0,1
161,1049214,68071034420,,,,,0,1
161,1049214,68071034430,,,,,0,1
161,1049214,68071034440,,,,,0,1
161,1049214,68071034460,,,,,0,1
161,1049214,68071034481,,,,,0,1
161,1049214,68071034490,,,,,0,1
161,1049214,68071034491,,,,,0,1
161,1049214,68071034492,,,,,0,1
161,1049214,68084071001,,,,,0,1
161,1049214,68084071011,,,,,0,1
161,1049214,68308048047,,,,,0,1
161,1049214,70010067001,,,,,0,1
161,1049214,70010067005,,,,,0,1
161,1049214,71205034712,,,,,0,1
161,1049214,71205034715,,,,,0,1
161,1049214,71205034720,,,,,0,1
161,1049214,71205034730,,,,,0,1
161,1049214,71205034760,,,,,0,1
161,1049214,71205034790,,,,,0,1
161,1049214,71205048630,,,,,0,1
161,1049214,71205048660,,,,,0,1
161,1049214,71205048690,,,,,0,1
161,1049214,71335014600,,,,,0,1
161,1049214,71335014601,,,,,0,1
161,1049214,71335014602,,,,,0,1
161,1049214,71335014603,,,,,0,1
161,1049214,71335014604,,,,,0,1
161,1049214,71335014605,,,,,0,1
161,1049214,71335014606,,,,,0,1
161,1049214,71335014607,,,,,0,1
161,1049214,71335014608,,,,,0,1
161,1049214,71335014609,,,,,0,1
161,1049214,71335103601,,,,,0,1
161,1049214,71335103602,,,,,0,1
161,1049214,71335103603,,,,,0,1
161,1049214,71335103604,,,,,0,1
161,1049214,71335103605,,,,,0,1
161,1049214,71335103606,,,,,0,1
161,1049214,71335103607,,,,,0,1
161,1049214,71335103608,,,,,0,1
161,1049214,71335103609,,,,,0,1
161,1049214,71335142001,,,,,0,1
161,1049214,71335142002,,,,,0,1
161,1049214,71335142003,,,,,0,1
161,1049214,71335142004,,,,,0,1
161,1049214,71335142005,,,,,0,1
161,1049214,71335142006,,,,,0,1
161,1049214,71335142007,,,,,0,1
161,1049214,71335142008,,,,,0,1
161,1049214,71335142009,,,,,0,1
161,1049214,71335204901,,,,,0,1
161,1049214,71335204902,,,,,0,1
161,1049214,71335204903,,,,,0,1
161,1049214,71335204904,,,,,0,1
161,1049214,71335204905,,,,,0,1
161,1049214,71335204906,,,,,0,1
161,1049214,71335204907,,,,,0,1
161,1049214,71335204908,,,,,0,1
161,1049214,71335204909,,,,,0,1
161,1049214,71335210601,,,,,0,1
161,1049214,71335210602,,,,,0,1
161,1049214,71335210603,,,,,0,1
161,1049214,71335210604,,,,,0,1
161,1049214,71335210605,,,,,0,1
161,1049214,71335210606,,,,,0,1
161,1049214,71335210607,,,,,0,1
161,1049214,71335210608,,,,,0,1
161,1049214,71335210609,,,,,0,1
161,1049214,71335218202,,,,,0,1
161,1049214,71930004712,,,,,0,1
161,1049214,71930004752,,,,,0,1
161,1049214,72162133903,,,,,0,1
161,1049214,72162133905,,,,,0,1
161,1049214,72162133906,,,,,0,1
161,1049214,72162133909,,,,,0,1
161,1049214,72189025530,,,,,0,1
161,1049214,72189025560,,,,,0,1
161,1049214,72189039730,,,,,0,1
161,1049214,72189039760,,,,,0,1
161,1049214,72189042630,,,,,0,1
161,1049214,72189042660,,,,,0,1
161,1049214,72189042672,,,,,0,1
161,1049214,72189042690,,,,,0,1
161,1049214,72865011601,,,,,0,1
161,1049214,72865011605,,,,,0,1
161,1049214,76420020901,,,,,0,1
161,1049214,76420020930,,,,,0,1
161,1049214,76420020960,,,,,0,1
161,1049214,76420020990,,,,,0,1
161,1049214,76420032301,,,,,0,1
161,1049214,76420032305,,,,,0,1
161,1049214,76420032330,,,,,0,1
161,1049214,76420032360,,,,,0,1
161,1049214,76420032390,,,,,0,1
161,1049221,00054055125,,,,,0,1
161,1049221,00054055129,,,,,0,1
161,1049221,00378710401,,,,,0,1
161,1049221,00406051201,,,,,0,1
161,1049221,00406051205,,,,,0,1
161,1049221,00406051223,,,,,0,1
161,1049221,00406051262,,,,,0,1
161,1049221,00406051291,,,,,0,1
161,1049221,00527166901,,,,,0,1
161,1049221,00527166905,,,,,0,1
161,1049221,00904709361,,,,,0,1
161,1049221,10702018501,,,,,0,1
161,1049221,10702018510,,,,,0,1
161,1049221,10702018550,,,,,0,1
161,1049221,13107004401,,,,,0,1
161,1049221,13107004405,,,,,0,1
161,1049221,13107004430,,,,,0,1
161,1049221,13107004499,,,,,0,1
161,1049221,31722019201,,,,,0,1
161,1049221,31722019205,,,,,0,1
161,1049221,31722094901,,,,,0,1
161,1049221,31722094905,,,,,0,1
161,1049221,42806011401,,,,,0,1
161,1049221,42858010201,,,,,0,1
161,1049221,42858010210,,,,,0,1
161,1049221,42858010250,,,,,0,1
161,1049221,43063027986,,,,,0,1
161,1049221,43386049101,,,,,0,1
161,1049221,43386049105,,,,,0,1
161,1049221,43386049110,,,,,0,1
161,1049221,47781019601,,,,,0,1
161,1049221,47781019605,,,,,0,1
161,1049221,49999085201,,,,,0,1
161,1049221,49999085214,,,,,0,1
161,1049221,49999085230,,,,,0,1
161,1049221,49999085260,,,,,0,1
161,1049221,49999085290,,,,,0,1
161,1049221,50268064411,,,,,0,1
161,1049221,50268064415,,,,,0,1
161,1049221,50436020302,,,,,0,1
161,1049221,50436020305,,,,,0,1
161,1049221,50436391301,,,,,0,1
161,1049221,50436391302,,,,,0,1
161,1049221,50436391305,,,,,0,1
161,1049221,52959055602,,,,,0,1
161,1049221,52959055630,,,,,0,1
161,1049221,52959055660,,,,,0,1
161,1049221,52959055690,,,,,0,1
161,1049221,53746020301,,,,,0,1
161,1049221,53746020305,,,,,0,1
161,1049221,55700049814,,,,,0,1
161,1049221,55700049821,,,,,0,1
161,1049221,55700049830,,,,,0,1
161,1049221,55700049860,,,,,0,1
161,1049221,55700049890,,,,,0,1
161,1049221,55700065801,,,,,0,1
161,1049221,55700065815,,,,,0,1
161,1049221,55700065820,,,,,0,1
161,1049221,55700065821,,,,,0,1
161,1049221,55700065824,,,,,0,1
161,1049221,55700065856,,,,,0,1
161,1049221,55700065890,,,,,0,1
161,1049221,57664015513,,,,,0,1
161,1049221,57664015588,,,,,0,1
161,1049221,60687064201,,,,,0,1
161,1049221,60687064211,,,,,0,1
161,1049221,60760027430,,,,,0,1
161,1049221,60760027440,,,,,0,1
161,1049221,60760027460,,,,,0,1
161,1049221,61919024830,,,,,0,1
161,1049221,61919024890,,,,,0,1
161,1049221,61919043230,,,,,0,1
161,1049221,61919043260,,,,,0,1
161,1049221,61919043290,,,,,0,1
161,1049221,61919052490,,,,,0,1
161,1049221,61919061430,,,,,0,1
161,1049221,61919061460,,,,,0,1
161,1049221,61919061490,,,,,0,1
161,1049221,63187040615,,,,,0,1
161,1049221,63187040620,,,,,0,1
161,1049221,63187071912,,,,,0,1
161,1049221,63187071915,,,,,0,1
161,1049221,63187071920,,,,,0,1
161,1049221,63187071930,,,,,0,1
161,1049221,63187071960,,,,,0,1
161,1049221,63187082410,,,,,0,1
161,1049221,63187082412,,,,,0,1
161,1049221,63187082415,,,,,0,1
161,1049221,63187082420,,,,,0,1
161,1049221,63187082430,,,,,0,1
161,1049221,63187082460,,,,,0,1
161,1049221,63187082490,,,,,0,1
161,1049221,63187098410,,,,,0,1
161,1049221,63187098412,,,,,0,1
161,1049221,63187098415,,,,,0,1
161,1049221,63187098430,,,,,0,1
161,1049221,63187098460,,,,,0,1
161,1049221,63629190901,,,,,0,1
161,1049221,63629191001,,,,,0,1
161,1049221,63629306601,,,,,0,1
161,1049221,63629306602,,,,,0,1
161,1049221,63629306603,,,,,0,1
161,1049221,63629306604,,,,,0,1
161,1049221,63629306605,,,,,0,1
161,1049221,63629306606,,,,,0,1
161,1049221,63629306607,,,,,0,1
161,1049221,63629306608,,,,,0,1
161,1049221,63629306609,,,,,0,1
161,1049221,63629782401,,,,,0,1
161,1049221,63629888801,,,,,0,1
161,1049221,63629888802,,,,,0,1
161,1049221,63629888803,,,,,0,1
161,1049221,63629888804,,,,,0,1
161,1049221,63629888805,,,,,0,1
161,1049221,63629888806,,,,,0,1
161,1049221,64850062101,,,,,0,1
161,1049221,67296035501,,,,,0,1
161,1049221,67296035502,,,,,0,1
161,1049221,67296035503,,,,,0,1
161,1049221,67296035504,,,,,0,1
161,1049221,67296035505,,,,,0,1
161,1049221,67296035506,,,,,0,1
161,1049221,67296035507,,,,,0,1
161,1049221,67296035508,,,,,0,1
161,1049221,67296035509,,,,,0,1
161,1049221,67296139200,,,,,0,1
161,1049221,67296139201,,,,,0,1
161,1049221,67296139202,,,,,0,1
161,1049221,67296139203,,,,,0,1
161,1049221,67296139204,,,,,0,1
161,1049221,67296139205,,,,,0,1
161,1049221,67296139206,,,,,0,1
161,1049221,67296139207,,,,,0,1
161,1049221,67296139208,,,,,0,1
161,1049221,67296139209,,,,,0,1
161,1049221,67296181500,,,,,0,1
161,1049221,67296181501,,,,,0,1
161,1049221,67296181502,,,,,0,1
161,1049221,67296181503,,,,,0,1
161,1049221,67296181504,,,,,0,1
161,1049221,67296181505,,,,,0,1
161,1049221,67296181506,,,,,0,1
161,1049221,67296181507,,,,,0,1
161,1049221,67296181508,,,,,0,1
161,1049221,67296181509,,,,,0,1
161,1049221,67296185502,,,,,0,1
161,1049221,67296185701,,,,,0,1
161,1049221,67296185702,,,,,0,1
161,1049221,67296185703,,,,,0,1
161,1049221,67296185704,,,,,0,1
161,1049221,67296185707,,,,,0,1
161,1049221,67296185708,,,,,0,1
161,1049221,67296193700,,,,,0,1
161,1049221,67296193701,,,,,0,1
161,1049221,67296193702,,,,,0,1
161,1049221,67296193706,,,,,0,1
161,1049221,67296193707,,,,,0,1
161,1049221,68071015810,,,,,0,1
161,1049221,68071015812,,,,,0,1
161,1049221,68071015820,,,,,0,1
161,1049221,68071015830,,,,,0,1
161,1049221,68071015840,,,,,0,1
161,1049221,68071015860,,,,,0,1
161,1049221,68071015890,,,,,0,1
161,1049221,68071015891,,,,,0,1
161,1049221,68071015906,,,,,0,1
161,1049221,68071022420,,,,,0,1
161,1049221,68071022430,,,,,0,1
161,1049221,68071368306,,,,,0,1
161,1049221,68071483906,,,,,0,1
161,1049221,68071505402,,,,,0,1
161,1049221,68071505404,,,,,0,1
161,1049221,68071505406,,,,,0,1
161,1049221,68071516902,,,,,0,1
161,1049221,68084035501,,,,,0,1
161,1049221,68084035511,,,,,0,1
161,1049221,70010066801,,,,,0,1
161,1049221,70010066805,,,,,0,1
161,1049221,71205032910,,,,,0,1
161,1049221,71205032928,,,,,0,1
161,1049221,71205032930,,,,,0,1
161,1049221,71205032960,,,,,0,1
161,1049221,71205032990,,,,,0,1
161,1049221,71335021606,,,,,0,1
161,1049221,71335121606,,,,,0,1
161,1049221,71335121607,,,,,0,1
161,1049221,71335147301,,,,,0,1
161,1049221,71335149200,,,,,0,1
161,1049221,71335149201,,,,,0,1
161,1049221,71335149202,,,,,0,1
161,1049221,71335149203,,,,,0,1
161,1049221,71335149204,,,,,0,1
161,1049221,71335149205,,,,,0,1
161,1049221,71335149206,,,,,0,1
161,1049221,71335149207,,,,,0,1
161,1049221,71335149208,,,,,0,1
161,1049221,71335149209,,,,,0,1
161,1049221,71335204100,,,,,0,1
161,1049221,71335204101,,,,,0,1
161,1049221,71335204102,,,,,0,1
161,1049221,71335204103,,,,,0,1
161,1049221,71335204104,,,,,0,1
161,1049221,71335204105,,,,,0,1
161,1049221,71335204106,,,,,0,1
161,1049221,71335204107,,,,,0,1
161,1049221,71335204108,,,,,0,1
161,1049221,71335204109,,,,,0,1
161,1049221,71335967400,,,,,0,1
161,1049221,71335967401,,,,,0,1
161,1049221,71335967402,,,,,0,1
161,1049221,71335967403,,,,,0,1
161,1049221,71335967404,,,,,0,1
161,1049221,71335967405,,,,,0,1
161,1049221,71335967406,,,,,0,1
161,1049221,71335967407,,,,,0,1
161,1049221,71335967408,,,,,0,1
161,1049221,71335967409,,,,,0,1
161,1049221,71930004512,,,,,0,1
161,1049221,71930004552,,,,,0,1
161,1049221,72189025730,,,,,0,1
161,1049221,72189025760,,,,,0,1
161,1049221,72189025790,,,,,0,1
161,1049221,72189035730,,,,,0,1
161,1049221,72189035760,,,,,0,1
161,1049221,72189035790,,,,,0,1
161,1049221,72189039830,,,,,0,1
161,1049221,72189039860,,,,,0,1
161,1049221,72865011401,,,,,0,1
161,1049221,72865011405,,,,,0,1
161,1049221,76420013630,,,,,0,1
161,1049221,76420032101,,,,,0,1
161,1049221,76420032105,,,,,0,1
161,1049221,76420032130,,,,,0,1
161,1049221,76420032160,,,,,0,1
161,1049221,76420032190,,,,,0,1
161,1049225,00378710501,,,,,0,1
161,1049225,00406052201,,,,,0,1
161,1049225,00406052205,,,,,0,1
161,1049225,00406052223,,,,,0,1
161,1049225,00406052262,,,,,0,1
161,1049225,00904709461,,,,,0,1
161,1049225,10702018601,,,,,0,1
161,1049225,10702018610,,,,,0,1
161,1049225,10702018650,,,,,0,1
161,1049225,13107004501,,,,,0,1
161,1049225,13107004505,,,,,0,1
161,1049225,13107004530,,,,,0,1
161,1049225,13107004599,,,,,0,1
161,1049225,31722019301,,,,,0,1
161,1049225,31722019305,,,,,0,1
161,1049225,31722095001,,,,,0,1
161,1049225,31722095005,,,,,0,1
161,1049225,35356080201,,,,,0,1
161,1049225,35356080215,,,,,0,1
161,1049225,35356080230,,,,,0,1
161,1049225,35356080260,,,,,0,1
161,1049225,35356080290,,,,,0,1
161,1049225,42806011501,,,,,0,1
161,1049225,42858010301,,,,,0,1
161,1049225,42858010310,,,,,0,1
161,1049225,42858010350,,,,,0,1
161,1049225,43386049201,,,,,0,1
161,1049225,43386049205,,,,,0,1
161,1049225,43386049210,,,,,0,1
161,1049225,43598054601,,,,,0,1
161,1049225,43598054605,,,,,0,1
161,1049225,47781022901,,,,,0,1
161,1049225,47781022905,,,,,0,1
161,1049225,49999085301,,,,,0,1
161,1049225,50268064511,,,,,0,1
161,1049225,50268064515,,,,,0,1
161,1049225,50436298201,,,,,0,1
161,1049225,50436298202,,,,,0,1
161,1049225,50436416601,,,,,0,1
161,1049225,50436416602,,,,,0,1
161,1049225,52959055402,,,,,0,1
161,1049225,52959055430,,,,,0,1
161,1049225,52959055460,,,,,0,1
161,1049225,52959055490,,,,,0,1
161,1049225,55700037301,,,,,0,1
161,1049225,55700037330,,,,,0,1
161,1049225,55700037360,,,,,0,1
161,1049225,55700037390,,,,,0,1
161,1049225,55700049730,,,,,0,1
161,1049225,55700049760,,,,,0,1
161,1049225,55700049790,,,,,0,1
161,1049225,55700098430,,,,,0,1
161,1049225,55700098460,,,,,0,1
161,1049225,55700098490,,,,,0,1
161,1049225,57664015688,,,,,0,1
161,1049225,61919041260,,,,,0,1
161,1049225,61919083530,,,,,0,1
161,1049225,61919083560,,,,,0,1
161,1049225,63629191101,,,,,0,1
161,1049225,63629191201,,,,,0,1
161,1049225,63629194301,,,,,0,1
161,1049225,63629406805,,,,,0,1
161,1049225,63629406806,,,,,0,1
161,1049225,63629406807,,,,,0,1
161,1049225,63629406808,,,,,0,1
161,1049225,63629406809,,,,,0,1
161,1049225,63629782501,,,,,0,1
161,1049225,64850062201,,,,,0,1
161,1049225,65162020703,,,,,0,1
161,1049225,65162020710,,,,,0,1
161,1049225,65162020750,,,,,0,1
161,1049225,68071034230,,,,,0,1
161,1049225,68071034260,,,,,0,1
161,1049225,68084069901,,,,,0,1
161,1049225,68084069911,,,,,0,1
161,1049225,68308047547,,,,,0,1
161,1049225,70010066901,,,,,0,1
161,1049225,70010066905,,,,,0,1
161,1049225,71335031600,,,,,0,1
161,1049225,71335031601,,,,,0,1
161,1049225,71335031602,,,,,0,1
161,1049225,71335031603,,,,,0,1
161,1049225,71335031604,,,,,0,1
161,1049225,71335031605,,,,,0,1
161,1049225,71335031606,,,,,0,1
161,1049225,71335031607,,,,,0,1
161,1049225,71335031608,,,,,0,1
161,1049225,71335031609,,,,,0,1
161,1049225,71335072203,,,,,0,1
161,1049225,71335147200,,,,,0,1
161,1049225,71335147201,,,,,0,1
161,1049225,71335147202,,,,,0,1
161,1049225,71335147203,,,,,0,1
161,1049225,71335147204,,,,,0,1
161,1049225,71335147205,,,,,0,1
161,1049225,71335147206,,,,,0,1
161,1049225,71335147207,,,,,0,1
161,1049225,71335147208,,,,,0,1
161,1049225,71335147209,,,,,0,1
161,1049225,71335190901,,,,,0,1
161,1049225,71335190902,,,,,0,1
161,1049225,71335190903,,,,,0,1
161,1049225,71335190904,,,,,0,1
161,1049225,71335190905,,,,,0,1
161,1049225,71335190906,,,,,0,1
161,1049225,71335190907,,,,,0,1
161,1049225,71335190908,,,,,0,1
161,1049225,71335195300,,,,,0,1
161,1049225,71335195301,,,,,0,1
161,1049225,71335195302,,,,,0,1
161,1049225,71335195303,,,,,0,1
161,1049225,71335195304,,,,,0,1
161,1049225,71335195305,,,,,0,1
161,1049225,71335195306,,,,,0,1
161,1049225,71335195307,,,,,0,1
161,1049225,71335195308,,,,,0,1
161,1049225,71335195309,,,,,0,1
161,1049225,71335195901,,,,,0,1
161,1049225,71335195902,,,,,0,1
161,1049225,71335195903,,,,,0,1
161,1049225,71335195904,,,,,0,1
161,1049225,71335195905,,,,,0,1
161,1049225,71335195906,,,,,0,1
161,1049225,71335195907,,,,,0,1
161,1049225,71335195908,,,,,0,1
161,1049225,71335967501,,,,,0,1
161,1049225,71335967502,,,,,0,1
161,1049225,71335967503,,,,,0,1
161,1049225,71335967504,,,,,0,1
161,1049225,71335967505,,,,,0,1
161,1049225,71335967506,,,,,0,1
161,1049225,71335967507,,,,,0,1
161,1049225,71335967508,,,,,0,1
161,1049225,71930004612,,,,,0,1
161,1049225,71930004652,,,,,0,1
161,1049225,72189025630,,,,,0,1
161,1049225,72189025660,,,,,0,1
161,1049225,72189025672,,,,,0,1
161,1049225,72189036830,,,,,0,1
161,1049225,72189036860,,,,,0,1
161,1049225,72189036872,,,,,0,1
161,1049225,72189036890,,,,,0,1
161,1049225,72189037530,,,,,0,1
161,1049225,72189037560,,,,,0,1
161,1049225,72189037590,,,,,0,1
161,1049225,72865011501,,,,,0,1
161,1049225,72865011505,,,,,0,1
161,1049225,76420032201,,,,,0,1
161,1049225,76420032205,,,,,0,1
161,1049225,76420032230,,,,,0,1
161,1049225,76420032260,,,,,0,1
161,1049225,76420032290,,,,,0,1
161,1049580,00406855350,,,,,0,1
161,1049580,10702023850,,,,,0,1
161,1049580,29033040535,,,,,0,1
161,1049635,00378710301,,,,,0,1
161,1049635,10702018401,,,,,0,1
161,1049635,10702018410,,,,,0,1
161,1049635,10702018450,,,,,0,1
161,1049635,13107004301,,,,,0,1
161,1049635,13107004305,,,,,0,1
161,1049635,13107004330,,,,,0,1
161,1049635,13107004399,,,,,0,1
161,1049635,31722019101,,,,,0,1
161,1049635,31722019105,,,,,0,1
161,1049635,31722094801,,,,,0,1
161,1049635,31722094805,,,,,0,1
161,1049635,43386049001,,,,,0,1
161,1049635,43386049005,,,,,0,1
161,1049635,43386049010,,,,,0,1
161,1049635,70010066701,,,,,0,1
161,1049635,70010066705,,,,,0,1
161,1049635,72865011301,,,,,0,1
161,1049635,72865011305,,,,,0,1
161,1049635,76420032001,,,,,0,1
161,1049635,76420032005,,,,,0,1
161,1049635,76420032030,,,,,0,1
161,1049635,76420032060,,,,,0,1
161,1049635,76420032090,,,,,0,1
161,1050385,00031224904,,,,,0,1
161,1050385,00031873512,,,,,0,1
161,1050385,00031873518,,,,,0,1
161,1050385,59779009504,,,,,0,1
161,1050385,80070033004,,,,,0,1
161,1052467,00363051808,,,,,0,1
161,1052467,00363051822,,,,,0,1
161,1052637,00280007801,,,,,0,1
161,1052637,11822382300,,,,,0,1
161,1052637,11822679004,,,,,0,1
161,1052637,12843056413,,,,,0,1
161,1052637,36800097910,,,,,0,1
161,1052637,47682004947,,,,,0,1
161,1052637,47682004980,,,,,0,1
161,1052637,47682004999,,,,,0,1
161,1052637,47682072336,,,,,0,1
161,1052637,47682072380,,,,,0,1
161,1052637,47682082336,,,,,0,1
161,1052637,47682082380,,,,,0,1
161,1052637,47682082399,,,,,0,1
161,1052637,49314823800,,,,,0,1
161,1052637,50332014504,,,,,0,1
161,1052637,50332014507,,,,,0,1
161,1052637,50844067927,,,,,0,1
161,1052637,55301067927,,,,,0,1
161,1052637,55319097927,,,,,0,1
161,1052637,59779087908,,,,,0,1
161,1052637,59779087927,,,,,0,1
161,1052637,63868096120,,,,,0,1
161,1052637,70000014501,,,,,0,1
161,1052637,73408092380,,,,,0,1
161,1052637,83324005720,,,,,0,1
161,1052647,23900002328,,,,,0,1
161,1052647,37000050824,,,,,0,1
161,1052647,51013011314,,,,,0,1
161,1052647,53345001301,,,,,0,1
161,1052647,53345003101,,,,,0,1
161,1052647,68016020116,,,,,0,1
161,1052647,68016063116,,,,,0,1
161,1052670,00363048808,,,,,0,1
161,1052670,23900002327,,,,,0,1
161,1052670,37000050724,,,,,0,1
161,1052670,37000095024,,,,,0,1
161,1052670,51013011214,,,,,0,1
161,1052670,53345001201,,,,,0,1
161,1052670,53345003001,,,,,0,1
161,1052670,59726010012,,,,,0,1
161,1052670,68016020016,,,,,0,1
161,1052670,68016063016,,,,,0,1
161,1052670,82706002501,,,,,0,1
161,1086750,00363029704,,,,,0,1
161,1086750,00363792004,,,,,0,1
161,1086750,36800029704,,,,,0,1
161,1086750,50580024501,,,,,0,1
161,1086750,50580024502,,,,,0,1
161,1086750,50580024512,,,,,0,1
161,1086750,50580024904,,,,,0,1
161,1086750,55910029704,,,,,0,1
161,1086750,68016013004,,,,,0,1
161,1086750,69842079204,,,,,0,1
161,1086750,76162079204,,,,,0,1
161,1086991,00067208120,,,,,0,1
161,1086991,00067208124,,,,,0,1
161,1086991,00067639524,,,,,0,1
161,1086991,00363047308,,,,,0,1
161,1086991,00363059108,,,,,0,1
161,1086991,00363473008,,,,,0,1
161,1086991,11822475309,,,,,0,1
161,1086991,24385019562,,,,,0,1
161,1086991,36800001462,,,,,0,1
161,1086991,36800039362,,,,,0,1
161,1086991,36800091402,,,,,0,1
161,1086991,36800092502,,,,,0,1
161,1086991,37205095862,,,,,0,1
161,1086991,46122040962,,,,,0,1
161,1086991,49781001124,,,,,0,1
161,1086991,51467000701,,,,,0,1
161,1086991,51467000702,,,,,0,1
161,1086991,51467001201,,,,,0,1
161,1086991,51467001202,,,,,0,1
161,1086991,53943023902,,,,,0,1
161,1086991,56062039362,,,,,0,1
161,1086991,63941047308,,,,,0,1
161,1086991,67510115601,,,,,0,1
161,1086991,67510315601,,,,,0,1
161,1086991,68016002589,,,,,0,1
161,1086991,68016002604,,,,,0,1
161,1086991,68998013902,,,,,0,1
161,1086991,69168031986,,,,,0,1
161,1086991,72476023902,,,,,0,1
161,1086997,00031872102,,,,,0,1
161,1086997,00031872120,,,,,0,1
161,1086997,00113099451,,,,,0,1
161,1086997,00113099453,,,,,0,1
161,1086997,00113099460,,,,,0,1
161,1086997,00113099462,,,,,0,1
161,1086997,00113099473,,,,,0,1
161,1086997,00113210100,,,,,0,1
161,1086997,00280009501,,,,,0,1
161,1086997,00280009502,,,,,0,1
161,1086997,00280113420,,,,,0,1
161,1086997,00280113520,,,,,0,1
161,1086997,00280113620,,,,,0,1
161,1086997,00280141520,,,,,0,1
161,1086997,00280159020,,,,,0,1
161,1086997,00280163016,,,,,0,1
161,1086997,00280163024,,,,,0,1
161,1086997,00363053402,,,,,0,1
161,1086997,00363053409,,,,,0,1
161,1086997,00363053410,,,,,0,1
161,1086997,00363053421,,,,,0,1
161,1086997,00363085307,,,,,0,1
161,1086997,00363085316,,,,,0,1
161,1086997,00363085324,,,,,0,1
161,1086997,00363100001,,,,,0,1
161,1086997,00363100002,,,,,0,1
161,1086997,00363100303,,,,,0,1
161,1086997,00363114001,,,,,0,1
161,1086997,00363114002,,,,,0,1
161,1086997,00363116616,,,,,0,1
161,1086997,00363116724,,,,,0,1
161,1086997,00363659008,,,,,0,1
161,1086997,00363659021,,,,,0,1
161,1086997,00363659022,,,,,0,1
161,1086997,00363899816,,,,,0,1
161,1086997,00363899824,,,,,0,1
161,1086997,00363901916,,,,,0,1
161,1086997,00904699544,,,,,0,1
161,1086997,11673071062,,,,,0,1
161,1086997,11673071067,,,,,0,1
161,1086997,11673084348,,,,,0,1
161,1086997,11673097524,,,,,0,1
161,1086997,11822099401,,,,,0,1
161,1086997,11822099402,,,,,0,1
161,1086997,11822198900,,,,,0,1
161,1086997,11822198909,,,,,0,1
161,1086997,11822339108,,,,,0,1
161,1086997,11822339109,,,,,0,1
161,1086997,11822385509,,,,,0,1
161,1086997,15127065912,,,,,0,1
161,1086997,15127098912,,,,,0,1
161,1086997,21130059824,,,,,0,1
161,1086997,21130065024,,,,,0,1
161,1086997,21130090024,,,,,0,1
161,1086997,23900001442,,,,,0,1
161,1086997,23900001443,,,,,0,1
161,1086997,23900001444,,,,,0,1
161,1086997,23900001446,,,,,0,1
161,1086997,23900003844,,,,,0,1
161,1086997,24385003662,,,,,0,1
161,1086997,30142008748,,,,,0,1
161,1086997,30142063673,,,,,0,1
161,1086997,30142070462,,,,,0,1
161,1086997,30142070467,,,,,0,1
161,1086997,30142099460,,,,,0,1
161,1086997,35916015501,,,,,0,1
161,1086997,35916018801,,,,,0,1
161,1086997,35916018802,,,,,0,1
161,1086997,35916091701,,,,,0,1
161,1086997,36800021553,,,,,0,1
161,1086997,36800021560,,,,,0,1
161,1086997,36800059373,,,,,0,1
161,1086997,36800070053,,,,,0,1
161,1086997,36800070060,,,,,0,1
161,1086997,36800070062,,,,,0,1
161,1086997,36800070073,,,,,0,1
161,1086997,37000055808,,,,,0,1
161,1086997,37000055816,,,,,0,1
161,1086997,37000055824,,,,,0,1
161,1086997,37000055848,,,,,0,1
161,1086997,37000055872,,,,,0,1
161,1086997,37000058816,,,,,0,1
161,1086997,37205070562,,,,,0,1
161,1086997,37205070573,,,,,0,1
161,1086997,37808009316,,,,,0,1
161,1086997,37808084816,,,,,0,1
161,1086997,37808086416,,,,,0,1
161,1086997,37835052024,,,,,0,1
161,1086997,37835052096,,,,,0,1
161,1086997,41163047024,,,,,0,1
161,1086997,41163084824,,,,,0,1
161,1086997,41163099824,,,,,0,1
161,1086997,41226069324,,,,,0,1
161,1086997,41520006824,,,,,0,1
161,1086997,46122018473,,,,,0,1
161,1086997,46122033973,,,,,0,1
161,1086997,46994065912,,,,,0,1
161,1086997,49035019324,,,,,0,1
161,1086997,49035019348,,,,,0,1
161,1086997,49035053422,,,,,0,1
161,1086997,49483069348,,,,,0,1
161,1086997,50066000143,,,,,0,1
161,1086997,50090647600,,,,,0,1
161,1086997,50804046816,,,,,0,1
161,1086997,50804046824,,,,,0,1
161,1086997,50804089816,,,,,0,1
161,1086997,53345000401,,,,,0,1
161,1086997,53345002501,,,,,0,1
161,1086997,53345005201,,,,,0,1
161,1086997,55301060403,,,,,0,1
161,1086997,55319093322,,,,,0,1
161,1086997,55319096708,,,,,0,1
161,1086997,55319096716,,,,,0,1
161,1086997,55319096724,,,,,0,1
161,1086997,55629001202,,,,,0,1
161,1086997,55758004108,,,,,0,1
161,1086997,55910098208,,,,,0,1
161,1086997,56062021553,,,,,0,1
161,1086997,58602076815,,,,,0,1
161,1086997,59450004648,,,,,0,1
161,1086997,59726085024,,,,,0,1
161,1086997,59726085048,,,,,0,1
161,1086997,59726089808,,,,,0,1
161,1086997,59726089816,,,,,0,1
161,1086997,59779047216,,,,,0,1
161,1086997,59779047248,,,,,0,1
161,1086997,59779099462,,,,,0,1
161,1086997,62011035501,,,,,0,1
161,1086997,63824069216,,,,,0,1
161,1086997,63868073624,,,,,0,1
161,1086997,66715557108,,,,,0,1
161,1086997,66715681508,,,,,0,1
161,1086997,67091039424,,,,,0,1
161,1086997,68016019916,,,,,0,1
161,1086997,68016019924,,,,,0,1
161,1086997,68016059816,,,,,0,1
161,1086997,68016059824,,,,,0,1
161,1086997,68016079716,,,,,0,1
161,1086997,68016087716,,,,,0,1
161,1086997,68016087724,,,,,0,1
161,1086997,68210104000,,,,,0,1
161,1086997,68210401001,,,,,0,1
161,1086997,68210401002,,,,,0,1
161,1086997,68210408301,,,,,0,1
161,1086997,68210413401,,,,,0,1
161,1086997,68210414901,,,,,0,1
161,1086997,68210500001,,,,,0,1
161,1086997,68210500101,,,,,0,1
161,1086997,68210500401,,,,,0,1
161,1086997,68210500402,,,,,0,1
161,1086997,68210611102,,,,,0,1
161,1086997,69168041729,,,,,0,1
161,1086997,69168041751,,,,,0,1
161,1086997,69168041793,,,,,0,1
161,1086997,69256089824,,,,,0,1
161,1086997,69423080048,,,,,0,1
161,1086997,69423099402,,,,,0,1
161,1086997,69423099408,,,,,0,1
161,1086997,69423099416,,,,,0,1
161,1086997,69423099424,,,,,0,1
161,1086997,69423099448,,,,,0,1
161,1086997,69517016010,,,,,0,1
161,1086997,69729000810,,,,,0,1
161,1086997,69729012010,,,,,0,1
161,1086997,69729012110,,,,,0,1
161,1086997,69729015210,,,,,0,1
161,1086997,69729080210,,,,,0,1
161,1086997,69842084816,,,,,0,1
161,1086997,69842084824,,,,,0,1
161,1086997,69842084848,,,,,0,1
161,1086997,69842089716,,,,,0,1
161,1086997,69842089724,,,,,0,1
161,1086997,69842089748,,,,,0,1
161,1086997,70000046301,,,,,0,1
161,1086997,70000051501,,,,,0,1
161,1086997,70677003701,,,,,0,1
161,1086997,70692080748,,,,,0,1
161,1086997,72090000501,,,,,0,1
161,1086997,72288099400,,,,,0,1
161,1086997,72476084824,,,,,0,1
161,1086997,72476089824,,,,,0,1
161,1086997,72854012816,,,,,0,1
161,1086997,72854020316,,,,,0,1
161,1086997,76162006516,,,,,0,1
161,1086997,76162072024,,,,,0,1
161,1086997,76162091224,,,,,0,1
161,1086997,79481002602,,,,,0,1
161,1086997,79481080704,,,,,0,1
161,1086997,79903024512,,,,,0,1
161,1086997,80513030350,,,,,0,1
161,1086997,81179008801,,,,,0,1
161,1086997,81522089816,,,,,0,1
161,1086997,82706000101,,,,,0,1
161,1086997,82706000102,,,,,0,1
161,1086997,83059002301,,,,,0,1
161,1086997,83059003001,,,,,0,1
161,1086997,83324014524,,,,,0,1
161,1086997,83558002101,,,,,0,1
161,1086997,84324001801,,,,,0,1
161,1086997,84324002301,,,,,0,1
161,1089822,24385053060,,,,,0,1
161,1089968,00067013624,,,,,0,1
161,1089968,00067611112,,,,,0,1
161,1090476,00363045102,,,,,0,1
161,1090743,00225060008,,,,,0,1
161,1090743,00363023708,,,,,0,1
161,1090743,11868023716,,,,,0,1
161,1090743,11868023732,,,,,0,1
161,1090743,24385048862,,,,,0,1
161,1090743,52735045005,,,,,0,1
161,1092189,00113035571,,,,,0,1
161,1092189,00113043771,,,,,0,1
161,1092189,00113043778,,,,,0,1
161,1092189,00113075171,,,,,0,1
161,1092189,00113083771,,,,,0,1
161,1092189,00363016115,,,,,0,1
161,1092189,00363016150,,,,,0,1
161,1092189,00363021324,,,,,0,1
161,1092189,00363023506,,,,,0,1
161,1092189,00363023508,,,,,0,1
161,1092189,00363023512,,,,,0,1
161,1092189,00363023515,,,,,0,1
161,1092189,00363024610,,,,,0,1
161,1092189,00363024615,,,,,0,1
161,1092189,00363024625,,,,,0,1
161,1092189,00363024650,,,,,0,1
161,1092189,00363036010,,,,,0,1
161,1092189,00363036050,,,,,0,1
161,1092189,00363037115,,,,,0,1
161,1092189,00363055601,,,,,0,1
161,1092189,00363055609,,,,,0,1
161,1092189,00363055631,,,,,0,1
161,1092189,00363055654,,,,,0,1
161,1092189,00363055657,,,,,0,1
161,1092189,00363071442,,,,,0,1
161,1092189,00363071501,,,,,0,1
161,1092189,00363076010,,,,,0,1
161,1092189,00363076050,,,,,0,1
161,1092189,00363086310,,,,,0,1
161,1092189,00363086315,,,,,0,1
161,1092189,00363086324,,,,,0,1
161,1092189,00363086325,,,,,0,1
161,1092189,00363203508,,,,,0,1
161,1092189,00363447010,,,,,0,1
161,1092189,00363447011,,,,,0,1
161,1092189,00363447015,,,,,0,1
161,1092189,00363447024,,,,,0,1
161,1092189,00363447030,,,,,0,1
161,1092189,00363447052,,,,,0,1
161,1092189,00363908515,,,,,0,1
161,1092189,00363966115,,,,,0,1
161,1092189,00363966125,,,,,0,1
161,1092189,00363966437,,,,,0,1
161,1092189,00363966460,,,,,0,1
161,1092189,00363979975,,,,,0,1
161,1092189,00904673151,,,,,0,1
161,1092189,10135035201,,,,,0,1
161,1092189,10135035213,,,,,0,1
161,1092189,10135035250,,,,,0,1
161,1092189,10135035255,,,,,0,1
161,1092189,10135035257,,,,,0,1
161,1092189,10135041055,,,,,0,1
161,1092189,11383016560,,,,,0,1
161,1092189,11673043747,,,,,0,1
161,1092189,11673043762,,,,,0,1
161,1092189,11673043771,,,,,0,1
161,1092189,11673043778,,,,,0,1
161,1092189,11673075410,,,,,0,1
161,1092189,11822055601,,,,,0,1
161,1092189,11822235002,,,,,0,1
161,1092189,11822235004,,,,,0,1
161,1092189,11822235005,,,,,0,1
161,1092189,11822235007,,,,,0,1
161,1092189,11822235008,,,,,0,1
161,1092189,11822235009,,,,,0,1
161,1092189,11822316900,,,,,0,1
161,1092189,15127032524,,,,,0,1
161,1092189,15127032550,,,,,0,1
161,1092189,17714013350,,,,,0,1
161,1092189,21130009501,,,,,0,1
161,1092189,21130009503,,,,,0,1
161,1092189,21130009514,,,,,0,1
161,1092189,21130022418,,,,,0,1
161,1092189,21130022473,,,,,0,1
161,1092189,21130035402,,,,,0,1
161,1092189,21130035408,,,,,0,1
161,1092189,21130066110,,,,,0,1
161,1092189,21130066120,,,,,0,1
161,1092189,21130066124,,,,,0,1
161,1092189,29485815806,,,,,0,1
161,1092189,30142019314,,,,,0,1
161,1092189,30142070071,,,,,0,1
161,1092189,30142075501,,,,,0,1
161,1092189,30142075505,,,,,0,1
161,1092189,30142075520,,,,,0,1
161,1092189,30142080071,,,,,0,1
161,1092189,30142080078,,,,,0,1
161,1092189,30142080082,,,,,0,1
161,1092189,32390004140,,,,,0,1
161,1092189,36800009503,,,,,0,1
161,1092189,36800009517,,,,,0,1
161,1092189,36800035571,,,,,0,1
161,1092189,36800043771,,,,,0,1
161,1092189,36800043778,,,,,0,1
161,1092189,36800046610,,,,,0,1
161,1092189,36800046650,,,,,0,1
161,1092189,36800055609,,,,,0,1
161,1092189,36800055610,,,,,0,1
161,1092189,36800082927,,,,,0,1
161,1092189,36800082949,,,,,0,1
161,1092189,36800082960,,,,,0,1
161,1092189,37000097460,,,,,0,1
161,1092189,37205006071,,,,,0,1
161,1092189,37808055609,,,,,0,1
161,1092189,37808055631,,,,,0,1
161,1092189,37808079503,,,,,0,1
161,1092189,37835053701,,,,,0,1
161,1092189,37835053725,,,,,0,1
161,1092189,41163022850,,,,,0,1
161,1092189,41163051501,,,,,0,1
161,1092189,41163051503,,,,,0,1
161,1092189,41163095609,,,,,0,1
161,1092189,41163095610,,,,,0,1
161,1092189,41250019502,,,,,0,1
161,1092189,41250019503,,,,,0,1
161,1092189,41250019509,,,,,0,1
161,1092189,41250075631,,,,,0,1
161,1092189,41415066105,,,,,0,1
161,1092189,41415066110,,,,,0,1
161,1092189,41520051447,,,,,0,1
161,1092189,41520051471,,,,,0,1
161,1092189,41520051478,,,,,0,1
161,1092189,41520095609,,,,,0,1
161,1092189,41520095631,,,,,0,1
161,1092189,46122002658,,,,,0,1
161,1092189,46122013471,,,,,0,1
161,1092189,46122041971,,,,,0,1
161,1092189,46122054371,,,,,0,1
161,1092189,46122060471,,,,,0,1
161,1092189,46122064371,,,,,0,1
161,1092189,46122070762,,,,,0,1
161,1092189,46122070771,,,,,0,1
161,1092189,46122070778,,,,,0,1
161,1092189,46122079969,,,,,0,1
161,1092189,46122079970,,,,,0,1
161,1092189,49035023512,,,,,0,1
161,1092189,49035036310,,,,,0,1
161,1092189,49035036324,,,,,0,1
161,1092189,49035036325,,,,,0,1
161,1092189,49035055631,,,,,0,1
161,1092189,49348014009,,,,,0,1
161,1092189,49348014010,,,,,0,1
161,1092189,49483043040,,,,,0,1
161,1092189,50594086310,,,,,0,1
161,1092189,50804006050,,,,,0,1
161,1092189,50804082502,,,,,0,1
161,1092189,50844023515,,,,,0,1
161,1092189,50844025608,,,,,0,1
161,1092189,50844055610,,,,,0,1
161,1092189,51316086350,,,,,0,1
161,1092189,51645070905,,,,,0,1
161,1092189,51824005950,,,,,0,1
161,1092189,51824006950,,,,,0,1
161,1092189,51824008150,,,,,0,1
161,1092189,51824010750,,,,,0,1
161,1092189,51824010850,,,,,0,1
161,1092189,52735075612,,,,,0,1
161,1092189,52735075712,,,,,0,1
161,1092189,54257027802,,,,,0,1
161,1092189,54473030401,,,,,0,1
161,1092189,54473030450,,,,,0,1
161,1092189,55301023506,,,,,0,1
161,1092189,55301023515,,,,,0,1
161,1092189,55319056210,,,,,0,1
161,1092189,55319056224,,,,,0,1
161,1092189,55319056250,,,,,0,1
161,1092189,55910043771,,,,,0,1
161,1092189,55910043778,,,,,0,1
161,1092189,55910065510,,,,,0,1
161,1092189,55910065531,,,,,0,1
161,1092189,55910083401,,,,,0,1
161,1092189,55910083405,,,,,0,1
161,1092189,56062043771,,,,,0,1
161,1092189,56062043778,,,,,0,1
161,1092189,56062083771,,,,,0,1
161,1092189,57243023515,,,,,0,1
161,1092189,57344009501,,,,,0,1
161,1092189,57344009502,,,,,0,1
161,1092189,57344009503,,,,,0,1
161,1092189,57344009512,,,,,0,1
161,1092189,57896022401,,,,,0,1
161,1092189,57896022405,,,,,0,1
161,1092189,57896032401,,,,,0,1
161,1092189,57896032405,,,,,0,1
161,1092189,58154010401,,,,,0,1
161,1092189,59450017401,,,,,0,1
161,1092189,59450017405,,,,,0,1
161,1092189,59450017420,,,,,0,1
161,1092189,59726003250,,,,,0,1
161,1092189,59726036050,,,,,0,1
161,1092189,59726044724,,,,,0,1
161,1092189,59726044750,,,,,0,1
161,1092189,59726066050,,,,,0,1
161,1092189,59726086350,,,,,0,1
161,1092189,59726086810,,,,,0,1
161,1092189,59726086824,,,,,0,1
161,1092189,59726086850,,,,,0,1
161,1092189,59779022810,,,,,0,1
161,1092189,59779022824,,,,,0,1
161,1092189,59779022850,,,,,0,1
161,1092189,59779023508,,,,,0,1
161,1092189,59779023512,,,,,0,1
161,1092189,59779055609,,,,,0,1
161,1092189,59779055613,,,,,0,1
161,1092189,59779055681,,,,,0,1
161,1092189,61504009503,,,,,0,1
161,1092189,62011025001,,,,,0,1
161,1092189,62011025601,,,,,0,1
161,1092189,62011042001,,,,,0,1
161,1092189,62936022401,,,,,0,1
161,1092189,63629588001,,,,,0,1
161,1092189,63868011950,,,,,0,1
161,1092189,63868021020,,,,,0,1
161,1092189,63868032501,,,,,0,1
161,1092189,63868032550,,,,,0,1
161,1092189,63941009502,,,,,0,1
161,1092189,63941009503,,,,,0,1
161,1092189,63941009509,,,,,0,1
161,1092189,63941095610,,,,,0,1
161,1092189,63981005654,,,,,0,1
161,1092189,67091013750,,,,,0,1
161,1092189,68016001083,,,,,0,1
161,1092189,68016024750,,,,,0,1
161,1092189,68016024800,,,,,0,1
161,1092189,68016054001,,,,,0,1
161,1092189,68016065405,,,,,0,1
161,1092189,68016065410,,,,,0,1
161,1092189,68196055654,,,,,0,1
161,1092189,68210009902,,,,,0,1
161,1092189,68210009903,,,,,0,1
161,1092189,68210009905,,,,,0,1
161,1092189,68210409501,,,,,0,1
161,1092189,68210414502,,,,,0,1
161,1092189,68210418503,,,,,0,1
161,1092189,68210422601,,,,,0,1
161,1092189,68210423601,,,,,0,1
161,1092189,68391086305,,,,,0,1
161,1092189,68998007103,,,,,0,1
161,1092189,68998019502,,,,,0,1
161,1092189,69168000350,,,,,0,1
161,1092189,69168039302,,,,,0,1
161,1092189,69168039324,,,,,0,1
161,1092189,69168039326,,,,,0,1
161,1092189,69168039350,,,,,0,1
161,1092189,69168039399,,,,,0,1
161,1092189,69607863001,,,,,0,1
161,1092189,69676006302,,,,,0,1
161,1092189,69676006305,,,,,0,1
161,1092189,69842057202,,,,,0,1
161,1092189,69842057208,,,,,0,1
161,1092189,69842057212,,,,,0,1
161,1092189,69842057215,,,,,0,1
161,1092189,69842057229,,,,,0,1
161,1092189,69842086350,,,,,0,1
161,1092189,69842095609,,,,,0,1
161,1092189,69842095613,,,,,0,1
161,1092189,69842095631,,,,,0,1
161,1092189,69848001402,,,,,0,1
161,1092189,69848001405,,,,,0,1
161,1092189,69848001415,,,,,0,1
161,1092189,70000041101,,,,,0,1
161,1092189,70000041102,,,,,0,1
161,1092189,70000041103,,,,,0,1
161,1092189,70677008101,,,,,0,1
161,1092189,70677114901,,,,,0,1
161,1092189,70692014903,,,,,0,1
161,1092189,70692014905,,,,,0,1
161,1092189,70692014931,,,,,0,1
161,1092189,70692047131,,,,,0,1
161,1092189,70692074103,,,,,0,1
161,1092189,72036009502,,,,,0,1
161,1092189,72036009503,,,,,0,1
161,1092189,72036017102,,,,,0,1
161,1092189,72036017103,,,,,0,1
161,1092189,72090000625,,,,,0,1
161,1092189,72090003201,,,,,0,1
161,1092189,72288043778,,,,,0,1
161,1092189,72476017101,,,,,0,1
161,1092189,72476017103,,,,,0,1
161,1092189,73057035203,,,,,0,1
161,1092189,76168011925,,,,,0,1
161,1092189,79481014901,,,,,0,1
161,1092189,79481014902,,,,,0,1
161,1092189,79481014903,,,,,0,1
161,1092189,79481014905,,,,,0,1
161,1092189,79903005009,,,,,0,1
161,1092189,79903005031,,,,,0,1
161,1092189,79903005310,,,,,0,1
161,1092189,79903005324,,,,,0,1
161,1092189,79903026780,,,,,0,1
161,1092189,79903029810,,,,,0,1
161,1092189,79903030710,,,,,0,1
161,1092189,81522009503,,,,,0,1
161,1092189,82501158704,,,,,0,1
161,1092189,82706000901,,,,,0,1
161,1092189,82706000902,,,,,0,1
161,1092189,82725102401,,,,,0,1
161,1092189,83324007020,,,,,0,1
161,1092189,83324008501,,,,,0,1
161,1092189,83324008550,,,,,0,1
161,1092189,83324016650,,,,,0,1
161,1092189,84324000501,,,,,0,1
161,1092373,00363907402,,,,,0,1
161,1092373,11822879101,,,,,0,1
161,1092373,23900004089,,,,,0,1
161,1092373,30142009302,,,,,0,1
161,1092373,37000059812,,,,,0,1
161,1092373,37000059824,,,,,0,1
161,1092373,37000097512,,,,,0,1
161,1092373,37000097524,,,,,0,1
161,1092373,46122035834,,,,,0,1
161,1092373,68016070508,,,,,0,1
161,1092373,69423083412,,,,,0,1
161,1092373,69423098502,,,,,0,1
161,1092373,69423098512,,,,,0,1
161,1092373,69842044812,,,,,0,1
161,1092373,79903009902,,,,,0,1
161,1092373,84126035012,,,,,0,1
161,1094131,61787045204,,,,,0,1
161,1094131,61787045208,,,,,0,1
161,1094131,61787047104,,,,,0,1
161,1094538,00045027125,,,,,0,1
161,1094538,00067207720,,,,,0,1
161,1094538,00067207724,,,,,0,1
161,1094538,00067639624,,,,,0,1
161,1094538,00067813610,,,,,0,1
161,1094538,00067813620,,,,,0,1
161,1094538,00113006462,,,,,0,1
161,1094538,00363010608,,,,,0,1
161,1094538,00363047008,,,,,0,1
161,1094538,00363047608,,,,,0,1
161,1094538,00363056007,,,,,0,1
161,1094538,00904578624,,,,,0,1
161,1094538,30142047008,,,,,0,1
161,1094538,36800037162,,,,,0,1
161,1094538,36800040262,,,,,0,1
161,1094538,36800051402,,,,,0,1
161,1094538,36800052105,,,,,0,1
161,1094538,36800092105,,,,,0,1
161,1094538,36800092402,,,,,0,1
161,1094538,37205075662,,,,,0,1
161,1094538,41163090708,,,,,0,1
161,1094538,41250013805,,,,,0,1
161,1094538,41520013805,,,,,0,1
161,1094538,41520060302,,,,,0,1
161,1094538,46084012220,,,,,0,1
161,1094538,46122007362,,,,,0,1
161,1094538,46122041062,,,,,0,1
161,1094538,47682010836,,,,,0,1
161,1094538,47682010880,,,,,0,1
161,1094538,47682010899,,,,,0,1
161,1094538,49035056008,,,,,0,1
161,1094538,50580051501,,,,,0,1
161,1094538,53943013805,,,,,0,1
161,1094538,55301047008,,,,,0,1
161,1094538,56062040262,,,,,0,1
161,1094538,59779055508,,,,,0,1
161,1094538,59779087008,,,,,0,1
161,1094538,63187065224,,,,,0,1
161,1094538,63941047008,,,,,0,1
161,1094538,66715562803,,,,,0,1
161,1094538,67510215601,,,,,0,1
161,1094538,67510415601,,,,,0,1
161,1094538,68016002602,,,,,0,1
161,1094538,68998023805,,,,,0,1
161,1094538,69168032486,,,,,0,1
161,1094538,70000016801,,,,,0,1
161,1094538,70000065201,,,,,0,1
161,1094538,72036013805,,,,,0,1
161,1094549,00031874410,,,,,0,1
161,1094549,00113005651,,,,,0,1
161,1094549,00113005662,,,,,0,1
161,1094549,00113005673,,,,,0,1
161,1094549,00113100000,,,,,0,1
161,1094549,00363053502,,,,,0,1
161,1094549,00363053509,,,,,0,1
161,1094549,00363053510,,,,,0,1
161,1094549,00363085007,,,,,0,1
161,1094549,00363085024,,,,,0,1
161,1094549,00363100504,,,,,0,1
161,1094549,00363114101,,,,,0,1
161,1094549,00363114102,,,,,0,1
161,1094549,00363116816,,,,,0,1
161,1094549,00363116924,,,,,0,1
161,1094549,00363660008,,,,,0,1
161,1094549,00363899924,,,,,0,1
161,1094549,00904699644,,,,,0,1
161,1094549,10135059324,,,,,0,1
161,1094549,10135059374,,,,,0,1
161,1094549,10135059386,,,,,0,1
161,1094549,11673097624,,,,,0,1
161,1094549,11822063505,,,,,0,1
161,1094549,11822198700,,,,,0,1
161,1094549,11822198709,,,,,0,1
161,1094549,11822333505,,,,,0,1
161,1094549,11822339200,,,,,0,1
161,1094549,21130084924,,,,,0,1
161,1094549,21130089924,,,,,0,1
161,1094549,21130094024,,,,,0,1
161,1094549,23900000031,,,,,0,1
161,1094549,23900001439,,,,,0,1
161,1094549,23900001440,,,,,0,1
161,1094549,23900001441,,,,,0,1
161,1094549,23900003843,,,,,0,1
161,1094549,30142008648,,,,,0,1
161,1094549,30142097762,,,,,0,1
161,1094549,30142097767,,,,,0,1
161,1094549,35916015401,,,,,0,1
161,1094549,36800014362,,,,,0,1
161,1094549,36800014373,,,,,0,1
161,1094549,36800097753,,,,,0,1
161,1094549,36800097760,,,,,0,1
161,1094549,37000055708,,,,,0,1
161,1094549,37000055716,,,,,0,1
161,1094549,37000055724,,,,,0,1
161,1094549,37000055748,,,,,0,1
161,1094549,37000055772,,,,,0,1
161,1094549,37205070753,,,,,0,1
161,1094549,37205070762,,,,,0,1
161,1094549,37205070773,,,,,0,1
161,1094549,37808005662,,,,,0,1
161,1094549,37808009516,,,,,0,1
161,1094549,37835052224,,,,,0,1
161,1094549,37835052296,,,,,0,1
161,1094549,41163048024,,,,,0,1
161,1094549,41163084924,,,,,0,1
161,1094549,41163089924,,,,,0,1
161,1094549,41226069424,,,,,0,1
161,1094549,46122018373,,,,,0,1
161,1094549,46122024562,,,,,0,1
161,1094549,46122032673,,,,,0,1
161,1094549,49035097804,,,,,0,1
161,1094549,50580013124,,,,,0,1
161,1094549,53345000601,,,,,0,1
161,1094549,53345002601,,,,,0,1
161,1094549,53943060303,,,,,0,1
161,1094549,55301060303,,,,,0,1
161,1094549,55319084916,,,,,0,1
161,1094549,55319096808,,,,,0,1
161,1094549,55319096816,,,,,0,1
161,1094549,55319096824,,,,,0,1
161,1094549,55629001402,,,,,0,1
161,1094549,55758004208,,,,,0,1
161,1094549,55910014948,,,,,0,1
161,1094549,55910030051,,,,,0,1
161,1094549,55910030060,,,,,0,1
161,1094549,55910030062,,,,,0,1
161,1094549,55910059948,,,,,0,1
161,1094549,55910091008,,,,,0,1
161,1094549,56062005662,,,,,0,1
161,1094549,56062005673,,,,,0,1
161,1094549,56062097753,,,,,0,1
161,1094549,56062097760,,,,,0,1
161,1094549,58602076978,,,,,0,1
161,1094549,58602076979,,,,,0,1
161,1094549,59450004748,,,,,0,1
161,1094549,59726003024,,,,,0,1
161,1094549,59726003048,,,,,0,1
161,1094549,59726039924,,,,,0,1
161,1094549,59726039948,,,,,0,1
161,1094549,59726084908,,,,,0,1
161,1094549,59726089908,,,,,0,1
161,1094549,59726089916,,,,,0,1
161,1094549,59779044524,,,,,0,1
161,1094549,59779046548,,,,,0,1
161,1094549,59779067116,,,,,0,1
161,1094549,62011041001,,,,,0,1
161,1094549,63868041824,,,,,0,1
161,1094549,63868073724,,,,,0,1
161,1094549,66715557208,,,,,0,1
161,1094549,66715671608,,,,,0,1
161,1094549,66715681608,,,,,0,1
161,1094549,67091033824,,,,,0,1
161,1094549,67091039524,,,,,0,1
161,1094549,68016020216,,,,,0,1
161,1094549,68016020224,,,,,0,1
161,1094549,68016059916,,,,,0,1
161,1094549,68016059924,,,,,0,1
161,1094549,68016079816,,,,,0,1
161,1094549,68016087816,,,,,0,1
161,1094549,68016087824,,,,,0,1
161,1094549,68210105000,,,,,0,1
161,1094549,68210105001,,,,,0,1
161,1094549,68210105002,,,,,0,1
161,1094549,68210408601,,,,,0,1
161,1094549,68210414301,,,,,0,1
161,1094549,68210500201,,,,,0,1
161,1094549,68210500501,,,,,0,1
161,1094549,68210500502,,,,,0,1
161,1094549,68210500504,,,,,0,1
161,1094549,68210501201,,,,,0,1
161,1094549,69168041829,,,,,0,1
161,1094549,69168041851,,,,,0,1
161,1094549,69168041886,,,,,0,1
161,1094549,69256089924,,,,,0,1
161,1094549,69423099502,,,,,0,1
161,1094549,69423099508,,,,,0,1
161,1094549,69423099516,,,,,0,1
161,1094549,69423099524,,,,,0,1
161,1094549,69423099548,,,,,0,1
161,1094549,69517016110,,,,,0,1
161,1094549,69729000310,,,,,0,1
161,1094549,69729004110,,,,,0,1
161,1094549,69729005410,,,,,0,1
161,1094549,69729005710,,,,,0,1
161,1094549,69729015310,,,,,0,1
161,1094549,69842084716,,,,,0,1
161,1094549,69842084724,,,,,0,1
161,1094549,69842084748,,,,,0,1
161,1094549,69842089916,,,,,0,1
161,1094549,69842089924,,,,,0,1
161,1094549,69842089948,,,,,0,1
161,1094549,70000042701,,,,,0,1
161,1094549,70000042702,,,,,0,1
161,1094549,70000051601,,,,,0,1
161,1094549,70000051602,,,,,0,1
161,1094549,70692080848,,,,,0,1
161,1094549,71179000308,,,,,0,1
161,1094549,71179000324,,,,,0,1
161,1094549,71679010200,,,,,0,1
161,1094549,71679010250,,,,,0,1
161,1094549,72288005600,,,,,0,1
161,1094549,72288005662,,,,,0,1
161,1094549,72288005667,,,,,0,1
161,1094549,72476089924,,,,,0,1
161,1094549,76162002616,,,,,0,1
161,1094549,76168005602,,,,,0,1
161,1094549,79481002702,,,,,0,1
161,1094549,79481080804,,,,,0,1
161,1094549,80513030250,,,,,0,1
161,1094549,80513030450,,,,,0,1
161,1094549,80513031650,,,,,0,1
161,1094549,81179004401,,,,,0,1
161,1094549,81522089916,,,,,0,1
161,1094549,82706000201,,,,,0,1
161,1094549,82706000202,,,,,0,1
161,1094549,82706001601,,,,,0,1
161,1094549,82706001602,,,,,0,1
161,1094549,82706001603,,,,,0,1
161,1094549,82706001604,,,,,0,1
161,1094549,83059002401,,,,,0,1
161,1094549,83324014824,,,,,0,1
161,1094549,84324001901,,,,,0,1
161,1094549,84324002401,,,,,0,1
161,1098435,00363054609,,,,,0,1
161,1098435,00363546001,,,,,0,1
161,1098435,00363546008,,,,,0,1
161,1098435,00924014200,,,,,0,1
161,1098435,00924014201,,,,,0,1
161,1098435,11822546209,,,,,0,1
161,1098435,27854035001,,,,,0,1
161,1098435,36800047402,,,,,0,1
161,1098435,37808057402,,,,,0,1
161,1098435,41163051302,,,,,0,1
161,1098435,41163071302,,,,,0,1
161,1098435,41250057402,,,,,0,1
161,1098435,47682004747,,,,,0,1
161,1098435,47682004780,,,,,0,1
161,1098435,47682004799,,,,,0,1
161,1098435,47682043536,,,,,0,1
161,1098435,47682043580,,,,,0,1
161,1098435,47682043599,,,,,0,1
161,1098435,47682073533,,,,,0,1
161,1098435,47682073599,,,,,0,1
161,1098435,47682083536,,,,,0,1
161,1098435,47682083580,,,,,0,1
161,1098435,47682083599,,,,,0,1
161,1098435,47682083636,,,,,0,1
161,1098435,47682083680,,,,,0,1
161,1098435,47682083699,,,,,0,1
161,1098435,49314435800,,,,,0,1
161,1098435,50332014103,,,,,0,1
161,1098435,50332014104,,,,,0,1
161,1098435,50332014107,,,,,0,1
161,1098435,50580045001,,,,,0,1
161,1098435,50804017402,,,,,0,1
161,1098435,50804027402,,,,,0,1
161,1098435,51316054608,,,,,0,1
161,1098435,53809020501,,,,,0,1
161,1098435,53943027402,,,,,0,1
161,1098435,63868010224,,,,,0,1
161,1098435,63868072124,,,,,0,1
161,1098435,63941017402,,,,,0,1
161,1098435,63941027402,,,,,0,1
161,1098435,72036027402,,,,,0,1
161,1098435,72476017402,,,,,0,1
161,1098435,73408083580,,,,,0,1
161,1098435,84269255601,,,,,0,1
161,1098435,84269255602,,,,,0,1
161,1098496,00067816301,,,,,0,1
161,1098496,00363046109,,,,,0,1
161,1098496,11523130502,,,,,0,1
161,1098496,11523411101,,,,,0,1
161,1098496,41100057463,,,,,0,1
161,1098496,51316045101,,,,,0,1
161,1098496,59779046109,,,,,0,1
161,1099872,00280807020,,,,,0,1
161,1099872,00363037312,,,,,0,1
161,1099872,12843053711,,,,,0,1
161,1099872,68210413502,,,,,0,1
161,1101534,42961012601,,,,,0,1
161,1101534,42961012602,,,,,0,1
161,1101534,46017002408,,,,,0,1
161,1101534,46017002424,,,,,0,1
161,1101534,46017002499,,,,,0,1
161,1101534,47682000133,,,,,0,1
161,1101534,47682000148,,,,,0,1
161,1101534,47682000199,,,,,0,1
161,1101534,47682015509,,,,,0,1
161,1101534,47682050903,,,,,0,1
161,1101534,47682050999,,,,,0,1
161,1101534,47682081913,,,,,0,1
161,1101534,47682081933,,,,,0,1
161,1101534,47682081948,,,,,0,1
161,1101534,47682081950,,,,,0,1
161,1101534,47682081999,,,,,0,1
161,1101534,47682091933,,,,,0,1
161,1101534,47682091948,,,,,0,1
161,1101534,68599475103,,,,,0,1
161,1101534,71179002408,,,,,0,1
161,1101534,71179002424,,,,,0,1
161,1101534,73598119401,,,,,0,1
161,1101534,84269254601,,,,,0,1
161,1101534,84269254602,,,,,0,1
161,1110988,00067814501,,,,,0,1
161,1110988,00113023462,,,,,0,1
161,1110988,00113029962,,,,,0,1
161,1110988,00113030862,,,,,0,1
161,1110988,00113038101,,,,,0,1
161,1110988,00113054853,,,,,0,1
161,1110988,00113054862,,,,,0,1
161,1110988,00113450053,,,,,0,1
161,1110988,00113450062,,,,,0,1
161,1110988,00363037201,,,,,0,1
161,1110988,00363050307,,,,,0,1
161,1110988,00363050308,,,,,0,1
161,1110988,00363050322,,,,,0,1
161,1110988,00363064008,,,,,0,1
161,1110988,00363083962,,,,,0,1
161,1110988,00363617109,,,,,0,1
161,1110988,11673034702,,,,,0,1
161,1110988,11673096109,,,,,0,1
161,1110988,11822064008,,,,,0,1
161,1110988,11822067230,,,,,0,1
161,1110988,11822067244,,,,,0,1
161,1110988,11822503108,,,,,0,1
161,1110988,11822534709,,,,,0,1
161,1110988,11822617908,,,,,0,1
161,1110988,11822617909,,,,,0,1
161,1110988,23900003808,,,,,0,1
161,1110988,23900003809,,,,,0,1
161,1110988,23900003811,,,,,0,1
161,1110988,29485504306,,,,,0,1
161,1110988,29485655604,,,,,0,1
161,1110988,29485658004,,,,,0,1
161,1110988,29485806004,,,,,0,1
161,1110988,29485806202,,,,,0,1
161,1110988,29485806203,,,,,0,1
161,1110988,30142054862,,,,,0,1
161,1110988,30142070739,,,,,0,1
161,1110988,30142088839,,,,,0,1
161,1110988,36800023462,,,,,0,1
161,1110988,36800029802,,,,,0,1
161,1110988,36800029804,,,,,0,1
161,1110988,36800030862,,,,,0,1
161,1110988,36800050205,,,,,0,1
161,1110988,36800058162,,,,,0,1
161,1110988,36800069704,,,,,0,1
161,1110988,37000052402,,,,,0,1
161,1110988,37000052424,,,,,0,1
161,1110988,37000081124,,,,,0,1
161,1110988,37000081172,,,,,0,1
161,1110988,37205082862,,,,,0,1
161,1110988,37808017803,,,,,0,1
161,1110988,37808049704,,,,,0,1
161,1110988,37808059804,,,,,0,1
161,1110988,37808066305,,,,,0,1
161,1110988,41163005308,,,,,0,1
161,1110988,41163038101,,,,,0,1
161,1110988,41163050308,,,,,0,1
161,1110988,41163081709,,,,,0,1
161,1110988,41163092201,,,,,0,1
161,1110988,41226067524,,,,,0,1
161,1110988,41250019702,,,,,0,1
161,1110988,41250019704,,,,,0,1
161,1110988,41250056900,,,,,0,1
161,1110988,41250064308,,,,,0,1
161,1110988,41250066305,,,,,0,1
161,1110988,41250097902,,,,,0,1
161,1110988,41250098102,,,,,0,1
161,1110988,41250098104,,,,,0,1
161,1110988,46122007262,,,,,0,1
161,1110988,46122012662,,,,,0,1
161,1110988,46122019260,,,,,0,1
161,1110988,46122019360,,,,,0,1
161,1110988,46122023062,,,,,0,1
161,1110988,46122023262,,,,,0,1
161,1110988,46122029560,,,,,0,1
161,1110988,46122041862,,,,,0,1
161,1110988,46122046062,,,,,0,1
161,1110988,49035005308,,,,,0,1
161,1110988,49035005342,,,,,0,1
161,1110988,49035081362,,,,,0,1
161,1110988,49035081701,,,,,0,1
161,1110988,49348010404,,,,,0,1
161,1110988,49781003820,,,,,0,1
161,1110988,50269040225,,,,,0,1
161,1110988,50580040201,,,,,0,1
161,1110988,50580040202,,,,,0,1
161,1110988,50580040226,,,,,0,1
161,1110988,50580040272,,,,,0,1
161,1110988,50804050308,,,,,0,1
161,1110988,50844064021,,,,,0,1
161,1110988,51316062709,,,,,0,1
161,1110988,53209100301,,,,,0,1
161,1110988,53209100302,,,,,0,1
161,1110988,53943016305,,,,,0,1
161,1110988,53943017803,,,,,0,1
161,1110988,53943019704,,,,,0,1
161,1110988,53943019804,,,,,0,1
161,1110988,53943019902,,,,,0,1
161,1110988,55910043200,,,,,0,1
161,1110988,55910043253,,,,,0,1
161,1110988,55910061309,,,,,0,1
161,1110988,55959013301,,,,,0,1
161,1110988,56062019702,,,,,0,1
161,1110988,56062019704,,,,,0,1
161,1110988,56062019802,,,,,0,1
161,1110988,56062019804,,,,,0,1
161,1110988,56062023462,,,,,0,1
161,1110988,56062030862,,,,,0,1
161,1110988,56062039902,,,,,0,1
161,1110988,57344016305,,,,,0,1
161,1110988,59779063162,,,,,0,1
161,1110988,59779088908,,,,,0,1
161,1110988,62011040601,,,,,0,1
161,1110988,62011044201,,,,,0,1
161,1110988,63824023720,,,,,0,1
161,1110988,63824023721,,,,,0,1
161,1110988,63824023744,,,,,0,1
161,1110988,63824023772,,,,,0,1
161,1110988,63824024220,,,,,0,1
161,1110988,63824051401,,,,,0,1
161,1110988,63824051701,,,,,0,1
161,1110988,63824057504,,,,,0,1
161,1110988,63824057510,,,,,0,1
161,1110988,63824057520,,,,,0,1
161,1110988,63824057521,,,,,0,1
161,1110988,63824057544,,,,,0,1
161,1110988,63824057572,,,,,0,1
161,1110988,63868000324,,,,,0,1
161,1110988,63868058720,,,,,0,1
161,1110988,63868058820,,,,,0,1
161,1110988,63868058920,,,,,0,1
161,1110988,63941016305,,,,,0,1
161,1110988,63941026305,,,,,0,1
161,1110988,63941039902,,,,,0,1
161,1110988,63941049704,,,,,0,1
161,1110988,63941049804,,,,,0,1
161,1110988,63941050308,,,,,0,1
161,1110988,63941050908,,,,,0,1
161,1110988,66715630403,,,,,0,1
161,1110988,66715631508,,,,,0,1
161,1110988,66715640402,,,,,0,1
161,1110988,66715645607,,,,,0,1
161,1110988,66715645608,,,,,0,1
161,1110988,66715651508,,,,,0,1
161,1110988,66715655602,,,,,0,1
161,1110988,66715658002,,,,,0,1
161,1110988,66715785602,,,,,0,1
161,1110988,66715975602,,,,,0,1
161,1110988,66715975603,,,,,0,1
161,1110988,66715990402,,,,,0,1
161,1110988,66715990403,,,,,0,1
161,1110988,66715990407,,,,,0,1
161,1110988,67091028824,,,,,0,1
161,1110988,67091029902,,,,,0,1
161,1110988,67414040200,,,,,0,1
161,1110988,67414040202,,,,,0,1
161,1110988,68016002588,,,,,0,1
161,1110988,68016051224,,,,,0,1
161,1110988,68016054624,,,,,0,1
161,1110988,68016054720,,,,,0,1
161,1110988,68016054820,,,,,0,1
161,1110988,68016062520,,,,,0,1
161,1110988,68016062820,,,,,0,1
161,1110988,68210416601,,,,,0,1
161,1110988,68210422103,,,,,0,1
161,1110988,68210423103,,,,,0,1
161,1110988,68998026305,,,,,0,1
161,1110988,69423098724,,,,,0,1
161,1110988,69842050308,,,,,0,1
161,1110988,69842072362,,,,,0,1
161,1110988,69842079602,,,,,0,1
161,1110988,70000028901,,,,,0,1
161,1110988,70000052501,,,,,0,1
161,1110988,70000063601,,,,,0,1
161,1110988,70264002502,,,,,0,1
161,1110988,70677010001,,,,,0,1
161,1110988,70677102701,,,,,0,1
161,1110988,72036015505,,,,,0,1
161,1110988,72036019902,,,,,0,1
161,1110988,72036029704,,,,,0,1
161,1110988,72036029804,,,,,0,1
161,1110988,72288035700,,,,,0,1
161,1110988,72288035762,,,,,0,1
161,1110988,72476016305,,,,,0,1
161,1110988,72476019702,,,,,0,1
161,1110988,72476019704,,,,,0,1
161,1110988,72476019802,,,,,0,1
161,1110988,72476019804,,,,,0,1
161,1110988,79481503008,,,,,0,1
161,1110988,79481617009,,,,,0,1
161,1110988,79481617109,,,,,0,1
161,1110988,79481617209,,,,,0,1
161,1110988,79903018010,,,,,0,1
161,1110988,79903021820,,,,,0,1
161,1110988,79903023510,,,,,0,1
161,1110988,82442073100,,,,,0,1
161,1110988,83324010420,,,,,0,1
161,1110988,83324010520,,,,,0,1
161,1110988,83324010620,,,,,0,1
161,1110988,83324011124,,,,,0,1
161,1112864,00085052201,,,,,0,1
161,1112864,00085052202,,,,,0,1
161,1112864,00085052203,,,,,0,1
161,1112864,11523052203,,,,,0,1
161,1112864,11523052206,,,,,0,1
161,1112864,11523052208,,,,,0,1
161,1112864,11523432501,,,,,0,1
161,1112864,11523432502,,,,,0,1
161,1112864,11523432503,,,,,0,1
161,1112864,30142069809,,,,,0,1
161,1112864,41250069209,,,,,0,1
161,1112864,67091042620,,,,,0,1
161,1112864,69842069209,,,,,0,1
161,1112864,71205031210,,,,,0,1
161,1112864,79903012009,,,,,0,1
161,1113397,00067811604,,,,,0,1
161,1113397,00363003404,,,,,0,1
161,1113397,24385098426,,,,,0,1
161,1113397,30142090326,,,,,0,1
161,1113397,30142098804,,,,,0,1
161,1113397,36800090326,,,,,0,1
161,1113397,41520070404,,,,,0,1
161,1113397,46122003626,,,,,0,1
161,1113397,46122031026,,,,,0,1
161,1113397,50580029901,,,,,0,1
161,1113397,50580045601,,,,,0,1
161,1113397,55910003104,,,,,0,1
161,1113397,59779014004,,,,,0,1
161,1113397,63941030404,,,,,0,1
161,1113397,68016014504,,,,,0,1
161,1113397,69842049426,,,,,0,1
161,1113522,00043639404,,,,,0,1
161,1113522,00067634904,,,,,0,1
161,1113705,00043046108,,,,,0,1
161,1113705,00067812708,,,,,0,1
161,1113705,00113065630,,,,,0,1
161,1113705,00113065634,,,,,0,1
161,1113705,00113065638,,,,,0,1
161,1113705,00113065640,,,,,0,1
161,1113705,00363065630,,,,,0,1
161,1113705,00363065634,,,,,0,1
161,1113705,00363065638,,,,,0,1
161,1113705,00363065640,,,,,0,1
161,1113705,00363066634,,,,,0,1
161,1113705,00363066640,,,,,0,1
161,1113705,00363466112,,,,,0,1
161,1113705,00363991202,,,,,0,1
161,1113705,00363997408,,,,,0,1
161,1113705,11673030140,,,,,0,1
161,1113705,11673076501,,,,,0,1
161,1113705,11822005702,,,,,0,1
161,1113705,11822056403,,,,,0,1
161,1113705,11822158301,,,,,0,1
161,1113705,11822158302,,,,,0,1
161,1113705,15127080810,,,,,0,1
161,1113705,21130086608,,,,,0,1
161,1113705,21130086612,,,,,0,1
161,1113705,23900001435,,,,,0,1
161,1113705,23900001436,,,,,0,1
161,1113705,23900001577,,,,,0,1
161,1113705,24385000530,,,,,0,1
161,1113705,24385000534,,,,,0,1
161,1113705,24385000538,,,,,0,1
161,1113705,24385000540,,,,,0,1
161,1113705,30142065640,,,,,0,1
161,1113705,30142066612,,,,,0,1
161,1113705,36800031608,,,,,0,1
161,1113705,36800052234,,,,,0,1
161,1113705,36800052240,,,,,0,1
161,1113705,36800065630,,,,,0,1
161,1113705,36800065638,,,,,0,1
161,1113705,37000055508,,,,,0,1
161,1113705,37000055512,,,,,0,1
161,1113705,37205071934,,,,,0,1
161,1113705,37205071940,,,,,0,1
161,1113705,37808001608,,,,,0,1
161,1113705,37808065638,,,,,0,1
161,1113705,37808065640,,,,,0,1
161,1113705,37808071883,,,,,0,1
161,1113705,37835052602,,,,,0,1
161,1113705,37835052630,,,,,0,1
161,1113705,37835052712,,,,,0,1
161,1113705,41163065634,,,,,0,1
161,1113705,41163065638,,,,,0,1
161,1113705,41163065640,,,,,0,1
161,1113705,41226077201,,,,,0,1
161,1113705,41250065640,,,,,0,1
161,1113705,41520003234,,,,,0,1
161,1113705,41520003240,,,,,0,1
161,1113705,46122001533,,,,,0,1
161,1113705,49035014202,,,,,0,1
161,1113705,49035046612,,,,,0,1
161,1113705,49035072640,,,,,0,1
161,1113705,49348075337,,,,,0,1
161,1113705,49580046601,,,,,0,1
161,1113705,49580046602,,,,,0,1
161,1113705,49580046604,,,,,0,1
161,1113705,49580046606,,,,,0,1
161,1113705,49580050108,,,,,0,1
161,1113705,50066030204,,,,,0,1
161,1113705,50580257008,,,,,0,1
161,1113705,50804031608,,,,,0,1
161,1113705,50844025102,,,,,0,1
161,1113705,51316012002,,,,,0,1
161,1113705,51316046608,,,,,0,1
161,1113705,51316046612,,,,,0,1
161,1113705,51316061712,,,,,0,1
161,1113705,51316062012,,,,,0,1
161,1113705,53942050628,,,,,0,1
161,1113705,53943050628,,,,,0,1
161,1113705,55301006612,,,,,0,1
161,1113705,55301071202,,,,,0,1
161,1113705,55319003608,,,,,0,1
161,1113705,55319006610,,,,,0,1
161,1113705,55319006612,,,,,0,1
161,1113705,55319064612,,,,,0,1
161,1113705,55319096008,,,,,0,1
161,1113705,55758005525,,,,,0,1
161,1113705,55910036612,,,,,0,1
161,1113705,55910065634,,,,,0,1
161,1113705,55910065638,,,,,0,1
161,1113705,55910065640,,,,,0,1
161,1113705,55910080108,,,,,0,1
161,1113705,56062065640,,,,,0,1
161,1113705,57243050625,,,,,0,1
161,1113705,59779065630,,,,,0,1
161,1113705,59779065634,,,,,0,1
161,1113705,59779065638,,,,,0,1
161,1113705,59779065640,,,,,0,1
161,1113705,59779069108,,,,,0,1
161,1113705,60816015508,,,,,0,1
161,1113705,62011006502,,,,,0,1
161,1113705,63868002008,,,,,0,1
161,1113705,63868002012,,,,,0,1
161,1113705,63941046606,,,,,0,1
161,1113705,63941046608,,,,,0,1
161,1113705,63941046610,,,,,0,1
161,1113705,63941046612,,,,,0,1
161,1113705,66715553104,,,,,0,1
161,1113705,66715641504,,,,,0,1
161,1113705,66715693104,,,,,0,1
161,1113705,67091028754,,,,,0,1
161,1113705,68016014201,,,,,0,1
161,1113705,68016014206,,,,,0,1
161,1113705,69256046612,,,,,0,1
161,1113705,69423078804,,,,,0,1
161,1113705,69423078806,,,,,0,1
161,1113705,69423078808,,,,,0,1
161,1113705,69423078812,,,,,0,1
161,1113705,69423098004,,,,,0,1
161,1113705,70000019101,,,,,0,1
161,1113705,70000019102,,,,,0,1
161,1113705,70677103101,,,,,0,1
161,1113705,71141013732,,,,,0,1
161,1113705,71141017932,,,,,0,1
161,1113705,72288065634,,,,,0,1
161,1113705,72288065640,,,,,0,1
161,1113705,76281030428,,,,,0,1
161,1113705,76281030625,,,,,0,1
161,1113705,76281050628,,,,,0,1
161,1113705,82501466102,,,,,0,1
161,1113705,83324016712,,,,,0,1
161,1113705,83324016808,,,,,0,1
161,1113705,84126031504,,,,,0,1
161,1113705,84379027504,,,,,0,1
161,1113705,84379044106,,,,,0,1
161,1113705,84379044112,,,,,0,1
161,1116568,00363047806,,,,,0,1
161,1116568,00363335006,,,,,0,1
161,1116568,41250075706,,,,,0,1
161,1116568,49035047806,,,,,0,1
161,1116568,53041061658,,,,,0,1
161,1116568,53942051525,,,,,0,1
161,1116568,55910075709,,,,,0,1
161,1116568,63824026566,,,,,0,1
161,1116568,63824026666,,,,,0,1
161,1116568,63824053666,,,,,0,1
161,1116568,63824093666,,,,,0,1
161,1116568,65131005418,,,,,0,1
161,1116568,69842071706,,,,,0,1
161,1116568,76281051525,,,,,0,1
161,1116572,00031875112,,,,,0,1
161,1116572,00031875118,,,,,0,1
161,1116572,00113101126,,,,,0,1
161,1116572,00113900726,,,,,0,1
161,1116572,00363041006,,,,,0,1
161,1116572,00363078206,,,,,0,1
161,1116572,00363088606,,,,,0,1
161,1116572,00363120930,,,,,0,1
161,1116572,00363336006,,,,,0,1
161,1116572,00363336106,,,,,0,1
161,1116572,00363405004,,,,,0,1
161,1116572,00363630008,,,,,0,1
161,1116572,00363800545,,,,,0,1
161,1116572,00363904245,,,,,0,1
161,1116572,11673029503,,,,,0,1
161,1116572,11673041006,,,,,0,1
161,1116572,11673077306,,,,,0,1
161,1116572,11673088545,,,,,0,1
161,1116572,11822140000,,,,,0,1
161,1116572,11822336606,,,,,0,1
161,1116572,11822336609,,,,,0,1
161,1116572,21130003606,,,,,0,1
161,1116572,27854029900,,,,,0,1
161,1116572,30142073106,,,,,0,1
161,1116572,36800003606,,,,,0,1
161,1116572,37808031625,,,,,0,1
161,1116572,37808081140,,,,,0,1
161,1116572,41163003506,,,,,0,1
161,1116572,41163003606,,,,,0,1
161,1116572,41163073706,,,,,0,1
161,1116572,41250068206,,,,,0,1
161,1116572,41520003606,,,,,0,1
161,1116572,46122021730,,,,,0,1
161,1116572,46122030330,,,,,0,1
161,1116572,46122044726,,,,,0,1
161,1116572,46122044734,,,,,0,1
161,1116572,49035033606,,,,,0,1
161,1116572,49035077109,,,,,0,1
161,1116572,50066031306,,,,,0,1
161,1116572,50066051625,,,,,0,1
161,1116572,50066051924,,,,,0,1
161,1116572,50428033768,,,,,0,1
161,1116572,50844000545,,,,,0,1
161,1116572,51316032326,,,,,0,1
161,1116572,51316032334,,,,,0,1
161,1116572,51316063004,,,,,0,1
161,1116572,51316063008,,,,,0,1
161,1116572,53041061858,,,,,0,1
161,1116572,53145069606,,,,,0,1
161,1116572,53942051625,,,,,0,1
161,1116572,55319070545,,,,,0,1
161,1116572,55758044304,,,,,0,1
161,1116572,55910033609,,,,,0,1
161,1116572,55910039826,,,,,0,1
161,1116572,55910088606,,,,,0,1
161,1116572,59640001026,,,,,0,1
161,1116572,63824001566,,,,,0,1
161,1116572,63824001569,,,,,0,1
161,1116572,63824001764,,,,,0,1
161,1116572,63824027864,,,,,0,1
161,1116572,63824052703,,,,,0,1
161,1116572,63824054266,,,,,0,1
161,1116572,63824054833,,,,,0,1
161,1116572,63824054864,,,,,0,1
161,1116572,63824054866,,,,,0,1
161,1116572,63824054869,,,,,0,1
161,1116572,63824093766,,,,,0,1
161,1116572,63824094827,,,,,0,1
161,1116572,63824095217,,,,,0,1
161,1116572,63824095404,,,,,0,1
161,1116572,63824095864,,,,,0,1
161,1116572,63868074607,,,,,0,1
161,1116572,67091045706,,,,,0,1
161,1116572,68016022400,,,,,0,1
161,1116572,68163073709,,,,,0,1
161,1116572,69842000624,,,,,0,1
161,1116572,69842047536,,,,,0,1
161,1116572,69842056606,,,,,0,1
161,1116572,69842090306,,,,,0,1
161,1116572,69842090309,,,,,0,1
161,1116572,70000031301,,,,,0,1
161,1116572,70000062301,,,,,0,1
161,1116572,70134040108,,,,,0,1
161,1116572,72288046334,,,,,0,1
161,1116572,72854013366,,,,,0,1
161,1116572,72854013866,,,,,0,1
161,1116572,76162000026,,,,,0,1
161,1116572,76162000034,,,,,0,1
161,1116572,76162005045,,,,,0,1
161,1116572,79481630008,,,,,0,1
161,1116572,82442073706,,,,,0,1
161,1116572,83324014306,,,,,0,1
161,1117245,55315098824,,,,,0,1
161,1147795,00927018707,,,,,0,1
161,1148399,00113004471,,,,,0,1
161,1148399,00113021771,,,,,0,1
161,1148399,00113054462,,,,,0,1
161,1148399,00113054471,,,,,0,1
161,1148399,00113054478,,,,,0,1
161,1148399,00280809020,,,,,0,1
161,1148399,00363033301,,,,,0,1
161,1148399,00363033304,,,,,0,1
161,1148399,00363033323,,,,,0,1
161,1148399,00363033350,,,,,0,1
161,1148399,00363033355,,,,,0,1
161,1148399,00363033422,,,,,0,1
161,1148399,00363033455,,,,,0,1
161,1148399,00363033601,,,,,0,1
161,1148399,00363033602,,,,,0,1
161,1148399,00363033624,,,,,0,1
161,1148399,00363033650,,,,,0,1
161,1148399,00363034008,,,,,0,1
161,1148399,00363034080,,,,,0,1
161,1148399,00363054447,,,,,0,1
161,1148399,00363054462,,,,,0,1
161,1148399,00363054471,,,,,0,1
161,1148399,00363054478,,,,,0,1
161,1148399,00363054485,,,,,0,1
161,1148399,00363089204,,,,,0,1
161,1148399,00363960407,,,,,0,1
161,1148399,00363960435,,,,,0,1
161,1148399,00363978101,,,,,0,1
161,1148399,00363978142,,,,,0,1
161,1148399,00363999210,,,,,0,1
161,1148399,00363999220,,,,,0,1
161,1148399,00363999224,,,,,0,1
161,1148399,00363999315,,,,,0,1
161,1148399,00363999321,,,,,0,1
161,1148399,00615842539,,,,,0,1
161,1148399,00904688365,,,,,0,1
161,1148399,00904731427,,,,,0,1
161,1148399,00904731460,,,,,0,1
161,1148399,00904756160,,,,,0,1
161,1148399,11673021062,,,,,0,1
161,1148399,11673061862,,,,,0,1
161,1148399,11673061878,,,,,0,1
161,1148399,11673067301,,,,,0,1
161,1148399,11673067326,,,,,0,1
161,1148399,11673092801,,,,,0,1
161,1148399,11673096678,,,,,0,1
161,1148399,11822050916,,,,,0,1
161,1148399,11822501902,,,,,0,1
161,1148399,11822501903,,,,,0,1
161,1148399,11822501904,,,,,0,1
161,1148399,11822509105,,,,,0,1
161,1148399,11822509106,,,,,0,1
161,1148399,11822601901,,,,,0,1
161,1148399,11822601902,,,,,0,1
161,1148399,11822669000,,,,,0,1
161,1148399,11822669001,,,,,0,1
161,1148399,11822669005,,,,,0,1
161,1148399,11917012353,,,,,0,1
161,1148399,12843057122,,,,,0,1
161,1148399,15127033201,,,,,0,1
161,1148399,21130009701,,,,,0,1
161,1148399,21130009705,,,,,0,1
161,1148399,21130010807,,,,,0,1
161,1148399,21130010835,,,,,0,1
161,1148399,21130012402,,,,,0,1
161,1148399,21130012403,,,,,0,1
161,1148399,24385062971,,,,,0,1
161,1148399,24385062978,,,,,0,1
161,1148399,24385062982,,,,,0,1
161,1148399,25000007102,,,,,0,1
161,1148399,25000007108,,,,,0,1
161,1148399,25000007110,,,,,0,1
161,1148399,25000007111,,,,,0,1
161,1148399,25000007145,,,,,0,1
161,1148399,25000010802,,,,,0,1
161,1148399,25000010808,,,,,0,1
161,1148399,30142015707,,,,,0,1
161,1148399,30142015735,,,,,0,1
161,1148399,30142054478,,,,,0,1
161,1148399,30142096683,,,,,0,1
161,1148399,30142096801,,,,,0,1
161,1148399,30142097001,,,,,0,1
161,1148399,36800021778,,,,,0,1
161,1148399,36800036978,,,,,0,1
161,1148399,36800045562,,,,,0,1
161,1148399,36800045571,,,,,0,1
161,1148399,36800045578,,,,,0,1
161,1148399,36800045579,,,,,0,1
161,1148399,36800045583,,,,,0,1
161,1148399,36800054462,,,,,0,1
161,1148399,36800054471,,,,,0,1
161,1148399,36800054478,,,,,0,1
161,1148399,36800063201,,,,,0,1
161,1148399,36800063202,,,,,0,1
161,1148399,36800063203,,,,,0,1
161,1148399,36800063205,,,,,0,1
161,1148399,36800077947,,,,,0,1
161,1148399,36800096647,,,,,0,1
161,1148399,37205003471,,,,,0,1
161,1148399,37205003478,,,,,0,1
161,1148399,37205047778,,,,,0,1
161,1148399,37205066257,,,,,0,1
161,1148399,37205066258,,,,,0,1
161,1148399,37808012002,,,,,0,1
161,1148399,37808012004,,,,,0,1
161,1148399,37808074771,,,,,0,1
161,1148399,37835051201,,,,,0,1
161,1148399,41163020302,,,,,0,1
161,1148399,41163020303,,,,,0,1
161,1148399,41226069901,,,,,0,1
161,1148399,41226069926,,,,,0,1
161,1148399,41226069942,,,,,0,1
161,1148399,41226070401,,,,,0,1
161,1148399,41250065803,,,,,0,1
161,1148399,41250080262,,,,,0,1
161,1148399,41250080278,,,,,0,1
161,1148399,41250096647,,,,,0,1
161,1148399,41520021771,,,,,0,1
161,1148399,41520021778,,,,,0,1
161,1148399,41520054471,,,,,0,1
161,1148399,41520054478,,,,,0,1
161,1148399,46122006271,,,,,0,1
161,1148399,46122006278,,,,,0,1
161,1148399,46122017081,,,,,0,1
161,1148399,46122062962,,,,,0,1
161,1148399,46122062971,,,,,0,1
161,1148399,46122062978,,,,,0,1
161,1148399,46122062981,,,,,0,1
161,1148399,46122063071,,,,,0,1
161,1148399,46122063078,,,,,0,1
161,1148399,49035018121,,,,,0,1
161,1148399,49035054485,,,,,0,1
161,1148399,49035074101,,,,,0,1
161,1148399,49035074162,,,,,0,1
161,1148399,49035074178,,,,,0,1
161,1148399,49035096678,,,,,0,1
161,1148399,49483069901,,,,,0,1
161,1148399,49483069905,,,,,0,1
161,1148399,49483069926,,,,,0,1
161,1148399,49483069940,,,,,0,1
161,1148399,49483069942,,,,,0,1
161,1148399,49483070405,,,,,0,1
161,1148399,50268005211,,,,,0,1
161,1148399,50268005215,,,,,0,1
161,1148399,51316035442,,,,,0,1
161,1148399,51316096901,,,,,0,1
161,1148399,51660033301,,,,,0,1
161,1148399,51660033324,,,,,0,1
161,1148399,51660033350,,,,,0,1
161,1148399,53329019729,,,,,0,1
161,1148399,53329064329,,,,,0,1
161,1148399,53943020002,,,,,0,1
161,1148399,53943020003,,,,,0,1
161,1148399,53943020009,,,,,0,1
161,1148399,54257057303,,,,,0,1
161,1148399,55315033350,,,,,0,1
161,1148399,55319018510,,,,,0,1
161,1148399,55319018524,,,,,0,1
161,1148399,55700067930,,,,,0,1
161,1148399,55910074962,,,,,0,1
161,1148399,55910074971,,,,,0,1
161,1148399,55910082862,,,,,0,1
161,1148399,55910082871,,,,,0,1
161,1148399,55910082878,,,,,0,1
161,1148399,55910082883,,,,,0,1
161,1148399,55910089205,,,,,0,1
161,1148399,55910089226,,,,,0,1
161,1148399,55910089242,,,,,0,1
161,1148399,55910089505,,,,,0,1
161,1148399,55959017903,,,,,0,1
161,1148399,56062054462,,,,,0,1
161,1148399,56062054478,,,,,0,1
161,1148399,57344020103,,,,,0,1
161,1148399,57896025501,,,,,0,1
161,1148399,57896026801,,,,,0,1
161,1148399,58602073007,,,,,0,1
161,1148399,58602073014,,,,,0,1
161,1148399,58602073021,,,,,0,1
161,1148399,58602073028,,,,,0,1
161,1148399,58602073029,,,,,0,1
161,1148399,58602073034,,,,,0,1
161,1148399,58602073035,,,,,0,1
161,1148399,58602073036,,,,,0,1
161,1148399,58602073040,,,,,0,1
161,1148399,58602073041,,,,,0,1
161,1148399,58602073044,,,,,0,1
161,1148399,58602073067,,,,,0,1
161,1148399,58602073076,,,,,0,1
161,1148399,58602073094,,,,,0,1
161,1148399,58602087307,,,,,0,1
161,1148399,58602087314,,,,,0,1
161,1148399,58602087321,,,,,0,1
161,1148399,58602087329,,,,,0,1
161,1148399,58602087334,,,,,0,1
161,1148399,58602087335,,,,,0,1
161,1148399,58602087336,,,,,0,1
161,1148399,58602087340,,,,,0,1
161,1148399,58602087341,,,,,0,1
161,1148399,58602087344,,,,,0,1
161,1148399,58602087367,,,,,0,1
161,1148399,58602087376,,,,,0,1
161,1148399,58602087394,,,,,0,1
161,1148399,59726001310,,,,,0,1
161,1148399,59726066910,,,,,0,1
161,1148399,59726067150,,,,,0,1
161,1148399,59779035001,,,,,0,1
161,1148399,59779035004,,,,,0,1
161,1148399,59779035023,,,,,0,1
161,1148399,59779035050,,,,,0,1
161,1148399,59779035055,,,,,0,1
161,1148399,59779054447,,,,,0,1
161,1148399,59779054462,,,,,0,1
161,1148399,59779054471,,,,,0,1
161,1148399,59779054478,,,,,0,1
161,1148399,61919086071,,,,,0,1
161,1148399,62207018334,,,,,0,1
161,1148399,62207018335,,,,,0,1
161,1148399,62207018349,,,,,0,1
161,1148399,62207018351,,,,,0,1
161,1148399,62207018387,,,,,0,1
161,1148399,62207018397,,,,,0,1
161,1148399,62207018849,,,,,0,1
161,1148399,62207018851,,,,,0,1
161,1148399,63629503601,,,,,0,1
161,1148399,63629503602,,,,,0,1
161,1148399,63868008901,,,,,0,1
161,1148399,63868008950,,,,,0,1
161,1148399,63868009101,,,,,0,1
161,1148399,63868009150,,,,,0,1
161,1148399,63868066001,,,,,0,1
161,1148399,63868066022,,,,,0,1
161,1148399,63868066050,,,,,0,1
161,1148399,63868067950,,,,,0,1
161,1148399,63941030002,,,,,0,1
161,1148399,63941030004,,,,,0,1
161,1148399,63941033301,,,,,0,1
161,1148399,63941033350,,,,,0,1
161,1148399,63941033650,,,,,0,1
161,1148399,63941040102,,,,,0,1
161,1148399,67091040102,,,,,0,1
161,1148399,68001049500,,,,,0,1
161,1148399,68016001946,,,,,0,1
161,1148399,68016030301,,,,,0,1
161,1148399,68016030350,,,,,0,1
161,1148399,68016033301,,,,,0,1
161,1148399,68016033350,,,,,0,1
161,1148399,68016033601,,,,,0,1
161,1148399,68016033650,,,,,0,1
161,1148399,68016034008,,,,,0,1
161,1148399,68016034040,,,,,0,1
161,1148399,68084077725,,,,,0,1
161,1148399,68084077795,,,,,0,1
161,1148399,68196054482,,,,,0,1
161,1148399,68998030003,,,,,0,1
161,1148399,68998040103,,,,,0,1
161,1148399,69168046103,,,,,0,1
161,1148399,69168046117,,,,,0,1
161,1148399,69168046132,,,,,0,1
161,1148399,69842003735,,,,,0,1
161,1148399,69842003744,,,,,0,1
161,1148399,69842003791,,,,,0,1
161,1148399,69842029710,,,,,0,1
161,1148399,69842029720,,,,,0,1
161,1148399,69842031278,,,,,0,1
161,1148399,69842032210,,,,,0,1
161,1148399,69842032224,,,,,0,1
161,1148399,69842054447,,,,,0,1
161,1148399,69842054462,,,,,0,1
161,1148399,69842054471,,,,,0,1
161,1148399,69842054478,,,,,0,1
161,1148399,69842054479,,,,,0,1
161,1148399,69842054483,,,,,0,1
161,1148399,69842054485,,,,,0,1
161,1148399,69842063507,,,,,0,1
161,1148399,69842076478,,,,,0,1
161,1148399,69842093080,,,,,0,1
161,1148399,69848001510,,,,,0,1
161,1148399,69848001524,,,,,0,1
161,1148399,70000018002,,,,,0,1
161,1148399,70000018003,,,,,0,1
161,1148399,70000018005,,,,,0,1
161,1148399,70000030601,,,,,0,1
161,1148399,70000062601,,,,,0,1
161,1148399,70000062701,,,,,0,1
161,1148399,70000062702,,,,,0,1
161,1148399,70000062703,,,,,0,1
161,1148399,70000073301,,,,,0,1
161,1148399,70000073302,,,,,0,1
161,1148399,70000073401,,,,,0,1
161,1148399,70010016001,,,,,0,1
161,1148399,70677001701,,,,,0,1
161,1148399,70677001801,,,,,0,1
161,1148399,70677014701,,,,,0,1
161,1148399,70677016801,,,,,0,1
161,1148399,70677112301,,,,,0,1
161,1148399,70677113001,,,,,0,1
161,1148399,71309001101,,,,,0,1
161,1148399,71335021902,,,,,0,1
161,1148399,71335052401,,,,,0,1
161,1148399,71335052402,,,,,0,1
161,1148399,71335052403,,,,,0,1
161,1148399,71335052404,,,,,0,1
161,1148399,71335052405,,,,,0,1
161,1148399,71335052406,,,,,0,1
161,1148399,71335062501,,,,,0,1
161,1148399,71335062502,,,,,0,1
161,1148399,71335062503,,,,,0,1
161,1148399,71335134001,,,,,0,1
161,1148399,71335134002,,,,,0,1
161,1148399,71335134003,,,,,0,1
161,1148399,71335134004,,,,,0,1
161,1148399,71335134005,,,,,0,1
161,1148399,71335134006,,,,,0,1
161,1148399,71335134007,,,,,0,1
161,1148399,71335254501,,,,,0,1
161,1148399,71335254502,,,,,0,1
161,1148399,71335254503,,,,,0,1
161,1148399,71335254504,,,,,0,1
161,1148399,71335254505,,,,,0,1
161,1148399,71335254506,,,,,0,1
161,1148399,71335254507,,,,,0,1
161,1148399,71335974601,,,,,0,1
161,1148399,71335974602,,,,,0,1
161,1148399,71335974603,,,,,0,1
161,1148399,71335974604,,,,,0,1
161,1148399,71335974605,,,,,0,1
161,1148399,71335974606,,,,,0,1
161,1148399,71335974607,,,,,0,1
161,1148399,72036020004,,,,,0,1
161,1148399,72288054479,,,,,0,1
161,1148399,72288063478,,,,,0,1
161,1148399,72288069810,,,,,0,1
161,1148399,72476018505,,,,,0,1
161,1148399,72476018510,,,,,0,1
161,1148399,72476018521,,,,,0,1
161,1148399,72476018605,,,,,0,1
161,1148399,72476018610,,,,,0,1
161,1148399,76420059001,,,,,0,1
161,1148399,76420059030,,,,,0,1
161,1148399,76420059060,,,,,0,1
161,1148399,76420059090,,,,,0,1
161,1148399,76420091401,,,,,0,1
161,1148399,76420091405,,,,,0,1
161,1148399,76420091426,,,,,0,1
161,1148399,76420091440,,,,,0,1
161,1148399,76420091442,,,,,0,1
161,1148399,76420091460,,,,,0,1
161,1148399,79481018301,,,,,0,1
161,1148399,79481018302,,,,,0,1
161,1148399,79481018304,,,,,0,1
161,1148399,79481018305,,,,,0,1
161,1148399,79481018401,,,,,0,1
161,1148399,79481018408,,,,,0,1
161,1148399,79903013225,,,,,0,1
161,1148399,79903013724,,,,,0,1
161,1148399,79903013799,,,,,0,1
161,1148399,79903034533,,,,,0,1
161,1148399,81522020003,,,,,0,1
161,1148399,81522020103,,,,,0,1
161,1148399,83324008250,,,,,0,1
161,1148399,83324008301,,,,,0,1
161,1148399,83324008350,,,,,0,1
161,1189316,00067642601,,,,,0,1
161,1189316,00067642606,,,,,0,1
161,1189316,00067642611,,,,,0,1
161,1189316,00067680202,,,,,0,1
161,1189316,00113002391,,,,,0,1
161,1189316,00363110406,,,,,0,1
161,1189316,00363547006,,,,,0,1
161,1189316,00363547906,,,,,0,1
161,1189316,46122031613,,,,,0,1
161,1189316,46122076059,,,,,0,1
161,1189316,49035090791,,,,,0,1
161,1189316,55910050991,,,,,0,1
161,1189316,58933055001,,,,,0,1
161,1189316,58933055008,,,,,0,1
161,1189316,68163054706,,,,,0,1
161,1189316,70000015601,,,,,0,1
161,1189316,72288030391,,,,,0,1
161,1189316,72288080991,,,,,0,1
161,1189316,79903054101,,,,,0,1
161,1189316,82442012200,,,,,0,1
161,1190931,52083048190,,,,,0,1
161,1190931,52083068190,,,,,0,1
161,1193292,48201000112,,,,,0,1
161,1193292,55758004308,,,,,0,1
161,1193292,55758040712,,,,,0,1
161,1193292,63654080006,,,,,0,1
161,1193292,63654080012,,,,,0,1
161,1193292,69517011208,,,,,0,1
161,1193293,52747047570,,,,,0,1
161,1193293,63654060101,,,,,0,1
161,1193293,63654060102,,,,,0,1
161,1193293,63654060104,,,,,0,1
161,1193293,63654060110,,,,,0,1
161,1193293,63654060120,,,,,0,1
161,1193293,63654060150,,,,,0,1
161,1193293,76095001001,,,,,0,1
161,1193293,76095001002,,,,,0,1
161,1193293,76095001004,,,,,0,1
161,1193293,76095001010,,,,,0,1
161,1193293,76095001020,,,,,0,1
161,1193293,76095001050,,,,,0,1
161,1233575,00067813710,,,,,0,1
161,1233575,00067813720,,,,,0,1
161,1233575,00363052608,,,,,0,1
161,1233575,12547022734,,,,,0,1
161,1233575,41250059203,,,,,0,1
161,1233575,46122005262,,,,,0,1
161,1233575,46122040562,,,,,0,1
161,1233575,53145000930,,,,,0,1
161,1233575,55301046408,,,,,0,1
161,1233575,55910046408,,,,,0,1
161,1233575,63824079308,,,,,0,1
161,1233575,63868098524,,,,,0,1
161,1233575,68016002012,,,,,0,1
161,1233575,68016002591,,,,,0,1
161,1233575,68210419001,,,,,0,1
161,1233575,79903018110,,,,,0,1
161,1233575,79903019910,,,,,0,1
161,1233575,83059004401,,,,,0,1
161,1233575,83059004501,,,,,0,1
161,1236070,49873010801,,,,,0,1
161,1236419,00182111511,,,,,0,1
161,1236435,37205042853,,,,,0,1
161,1236435,56062020060,,,,,0,1
161,1237110,36800060938,,,,,0,1
161,1241829,15370003410,,,,,0,1
161,1242618,00731013501,,,,,0,1
161,1242747,49873011301,,,,,0,1
161,1243679,00113014501,,,,,0,1
161,1243679,00113099752,,,,,0,1
161,1243679,00363015601,,,,,0,1
161,1243679,00363041208,,,,,0,1
161,1243679,00363052708,,,,,0,1
161,1243679,00363052722,,,,,0,1
161,1243679,00363062809,,,,,0,1
161,1243679,00363502707,,,,,0,1
161,1243679,00363502708,,,,,0,1
161,1243679,00363527007,,,,,0,1
161,1243679,00363602809,,,,,0,1
161,1243679,00363615009,,,,,0,1
161,1243679,11673092708,,,,,0,1
161,1243679,11822052708,,,,,0,1
161,1243679,11822516009,,,,,0,1
161,1243679,21130061509,,,,,0,1
161,1243679,21130062708,,,,,0,1
161,1243679,29485655704,,,,,0,1
161,1243679,29485805702,,,,,0,1
161,1243679,29485805703,,,,,0,1
161,1243679,30142001160,,,,,0,1
161,1243679,30142051139,,,,,0,1
161,1243679,30142072708,,,,,0,1
161,1243679,30142082809,,,,,0,1
161,1243679,36800050505,,,,,0,1
161,1243679,36800057502,,,,,0,1
161,1243679,36800079302,,,,,0,1
161,1243679,37808027302,,,,,0,1
161,1243679,37808036702,,,,,0,1
161,1243679,37808077502,,,,,0,1
161,1243679,41163051202,,,,,0,1
161,1243679,41163071202,,,,,0,1
161,1243679,41250021905,,,,,0,1
161,1243679,41250026702,,,,,0,1
161,1243679,41250027502,,,,,0,1
161,1243679,41250057302,,,,,0,1
161,1243679,42961011210,,,,,0,1
161,1243679,42961011211,,,,,0,1
161,1243679,42961011212,,,,,0,1
161,1243679,46122022962,,,,,0,1
161,1243679,46122027160,,,,,0,1
161,1243679,46122041262,,,,,0,1
161,1243679,46122041562,,,,,0,1
161,1243679,46122071260,,,,,0,1
161,1243679,46612071260,,,,,0,1
161,1243679,49035016509,,,,,0,1
161,1243679,49035052708,,,,,0,1
161,1243679,49035052742,,,,,0,1
161,1243679,49348011704,,,,,0,1
161,1243679,50269050725,,,,,0,1
161,1243679,50580044701,,,,,0,1
161,1243679,50580050701,,,,,0,1
161,1243679,50580050702,,,,,0,1
161,1243679,50580050703,,,,,0,1
161,1243679,50580050704,,,,,0,1
161,1243679,50580056625,,,,,0,1
161,1243679,50580067724,,,,,0,1
161,1243679,50580068025,,,,,0,1
161,1243679,50804000603,,,,,0,1
161,1243679,50804011905,,,,,0,1
161,1243679,50804017302,,,,,0,1
161,1243679,50804067205,,,,,0,1
161,1243679,50804080503,,,,,0,1
161,1243679,50844057202,,,,,0,1
161,1243679,50844057208,,,,,0,1
161,1243679,51316051609,,,,,0,1
161,1243679,52904045502,,,,,0,1
161,1243679,52904045506,,,,,0,1
161,1243679,53209100401,,,,,0,1
161,1243679,53209100402,,,,,0,1
161,1243679,53943016702,,,,,0,1
161,1243679,53943017502,,,,,0,1
161,1243679,53943031905,,,,,0,1
161,1243679,55301052708,,,,,0,1
161,1243679,55319061712,,,,,0,1
161,1243679,55319081519,,,,,0,1
161,1243679,55910052908,,,,,0,1
161,1243679,55910092708,,,,,0,1
161,1243679,59779027508,,,,,0,1
161,1243679,59779051509,,,,,0,1
161,1243679,59779065101,,,,,0,1
161,1243679,59779092708,,,,,0,1
161,1243679,59779092809,,,,,0,1
161,1243679,62011024001,,,,,0,1
161,1243679,63824019020,,,,,0,1
161,1243679,63824020120,,,,,0,1
161,1243679,63824020130,,,,,0,1
161,1243679,63824020144,,,,,0,1
161,1243679,63824020172,,,,,0,1
161,1243679,63824024110,,,,,0,1
161,1243679,63824024120,,,,,0,1
161,1243679,63824024144,,,,,0,1
161,1243679,63824024172,,,,,0,1
161,1243679,63824024320,,,,,0,1
161,1243679,63824079101,,,,,0,1
161,1243679,63868007124,,,,,0,1
161,1243679,63868008124,,,,,0,1
161,1243679,63868010324,,,,,0,1
161,1243679,63868072220,,,,,0,1
161,1243679,63868074724,,,,,0,1
161,1243679,63941016702,,,,,0,1
161,1243679,63941017302,,,,,0,1
161,1243679,63941027508,,,,,0,1
161,1243679,63941052708,,,,,0,1
161,1243679,66715554409,,,,,0,1
161,1243679,66715563203,,,,,0,1
161,1243679,66715633203,,,,,0,1
161,1243679,66715645707,,,,,0,1
161,1243679,66715645708,,,,,0,1
161,1243679,66715655702,,,,,0,1
161,1243679,66715674409,,,,,0,1
161,1243679,66715785702,,,,,0,1
161,1243679,66715972107,,,,,0,1
161,1243679,66715975702,,,,,0,1
161,1243679,66715975703,,,,,0,1
161,1243679,67060010602,,,,,0,1
161,1243679,67091021224,,,,,0,1
161,1243679,67091034924,,,,,0,1
161,1243679,67414050700,,,,,0,1
161,1243679,67414050704,,,,,0,1
161,1243679,68016050424,,,,,0,1
161,1243679,68016054920,,,,,0,1
161,1243679,68016071724,,,,,0,1
161,1243679,68210416401,,,,,0,1
161,1243679,68998017502,,,,,0,1
161,1243679,68998021905,,,,,0,1
161,1243679,68998027502,,,,,0,1
161,1243679,69842065101,,,,,0,1
161,1243679,69842078602,,,,,0,1
161,1243679,70000008001,,,,,0,1
161,1243679,70000008301,,,,,0,1
161,1243679,70000019601,,,,,0,1
161,1243679,70264002602,,,,,0,1
161,1243679,70677100501,,,,,0,1
161,1243679,70677125901,,,,,0,1
161,1243679,72036011905,,,,,0,1
161,1243679,72036016702,,,,,0,1
161,1243679,72036017502,,,,,0,1
161,1243679,72476011905,,,,,0,1
161,1243679,72476016702,,,,,0,1
161,1243679,79481357208,,,,,0,1
161,1243679,79481507208,,,,,0,1
161,1243679,79481519609,,,,,0,1
161,1243679,79481725008,,,,,0,1
161,1243679,83059002901,,,,,0,1
161,1243679,83059005701,,,,,0,1
161,1243679,83324010720,,,,,0,1
161,1243679,83324011224,,,,,0,1
161,1243679,83324011424,,,,,0,1
161,1243679,83324011524,,,,,0,1
161,1245169,49873011401,,,,,0,1
161,1249617,35573045502,,,,,0,1
161,1249617,47781053401,,,,,0,1
161,1249617,47781064401,,,,,0,1
161,1249617,51862053801,,,,,0,1
161,1249617,68682030601,,,,,0,1
161,1249617,70752014710,,,,,0,1
161,1249617,70752014714,,,,,0,1
161,1249617,81005012301,,,,,0,1
161,1250743,50580034401,,,,,0,1
161,1251928,00363034208,,,,,0,1
161,1291951,49580141604,,,,,0,1
161,1291951,49580141606,,,,,0,1
161,1292342,69423081112,,,,,0,1
161,1293344,00927022424,,,,,0,1
161,1293344,00927022463,,,,,0,1
161,1293344,00927032463,,,,,0,1
161,1294019,50580044224,,,,,0,1
161,1294019,50580067636,,,,,0,1
161,1294201,00182118316,,,,,0,1
161,1294201,16500005502,,,,,0,1
161,1294607,00067010508,,,,,0,1
161,1297288,00113034560,,,,,0,1
161,1297288,00280009701,,,,,0,1
161,1297288,00280009702,,,,,0,1
161,1297288,00280112405,,,,,0,1
161,1297288,00280112420,,,,,0,1
161,1297288,00280113720,,,,,0,1
161,1297288,00280119520,,,,,0,1
161,1297288,00280119540,,,,,0,1
161,1297288,00280160020,,,,,0,1
161,1297288,00280162020,,,,,0,1
161,1297288,00280164016,,,,,0,1
161,1297288,00280164024,,,,,0,1
161,1297288,00363011424,,,,,0,1
161,1297288,00363101124,,,,,0,1
161,1297288,00363899724,,,,,0,1
161,1297288,11673098308,,,,,0,1
161,1297288,11673098324,,,,,0,1
161,1297288,11822385308,,,,,0,1
161,1297288,11822385608,,,,,0,1
161,1297288,16500055531,,,,,0,1
161,1297288,16500057683,,,,,0,1
161,1297288,30142034560,,,,,0,1
161,1297288,35916016701,,,,,0,1
161,1297288,35916018601,,,,,0,1
161,1297288,36800041104,,,,,0,1
161,1297288,36800065924,,,,,0,1
161,1297288,37000051802,,,,,0,1
161,1297288,37000051808,,,,,0,1
161,1297288,37000051824,,,,,0,1
161,1297288,46122027260,,,,,0,1
161,1297288,51013016908,,,,,0,1
161,1297288,51013017504,,,,,0,1
161,1297288,51316052624,,,,,0,1
161,1297288,53345002001,,,,,0,1
161,1297288,53345005301,,,,,0,1
161,1297288,55319093408,,,,,0,1
161,1297288,55629001602,,,,,0,1
161,1297288,63868046824,,,,,0,1
161,1297288,63868067216,,,,,0,1
161,1297288,69842029008,,,,,0,1
161,1297288,69842038208,,,,,0,1
161,1297288,69842083324,,,,,0,1
161,1297288,72476099814,,,,,0,1
161,1297288,76162073224,,,,,0,1
161,1297288,76162081224,,,,,0,1
161,1297288,79903013424,,,,,0,1
161,1297288,79903024604,,,,,0,1
161,1297288,81179000400,,,,,0,1
161,1297288,83324003824,,,,,0,1
161,1297947,42037010295,,,,,0,1
161,1297947,42037011164,,,,,0,1
161,1297947,63029065606,,,,,0,1
161,1297947,63029065616,,,,,0,1
161,1297947,63029066101,,,,,0,1
161,1297947,63029066102,,,,,0,1
161,1298348,00043046008,,,,,0,1
161,1298348,00043626508,,,,,0,1
161,1298348,00043640708,,,,,0,1
161,1298348,00067812808,,,,,0,1
161,1298348,00067812908,,,,,0,1
161,1298348,00067813108,,,,,0,1
161,1298348,36800031708,,,,,0,1
161,1298348,37808001708,,,,,0,1
161,1298348,46122001633,,,,,0,1
161,1298348,49348090470,,,,,0,1
161,1298348,49580050208,,,,,0,1
161,1298348,55319031708,,,,,0,1
161,1298348,55319060283,,,,,0,1
161,1298348,59779069308,,,,,0,1
161,1298348,59779093808,,,,,0,1
161,1298348,68016015408,,,,,0,1
161,1299646,23900000106,,,,,0,1
161,1299662,00182117716,,,,,0,1
161,1299662,00280119720,,,,,0,1
161,1299662,16500005401,,,,,0,1
161,1299662,16500005402,,,,,0,1
161,1303251,63922060112,,,,,0,1
161,1312260,66715671508,,,,,0,1
161,1313969,00363048208,,,,,0,1
161,1357553,49580030404,,,,,0,1
161,1359154,58605043201,,,,,0,1
161,1359455,00067298190,,,,,0,1
161,1359455,00067820401,,,,,0,1
161,1359455,00363069834,,,,,0,1
161,1359455,36800069834,,,,,0,1
161,1359455,50580014008,,,,,0,1
161,1359455,84126035612,,,,,0,1
161,1366825,00363014862,,,,,0,1
161,1367204,47682013999,,,,,0,1
161,1367204,47682042513,,,,,0,1
161,1367204,47682042533,,,,,0,1
161,1367204,47682082213,,,,,0,1
161,1367204,47682082233,,,,,0,1
161,1367204,47682082248,,,,,0,1
161,1367204,50332012904,,,,,0,1
161,1367204,50332012907,,,,,0,1
161,1367204,55670014313,,,,,0,1
161,1367204,55758036102,,,,,0,1
161,1367204,55758036199,,,,,0,1
161,1367204,66715552803,,,,,0,1
161,1367204,69729014302,,,,,0,1
161,1367204,69729014306,,,,,0,1
161,1367204,69729014372,,,,,0,1
161,1367204,82652003201,,,,,0,1
161,1367205,69517015506,,,,,0,1
161,1367205,69517015572,,,,,0,1
161,1367206,47682010513,,,,,0,1
161,1367206,47682010533,,,,,0,1
161,1367384,15187000404,,,,,0,1
161,1369842,00067813208,,,,,0,1
161,1369842,00113060334,,,,,0,1
161,1369842,00113060340,,,,,0,1
161,1369842,00113229940,,,,,0,1
161,1369842,00363060334,,,,,0,1
161,1369842,00363060340,,,,,0,1
161,1369842,00363194040,,,,,0,1
161,1369842,00363415008,,,,,0,1
161,1369842,00363500140,,,,,0,1
161,1369842,00363610612,,,,,0,1
161,1369842,00363727012,,,,,0,1
161,1369842,11673060340,,,,,0,1
161,1369842,11822071001,,,,,0,1
161,1369842,11822312000,,,,,0,1
161,1369842,21130009140,,,,,0,1
161,1369842,23900003812,,,,,0,1
161,1369842,23900003813,,,,,0,1
161,1369842,23900004162,,,,,0,1
161,1369842,30142060340,,,,,0,1
161,1369842,30142072212,,,,,0,1
161,1369842,36800060334,,,,,0,1
161,1369842,36800060340,,,,,0,1
161,1369842,37000053212,,,,,0,1
161,1369842,37000081001,,,,,0,1
161,1369842,37000081004,,,,,0,1
161,1369842,37000081008,,,,,0,1
161,1369842,37000081012,,,,,0,1
161,1369842,37000081024,,,,,0,1
161,1369842,37808060340,,,,,0,1
161,1369842,41163060340,,,,,0,1
161,1369842,41226076601,,,,,0,1
161,1369842,41226077401,,,,,0,1
161,1369842,41226078001,,,,,0,1
161,1369842,41250060340,,,,,0,1
161,1369842,41520071340,,,,,0,1
161,1369842,46122023434,,,,,0,1
161,1369842,49035047640,,,,,0,1
161,1369842,49580041508,,,,,0,1
161,1369842,50580025808,,,,,0,1
161,1369842,50580040308,,,,,0,1
161,1369842,50580051101,,,,,0,1
161,1369842,50594001640,,,,,0,1
161,1369842,51316041212,,,,,0,1
161,1369842,51316061340,,,,,0,1
161,1369842,51316072712,,,,,0,1
161,1369842,55319014508,,,,,0,1
161,1369842,55319041508,,,,,0,1
161,1369842,55910051508,,,,,0,1
161,1369842,55910057640,,,,,0,1
161,1369842,55910073734,,,,,0,1
161,1369842,59779060334,,,,,0,1
161,1369842,59779060340,,,,,0,1
161,1369842,59779094108,,,,,0,1
161,1369842,69423075906,,,,,0,1
161,1369842,69423075908,,,,,0,1
161,1369842,69423075912,,,,,0,1
161,1369842,69423080608,,,,,0,1
161,1369842,69423080612,,,,,0,1
161,1369842,69423096408,,,,,0,1
161,1369842,69423099008,,,,,0,1
161,1369842,69423099012,,,,,0,1
161,1369842,70000019201,,,,,0,1
161,1369842,70677016001,,,,,0,1
161,1369842,70677102901,,,,,0,1
161,1369842,72288051540,,,,,0,1
161,1369842,72288060334,,,,,0,1
161,1369842,72288060340,,,,,0,1
161,1369842,76162050040,,,,,0,1
161,1369842,79481510000,,,,,0,1
161,1369842,79903012312,,,,,0,1
161,1369842,79903019012,,,,,0,1
161,1369842,82442011940,,,,,0,1
161,1369927,00067011501,,,,,0,1
161,1370113,00363650404,,,,,0,1
161,1370113,50580019401,,,,,0,1
161,1370113,51316065004,,,,,0,1
161,1370113,59779019626,,,,,0,1
161,1370440,76864020801,,,,,0,1
161,1372312,50580038704,,,,,0,1
161,1372312,59779014704,,,,,0,1
161,1375932,00031875212,,,,,0,1
161,1375932,00031875218,,,,,0,1
161,1375932,00363046006,,,,,0,1
161,1375932,00363073306,,,,,0,1
161,1375932,00363074706,,,,,0,1
161,1375932,00363406004,,,,,0,1
161,1375932,00363913006,,,,,0,1
161,1375932,11673046006,,,,,0,1
161,1375932,11673080604,,,,,0,1
161,1375932,11822685907,,,,,0,1
161,1375932,30142073606,,,,,0,1
161,1375932,46122035930,,,,,0,1
161,1375932,49035062303,,,,,0,1
161,1375932,51316073304,,,,,0,1
161,1375932,55910046006,,,,,0,1
161,1375932,63824021166,,,,,0,1
161,1375932,63824021264,,,,,0,1
161,1375932,63824021266,,,,,0,1
161,1375932,63824026266,,,,,0,1
161,1375932,63824050066,,,,,0,1
161,1375932,63824060064,,,,,0,1
161,1375932,63824095021,,,,,0,1
161,1375932,69842046106,,,,,0,1
161,1375932,69842060604,,,,,0,1
161,1375932,70134040408,,,,,0,1
161,1375932,82442037704,,,,,0,1
161,1425315,46084012320,,,,,0,1
161,1426334,00363175678,,,,,0,1
161,1426334,35916018502,,,,,0,1
161,1426334,35916018901,,,,,0,1
161,1426334,51013066801,,,,,0,1
161,1426334,69423080148,,,,,0,1
161,1426334,69423080424,,,,,0,1
161,1431245,00113001934,,,,,0,1
161,1431245,00113001940,,,,,0,1
161,1431245,00113076334,,,,,0,1
161,1431245,00113076340,,,,,0,1
161,1431245,00113250140,,,,,0,1
161,1431245,00363024108,,,,,0,1
161,1431245,00363033126,,,,,0,1
161,1431245,00363062334,,,,,0,1
161,1431245,00363062340,,,,,0,1
161,1431245,00363062350,,,,,0,1
161,1431245,00363076340,,,,,0,1
161,1431245,00363202940,,,,,0,1
161,1431245,00363590040,,,,,0,1
161,1431245,00363610412,,,,,0,1
161,1431245,00363614212,,,,,0,1
161,1431245,11673001240,,,,,0,1
161,1431245,11673032201,,,,,0,1
161,1431245,11673076340,,,,,0,1
161,1431245,11673078940,,,,,0,1
161,1431245,11673082801,,,,,0,1
161,1431245,11822051101,,,,,0,1
161,1431245,11822076301,,,,,0,1
161,1431245,11822409900,,,,,0,1
161,1431245,21130012940,,,,,0,1
161,1431245,23900003814,,,,,0,1
161,1431245,23900003815,,,,,0,1
161,1431245,23900003816,,,,,0,1
161,1431245,23900003822,,,,,0,1
161,1431245,23900003841,,,,,0,1
161,1431245,23900003842,,,,,0,1
161,1431245,23900003941,,,,,0,1
161,1431245,23900004161,,,,,0,1
161,1431245,23900004163,,,,,0,1
161,1431245,30142076340,,,,,0,1
161,1431245,36800029140,,,,,0,1
161,1431245,36800076334,,,,,0,1
161,1431245,36800076340,,,,,0,1
161,1431245,37000081201,,,,,0,1
161,1431245,37000081204,,,,,0,1
161,1431245,37000081208,,,,,0,1
161,1431245,37000081212,,,,,0,1
161,1431245,37000081224,,,,,0,1
161,1431245,37000081508,,,,,0,1
161,1431245,37000081512,,,,,0,1
161,1431245,37000081536,,,,,0,1
161,1431245,37808076340,,,,,0,1
161,1431245,41163076340,,,,,0,1
161,1431245,41226076701,,,,,0,1
161,1431245,41226077501,,,,,0,1
161,1431245,41250076340,,,,,0,1
161,1431245,41250076350,,,,,0,1
161,1431245,41250081140,,,,,0,1
161,1431245,41520056140,,,,,0,1
161,1431245,46122003434,,,,,0,1
161,1431245,46122023334,,,,,0,1
161,1431245,46122029834,,,,,0,1
161,1431245,46122030034,,,,,0,1
161,1431245,49035080740,,,,,0,1
161,1431245,49580041608,,,,,0,1
161,1431245,49580416008,,,,,0,1
161,1431245,50580036901,,,,,0,1
161,1431245,50580057101,,,,,0,1
161,1431245,51316017940,,,,,0,1
161,1431245,51316064112,,,,,0,1
161,1431245,51316071212,,,,,0,1
161,1431245,55319041608,,,,,0,1
161,1431245,55319064108,,,,,0,1
161,1431245,55910071608,,,,,0,1
161,1431245,55910090034,,,,,0,1
161,1431245,55910090040,,,,,0,1
161,1431245,55910092840,,,,,0,1
161,1431245,56062076340,,,,,0,1
161,1431245,58593083006,,,,,0,1
161,1431245,59779076334,,,,,0,1
161,1431245,59779076340,,,,,0,1
161,1431245,59779076350,,,,,0,1
161,1431245,68016031108,,,,,0,1
161,1431245,69423080708,,,,,0,1
161,1431245,69423080712,,,,,0,1
161,1431245,69423096806,,,,,0,1
161,1431245,69423096808,,,,,0,1
161,1431245,69423096812,,,,,0,1
161,1431245,69423098908,,,,,0,1
161,1431245,69423098912,,,,,0,1
161,1431245,69842080040,,,,,0,1
161,1431245,70000045301,,,,,0,1
161,1431245,70677016101,,,,,0,1
161,1431245,70677103001,,,,,0,1
161,1431245,72288018940,,,,,0,1
161,1431245,72288060140,,,,,0,1
161,1431245,72288063940,,,,,0,1
161,1431245,76162020240,,,,,0,1
161,1431245,79481899900,,,,,0,1
161,1431245,79903012212,,,,,0,1
161,1431245,79903019112,,,,,0,1
161,1431286,00054065025,,,,,0,1
161,1431286,00591264101,,,,,0,1
161,1432488,00280050520,,,,,0,1
161,1432488,00280050720,,,,,0,1
161,1435853,42195014550,,,,,0,1
161,1484879,58605043501,,,,,0,1
161,1534666,55758031318,,,,,0,1
161,1534835,00280092206,,,,,0,1
161,1534835,16500055939,,,,,0,1
161,1536477,00280002201,,,,,0,1
161,1536477,00280002202,,,,,0,1
161,1536477,00280002203,,,,,0,1
161,1536477,00280002204,,,,,0,1
161,1536477,00280002205,,,,,0,1
161,1536477,00280008801,,,,,0,1
161,1536477,00280008802,,,,,0,1
161,1536477,00280705520,,,,,0,1
161,1536477,16500058763,,,,,0,1
161,1536477,29485731802,,,,,0,1
161,1536477,29485731803,,,,,0,1
161,1536477,53145032002,,,,,0,1
161,1536477,66715653102,,,,,0,1
161,1536477,66715783102,,,,,0,1
161,1536477,66715983102,,,,,0,1
161,1536477,66715983108,,,,,0,1
161,1536477,66715983109,,,,,0,1
161,1536477,67751021701,,,,,0,1
161,1536477,67751021702,,,,,0,1
161,1536477,70264001601,,,,,0,1
161,1536880,59779017916,,,,,0,1
161,1536882,16500050595,,,,,0,1
161,1536999,16500050590,,,,,0,1
161,1536999,16500050591,,,,,0,1
161,1538456,28595078001,,,,,0,1
161,1539545,53145000602,,,,,0,1
161,1539545,53145000630,,,,,0,1
161,1540507,51467000601,,,,,0,1
161,1543072,51596001101,,,,,0,1
161,1546700,52083048290,,,,,0,1
161,1546881,11822067708,,,,,0,1
161,1546881,23900003838,,,,,0,1
161,1546881,23900003839,,,,,0,1
161,1546881,29485505306,,,,,0,1
161,1546881,36800030762,,,,,0,1
161,1546881,37000052302,,,,,0,1
161,1546881,37000052324,,,,,0,1
161,1546881,37000081324,,,,,0,1
161,1546881,41250087708,,,,,0,1
161,1546881,46122030162,,,,,0,1
161,1546881,49035070862,,,,,0,1
161,1546881,50844067721,,,,,0,1
161,1546881,55910072500,,,,,0,1
161,1546881,66715640502,,,,,0,1
161,1546881,66715651608,,,,,0,1
161,1546881,66715658102,,,,,0,1
161,1546881,66715990502,,,,,0,1
161,1546881,69423098624,,,,,0,1
161,1546881,72288072100,,,,,0,1
161,1546881,72288072162,,,,,0,1
161,1546881,79481009900,,,,,0,1
161,1546881,82442091022,,,,,0,1
161,1550968,00280092106,,,,,0,1
161,1550968,16500055942,,,,,0,1
161,1593110,00363989412,,,,,0,1
161,1593110,46122045671,,,,,0,1
161,1593110,59779089412,,,,,0,1
161,1593450,49035077203,,,,,0,1
161,1593450,53041062203,,,,,0,1
161,1593450,55758031106,,,,,0,1
161,1593450,58593082808,,,,,0,1
161,1593450,76281051924,,,,,0,1
161,1595631,58407022501,,,,,0,1
161,1596108,42195084010,,,,,0,1
161,1596108,63629685101,,,,,0,1
161,1596108,63629685102,,,,,0,1
161,1596108,63629685103,,,,,0,1
161,1597298,00280800501,,,,,0,1
161,1597298,00280800502,,,,,0,1
161,1597298,00280800504,,,,,0,1
161,1597298,00280800516,,,,,0,1
161,1597298,00280800524,,,,,0,1
161,1597298,00280800540,,,,,0,1
161,1597298,00280801524,,,,,0,1
161,1597298,00363025210,,,,,0,1
161,1597298,00363025221,,,,,0,1
161,1597298,00363231024,,,,,0,1
161,1597298,00363390010,,,,,0,1
161,1597298,00363390021,,,,,0,1
161,1597298,00363390022,,,,,0,1
161,1597298,00363390921,,,,,0,1
161,1597298,00363939010,,,,,0,1
161,1597298,00363939021,,,,,0,1
161,1597298,00363939022,,,,,0,1
161,1597298,00924601002,,,,,0,1
161,1597298,11673036364,,,,,0,1
161,1597298,11673039010,,,,,0,1
161,1597298,11822039001,,,,,0,1
161,1597298,11822039009,,,,,0,1
161,1597298,11822321100,,,,,0,1
161,1597298,11822390001,,,,,0,1
161,1597298,11822390008,,,,,0,1
161,1597298,12843002471,,,,,0,1
161,1597298,12843015859,,,,,0,1
161,1597298,12843017253,,,,,0,1
161,1597298,12843050132,,,,,0,1
161,1597298,12843055519,,,,,0,1
161,1597298,21130093010,,,,,0,1
161,1597298,21130099010,,,,,0,1
161,1597298,29485796402,,,,,0,1
161,1597298,29485796403,,,,,0,1
161,1597298,29485796404,,,,,0,1
161,1597298,30142039010,,,,,0,1
161,1597298,30142039022,,,,,0,1
161,1597298,36800039108,,,,,0,1
161,1597298,37205073862,,,,,0,1
161,1597298,37808038910,,,,,0,1
161,1597298,37808039010,,,,,0,1
161,1597298,41163039010,,,,,0,1
161,1597298,41163039110,,,,,0,1
161,1597298,41250039010,,,,,0,1
161,1597298,49483034724,,,,,0,1
161,1597298,50269000706,,,,,0,1
161,1597298,50269000906,,,,,0,1
161,1597298,50804018324,,,,,0,1
161,1597298,50804099008,,,,,0,1
161,1597298,50844039019,,,,,0,1
161,1597298,50844039021,,,,,0,1
161,1597298,50844039908,,,,,0,1
161,1597298,50844039921,,,,,0,1
161,1597298,50844093010,,,,,0,1
161,1597298,53943039010,,,,,0,1
161,1597298,55319030121,,,,,0,1
161,1597298,55758032602,,,,,0,1
161,1597298,55758032625,,,,,0,1
161,1597298,55758032650,,,,,0,1
161,1597298,55910012310,,,,,0,1
161,1597298,55910096024,,,,,0,1
161,1597298,59779093008,,,,,0,1
161,1597298,59779093010,,,,,0,1
161,1597298,59779093021,,,,,0,1
161,1597298,63868003224,,,,,0,1
161,1597298,66715644502,,,,,0,1
161,1597298,66715644507,,,,,0,1
161,1597298,66715644508,,,,,0,1
161,1597298,66715974502,,,,,0,1
161,1597298,67091033440,,,,,0,1
161,1597298,67751014501,,,,,0,1
161,1597298,67751014502,,,,,0,1
161,1597298,68016073624,,,,,0,1
161,1597298,69168047006,,,,,0,1
161,1597298,69168047082,,,,,0,1
161,1597298,69517013020,,,,,0,1
161,1597298,69517013024,,,,,0,1
161,1597298,69729013024,,,,,0,1
161,1597298,69729013150,,,,,0,1
161,1597298,69729013172,,,,,0,1
161,1597298,69729013206,,,,,0,1
161,1597298,70264001201,,,,,0,1
161,1597298,70692013124,,,,,0,1
161,1597298,70692013146,,,,,0,1
161,1597298,72090002602,,,,,0,1
161,1597298,79481039001,,,,,0,1
161,1597298,79903026640,,,,,0,1
161,1597298,83049048908,,,,,0,1
161,1597298,83059000601,,,,,0,1
161,1597298,83324001724,,,,,0,1
161,1597298,83393039002,,,,,0,1
161,1656815,00280006101,,,,,0,1
161,1656815,00280006102,,,,,0,1
161,1656815,00363010924,,,,,0,1
161,1656815,00363052416,,,,,0,1
161,1656815,00363071916,,,,,0,1
161,1656815,00363117116,,,,,0,1
161,1656815,00363899624,,,,,0,1
161,1656815,00363901616,,,,,0,1
161,1656815,00363901716,,,,,0,1
161,1656815,00363901816,,,,,0,1
161,1656815,00363979016,,,,,0,1
161,1656815,11673097216,,,,,0,1
161,1656815,11673097224,,,,,0,1
161,1656815,11673097816,,,,,0,1
161,1656815,11822157601,,,,,0,1
161,1656815,11822385409,,,,,0,1
161,1656815,35916016601,,,,,0,1
161,1656815,36800065524,,,,,0,1
161,1656815,37000051702,,,,,0,1
161,1656815,37000051708,,,,,0,1
161,1656815,37000051716,,,,,0,1
161,1656815,37000051724,,,,,0,1
161,1656815,41226062524,,,,,0,1
161,1656815,41226062816,,,,,0,1
161,1656815,41520098414,,,,,0,1
161,1656815,41520098514,,,,,0,1
161,1656815,51013011604,,,,,0,1
161,1656815,51013017404,,,,,0,1
161,1656815,51316010124,,,,,0,1
161,1656815,51316052524,,,,,0,1
161,1656815,53345002101,,,,,0,1
161,1656815,55319062816,,,,,0,1
161,1656815,55629001502,,,,,0,1
161,1656815,55910086220,,,,,0,1
161,1656815,63824051808,,,,,0,1
161,1656815,63824051816,,,,,0,1
161,1656815,63824059116,,,,,0,1
161,1656815,63824069308,,,,,0,1
161,1656815,63824069316,,,,,0,1
161,1656815,63868046724,,,,,0,1
161,1656815,63868067116,,,,,0,1
161,1656815,68210408401,,,,,0,1
161,1656815,68210419401,,,,,0,1
161,1656815,68210420801,,,,,0,1
161,1656815,68210420901,,,,,0,1
161,1656815,69729078210,,,,,0,1
161,1656815,69842009416,,,,,0,1
161,1656815,69842050516,,,,,0,1
161,1656815,69842061616,,,,,0,1
161,1656815,69842061716,,,,,0,1
161,1656815,69842078724,,,,,0,1
161,1656815,69842078916,,,,,0,1
161,1656815,69842096916,,,,,0,1
161,1656815,72854012608,,,,,0,1
161,1656815,72854012610,,,,,0,1
161,1656815,72854012616,,,,,0,1
161,1656815,72854012624,,,,,0,1
161,1656815,72854012716,,,,,0,1
161,1656815,72854020208,,,,,0,1
161,1656815,72854020216,,,,,0,1
161,1656815,75712000720,,,,,0,1
161,1656815,76162081124,,,,,0,1
161,1656815,79903016224,,,,,0,1
161,1656815,81179000800,,,,,0,1
161,1656815,83324003724,,,,,0,1
161,1659175,00067680102,,,,,0,1
161,1659175,00067812401,,,,,0,1
161,1659175,00067812406,,,,,0,1
161,1659960,00043625606,,,,,0,1
161,1659960,00067609501,,,,,0,1
161,1659960,00067609502,,,,,0,1
161,1659960,00067609503,,,,,0,1
161,1659960,00067631806,,,,,0,1
161,1659960,00067680302,,,,,0,1
161,1659960,00067791801,,,,,0,1
161,1659960,00067791806,,,,,0,1
161,1659960,00067791812,,,,,0,1
161,1659960,00067821201,,,,,0,1
161,1659960,00113096491,,,,,0,1
161,1659960,00363060206,,,,,0,1
161,1659960,00363096491,,,,,0,1
161,1659960,00363110106,,,,,0,1
161,1659960,00363541006,,,,,0,1
161,1659960,00363548106,,,,,0,1
161,1659960,11673011307,,,,,0,1
161,1659960,11673054106,,,,,0,1
161,1659960,11822211307,,,,,0,1
161,1659960,30142011307,,,,,0,1
161,1659960,30142044591,,,,,0,1
161,1659960,30142096491,,,,,0,1
161,1659960,36800080006,,,,,0,1
161,1659960,36800096491,,,,,0,1
161,1659960,37205067991,,,,,0,1
161,1659960,41163096491,,,,,0,1
161,1659960,41226054106,,,,,0,1
161,1659960,46122025913,,,,,0,1
161,1659960,46122040213,,,,,0,1
161,1659960,49035096491,,,,,0,1
161,1659960,55758000901,,,,,0,1
161,1659960,55758000906,,,,,0,1
161,1659960,55758000918,,,,,0,1
161,1659960,55758038506,,,,,0,1
161,1659960,55910096491,,,,,0,1
161,1659960,58933055101,,,,,0,1
161,1659960,58933055108,,,,,0,1
161,1659960,59779076091,,,,,0,1
161,1659960,62011025201,,,,,0,1
161,1659960,63868029106,,,,,0,1
161,1659960,67091032306,,,,,0,1
161,1659960,68163054106,,,,,0,1
161,1659960,70000000601,,,,,0,1
161,1659960,72288059191,,,,,0,1
161,1659960,72288096491,,,,,0,1
161,1659960,79903054701,,,,,0,1
161,1659960,82442096400,,,,,0,1
161,1659964,00067791606,,,,,0,1
161,1659964,00067792006,,,,,0,1
161,1659964,00363018762,,,,,0,1
161,1659964,36800013391,,,,,0,1
161,1659967,00043625706,,,,,0,1
161,1659967,00067377610,,,,,0,1
161,1659967,00067609401,,,,,0,1
161,1659967,00067609402,,,,,0,1
161,1659967,00067609403,,,,,0,1
161,1659967,00067680002,,,,,0,1
161,1659967,00067791701,,,,,0,1
161,1659967,00067791706,,,,,0,1
161,1659967,00067821101,,,,,0,1
161,1659967,00113009691,,,,,0,1
161,1659967,00363009691,,,,,0,1
161,1659967,00363110006,,,,,0,1
161,1659967,11673054006,,,,,0,1
161,1659967,11822211207,,,,,0,1
161,1659967,30142009691,,,,,0,1
161,1659967,30142011207,,,,,0,1
161,1659967,36800009691,,,,,0,1
161,1659967,36800054006,,,,,0,1
161,1659967,46122002213,,,,,0,1
161,1659967,55758001001,,,,,0,1
161,1659967,55758001006,,,,,0,1
161,1659967,55758001018,,,,,0,1
161,1659967,55758031418,,,,,0,1
161,1659967,55758038406,,,,,0,1
161,1659967,59779051291,,,,,0,1
161,1659967,63029021504,,,,,0,1
161,1659967,63029021512,,,,,0,1
161,1659967,67091032206,,,,,0,1
161,1659967,68163054006,,,,,0,1
161,1664451,69365000101,,,,,0,1
161,1664631,69365000301,,,,,0,1
161,1673869,50991053501,,,,,0,1
161,1673869,50991053502,,,,,0,1
161,1724446,68047075301,,,,,0,1
161,1724446,68047075330,,,,,0,1
161,1724446,71993030110,,,,,0,1
161,1724446,71993030130,,,,,0,1
161,1741529,63029021604,,,,,0,1
161,1741529,63029021612,,,,,0,1
161,1743369,65131011687,,,,,0,1
161,1744049,65131011195,,,,,0,1
161,1790651,69729005106,,,,,0,1
161,1790651,69729007006,,,,,0,1
161,1790651,69729078606,,,,,0,1
161,1790651,69729078706,,,,,0,1
161,1790651,69729078906,,,,,0,1
161,1790651,69729079006,,,,,0,1
161,1790651,83057000106,,,,,0,1
161,1796460,00067631906,,,,,0,1
161,1796460,00067671606,,,,,0,1
161,1796460,00363060106,,,,,0,1
161,1796708,00043634804,,,,,0,1
161,1796708,00067634804,,,,,0,1
161,1798453,45737061010,,,,,0,1
161,1798453,54859000101,,,,,0,1
161,1798453,54859000105,,,,,0,1
161,1798453,54859000150,,,,,0,1
161,1798453,54859001001,,,,,0,1
161,1798453,63102040210,,,,,0,1
161,1798453,63102040310,,,,,0,1
161,1812164,68047072001,,,,,0,1
161,1812164,71993030030,,,,,0,1
161,1867684,50580013008,,,,,0,1
161,1867684,50580013024,,,,,0,1
161,1867684,51013066601,,,,,0,1
161,1867684,51013066701,,,,,0,1
161,1867684,69423080324,,,,,0,1
161,1867684,72854017108,,,,,0,1
161,1867684,72854017110,,,,,0,1
161,1867684,72854017116,,,,,0,1
161,1867684,72854021416,,,,,0,1
161,1867684,82706001501,,,,,0,1
161,1867684,82706001502,,,,,0,1
161,1867684,82706001503,,,,,0,1
161,1867684,82706001504,,,,,0,1
161,1919076,00031875012,,,,,0,1
161,1919076,00031875018,,,,,0,1
161,1919076,00031877112,,,,,0,1
161,1919076,00031877118,,,,,0,1
161,1919076,51316063108,,,,,0,1
161,1919076,51316066203,,,,,0,1
161,1919076,63824022166,,,,,0,1
161,1919076,63824022264,,,,,0,1
161,1919076,68163074908,,,,,0,1
161,1919076,69842094708,,,,,0,1
161,1919076,72854006404,,,,,0,1
161,197426,00603254021,,,,,0,1
161,197426,35573045602,,,,,0,1
161,197426,47781053501,,,,,0,1
161,197426,47781062801,,,,,0,1
161,197426,54879002601,,,,,0,1
161,197426,68047072101,,,,,0,1
161,197426,68047072130,,,,,0,1
161,197426,68071042130,,,,,0,1
161,197426,68071042160,,,,,0,1
161,197426,68071042190,,,,,0,1
161,197426,70362072101,,,,,0,1
161,197426,70752014810,,,,,0,1
161,197426,70752014814,,,,,0,1
161,198434,00363057953,,,,,0,1
161,198434,00363070653,,,,,0,1
161,198434,03630057953,,,,,0,1
161,198434,36800057953,,,,,0,1
161,198434,45802073200,,,,,0,1
161,198434,45802073230,,,,,0,1
161,198434,45802073232,,,,,0,1
161,198434,45802073233,,,,,0,1
161,198434,49348079602,,,,,0,1
161,198434,50090000100,,,,,0,1
161,198434,52735071717,,,,,0,1
161,198434,52959010100,,,,,0,1
161,198434,59779057953,,,,,0,1
161,198434,63187037312,,,,,0,1
161,198434,68071415101,,,,,0,1
161,198434,68071417206,,,,,0,1
161,198434,70677127001,,,,,0,1
161,198436,27854038801,,,,,0,1
161,198436,46122037260,,,,,0,1
161,198436,50428054774,,,,,0,1
161,198436,53345001001,,,,,0,1
161,198436,53345001002,,,,,0,1
161,198436,55629071802,,,,,0,1
161,198436,68210012001,,,,,0,1
161,198439,00363071101,,,,,0,1
161,198439,00363117850,,,,,0,1
161,198439,11383001211,,,,,0,1
161,198439,11822505909,,,,,0,1
161,198439,35916018302,,,,,0,1
161,198439,36800041425,,,,,0,1
161,198439,46122038841,,,,,0,1
161,198439,51013010725,,,,,0,1
161,198439,51660060001,,,,,0,1
161,198439,51660060010,,,,,0,1
161,198439,53345001901,,,,,0,1
161,198439,53345001902,,,,,0,1
161,198439,55758050324,,,,,0,1
161,198439,69842063640,,,,,0,1
161,198439,70000050901,,,,,0,1
161,198440,00031930101,,,,,0,1
161,198440,00113002562,,,,,0,1
161,198440,00113002571,,,,,0,1
161,198440,00113002578,,,,,0,1
161,198440,00113022771,,,,,0,1
161,198440,00113048402,,,,,0,1
161,198440,00113048452,,,,,0,1
161,198440,00113048462,,,,,0,1
161,198440,00113048471,,,,,0,1
161,198440,00113048476,,,,,0,1
161,198440,00113048478,,,,,0,1
161,198440,00113048482,,,,,0,1
161,198440,00113048485,,,,,0,1
161,198440,00113048490,,,,,0,1
161,198440,00113051883,,,,,0,1
161,198440,00113188971,,,,,0,1
161,198440,00113197509,,,,,0,1
161,198440,00113197554,,,,,0,1
161,198440,00182845389,,,,,0,1
161,198440,00363001071,,,,,0,1
161,198440,00363001078,,,,,0,1
161,198440,00363014811,,,,,0,1
161,198440,00363014812,,,,,0,1
161,198440,00363017503,,,,,0,1
161,198440,00363017508,,,,,0,1
161,198440,00363017512,,,,,0,1
161,198440,00363017514,,,,,0,1
161,198440,00363017515,,,,,0,1
161,198440,00363017520,,,,,0,1
161,198440,00363017529,,,,,0,1
161,198440,00363017537,,,,,0,1
161,198440,00363017557,,,,,0,1
161,198440,00363017599,,,,,0,1
161,198440,00363018778,,,,,0,1
161,198440,00363032508,,,,,0,1
161,198440,00363032512,,,,,0,1
161,198440,00363032515,,,,,0,1
161,198440,00363048452,,,,,0,1
161,198440,00363048462,,,,,0,1
161,198440,00363048471,,,,,0,1
161,198440,00363048476,,,,,0,1
161,198440,00363048478,,,,,0,1
161,198440,00363048483,,,,,0,1
161,198440,00363048490,,,,,0,1
161,198440,00363051908,,,,,0,1
161,198440,00363051912,,,,,0,1
161,198440,00363051915,,,,,0,1
161,198440,00363051919,,,,,0,1
161,198440,00363051920,,,,,0,1
161,198440,00363051929,,,,,0,1
161,198440,00363051937,,,,,0,1
161,198440,00363051954,,,,,0,1
161,198440,00363051992,,,,,0,1
161,198440,00363053112,,,,,0,1
161,198440,00363053115,,,,,0,1
161,198440,00363053129,,,,,0,1
161,198440,00363053137,,,,,0,1
161,198440,00363066901,,,,,0,1
161,198440,00363068405,,,,,0,1
161,198440,00363079229,,,,,0,1
161,198440,00363079235,,,,,0,1
161,198440,00363079240,,,,,0,1
161,198440,00363148001,,,,,0,1
161,198440,00363150278,,,,,0,1
161,198440,00363155047,,,,,0,1
161,198440,00363175008,,,,,0,1
161,198440,00363689802,,,,,0,1
161,198440,00363689815,,,,,0,1
161,198440,00363700853,,,,,0,1
161,198440,00363700874,,,,,0,1
161,198440,00363908415,,,,,0,1
161,198440,00363941715,,,,,0,1
161,198440,00363953825,,,,,0,1
161,198440,00363959510,,,,,0,1
161,198440,00363979805,,,,,0,1
161,198440,00363979810,,,,,0,1
161,198440,00363979815,,,,,0,1
161,198440,00363979821,,,,,0,1
161,198440,00363979824,,,,,0,1
161,198440,00363979837,,,,,0,1
161,198440,00363994729,,,,,0,1
161,198440,00363994735,,,,,0,1
161,198440,00363994740,,,,,0,1
161,198440,00393048471,,,,,0,1
161,198440,00404071613,,,,,0,1
161,198440,00404071699,,,,,0,1
161,198440,00536117201,,,,,0,1
161,198440,00536117210,,,,,0,1
161,198440,00536129229,,,,,0,1
161,198440,00536141347,,,,,0,1
161,198440,00536141348,,,,,0,1
161,198440,00615840905,,,,,0,1
161,198440,00615840930,,,,,0,1
161,198440,00615840939,,,,,0,1
161,198440,00904672024,,,,,0,1
161,198440,00904672040,,,,,0,1
161,198440,00904672051,,,,,0,1
161,198440,00904672059,,,,,0,1
161,198440,00904672060,,,,,0,1
161,198440,00904672080,,,,,0,1
161,198440,00904673059,,,,,0,1
161,198440,00904673060,,,,,0,1
161,198440,00904673061,,,,,0,1
161,198440,00904673080,,,,,0,1
161,198440,00904674959,,,,,0,1
161,198440,00924012300,,,,,0,1
161,198440,00924012301,,,,,0,1
161,198440,00924012302,,,,,0,1
161,198440,00924012303,,,,,0,1
161,198440,00924012304,,,,,0,1
161,198440,00924012305,,,,,0,1
161,198440,00924022301,,,,,0,1
161,198440,10135014401,,,,,0,1
161,198440,10135014405,,,,,0,1
161,198440,10135014410,,,,,0,1
161,198440,10135014424,,,,,0,1
161,198440,10135014450,,,,,0,1
161,198440,10135014452,,,,,0,1
161,198440,10135014455,,,,,0,1
161,198440,10135014457,,,,,0,1
161,198440,10135014458,,,,,0,1
161,198440,10135014460,,,,,0,1
161,198440,10135014466,,,,,0,1
161,198440,10135014470,,,,,0,1
161,198440,10135015201,,,,,0,1
161,198440,10135015210,,,,,0,1
161,198440,10135015213,,,,,0,1
161,198440,10135015224,,,,,0,1
161,198440,10135015230,,,,,0,1
161,198440,10135015250,,,,,0,1
161,198440,10135015256,,,,,0,1
161,198440,10135015257,,,,,0,1
161,198440,10135015260,,,,,0,1
161,198440,10135015266,,,,,0,1
161,198440,10135015270,,,,,0,1
161,198440,10135015289,,,,,0,1
161,198440,10135016413,,,,,0,1
161,198440,10939024933,,,,,0,1
161,198440,10939042333,,,,,0,1
161,198440,11383001111,,,,,0,1
161,198440,11383001126,,,,,0,1
161,198440,11383001134,,,,,0,1
161,198440,11383013811,,,,,0,1
161,198440,11383013825,,,,,0,1
161,198440,11383013826,,,,,0,1
161,198440,11383013851,,,,,0,1
161,198440,11673016705,,,,,0,1
161,198440,11673016710,,,,,0,1
161,198440,11673016721,,,,,0,1
161,198440,11673034201,,,,,0,1
161,198440,11673034226,,,,,0,1
161,198440,11673034242,,,,,0,1
161,198440,11673048471,,,,,0,1
161,198440,11673048478,,,,,0,1
161,198440,11673048483,,,,,0,1
161,198440,11673051912,,,,,0,1
161,198440,11673051915,,,,,0,1
161,198440,11673051920,,,,,0,1
161,198440,11673067405,,,,,0,1
161,198440,11673067434,,,,,0,1
161,198440,11673067473,,,,,0,1
161,198440,11673083801,,,,,0,1
161,198440,11673083805,,,,,0,1
161,198440,11673083826,,,,,0,1
161,198440,11673083850,,,,,0,1
161,198440,11822010233,,,,,0,1
161,198440,11822030300,,,,,0,1
161,198440,11822041250,,,,,0,1
161,198440,11822051901,,,,,0,1
161,198440,11822051902,,,,,0,1
161,198440,11822051903,,,,,0,1
161,198440,11822051905,,,,,0,1
161,198440,11822051908,,,,,0,1
161,198440,11822051909,,,,,0,1
161,198440,11822074005,,,,,0,1
161,198440,11822081201,,,,,0,1
161,198440,11822081202,,,,,0,1
161,198440,11822081203,,,,,0,1
161,198440,11822081204,,,,,0,1
161,198440,11822081205,,,,,0,1
161,198440,11822081206,,,,,0,1
161,198440,11822081208,,,,,0,1
161,198440,11822157501,,,,,0,1
161,198440,11822448401,,,,,0,1
161,198440,11822448402,,,,,0,1
161,198440,11822448403,,,,,0,1
161,198440,11822448404,,,,,0,1
161,198440,11822448405,,,,,0,1
161,198440,11822448406,,,,,0,1
161,198440,11822531102,,,,,0,1
161,198440,11822531105,,,,,0,1
161,198440,11917004918,,,,,0,1
161,198440,15127073005,,,,,0,1
161,198440,15127073006,,,,,0,1
161,198440,15127073021,,,,,0,1
161,198440,15127073505,,,,,0,1
161,198440,15127073508,,,,,0,1
161,198440,15127073509,,,,,0,1
161,198440,15127073516,,,,,0,1
161,198440,15127099401,,,,,0,1
161,198440,15127099424,,,,,0,1
161,198440,15127099450,,,,,0,1
161,198440,17714001301,,,,,0,1
161,198440,17714001310,,,,,0,1
161,198440,17714001401,,,,,0,1
161,198440,17714001410,,,,,0,1
161,198440,21130011162,,,,,0,1
161,198440,21130011171,,,,,0,1
161,198440,21130011178,,,,,0,1
161,198440,21130011185,,,,,0,1
161,198440,21130011190,,,,,0,1
161,198440,21130015521,,,,,0,1
161,198440,21130015535,,,,,0,1
161,198440,21130027001,,,,,0,1
161,198440,21130027013,,,,,0,1
161,198440,21130035315,,,,,0,1
161,198440,21130035610,,,,,0,1
161,198440,21130035621,,,,,0,1
161,198440,21130035624,,,,,0,1
161,198440,21130043101,,,,,0,1
161,198440,21130043105,,,,,0,1
161,198440,21130043115,,,,,0,1
161,198440,21130043125,,,,,0,1
161,198440,21130043142,,,,,0,1
161,198440,21130043150,,,,,0,1
161,198440,21130049201,,,,,0,1
161,198440,21130071985,,,,,0,1
161,198440,24385014571,,,,,0,1
161,198440,24385018762,,,,,0,1
161,198440,24385048414,,,,,0,1
161,198440,24385048447,,,,,0,1
161,198440,24385048471,,,,,0,1
161,198440,24385048476,,,,,0,1
161,198440,24385048478,,,,,0,1
161,198440,24385048490,,,,,0,1
161,198440,29485815506,,,,,0,1
161,198440,29485928102,,,,,0,1
161,198440,29485928103,,,,,0,1
161,198440,29485928104,,,,,0,1
161,198440,30142003307,,,,,0,1
161,198440,30142006807,,,,,0,1
161,198440,30142006824,,,,,0,1
161,198440,30142006835,,,,,0,1
161,198440,30142016507,,,,,0,1
161,198440,30142050762,,,,,0,1
161,198440,30142050778,,,,,0,1
161,198440,30142050783,,,,,0,1
161,198440,30142056162,,,,,0,1
161,198440,30142056171,,,,,0,1
161,198440,30142056176,,,,,0,1
161,198440,30142056178,,,,,0,1
161,198440,30142056182,,,,,0,1
161,198440,30142056185,,,,,0,1
161,198440,30142056190,,,,,0,1
161,198440,30142097547,,,,,0,1
161,198440,36800001071,,,,,0,1
161,198440,36800001078,,,,,0,1
161,198440,36800004662,,,,,0,1
161,198440,36800004671,,,,,0,1
161,198440,36800004678,,,,,0,1
161,198440,36800004683,,,,,0,1
161,198440,36800022771,,,,,0,1
161,198440,36800022778,,,,,0,1
161,198440,36800040572,,,,,0,1
161,198440,36800040578,,,,,0,1
161,198440,36800048447,,,,,0,1
161,198440,36800048462,,,,,0,1
161,198440,36800048471,,,,,0,1
161,198440,36800048476,,,,,0,1
161,198440,36800048478,,,,,0,1
161,198440,36800048482,,,,,0,1
161,198440,36800048490,,,,,0,1
161,198440,36800059105,,,,,0,1
161,198440,36800059108,,,,,0,1
161,198440,36800059112,,,,,0,1
161,198440,36800059120,,,,,0,1
161,198440,36800066510,,,,,0,1
161,198440,36800066521,,,,,0,1
161,198440,36800066540,,,,,0,1
161,198440,36800077001,,,,,0,1
161,198440,36800077002,,,,,0,1
161,198440,36800077003,,,,,0,1
161,198440,36800077005,,,,,0,1
161,198440,36800077012,,,,,0,1
161,198440,36800090502,,,,,0,1
161,198440,36800090504,,,,,0,1
161,198440,36800097371,,,,,0,1
161,198440,36800097378,,,,,0,1
161,198440,36800099106,,,,,0,1
161,198440,36800099115,,,,,0,1
161,198440,37205002071,,,,,0,1
161,198440,37205002078,,,,,0,1
161,198440,37205018771,,,,,0,1
161,198440,37205018778,,,,,0,1
161,198440,37205048878,,,,,0,1
161,198440,37205059378,,,,,0,1
161,198440,37205059471,,,,,0,1
161,198440,37205059478,,,,,0,1
161,198440,37205059490,,,,,0,1
161,198440,37205065972,,,,,0,1
161,198440,37205065978,,,,,0,1
161,198440,37205071171,,,,,0,1
161,198440,37205071178,,,,,0,1
161,198440,37205098078,,,,,0,1
161,198440,37808019508,,,,,0,1
161,198440,37808019512,,,,,0,1
161,198440,37808019520,,,,,0,1
161,198440,37808070402,,,,,0,1
161,198440,37808070409,,,,,0,1
161,198440,37808079201,,,,,0,1
161,198440,37808079203,,,,,0,1
161,198440,37808098062,,,,,0,1
161,198440,37835050701,,,,,0,1
161,198440,37835050705,,,,,0,1
161,198440,37835050725,,,,,0,1
161,198440,37864000111,,,,,0,1
161,198440,37864070699,,,,,0,1
161,198440,41163019201,,,,,0,1
161,198440,41163036385,,,,,0,1
161,198440,41163050001,,,,,0,1
161,198440,41163050004,,,,,0,1
161,198440,41163050006,,,,,0,1
161,198440,41163050101,,,,,0,1
161,198440,41163051912,,,,,0,1
161,198440,41163052001,,,,,0,1
161,198440,41163052003,,,,,0,1
161,198440,41163059201,,,,,0,1
161,198440,41226034101,,,,,0,1
161,198440,41226034110,,,,,0,1
161,198440,41226034115,,,,,0,1
161,198440,41226034150,,,,,0,1
161,198440,41226067301,,,,,0,1
161,198440,41226067326,,,,,0,1
161,198440,41226067342,,,,,0,1
161,198440,41226069701,,,,,0,1
161,198440,41226069734,,,,,0,1
161,198440,41226069742,,,,,0,1
161,198440,41250014803,,,,,0,1
161,198440,41250019201,,,,,0,1
161,198440,41250019207,,,,,0,1
161,198440,41250031778,,,,,0,1
161,198440,41250031779,,,,,0,1
161,198440,41250031783,,,,,0,1
161,198440,41250048462,,,,,0,1
161,198440,41250048471,,,,,0,1
161,198440,41250048476,,,,,0,1
161,198440,41250048478,,,,,0,1
161,198440,41250048482,,,,,0,1
161,198440,41250048490,,,,,0,1
161,198440,41250057003,,,,,0,1
161,198440,41250057013,,,,,0,1
161,198440,41250097547,,,,,0,1
161,198440,41415016705,,,,,0,1
161,198440,41415016710,,,,,0,1
161,198440,41415017705,,,,,0,1
161,198440,41415017710,,,,,0,1
161,198440,41415017725,,,,,0,1
161,198440,41415053805,,,,,0,1
161,198440,41415053810,,,,,0,1
161,198440,41520006471,,,,,0,1
161,198440,41520006476,,,,,0,1
161,198440,41520006478,,,,,0,1
161,198440,41520006482,,,,,0,1
161,198440,41520006490,,,,,0,1
161,198440,41520078678,,,,,0,1
161,198440,41520091912,,,,,0,1
161,198440,41520091920,,,,,0,1
161,198440,42681002501,,,,,0,1
161,198440,42961039901,,,,,0,1
161,198440,42961039904,,,,,0,1
161,198440,42961039905,,,,,0,1
161,198440,45861007201,,,,,0,1
161,198440,46122000362,,,,,0,1
161,198440,46122000378,,,,,0,1
161,198440,46122025772,,,,,0,1
161,198440,46122031262,,,,,0,1
161,198440,46122031278,,,,,0,1
161,198440,46122054382,,,,,0,1
161,198440,46122064971,,,,,0,1
161,198440,46122069662,,,,,0,1
161,198440,46994066301,,,,,0,1
161,198440,47682000933,,,,,0,1
161,198440,47682000948,,,,,0,1
161,198440,47682000999,,,,,0,1
161,198440,47682012599,,,,,0,1
161,198440,47682012699,,,,,0,1
161,198440,47682017033,,,,,0,1
161,198440,47682017048,,,,,0,1
161,198440,47682017099,,,,,0,1
161,198440,47682017213,,,,,0,1
161,198440,47682017233,,,,,0,1
161,198440,47682017248,,,,,0,1
161,198440,47682017264,,,,,0,1
161,198440,47682017299,,,,,0,1
161,198440,47682017313,,,,,0,1
161,198440,47682017333,,,,,0,1
161,198440,47682017348,,,,,0,1
161,198440,47682017350,,,,,0,1
161,198440,47682017399,,,,,0,1
161,198440,47682017433,,,,,0,1
161,198440,47682017448,,,,,0,1
161,198440,47682017513,,,,,0,1
161,198440,47682017533,,,,,0,1
161,198440,47682017546,,,,,0,1
161,198440,47682017548,,,,,0,1
161,198440,47682017564,,,,,0,1
161,198440,47682017599,,,,,0,1
161,198440,47682027213,,,,,0,1
161,198440,47682027233,,,,,0,1
161,198440,47682027248,,,,,0,1
161,198440,47682027264,,,,,0,1
161,198440,47682027299,,,,,0,1
161,198440,47682027313,,,,,0,1
161,198440,47682027333,,,,,0,1
161,198440,47682027348,,,,,0,1
161,198440,47682027350,,,,,0,1
161,198440,47682027399,,,,,0,1
161,198440,47682027433,,,,,0,1
161,198440,47682027448,,,,,0,1
161,198440,47682043333,,,,,0,1
161,198440,47682043399,,,,,0,1
161,198440,47682061933,,,,,0,1
161,198440,47682061948,,,,,0,1
161,198440,47682061999,,,,,0,1
161,198440,47682080413,,,,,0,1
161,198440,47682080433,,,,,0,1
161,198440,47682080448,,,,,0,1
161,198440,47682080450,,,,,0,1
161,198440,47682080499,,,,,0,1
161,198440,47682086433,,,,,0,1
161,198440,47682090433,,,,,0,1
161,198440,47682090448,,,,,0,1
161,198440,49035017515,,,,,0,1
161,198440,49035030802,,,,,0,1
161,198440,49035030882,,,,,0,1
161,198440,49035030885,,,,,0,1
161,198440,49035030890,,,,,0,1
161,198440,49035048462,,,,,0,1
161,198440,49035048482,,,,,0,1
161,198440,49035048485,,,,,0,1
161,198440,49035048490,,,,,0,1
161,198440,49035049401,,,,,0,1
161,198440,49035049424,,,,,0,1
161,198440,49035051401,,,,,0,1
161,198440,49035051908,,,,,0,1
161,198440,49035051912,,,,,0,1
161,198440,49035051920,,,,,0,1
161,198440,49035053112,,,,,0,1
161,198440,49035075550,,,,,0,1
161,198440,49035075588,,,,,0,1
161,198440,49035086950,,,,,0,1
161,198440,49035091762,,,,,0,1
161,198440,49035091908,,,,,0,1
161,198440,49035091912,,,,,0,1
161,198440,49035091920,,,,,0,1
161,198440,49035097583,,,,,0,1
161,198440,49035098410,,,,,0,1
161,198440,49314176303,,,,,0,1
161,198440,49314177303,,,,,0,1
161,198440,49348002353,,,,,0,1
161,198440,49348002356,,,,,0,1
161,198440,49348004209,,,,,0,1
161,198440,49348004210,,,,,0,1
161,198440,49348004214,,,,,0,1
161,198440,49348004242,,,,,0,1
161,198440,49348004253,,,,,0,1
161,198440,49348004254,,,,,0,1
161,198440,49348011610,,,,,0,1
161,198440,49348028653,,,,,0,1
161,198440,49348028654,,,,,0,1
161,198440,49348070309,,,,,0,1
161,198440,49348099810,,,,,0,1
161,198440,49483034101,,,,,0,1
161,198440,49483034110,,,,,0,1
161,198440,49483034120,,,,,0,1
161,198440,49483034150,,,,,0,1
161,198440,49483034200,,,,,0,1
161,198440,49483034201,,,,,0,1
161,198440,49483034210,,,,,0,1
161,198440,49483069743,,,,,0,1
161,198440,49523003300,,,,,0,1
161,198440,49523003310,,,,,0,1
161,198440,49638000202,,,,,0,1
161,198440,49999009900,,,,,0,1
161,198440,50090527200,,,,,0,1
161,198440,50090527201,,,,,0,1
161,198440,50090531301,,,,,0,1
161,198440,50090531302,,,,,0,1
161,198440,50090531303,,,,,0,1
161,198440,50090531304,,,,,0,1
161,198440,50090531305,,,,,0,1
161,198440,50090535000,,,,,0,1
161,198440,50090535001,,,,,0,1
161,198440,50090553501,,,,,0,1
161,198440,50090553502,,,,,0,1
161,198440,50090553701,,,,,0,1
161,198440,50090725201,,,,,0,1
161,198440,50594001976,,,,,0,1
161,198440,50594001978,,,,,0,1
161,198440,50594087725,,,,,0,1
161,198440,50804032801,,,,,0,1
161,198440,50804082602,,,,,0,1
161,198440,50804082603,,,,,0,1
161,198440,50844017508,,,,,0,1
161,198440,50844017510,,,,,0,1
161,198440,50844017512,,,,,0,1
161,198440,50844017594,,,,,0,1
161,198440,50844025508,,,,,0,1
161,198440,50844051902,,,,,0,1
161,198440,50844051912,,,,,0,1
161,198440,50844051915,,,,,0,1
161,198440,50844051920,,,,,0,1
161,198440,50844051921,,,,,0,1
161,198440,51013032054,,,,,0,1
161,198440,51316017715,,,,,0,1
161,198440,51316034232,,,,,0,1
161,198440,51316034274,,,,,0,1
161,198440,51645070501,,,,,0,1
161,198440,51645070510,,,,,0,1
161,198440,51645070601,,,,,0,1
161,198440,51645070610,,,,,0,1
161,198440,51645070699,,,,,0,1
161,198440,51660001101,,,,,0,1
161,198440,51660001110,,,,,0,1
161,198440,51660001160,,,,,0,1
161,198440,51660031101,,,,,0,1
161,198440,51660031110,,,,,0,1
161,198440,51660031151,,,,,0,1
161,198440,51662127402,,,,,0,1
161,198440,51662166602,,,,,0,1
161,198440,51824004901,,,,,0,1
161,198440,51824004924,,,,,0,1
161,198440,51824006001,,,,,0,1
161,198440,51824006002,,,,,0,1
161,198440,51824008601,,,,,0,1
161,198440,51824008701,,,,,0,1
161,198440,51824009901,,,,,0,1
161,198440,51824009924,,,,,0,1
161,198440,51824010101,,,,,0,1
161,198440,52124001401,,,,,0,1
161,198440,52735071001,,,,,0,1
161,198440,52735071012,,,,,0,1
161,198440,52735071070,,,,,0,1
161,198440,52735071201,,,,,0,1
161,198440,52735071213,,,,,0,1
161,198440,52959000200,,,,,0,1
161,198440,52959000210,,,,,0,1
161,198440,52959000215,,,,,0,1
161,198440,52959000220,,,,,0,1
161,198440,52959000224,,,,,0,1
161,198440,52959000225,,,,,0,1
161,198440,52959000230,,,,,0,1
161,198440,52959000240,,,,,0,1
161,198440,52959000242,,,,,0,1
161,198440,52959000245,,,,,0,1
161,198440,52959000250,,,,,0,1
161,198440,52959000290,,,,,0,1
161,198440,52959033800,,,,,0,1
161,198440,52959033810,,,,,0,1
161,198440,52959033812,,,,,0,1
161,198440,52959033820,,,,,0,1
161,198440,52959033821,,,,,0,1
161,198440,52959033824,,,,,0,1
161,198440,52959033828,,,,,0,1
161,198440,52959033830,,,,,0,1
161,198440,52959033840,,,,,0,1
161,198440,52959033842,,,,,0,1
161,198440,52959033850,,,,,0,1
161,198440,52959033860,,,,,0,1
161,198440,52959033884,,,,,0,1
161,198440,52959041240,,,,,0,1
161,198440,52959041250,,,,,0,1
161,198440,53329019530,,,,,0,1
161,198440,53329019630,,,,,0,1
161,198440,53329064130,,,,,0,1
161,198440,53329064198,,,,,0,1
161,198440,53942009201,,,,,0,1
161,198440,53942017013,,,,,0,1
161,198440,53943009201,,,,,0,1
161,198440,53943009203,,,,,0,1
161,198440,53943010302,,,,,0,1
161,198440,53943010304,,,,,0,1
161,198440,53943010402,,,,,0,1
161,198440,53943010404,,,,,0,1
161,198440,53943010406,,,,,0,1
161,198440,53943010409,,,,,0,1
161,198440,53943020302,,,,,0,1
161,198440,53943020304,,,,,0,1
161,198440,53943029803,,,,,0,1
161,198440,53943030402,,,,,0,1
161,198440,53943030404,,,,,0,1
161,198440,53943030406,,,,,0,1
161,198440,53943030409,,,,,0,1
161,198440,54257047302,,,,,0,1
161,198440,54738004001,,,,,0,1
161,198440,54738004003,,,,,0,1
161,198440,54738054001,,,,,0,1
161,198440,54738054003,,,,,0,1
161,198440,55154789700,,,,,0,1
161,198440,55289088001,,,,,0,1
161,198440,55289088006,,,,,0,1
161,198440,55289088012,,,,,0,1
161,198440,55289088015,,,,,0,1
161,198440,55289088020,,,,,0,1
161,198440,55289088024,,,,,0,1
161,198440,55289088030,,,,,0,1
161,198440,55289088050,,,,,0,1
161,198440,55289088060,,,,,0,1
161,198440,55289088097,,,,,0,1
161,198440,55301017503,,,,,0,1
161,198440,55301017515,,,,,0,1
161,198440,55301017560,,,,,0,1
161,198440,55301017595,,,,,0,1
161,198440,55305012601,,,,,0,1
161,198440,55305012602,,,,,0,1
161,198440,55305012604,,,,,0,1
161,198440,55305012605,,,,,0,1
161,198440,55319005314,,,,,0,1
161,198440,55319005321,,,,,0,1
161,198440,55319017705,,,,,0,1
161,198440,55319017710,,,,,0,1
161,198440,55319017724,,,,,0,1
161,198440,55319017725,,,,,0,1
161,198440,55319017750,,,,,0,1
161,198440,55700094630,,,,,0,1
161,198440,55758043901,,,,,0,1
161,198440,55758043950,,,,,0,1
161,198440,55910013515,,,,,0,1
161,198440,55910050662,,,,,0,1
161,198440,55910050671,,,,,0,1
161,198440,55910050676,,,,,0,1
161,198440,55910050678,,,,,0,1
161,198440,55910050683,,,,,0,1
161,198440,55910063071,,,,,0,1
161,198440,55910066162,,,,,0,1
161,198440,55910066176,,,,,0,1
161,198440,55910066178,,,,,0,1
161,198440,55910066182,,,,,0,1
161,198440,55910066185,,,,,0,1
161,198440,55910066190,,,,,0,1
161,198440,55910070162,,,,,0,1
161,198440,55910070178,,,,,0,1
161,198440,55910081208,,,,,0,1
161,198440,55910081232,,,,,0,1
161,198440,55959013101,,,,,0,1
161,198440,55959017103,,,,,0,1
161,198440,55959017106,,,,,0,1
161,198440,56062001071,,,,,0,1
161,198440,56062018771,,,,,0,1
161,198440,56062018778,,,,,0,1
161,198440,56062019201,,,,,0,1
161,198440,56062019203,,,,,0,1
161,198440,56062022771,,,,,0,1
161,198440,56062022778,,,,,0,1
161,198440,56062048471,,,,,0,1
161,198440,56062048478,,,,,0,1
161,198440,56062048483,,,,,0,1
161,198440,56062048485,,,,,0,1
161,198440,56062065071,,,,,0,1
161,198440,56062065078,,,,,0,1
161,198440,57237034701,,,,,0,1
161,198440,57243017515,,,,,0,1
161,198440,57344000404,,,,,0,1
161,198440,57344000406,,,,,0,1
161,198440,57344010307,,,,,0,1
161,198440,57344017001,,,,,0,1
161,198440,57344017002,,,,,0,1
161,198440,57344017003,,,,,0,1
161,198440,57344017012,,,,,0,1
161,198440,57896020005,,,,,0,1
161,198440,57896020010,,,,,0,1
161,198440,57896020101,,,,,0,1
161,198440,57896020105,,,,,0,1
161,198440,57896020110,,,,,0,1
161,198440,57896020401,,,,,0,1
161,198440,57896020405,,,,,0,1
161,198440,57896020410,,,,,0,1
161,198440,57896020420,,,,,0,1
161,198440,57896020710,,,,,0,1
161,198440,57896021901,,,,,0,1
161,198440,57896021905,,,,,0,1
161,198440,57896021910,,,,,0,1
161,198440,57896021920,,,,,0,1
161,198440,57896021950,,,,,0,1
161,198440,57896022101,,,,,0,1
161,198440,57896022105,,,,,0,1
161,198440,57896022110,,,,,0,1
161,198440,57896022125,,,,,0,1
161,198440,57896022201,,,,,0,1
161,198440,57896022210,,,,,0,1
161,198440,57896022220,,,,,0,1
161,198440,57896025101,,,,,0,1
161,198440,58154010001,,,,,0,1
161,198440,58602074644,,,,,0,1
161,198440,58602075507,,,,,0,1
161,198440,58602075512,,,,,0,1
161,198440,58602075514,,,,,0,1
161,198440,58602075521,,,,,0,1
161,198440,58602075529,,,,,0,1
161,198440,58602075534,,,,,0,1
161,198440,58602075535,,,,,0,1
161,198440,58602075536,,,,,0,1
161,198440,58602075540,,,,,0,1
161,198440,58602075541,,,,,0,1
161,198440,58602077136,,,,,0,1
161,198440,58602077140,,,,,0,1
161,198440,58602077141,,,,,0,1
161,198440,58602077164,,,,,0,1
161,198440,58602077321,,,,,0,1
161,198440,58602077688,,,,,0,1
161,198440,58865000601,,,,,0,1
161,198440,58865000610,,,,,0,1
161,198440,59368021001,,,,,0,1
161,198440,59368021002,,,,,0,1
161,198440,59368021003,,,,,0,1
161,198440,59368021004,,,,,0,1
161,198440,59368021005,,,,,0,1
161,198440,59368021006,,,,,0,1
161,198440,59368021007,,,,,0,1
161,198440,59368021101,,,,,0,1
161,198440,59368021102,,,,,0,1
161,198440,59368021103,,,,,0,1
161,198440,59368021104,,,,,0,1
161,198440,59368021601,,,,,0,1
161,198440,59368021801,,,,,0,1
161,198440,59368021901,,,,,0,1
161,198440,59368022001,,,,,0,1
161,198440,59368022002,,,,,0,1
161,198440,59368022003,,,,,0,1
161,198440,59368022004,,,,,0,1
161,198440,59368022101,,,,,0,1
161,198440,59368022102,,,,,0,1
161,198440,59368022103,,,,,0,1
161,198440,59368022201,,,,,0,1
161,198440,59368022202,,,,,0,1
161,198440,59368022204,,,,,0,1
161,198440,59368022401,,,,,0,1
161,198440,59368022403,,,,,0,1
161,198440,59368022601,,,,,0,1
161,198440,59368022602,,,,,0,1
161,198440,59368022603,,,,,0,1
161,198440,59368022701,,,,,0,1
161,198440,59368022702,,,,,0,1
161,198440,59368022703,,,,,0,1
161,198440,59368022704,,,,,0,1
161,198440,59368022801,,,,,0,1
161,198440,59368022802,,,,,0,1
161,198440,59368022803,,,,,0,1
161,198440,59368022901,,,,,0,1
161,198440,59368023001,,,,,0,1
161,198440,59368023002,,,,,0,1
161,198440,59368023003,,,,,0,1
161,198440,59368023101,,,,,0,1
161,198440,59368023102,,,,,0,1
161,198440,59368023103,,,,,0,1
161,198440,59368023201,,,,,0,1
161,198440,59368023202,,,,,0,1
161,198440,59368023203,,,,,0,1
161,198440,59368023301,,,,,0,1
161,198440,59368023401,,,,,0,1
161,198440,59368034001,,,,,0,1
161,198440,59726049405,,,,,0,1
161,198440,59726049410,,,,,0,1
161,198440,59726049424,,,,,0,1
161,198440,59726049450,,,,,0,1
161,198440,59779010111,,,,,0,1
161,198440,59779010112,,,,,0,1
161,198440,59779018771,,,,,0,1
161,198440,59779048462,,,,,0,1
161,198440,59779048471,,,,,0,1
161,198440,59779048478,,,,,0,1
161,198440,59779048485,,,,,0,1
161,198440,59779048493,,,,,0,1
161,198440,59779053108,,,,,0,1
161,198440,59779097547,,,,,0,1
161,198440,60760022240,,,,,0,1
161,198440,60760053440,,,,,0,1
161,198440,60760091050,,,,,0,1
161,198440,61245017513,,,,,0,1
161,198440,61504010404,,,,,0,1
161,198440,61504010406,,,,,0,1
161,198440,61919027150,,,,,0,1
161,198440,62011002302,,,,,0,1
161,198440,62011002303,,,,,0,1
161,198440,62011004901,,,,,0,1
161,198440,62011023801,,,,,0,1
161,198440,62011023802,,,,,0,1
161,198440,62011043401,,,,,0,1
161,198440,62936020101,,,,,0,1
161,198440,62936020106,,,,,0,1
161,198440,62936022201,,,,,0,1
161,198440,62936022205,,,,,0,1
161,198440,63187029310,,,,,0,1
161,198440,63187029330,,,,,0,1
161,198440,63187029340,,,,,0,1
161,198440,63187029350,,,,,0,1
161,198440,63629151600,,,,,0,1
161,198440,63629151601,,,,,0,1
161,198440,63629151602,,,,,0,1
161,198440,63629151603,,,,,0,1
161,198440,63629151604,,,,,0,1
161,198440,63629151605,,,,,0,1
161,198440,63629151606,,,,,0,1
161,198440,63629151607,,,,,0,1
161,198440,63629151608,,,,,0,1
161,198440,63629151609,,,,,0,1
161,198440,63739043901,,,,,0,1
161,198440,63868008310,,,,,0,1
161,198440,63868008360,,,,,0,1
161,198440,63868008405,,,,,0,1
161,198440,63868008410,,,,,0,1
161,198440,63868008424,,,,,0,1
161,198440,63868008450,,,,,0,1
161,198440,63868008815,,,,,0,1
161,198440,63868050350,,,,,0,1
161,198440,63868050701,,,,,0,1
161,198440,63868098710,,,,,0,1
161,198440,63868098750,,,,,0,1
161,198440,63941010401,,,,,0,1
161,198440,63941010402,,,,,0,1
161,198440,63941010404,,,,,0,1
161,198440,63941010406,,,,,0,1
161,198440,63941010408,,,,,0,1
161,198440,63941010409,,,,,0,1
161,198440,63941019201,,,,,0,1
161,198440,63941019202,,,,,0,1
161,198440,63941019203,,,,,0,1
161,198440,63941030302,,,,,0,1
161,198440,63941030304,,,,,0,1
161,198440,63941051912,,,,,0,1
161,198440,63941051915,,,,,0,1
161,198440,63981001905,,,,,0,1
161,198440,63981051905,,,,,0,1
161,198440,63981051924,,,,,0,1
161,198440,63981070000,,,,,0,1
161,198440,63981070090,,,,,0,1
161,198440,64024000178,,,,,0,1
161,198440,65155020101,,,,,0,1
161,198440,65155020401,,,,,0,1
161,198440,66267000520,,,,,0,1
161,198440,66267000530,,,,,0,1
161,198440,66267000545,,,,,0,1
161,198440,66267000550,,,,,0,1
161,198440,66267099800,,,,,0,1
161,198440,66715553303,,,,,0,1
161,198440,66715563303,,,,,0,1
161,198440,66715568004,,,,,0,1
161,198440,66715573303,,,,,0,1
161,198440,66715632104,,,,,0,1
161,198440,66715633703,,,,,0,1
161,198440,66715686704,,,,,0,1
161,198440,66715687104,,,,,0,1
161,198440,66715963704,,,,,0,1
161,198440,67091013310,,,,,0,1
161,198440,67091013350,,,,,0,1
161,198440,67091013550,,,,,0,1
161,198440,68016002164,,,,,0,1
161,198440,68016002165,,,,,0,1
161,198440,68016002722,,,,,0,1
161,198440,68016002723,,,,,0,1
161,198440,68016002914,,,,,0,1
161,198440,68016002920,,,,,0,1
161,198440,68016013800,,,,,0,1
161,198440,68016013801,,,,,0,1
161,198440,68016013802,,,,,0,1
161,198440,68016013830,,,,,0,1
161,198440,68016013901,,,,,0,1
161,198440,68016013902,,,,,0,1
161,198440,68016050200,,,,,0,1
161,198440,68016050224,,,,,0,1
161,198440,68016050250,,,,,0,1
161,198440,68016054301,,,,,0,1
161,198440,68016054324,,,,,0,1
161,198440,68016054399,,,,,0,1
161,198440,68016065605,,,,,0,1
161,198440,68016065610,,,,,0,1
161,198440,68016065624,,,,,0,1
161,198440,68016065650,,,,,0,1
161,198440,68016069101,,,,,0,1
161,198440,68016069160,,,,,0,1
161,198440,68016073401,,,,,0,1
161,198440,68016073422,,,,,0,1
161,198440,68016073450,,,,,0,1
161,198440,68071343702,,,,,0,1
161,198440,68071343705,,,,,0,1
161,198440,68071523903,,,,,0,1
161,198440,68071523905,,,,,0,1
161,198440,68071523909,,,,,0,1
161,198440,68196017761,,,,,0,1
161,198440,68196031060,,,,,0,1
161,198440,68196048461,,,,,0,1
161,198440,68196048490,,,,,0,1
161,198440,68196091905,,,,,0,1
161,198440,68210013001,,,,,0,1
161,198440,68210130001,,,,,0,1
161,198440,68210130004,,,,,0,1
161,198440,68210130005,,,,,0,1
161,198440,68210409701,,,,,0,1
161,198440,68210409702,,,,,0,1
161,198440,68210414404,,,,,0,1
161,198440,68210420404,,,,,0,1
161,198440,68210421104,,,,,0,1
161,198440,68210422501,,,,,0,1
161,198440,68210423501,,,,,0,1
161,198440,68210611301,,,,,0,1
161,198440,68391000479,,,,,0,1
161,198440,68391065990,,,,,0,1
161,198440,68599468103,,,,,0,1
161,198440,68788770901,,,,,0,1
161,198440,68788770902,,,,,0,1
161,198440,68788770903,,,,,0,1
161,198440,68788770904,,,,,0,1
161,198440,68788770905,,,,,0,1
161,198440,68788770906,,,,,0,1
161,198440,68788775101,,,,,0,1
161,198440,68788775102,,,,,0,1
161,198440,68788775103,,,,,0,1
161,198440,68788775104,,,,,0,1
161,198440,68788775105,,,,,0,1
161,198440,68788775106,,,,,0,1
161,198440,68788807001,,,,,0,1
161,198440,68788807002,,,,,0,1
161,198440,68788807003,,,,,0,1
161,198440,68788807005,,,,,0,1
161,198440,68788855901,,,,,0,1
161,198440,68788855902,,,,,0,1
161,198440,68788855903,,,,,0,1
161,198440,68788855905,,,,,0,1
161,198440,68788858501,,,,,0,1
161,198440,68788858502,,,,,0,1
161,198440,68788858503,,,,,0,1
161,198440,68788858505,,,,,0,1
161,198440,68788863601,,,,,0,1
161,198440,68788863602,,,,,0,1
161,198440,68788863603,,,,,0,1
161,198440,68788863605,,,,,0,1
161,198440,68788878601,,,,,0,1
161,198440,68788878602,,,,,0,1
161,198440,68788878603,,,,,0,1
161,198440,68788878605,,,,,0,1
161,198440,68788886301,,,,,0,1
161,198440,68788886302,,,,,0,1
161,198440,68788886303,,,,,0,1
161,198440,68788886305,,,,,0,1
161,198440,68788887301,,,,,0,1
161,198440,68788887302,,,,,0,1
161,198440,68788887303,,,,,0,1
161,198440,68788887305,,,,,0,1
161,198440,68998000404,,,,,0,1
161,198440,68998000406,,,,,0,1
161,198440,68998007003,,,,,0,1
161,198440,68998010404,,,,,0,1
161,198440,68998010406,,,,,0,1
161,198440,68998019802,,,,,0,1
161,198440,68998039201,,,,,0,1
161,198440,69168000540,,,,,0,1
161,198440,69168001124,,,,,0,1
161,198440,69168001140,,,,,0,1
161,198440,69168001150,,,,,0,1
161,198440,69168032801,,,,,0,1
161,198440,69168032803,,,,,0,1
161,198440,69168032813,,,,,0,1
161,198440,69168032840,,,,,0,1
161,198440,69396014001,,,,,0,1
161,198440,69396014003,,,,,0,1
161,198440,69396014401,,,,,0,1
161,198440,69517010705,,,,,0,1
161,198440,69517010740,,,,,0,1
161,198440,69618001101,,,,,0,1
161,198440,69618001110,,,,,0,1
161,198440,69676005902,,,,,0,1
161,198440,69676005905,,,,,0,1
161,198440,69729010740,,,,,0,1
161,198440,69790015433,,,,,0,1
161,198440,69790017333,,,,,0,1
161,198440,69790080433,,,,,0,1
161,198440,69842016847,,,,,0,1
161,198440,69842029505,,,,,0,1
161,198440,69842029510,,,,,0,1
161,198440,69842029515,,,,,0,1
161,198440,69842029521,,,,,0,1
161,198440,69842029805,,,,,0,1
161,198440,69842029810,,,,,0,1
161,198440,69842029815,,,,,0,1
161,198440,69842029821,,,,,0,1
161,198440,69842029824,,,,,0,1
161,198440,69842029830,,,,,0,1
161,198440,69842029840,,,,,0,1
161,198440,69842029860,,,,,0,1
161,198440,69842039054,,,,,0,1
161,198440,69842046512,,,,,0,1
161,198440,69842048447,,,,,0,1
161,198440,69842048462,,,,,0,1
161,198440,69842048471,,,,,0,1
161,198440,69842048478,,,,,0,1
161,198440,69842048483,,,,,0,1
161,198440,69842048487,,,,,0,1
161,198440,69842048490,,,,,0,1
161,198440,69842048493,,,,,0,1
161,198440,69842075003,,,,,0,1
161,198440,69842075096,,,,,0,1
161,198440,69842078015,,,,,0,1
161,198440,69842078025,,,,,0,1
161,198440,69842086401,,,,,0,1
161,198440,69842086404,,,,,0,1
161,198440,69842086405,,,,,0,1
161,198440,69842091505,,,,,0,1
161,198440,69842091508,,,,,0,1
161,198440,69842091512,,,,,0,1
161,198440,69842091515,,,,,0,1
161,198440,69842091520,,,,,0,1
161,198440,69842091529,,,,,0,1
161,198440,69842091578,,,,,0,1
161,198440,69842093108,,,,,0,1
161,198440,69842093117,,,,,0,1
161,198440,69842093129,,,,,0,1
161,198440,69848000310,,,,,0,1
161,198440,69848000317,,,,,0,1
161,198440,69848000324,,,,,0,1
161,198440,69848000810,,,,,0,1
161,198440,70000003601,,,,,0,1
161,198440,70000031201,,,,,0,1
161,198440,70000031202,,,,,0,1
161,198440,70000031203,,,,,0,1
161,198440,70000037301,,,,,0,1
161,198440,70000037302,,,,,0,1
161,198440,70000037303,,,,,0,1
161,198440,70000037304,,,,,0,1
161,198440,70000037305,,,,,0,1
161,198440,70000041001,,,,,0,1
161,198440,70000041002,,,,,0,1
161,198440,70000044601,,,,,0,1
161,198440,70000070901,,,,,0,1
161,198440,70010016101,,,,,0,1
161,198440,70010016105,,,,,0,1
161,198440,70010016110,,,,,0,1
161,198440,70030047071,,,,,0,1
161,198440,70030047078,,,,,0,1
161,198440,70518280500,,,,,0,1
161,198440,70677009302,,,,,0,1
161,198440,70677013101,,,,,0,1
161,198440,70677112001,,,,,0,1
161,198440,70677112002,,,,,0,1
161,198440,70677112401,,,,,0,1
161,198440,70677113801,,,,,0,1
161,198440,70677113802,,,,,0,1
161,198440,70677113803,,,,,0,1
161,198440,70677113805,,,,,0,1
161,198440,70677113901,,,,,0,1
161,198440,70677124201,,,,,0,1
161,198440,70677127601,,,,,0,1
161,198440,70692015005,,,,,0,1
161,198440,70692015020,,,,,0,1
161,198440,70692015031,,,,,0,1
161,198440,70692015044,,,,,0,1
161,198440,70729000124,,,,,0,1
161,198440,70729000150,,,,,0,1
161,198440,70729017512,,,,,0,1
161,198440,70875050001,,,,,0,1
161,198440,70875050003,,,,,0,1
161,198440,71009010901,,,,,0,1
161,198440,71105001101,,,,,0,1
161,198440,71105001102,,,,,0,1
161,198440,71205016510,,,,,0,1
161,198440,71205016524,,,,,0,1
161,198440,71205016530,,,,,0,1
161,198440,71205016540,,,,,0,1
161,198440,71205016550,,,,,0,1
161,198440,71205016560,,,,,0,1
161,198440,71205016590,,,,,0,1
161,198440,71205031404,,,,,0,1
161,198440,71205031408,,,,,0,1
161,198440,71205046108,,,,,0,1
161,198440,71205099000,,,,,0,1
161,198440,71205099011,,,,,0,1
161,198440,71205099050,,,,,0,1
161,198440,71205099055,,,,,0,1
161,198440,71309000105,,,,,0,1
161,198440,71309000140,,,,,0,1
161,198440,71335153600,,,,,0,1
161,198440,71335153601,,,,,0,1
161,198440,71335153602,,,,,0,1
161,198440,71335153603,,,,,0,1
161,198440,71335153604,,,,,0,1
161,198440,71335153605,,,,,0,1
161,198440,71335153606,,,,,0,1
161,198440,71335153607,,,,,0,1
161,198440,71335153608,,,,,0,1
161,198440,71335153609,,,,,0,1
161,198440,71335225101,,,,,0,1
161,198440,71399102601,,,,,0,1
161,198440,71399102602,,,,,0,1
161,198440,71399802201,,,,,0,1
161,198440,71399802202,,,,,0,1
161,198440,71399802701,,,,,0,1
161,198440,71399802702,,,,,0,1
161,198440,72036009201,,,,,0,1
161,198440,72036009203,,,,,0,1
161,198440,72036009802,,,,,0,1
161,198440,72036010401,,,,,0,1
161,198440,72036010402,,,,,0,1
161,198440,72036010404,,,,,0,1
161,198440,72036010406,,,,,0,1
161,198440,72036010408,,,,,0,1
161,198440,72036017002,,,,,0,1
161,198440,72036017003,,,,,0,1
161,198440,72036017005,,,,,0,1
161,198440,72036017013,,,,,0,1
161,198440,72090000801,,,,,0,1
161,198440,72090000830,,,,,0,1
161,198440,72090003801,,,,,0,1
161,198440,72090003802,,,,,0,1
161,198440,72162216301,,,,,0,1
161,198440,72162216401,,,,,0,1
161,198440,72162217901,,,,,0,1
161,198440,72189012030,,,,,0,1
161,198440,72189012050,,,,,0,1
161,198440,72189041330,,,,,0,1
161,198440,72288030078,,,,,0,1
161,198440,72288030079,,,,,0,1
161,198440,72288048478,,,,,0,1
161,198440,72288048482,,,,,0,1
161,198440,72288048483,,,,,0,1
161,198440,72288048490,,,,,0,1
161,198440,72288048493,,,,,0,1
161,198440,72288069201,,,,,0,1
161,198440,72288069210,,,,,0,1
161,198440,72288069220,,,,,0,1
161,198440,72288069250,,,,,0,1
161,198440,72288097509,,,,,0,1
161,198440,72476007003,,,,,0,1
161,198440,72476007013,,,,,0,1
161,198440,72476010401,,,,,0,1
161,198440,72789024101,,,,,0,1
161,198440,72789024120,,,,,0,1
161,198440,72789024130,,,,,0,1
161,198440,72789024150,,,,,0,1
161,198440,72789024160,,,,,0,1
161,198440,73408017433,,,,,0,1
161,198440,73408027433,,,,,0,1
161,198440,73408080433,,,,,0,1
161,198440,73408090433,,,,,0,1
161,198440,76168012010,,,,,0,1
161,198440,79481030201,,,,,0,1
161,198440,79481538002,,,,,0,1
161,198440,79903003201,,,,,0,1
161,198440,79903003202,,,,,0,1
161,198440,79903003210,,,,,0,1
161,198440,79903003240,,,,,0,1
161,198440,79903010755,,,,,0,1
161,198440,79903010760,,,,,0,1
161,198440,79903017405,,,,,0,1
161,198440,79903017425,,,,,0,1
161,198440,79903017450,,,,,0,1
161,198440,79903026823,,,,,0,1
161,198440,79903026910,,,,,0,1
161,198440,79903026922,,,,,0,1
161,198440,79903029610,,,,,0,1
161,198440,79903030920,,,,,0,1
161,198440,79903034273,,,,,0,1
161,198440,81389000101,,,,,0,1
161,198440,81522007013,,,,,0,1
161,198440,81522010404,,,,,0,1
161,198440,81522010406,,,,,0,1
161,198440,81533050030,,,,,0,1
161,198440,82501157501,,,,,0,1
161,198440,82568000201,,,,,0,1
161,198440,82568000202,,,,,0,1
161,198440,82652002501,,,,,0,1
161,198440,82706000701,,,,,0,1
161,198440,82706000702,,,,,0,1
161,198440,82706000703,,,,,0,1
161,198440,82706000704,,,,,0,1
161,198440,82706000705,,,,,0,1
161,198440,82706000706,,,,,0,1
161,198440,83324007801,,,,,0,1
161,198440,83324007815,,,,,0,1
161,198440,83324007824,,,,,0,1
161,198440,83324007850,,,,,0,1
161,198440,83324007950,,,,,0,1
161,198440,83324008001,,,,,0,1
161,198440,83324008101,,,,,0,1
161,198440,83324008110,,,,,0,1
161,198440,83324008160,,,,,0,1
161,198440,83324013801,,,,,0,1
161,198440,83324013850,,,,,0,1
161,198440,84269252201,,,,,0,1
161,198440,84269252202,,,,,0,1
161,198440,84324000301,,,,,0,1
161,198440,84324002101,,,,,0,1
161,198443,00927067812,,,,,0,1
161,198443,45802073000,,,,,0,1
161,198443,45802073030,,,,,0,1
161,198443,45802073032,,,,,0,1
161,198443,45802073033,,,,,0,1
161,198443,52959010903,,,,,0,1
161,198443,70677127101,,,,,0,1
161,198444,68196093520,,,,,0,1
161,198444,82706000801,,,,,0,1
161,198444,82706000802,,,,,0,1
161,1995136,51862054401,,,,,0,1
161,1995136,51862054405,,,,,0,1
161,1995136,70010005401,,,,,0,1
161,1995136,70010005405,,,,,0,1
161,1995136,75907000801,,,,,0,1
161,1996081,70134040308,,,,,0,1
161,1996098,70134040208,,,,,0,1
161,2001358,10702034401,,,,,0,1
161,2049223,23900003958,,,,,0,1
161,2049223,37000052524,,,,,0,1
161,2049223,37000095124,,,,,0,1
161,2049223,82706000601,,,,,0,1
161,2049223,82706000602,,,,,0,1
161,2049223,82706002001,,,,,0,1
161,2049223,82706002002,,,,,0,1
161,2049223,82706002003,,,,,0,1
161,2049223,82706002004,,,,,0,1
161,2049283,00067011401,,,,,0,1
161,2049841,00363738008,,,,,0,1
161,2049841,00363738009,,,,,0,1
161,2049841,11523003801,,,,,0,1
161,2049841,11523003802,,,,,0,1
161,2049841,11822073808,,,,,0,1
161,2049841,11822738009,,,,,0,1
161,2049841,41100058964,,,,,0,1
161,2049841,41250063809,,,,,0,1
161,2049841,51316073809,,,,,0,1
161,2049841,63868056720,,,,,0,1
161,2049841,70000005001,,,,,0,1
161,2105822,72887064812,,,,,0,1
161,2118728,10702034301,,,,,0,1
161,2118732,10702034501,,,,,0,1
161,2121065,58552013604,,,,,0,1
161,2121065,58552013704,,,,,0,1
161,2122363,00067635818,,,,,0,1
161,2167679,00067601418,,,,,0,1
161,2169129,63824067020,,,,,0,1
161,2173662,00363807845,,,,,0,1
161,2173662,11673087203,,,,,0,1
161,2173662,11673088945,,,,,0,1
161,2173662,63824026966,,,,,0,1
161,2173662,63824027066,,,,,0,1
161,2173662,63824050166,,,,,0,1
161,2173662,63824050466,,,,,0,1
161,2173662,63824093866,,,,,0,1
161,2173662,63824095964,,,,,0,1
161,2173662,63854050466,,,,,0,1
161,2173662,69842096606,,,,,0,1
161,2173662,72854014066,,,,,0,1
161,2173662,72854025066,,,,,0,1
161,2173667,00363698006,,,,,0,1
161,2173667,00363806345,,,,,0,1
161,2173667,11673069806,,,,,0,1
161,2173667,41250086906,,,,,0,1
161,2173667,51316006345,,,,,0,1
161,2173667,51316096345,,,,,0,1
161,2173667,63824021367,,,,,0,1
161,2173667,63824022366,,,,,0,1
161,2173667,63824050364,,,,,0,1
161,2173667,63824050366,,,,,0,1
161,2173667,63824050369,,,,,0,1
161,2173667,68163069806,,,,,0,1
161,2173667,69842088606,,,,,0,1
161,2173667,72854014366,,,,,0,1
161,2173667,79903011945,,,,,0,1
161,2173667,79903011954,,,,,0,1
161,2173667,82442069806,,,,,0,1
161,2178755,00363510118,,,,,0,1
161,2181307,10244054363,,,,,0,1
161,2264779,50488432501,,,,,0,1
161,2360605,42037000096,,,,,0,1
161,2360605,42037000097,,,,,0,1
161,2360605,63029020304,,,,,0,1
161,2360605,63029020316,,,,,0,1
161,2374554,00031010104,,,,,0,1
161,2374554,00031877012,,,,,0,1
161,2374554,00031877018,,,,,0,1
161,2377385,35916018402,,,,,0,1
161,2377385,41100058930,,,,,0,1
161,238153,00527409437,,,,,0,1
161,238153,13107007501,,,,,0,1
161,238153,13107007505,,,,,0,1
161,238153,13107007530,,,,,0,1
161,238153,13925053601,,,,,0,1
161,238153,51862017901,,,,,0,1
161,238153,63629208701,,,,,0,1
161,238153,70752014110,,,,,0,1
161,238153,70752014114,,,,,0,1
161,238153,72162109601,,,,,0,1
161,238153,75907000901,,,,,0,1
161,238154,00143178701,,,,,0,1
161,238154,00143178705,,,,,0,1
161,238154,00527169501,,,,,0,1
161,238154,00527169505,,,,,0,1
161,238154,00591336901,,,,,0,1
161,238154,00591336905,,,,,0,1
161,238154,00603254421,,,,,0,1
161,238154,00603254428,,,,,0,1
161,238154,00904693806,,,,,0,1
161,238154,10702025301,,,,,0,1
161,238154,10702025350,,,,,0,1
161,238154,33358005930,,,,,0,1
161,238154,33358005960,,,,,0,1
161,238154,43063036910,,,,,0,1
161,238154,43063036915,,,,,0,1
161,238154,43063036920,,,,,0,1
161,238154,43063036930,,,,,0,1
161,238154,43063036960,,,,,0,1
161,238154,45865035230,,,,,0,1
161,238154,45865035251,,,,,0,1
161,238154,45865035260,,,,,0,1
161,238154,45865035290,,,,,0,1
161,238154,46672005310,,,,,0,1
161,238154,46672005350,,,,,0,1
161,238154,47781053601,,,,,0,1
161,238154,47781062501,,,,,0,1
161,238154,47781062505,,,,,0,1
161,238154,50090210500,,,,,0,1
161,238154,50090210503,,,,,0,1
161,238154,50090256400,,,,,0,1
161,238154,50090256403,,,,,0,1
161,238154,50090704200,,,,,0,1
161,238154,50090704203,,,,,0,1
161,238154,50090751900,,,,,0,1
161,238154,50268055311,,,,,0,1
161,238154,50268055313,,,,,0,1
161,238154,50436169501,,,,,0,1
161,238154,50436485601,,,,,0,1
161,238154,50436485602,,,,,0,1
161,238154,51407055601,,,,,0,1
161,238154,51407055605,,,,,0,1
161,238154,51655059029,,,,,0,1
161,238154,51655059050,,,,,0,1
161,238154,51862054001,,,,,0,1
161,238154,51862054005,,,,,0,1
161,238154,52959037000,,,,,0,1
161,238154,52959037002,,,,,0,1
161,238154,52959037012,,,,,0,1
161,238154,52959037020,,,,,0,1
161,238154,52959037025,,,,,0,1
161,238154,52959037030,,,,,0,1
161,238154,52959037050,,,,,0,1
161,238154,52959037060,,,,,0,1
161,238154,52959037090,,,,,0,1
161,238154,55154335600,,,,,0,1
161,238154,55154714700,,,,,0,1
161,238154,55154798800,,,,,0,1
161,238154,55700066230,,,,,0,1
161,238154,58864085730,,,,,0,1
161,238154,60429058901,,,,,0,1
161,238154,60429058905,,,,,0,1
161,238154,60687067211,,,,,0,1
161,238154,60687067265,,,,,0,1
161,238154,60760086512,,,,,0,1
161,238154,61919002230,,,,,0,1
161,238154,61919002260,,,,,0,1
161,238154,61919002290,,,,,0,1
161,238154,62135075101,,,,,0,1
161,238154,63187052030,,,,,0,1
161,238154,63187052060,,,,,0,1
161,238154,63187052090,,,,,0,1
161,238154,63187093314,,,,,0,1
161,238154,63187093330,,,,,0,1
161,238154,63187093360,,,,,0,1
161,238154,63187093390,,,,,0,1
161,238154,63629177401,,,,,0,1
161,238154,63629177402,,,,,0,1
161,238154,63629177403,,,,,0,1
161,238154,63629177404,,,,,0,1
161,238154,63629177405,,,,,0,1
161,238154,63629177406,,,,,0,1
161,238154,63629177407,,,,,0,1
161,238154,63629177408,,,,,0,1
161,238154,63629177409,,,,,0,1
161,238154,63629214001,,,,,0,1
161,238154,63629215101,,,,,0,1
161,238154,63629839200,,,,,0,1
161,238154,63629839201,,,,,0,1
161,238154,63629839202,,,,,0,1
161,238154,63629839203,,,,,0,1
161,238154,63629839204,,,,,0,1
161,238154,63629839205,,,,,0,1
161,238154,63629839206,,,,,0,1
161,238154,63629839207,,,,,0,1
161,238154,63629839208,,,,,0,1
161,238154,63629839209,,,,,0,1
161,238154,64380015701,,,,,0,1
161,238154,64380015702,,,,,0,1
161,238154,66267003912,,,,,0,1
161,238154,66267003930,,,,,0,1
161,238154,66267003960,,,,,0,1
161,238154,66267003984,,,,,0,1
161,238154,66267003990,,,,,0,1
161,238154,67544038330,,,,,0,1
161,238154,68071324900,,,,,0,1
161,238154,68071324902,,,,,0,1
161,238154,68071324903,,,,,0,1
161,238154,68071324906,,,,,0,1
161,238154,68084039611,,,,,0,1
161,238154,68084039665,,,,,0,1
161,238154,68788788201,,,,,0,1
161,238154,68788788202,,,,,0,1
161,238154,68788788203,,,,,0,1
161,238154,68788788206,,,,,0,1
161,238154,68788788208,,,,,0,1
161,238154,68788788209,,,,,0,1
161,238154,68788813702,,,,,0,1
161,238154,68788813703,,,,,0,1
161,238154,68788879402,,,,,0,1
161,238154,68788879403,,,,,0,1
161,238154,69367020301,,,,,0,1
161,238154,69367020305,,,,,0,1
161,238154,70010014901,,,,,0,1
161,238154,70010014905,,,,,0,1
161,238154,70518113400,,,,,0,1
161,238154,70518113401,,,,,0,1
161,238154,70518113402,,,,,0,1
161,238154,70518385800,,,,,0,1
161,238154,70518385801,,,,,0,1
161,238154,70518430900,,,,,0,1
161,238154,70752014210,,,,,0,1
161,238154,70752014214,,,,,0,1
161,238154,71205051014,,,,,0,1
161,238154,71205051030,,,,,0,1
161,238154,71205051060,,,,,0,1
161,238154,71205051090,,,,,0,1
161,238154,71205098100,,,,,0,1
161,238154,71205098130,,,,,0,1
161,238154,71205098155,,,,,0,1
161,238154,71205098160,,,,,0,1
161,238154,71205098172,,,,,0,1
161,238154,71205098190,,,,,0,1
161,238154,71335034700,,,,,0,1
161,238154,71335034701,,,,,0,1
161,238154,71335034702,,,,,0,1
161,238154,71335034703,,,,,0,1
161,238154,71335034704,,,,,0,1
161,238154,71335034705,,,,,0,1
161,238154,71335034706,,,,,0,1
161,238154,71335034707,,,,,0,1
161,238154,71335034708,,,,,0,1
161,238154,71335034709,,,,,0,1
161,238154,71335036500,,,,,0,1
161,238154,71335036501,,,,,0,1
161,238154,71335036502,,,,,0,1
161,238154,71335036503,,,,,0,1
161,238154,71335036504,,,,,0,1
161,238154,71335036505,,,,,0,1
161,238154,71335036506,,,,,0,1
161,238154,71335036507,,,,,0,1
161,238154,71335036508,,,,,0,1
161,238154,71335036509,,,,,0,1
161,238154,71335176400,,,,,0,1
161,238154,71335176401,,,,,0,1
161,238154,71335176402,,,,,0,1
161,238154,71335176403,,,,,0,1
161,238154,71335176404,,,,,0,1
161,238154,71335176405,,,,,0,1
161,238154,71335176406,,,,,0,1
161,238154,71335176407,,,,,0,1
161,238154,71335176408,,,,,0,1
161,238154,71335176409,,,,,0,1
161,238154,71335176700,,,,,0,1
161,238154,71335176701,,,,,0,1
161,238154,71335176702,,,,,0,1
161,238154,71335176703,,,,,0,1
161,238154,71335176704,,,,,0,1
161,238154,71335176705,,,,,0,1
161,238154,71335176706,,,,,0,1
161,238154,71335176707,,,,,0,1
161,238154,71335176708,,,,,0,1
161,238154,71335176709,,,,,0,1
161,238154,71335227000,,,,,0,1
161,238154,71335227001,,,,,0,1
161,238154,71335227002,,,,,0,1
161,238154,71335227003,,,,,0,1
161,238154,71335227004,,,,,0,1
161,238154,71335227005,,,,,0,1
161,238154,71335227006,,,,,0,1
161,238154,71335227007,,,,,0,1
161,238154,71335227008,,,,,0,1
161,238154,71335227009,,,,,0,1
161,238154,71335227200,,,,,0,1
161,238154,71335227201,,,,,0,1
161,238154,71335227202,,,,,0,1
161,238154,71335227203,,,,,0,1
161,238154,71335227204,,,,,0,1
161,238154,71335227205,,,,,0,1
161,238154,71335227206,,,,,0,1
161,238154,71335227207,,,,,0,1
161,238154,71335227208,,,,,0,1
161,238154,71335227209,,,,,0,1
161,238154,71335254600,,,,,0,1
161,238154,71335254601,,,,,0,1
161,238154,71335254602,,,,,0,1
161,238154,71335254603,,,,,0,1
161,238154,71335254604,,,,,0,1
161,238154,71335254605,,,,,0,1
161,238154,71335254606,,,,,0,1
161,238154,71335254607,,,,,0,1
161,238154,71335254608,,,,,0,1
161,238154,71335254609,,,,,0,1
161,238154,71335263000,,,,,0,1
161,238154,71335263001,,,,,0,1
161,238154,71335263002,,,,,0,1
161,238154,71335263003,,,,,0,1
161,238154,71335263004,,,,,0,1
161,238154,71335263005,,,,,0,1
161,238154,71335263006,,,,,0,1
161,238154,71335263007,,,,,0,1
161,238154,71335263008,,,,,0,1
161,238154,71335263009,,,,,0,1
161,238154,71335960300,,,,,0,1
161,238154,71335960301,,,,,0,1
161,238154,71335960302,,,,,0,1
161,238154,71335960303,,,,,0,1
161,238154,71335960304,,,,,0,1
161,238154,71335960305,,,,,0,1
161,238154,71335960306,,,,,0,1
161,238154,71335960307,,,,,0,1
161,238154,71335960308,,,,,0,1
161,238154,71335960309,,,,,0,1
161,238154,71610004230,,,,,0,1
161,238154,71610004253,,,,,0,1
161,238154,71610004260,,,,,0,1
161,238154,71610004270,,,,,0,1
161,238154,72189044112,,,,,0,1
161,238154,72189044130,,,,,0,1
161,238154,72189044160,,,,,0,1
161,238154,72189060012,,,,,0,1
161,238154,72189060030,,,,,0,1
161,238154,72189060060,,,,,0,1
161,238154,76420080201,,,,,0,1
161,238154,76420080205,,,,,0,1
161,238154,76420080210,,,,,0,1
161,238154,76420080212,,,,,0,1
161,238154,76420080220,,,,,0,1
161,238154,76420080230,,,,,0,1
161,238154,76420080260,,,,,0,1
161,238154,76420080290,,,,,0,1
161,238154,79739732001,,,,,0,1
161,238154,79739732005,,,,,0,1
161,238159,00603083873,,,,,0,1
161,238159,08790061139,,,,,0,1
161,2387532,00113529916,,,,,0,1
161,2387532,00113529923,,,,,0,1
161,2387532,00113529968,,,,,0,1
161,2387532,00113529989,,,,,0,1
161,2387532,00113530016,,,,,0,1
161,2387532,00113530068,,,,,0,1
161,2387532,00363408178,,,,,0,1
161,2387532,00363522001,,,,,0,1
161,2387532,00363522016,,,,,0,1
161,2387532,00363522023,,,,,0,1
161,2387532,00363522068,,,,,0,1
161,2387532,00363619923,,,,,0,1
161,2387532,00363913116,,,,,0,1
161,2387532,00363913144,,,,,0,1
161,2387532,00536137636,,,,,0,1
161,2387532,00573014502,,,,,0,1
161,2387532,00573014518,,,,,0,1
161,2387532,00573014572,,,,,0,1
161,2387532,00573014589,,,,,0,1
161,2387532,00573014599,,,,,0,1
161,2387532,00573014709,,,,,0,1
161,2387532,00573014718,,,,,0,1
161,2387532,00573014724,,,,,0,1
161,2387532,00573014736,,,,,0,1
161,2387532,00573014772,,,,,0,1
161,2387532,00573014786,,,,,0,1
161,2387532,00573014790,,,,,0,1
161,2387532,00573014791,,,,,0,1
161,2387532,00573014793,,,,,0,1
161,2387532,00573014794,,,,,0,1
161,2387532,00573014795,,,,,0,1
161,2387532,00573014797,,,,,0,1
161,2387532,11673092475,,,,,0,1
161,2387532,11822113104,,,,,0,1
161,2387532,11822113106,,,,,0,1
161,2387532,11822577700,,,,,0,1
161,2387532,11822577701,,,,,0,1
161,2387532,11822577702,,,,,0,1
161,2387532,21130071608,,,,,0,1
161,2387532,21130071675,,,,,0,1
161,2387532,25000008007,,,,,0,1
161,2387532,25000008072,,,,,0,1
161,2387532,25000008074,,,,,0,1
161,2387532,30142072023,,,,,0,1
161,2387532,41163010368,,,,,0,1
161,2387532,41163010389,,,,,0,1
161,2387532,41226071649,,,,,0,1
161,2387532,43598005205,,,,,0,1
161,2387532,43598005214,,,,,0,1
161,2387532,43598005218,,,,,0,1
161,2387532,43598005225,,,,,0,1
161,2387532,43598005295,,,,,0,1
161,2387532,46122074268,,,,,0,1
161,2387532,46122081861,,,,,0,1
161,2387532,49483071649,,,,,0,1
161,2387532,49483071675,,,,,0,1
161,2387532,50580020802,,,,,0,1
161,2387532,50580020808,,,,,0,1
161,2387532,50580020812,,,,,0,1
161,2387532,50580020816,,,,,0,1
161,2387532,51316013136,,,,,0,1
161,2387532,51316013144,,,,,0,1
161,2387532,51316013172,,,,,0,1
161,2387532,51316013272,,,,,0,1
161,2387532,51316013281,,,,,0,1
161,2387532,53943003476,,,,,0,1
161,2387532,55319013936,,,,,0,1
161,2387532,55910044116,,,,,0,1
161,2387532,55910044123,,,,,0,1
161,2387532,55910044140,,,,,0,1
161,2387532,55910044168,,,,,0,1
161,2387532,55910044189,,,,,0,1
161,2387532,55910050823,,,,,0,1
161,2387532,55910050868,,,,,0,1
161,2387532,58602089301,,,,,0,1
161,2387532,58602089302,,,,,0,1
161,2387532,58602089303,,,,,0,1
161,2387532,58602089307,,,,,0,1
161,2387532,58602089311,,,,,0,1
161,2387532,58602089314,,,,,0,1
161,2387532,58602089321,,,,,0,1
161,2387532,58602089329,,,,,0,1
161,2387532,58602089335,,,,,0,1
161,2387532,58602089340,,,,,0,1
161,2387532,58602089341,,,,,0,1
161,2387532,58602089344,,,,,0,1
161,2387532,58602089346,,,,,0,1
161,2387532,58602089349,,,,,0,1
161,2387532,58602089351,,,,,0,1
161,2387532,58602089361,,,,,0,1
161,2387532,58602089362,,,,,0,1
161,2387532,58602089365,,,,,0,1
161,2387532,58602089373,,,,,0,1
161,2387532,58602089378,,,,,0,1
161,2387532,58602089379,,,,,0,1
161,2387532,58602089380,,,,,0,1
161,2387532,58602089382,,,,,0,1
161,2387532,58602089384,,,,,0,1
161,2387532,58602089385,,,,,0,1
161,2387532,58602089388,,,,,0,1
161,2387532,58602089394,,,,,0,1
161,2387532,58602089395,,,,,0,1
161,2387532,58602089396,,,,,0,1
161,2387532,58602089399,,,,,0,1
161,2387532,58602089501,,,,,0,1
161,2387532,58602089503,,,,,0,1
161,2387532,58602089507,,,,,0,1
161,2387532,58602089511,,,,,0,1
161,2387532,58602089514,,,,,0,1
161,2387532,58602089521,,,,,0,1
161,2387532,58602089529,,,,,0,1
161,2387532,58602089535,,,,,0,1
161,2387532,58602089540,,,,,0,1
161,2387532,58602089541,,,,,0,1
161,2387532,58602089544,,,,,0,1
161,2387532,58602089546,,,,,0,1
161,2387532,58602089549,,,,,0,1
161,2387532,58602089551,,,,,0,1
161,2387532,58602089561,,,,,0,1
161,2387532,58602089562,,,,,0,1
161,2387532,58602089565,,,,,0,1
161,2387532,58602089573,,,,,0,1
161,2387532,58602089578,,,,,0,1
161,2387532,58602089579,,,,,0,1
161,2387532,58602089580,,,,,0,1
161,2387532,58602089582,,,,,0,1
161,2387532,58602089584,,,,,0,1
161,2387532,58602089585,,,,,0,1
161,2387532,58602089588,,,,,0,1
161,2387532,58602089594,,,,,0,1
161,2387532,58602089595,,,,,0,1
161,2387532,58602089596,,,,,0,1
161,2387532,58602089599,,,,,0,1
161,2387532,66715640102,,,,,0,1
161,2387532,66715960103,,,,,0,1
161,2387532,67751021101,,,,,0,1
161,2387532,67751021102,,,,,0,1
161,2387532,69452039464,,,,,0,1
161,2387532,69452044623,,,,,0,1
161,2387532,69452044722,,,,,0,1
161,2387532,69842067523,,,,,0,1
161,2387532,69842067568,,,,,0,1
161,2387532,70000062201,,,,,0,1
161,2387532,70000062202,,,,,0,1
161,2387532,70010013126,,,,,0,1
161,2387532,70010013131,,,,,0,1
161,2387532,70010021326,,,,,0,1
161,2387532,70010021331,,,,,0,1
161,2387532,70038013136,,,,,0,1
161,2387532,70038013172,,,,,0,1
161,2387532,70038013181,,,,,0,1
161,2387532,70264004012,,,,,0,1
161,2387532,70677127401,,,,,0,1
161,2387532,72288053001,,,,,0,1
161,2387532,72476013172,,,,,0,1
161,2387532,72476013181,,,,,0,1
161,2387532,72657015705,,,,,0,1
161,2387532,72657015718,,,,,0,1
161,2387532,72657015720,,,,,0,1
161,2387532,72657015736,,,,,0,1
161,2387532,72657015772,,,,,0,1
161,2387532,72657015774,,,,,0,1
161,2387532,72657015776,,,,,0,1
161,2387532,75907015814,,,,,0,1
161,2387532,75907015825,,,,,0,1
161,2387532,75907026014,,,,,0,1
161,2387532,75907026018,,,,,0,1
161,2387532,75907026025,,,,,0,1
161,2387532,75907026055,,,,,0,1
161,2387532,75907026095,,,,,0,1
161,2387532,76162050116,,,,,0,1
161,2387532,76162050123,,,,,0,1
161,2387532,76162050168,,,,,0,1
161,2387532,76162052023,,,,,0,1
161,2387532,79481050300,,,,,0,1
161,2387532,79481050301,,,,,0,1
161,2387532,79481050302,,,,,0,1
161,2387532,79481050303,,,,,0,1
161,2387532,79481650107,,,,,0,1
161,2387532,79903014836,,,,,0,1
161,2387532,79903014872,,,,,0,1
161,2387532,79903024444,,,,,0,1
161,2387532,79903032672,,,,,0,1
161,2387532,79903093144,,,,,0,1
161,2387532,83324014936,,,,,0,1
161,2387532,83324017844,,,,,0,1
161,2391569,51660007801,,,,,0,1
161,2391569,51660007824,,,,,0,1
161,2391569,51660007890,,,,,0,1
161,243675,00363000810,,,,,0,1
161,243675,00363028905,,,,,0,1
161,243675,00363028910,,,,,0,1
161,243675,17856525500,,,,,0,1
161,243675,17856525501,,,,,0,1
161,243675,17856525502,,,,,0,1
161,243675,17856525503,,,,,0,1
161,243675,17856525504,,,,,0,1
161,243675,17856525505,,,,,0,1
161,243675,17856525506,,,,,0,1
161,243675,17856525507,,,,,0,1
161,243675,17856525508,,,,,0,1
161,243675,17856525509,,,,,0,1
161,243675,36800000805,,,,,0,1
161,243675,37205000805,,,,,0,1
161,243675,52959086115,,,,,0,1
161,243675,56062000805,,,,,0,1
161,2463332,69729012206,,,,,0,1
161,2463332,69729012227,,,,,0,1
161,2463332,69729012237,,,,,0,1
161,2463332,69729012238,,,,,0,1
161,2463332,69729013306,,,,,0,1
161,2463332,69729013327,,,,,0,1
161,2463332,69729013337,,,,,0,1
161,2463332,69729013338,,,,,0,1
161,2463332,69729022302,,,,,0,1
161,2463332,69729022306,,,,,0,1
161,2463332,69729022337,,,,,0,1
161,2463332,69729022338,,,,,0,1
161,2463332,69729032227,,,,,0,1
161,2463332,69729032237,,,,,0,1
161,2463332,69729032238,,,,,0,1
161,2463332,69729032327,,,,,0,1
161,2463332,69729032337,,,,,0,1
161,2463332,69729032338,,,,,0,1
161,247324,00067816201,,,,,0,1
161,247324,50580044601,,,,,0,1
161,247324,51316098301,,,,,0,1
161,2480095,00264405080,,,,,0,1
161,2480095,00264405090,,,,,0,1
161,2480095,00264450080,,,,,0,1
161,2480095,25021070582,,,,,0,1
161,2480095,68083064701,,,,,0,1
161,251374,00363044701,,,,,0,1
161,251374,00363045201,,,,,0,1
161,251374,10135038115,,,,,0,1
161,251374,10135038127,,,,,0,1
161,251374,10135038129,,,,,0,1
161,251374,10135038227,,,,,0,1
161,251374,10135044211,,,,,0,1
161,251374,10135044215,,,,,0,1
161,251374,10135044281,,,,,0,1
161,251374,10135044315,,,,,0,1
161,251374,37205051665,,,,,0,1
161,251374,46122013165,,,,,0,1
161,251374,46122013365,,,,,0,1
161,251374,59779044701,,,,,0,1
161,251374,59779045201,,,,,0,1
161,251374,68016019600,,,,,0,1
161,2549034,72854016320,,,,,0,1
161,2549034,72854020920,,,,,0,1
161,2549034,72854023320,,,,,0,1
161,2549037,72854023402,,,,,0,1
161,2549037,72854023420,,,,,0,1
161,2549037,72854024020,,,,,0,1
161,2557336,00280005501,,,,,0,1
161,2557336,00280005502,,,,,0,1
161,2557336,55758050272,,,,,0,1
161,2588212,72988002701,,,,,0,1
161,2599517,82688000112,,,,,0,1
161,2604561,00363619008,,,,,0,1
161,2604561,00363621916,,,,,0,1
161,2604561,00363810012,,,,,0,1
161,2604561,11523009301,,,,,0,1
161,2604561,41100059786,,,,,0,1
161,2604561,51316042112,,,,,0,1
161,2604561,51316066506,,,,,0,1
161,2604561,55758041506,,,,,0,1
161,2604561,55910014240,,,,,0,1
161,2604561,63941029112,,,,,0,1
161,2604561,69230033108,,,,,0,1
161,2604561,69423084312,,,,,0,1
161,2604561,69423097206,,,,,0,1
161,2604561,69423097208,,,,,0,1
161,2604561,76162048340,,,,,0,1
161,2604561,82706001101,,,,,0,1
161,2604561,82706002201,,,,,0,1
161,2604561,84126030408,,,,,0,1
161,2604561,84126030712,,,,,0,1
161,2604562,00067820501,,,,,0,1
161,2604562,00672098200,,,,,0,1
161,2608082,72854023808,,,,,0,1
161,2608082,72854023816,,,,,0,1
161,2608082,72854023916,,,,,0,1
161,2636656,00067327240,,,,,0,1
161,2636656,00067792102,,,,,0,1
161,2636656,00363530906,,,,,0,1
161,2636656,00363539006,,,,,0,1
161,2636656,51316053906,,,,,0,1
161,2636656,51316055806,,,,,0,1
161,2636656,51316060405,,,,,0,1
161,2636656,76162053906,,,,,0,1
161,2636656,82442055806,,,,,0,1
161,2636658,00067792202,,,,,0,1
161,2636658,00363549006,,,,,0,1
161,2636658,51316054906,,,,,0,1
161,2636658,51316056006,,,,,0,1
161,2636658,51316060505,,,,,0,1
161,2636658,76162054906,,,,,0,1
161,2636658,82442056006,,,,,0,1
161,2645106,72988003301,,,,,0,1
161,2668206,55758001205,,,,,0,1
161,2670598,00067000711,,,,,0,1
161,2670598,00067010006,,,,,0,1
161,2670598,00067010099,,,,,0,1
161,2670598,70264004701,,,,,0,1
161,2670677,00067000709,,,,,0,1
161,2670677,00067010106,,,,,0,1
161,2670677,50269010106,,,,,0,1
161,2670678,00067000710,,,,,0,1
161,2670678,00067000720,,,,,0,1
161,2670678,00067010306,,,,,0,1
161,2670678,00067010606,,,,,0,1
161,2677914,55758038201,,,,,0,1
161,2677914,55758038218,,,,,0,1
161,2677915,55758038101,,,,,0,1
161,2677915,55758038118,,,,,0,1
161,2678223,00280015201,,,,,0,1
161,2678223,00280015202,,,,,0,1
161,2678231,00280015101,,,,,0,1
161,2678231,00280015102,,,,,0,1
161,2680300,00031010004,,,,,0,1
161,2680300,00031010008,,,,,0,1
161,2680300,51316008908,,,,,0,1
161,2683419,79903023840,,,,,0,1
161,2683419,79903024740,,,,,0,1
161,2683420,69536033504,,,,,0,1
161,2684921,55505023024,,,,,0,1
161,2685209,00067011101,,,,,0,1
161,2685209,00067011102,,,,,0,1
161,2691098,55758050072,,,,,0,1
161,2691101,55758050172,,,,,0,1
161,2691689,00067011201,,,,,0,1
161,2691689,00067434939,,,,,0,1
161,2692302,69676009409,,,,,0,1
161,2693770,69676009609,,,,,0,1
161,2693772,69676009309,,,,,0,1
161,2705808,82918000601,,,,,0,1
161,2705808,82918000624,,,,,0,1
161,2705808,82918000636,,,,,0,1
161,2709229,65131010111,,,,,0,1
161,2709673,41226067402,,,,,0,1
161,2709673,66715620402,,,,,0,1
161,2709673,66715680402,,,,,0,1
161,2709673,66715960402,,,,,0,1
161,2709673,72854016102,,,,,0,1
161,2709673,72854016104,,,,,0,1
161,2709673,72854016110,,,,,0,1
161,2709673,72854016120,,,,,0,1
161,2709673,72854021520,,,,,0,1
161,2709673,84126035202,,,,,0,1
161,2709673,84126035224,,,,,0,1
161,2712155,65131001168,,,,,0,1
161,2712156,65131010984,,,,,0,1
161,2713312,66715620502,,,,,0,1
161,2713312,66715680502,,,,,0,1
161,2713312,66715960502,,,,,0,1
161,2713312,84126035302,,,,,0,1
161,2713312,84126035324,,,,,0,1
161,2715604,36000037240,,,,,0,1
161,2715863,72854008516,,,,,0,1
161,2719840,53145005204,,,,,0,1
161,283274,47682007313,,,,,0,1
161,283274,47682007333,,,,,0,1
161,283274,47682007347,,,,,0,1
161,283274,47682007399,,,,,0,1
161,307668,00113002026,,,,,0,1
161,307668,00113002028,,,,,0,1
161,307668,00113002034,,,,,0,1
161,307668,00113010526,,,,,0,1
161,307668,00113012126,,,,,0,1
161,307668,00113016110,,,,,0,1
161,307668,00113016116,,,,,0,1
161,307668,00113021226,,,,,0,1
161,307668,00113021228,,,,,0,1
161,307668,00113021234,,,,,0,1
161,307668,00113059010,,,,,0,1
161,307668,00113060826,,,,,0,1
161,307668,00113060828,,,,,0,1
161,307668,00113094610,,,,,0,1
161,307668,00113895926,,,,,0,1
161,307668,00121093900,,,,,0,1
161,307668,00121093905,,,,,0,1
161,307668,00121094100,,,,,0,1
161,307668,00121094105,,,,,0,1
161,307668,00121094194,,,,,0,1
161,307668,00121096600,,,,,0,1
161,307668,00121096605,,,,,0,1
161,307668,00121096694,,,,,0,1
161,307668,00121178100,,,,,0,1
161,307668,00121178105,,,,,0,1
161,307668,00121188200,,,,,0,1
161,307668,00121188211,,,,,0,1
161,307668,00121188294,,,,,0,1
161,307668,00121282321,,,,,0,1
161,307668,00121282394,,,,,0,1
161,307668,00363010301,,,,,0,1
161,307668,00363010302,,,,,0,1
161,307668,00363010526,,,,,0,1
161,307668,00363010540,,,,,0,1
161,307668,00363013026,,,,,0,1
161,307668,00363013201,,,,,0,1
161,307668,00363013202,,,,,0,1
161,307668,00363014101,,,,,0,1
161,307668,00363016004,,,,,0,1
161,307668,00363016110,,,,,0,1
161,307668,00363016116,,,,,0,1
161,307668,00363016194,,,,,0,1
161,307668,00363016204,,,,,0,1
161,307668,00363016704,,,,,0,1
161,307668,00363017526,,,,,0,1
161,307668,00363017534,,,,,0,1
161,307668,00363017801,,,,,0,1
161,307668,00363017804,,,,,0,1
161,307668,00363019404,,,,,0,1
161,307668,00363021226,,,,,0,1
161,307668,00363021228,,,,,0,1
161,307668,00363021234,,,,,0,1
161,307668,00363028104,,,,,0,1
161,307668,00363028304,,,,,0,1
161,307668,00363028404,,,,,0,1
161,307668,00363028504,,,,,0,1
161,307668,00363032224,,,,,0,1
161,307668,00363032324,,,,,0,1
161,307668,00363033010,,,,,0,1
161,307668,00363033016,,,,,0,1
161,307668,00363033144,,,,,0,1
161,307668,00363033444,,,,,0,1
161,307668,00363034044,,,,,0,1
161,307668,00363034544,,,,,0,1
161,307668,00363059010,,,,,0,1
161,307668,00363059016,,,,,0,1
161,307668,00363059094,,,,,0,1
161,307668,00363075926,,,,,0,1
161,307668,00363075934,,,,,0,1
161,307668,00363076616,,,,,0,1
161,307668,00363080026,,,,,0,1
161,307668,00363080028,,,,,0,1
161,307668,00363080034,,,,,0,1
161,307668,00363094610,,,,,0,1
161,307668,00363094616,,,,,0,1
161,307668,00363095926,,,,,0,1
161,307668,00363099526,,,,,0,1
161,307668,00363122316,,,,,0,1
161,307668,00363123926,,,,,0,1
161,307668,00363139726,,,,,0,1
161,307668,00363163094,,,,,0,1
161,307668,00363600202,,,,,0,1
161,307668,00363602002,,,,,0,1
161,307668,00363695004,,,,,0,1
161,307668,00363695808,,,,,0,1
161,307668,00363695816,,,,,0,1
161,307668,00363701405,,,,,0,1
161,307668,00363701504,,,,,0,1
161,307668,00363807936,,,,,0,1
161,307668,00536121277,,,,,0,1
161,307668,00536132197,,,,,0,1
161,307668,00536142677,,,,,0,1
161,307668,00904676620,,,,,0,1
161,307668,00904727841,,,,,0,1
161,307668,00904727870,,,,,0,1
161,307668,00904744520,,,,,0,1
161,307668,11673010526,,,,,0,1
161,307668,11673010528,,,,,0,1
161,307668,11673013026,,,,,0,1
161,307668,11673013034,,,,,0,1
161,307668,11673013316,,,,,0,1
161,307668,11673013326,,,,,0,1
161,307668,11673026616,,,,,0,1
161,307668,11673075926,,,,,0,1
161,307668,11822010701,,,,,0,1
161,307668,11822010702,,,,,0,1
161,307668,11822059001,,,,,0,1
161,307668,11822059504,,,,,0,1
161,307668,11822059505,,,,,0,1
161,307668,11822068607,,,,,0,1
161,307668,11822076601,,,,,0,1
161,307668,11822076602,,,,,0,1
161,307668,11822095901,,,,,0,1
161,307668,11822098955,,,,,0,1
161,307668,11822154505,,,,,0,1
161,307668,11917013006,,,,,0,1
161,307668,15127050961,,,,,0,1
161,307668,15127051004,,,,,0,1
161,307668,17856020101,,,,,0,1
161,307668,17856020102,,,,,0,1
161,307668,17856020103,,,,,0,1
161,307668,17856020104,,,,,0,1
161,307668,17856020105,,,,,0,1
161,307668,17856020106,,,,,0,1
161,307668,17856020107,,,,,0,1
161,307668,17856020109,,,,,0,1
161,307668,21130017816,,,,,0,1
161,307668,21130024326,,,,,0,1
161,307668,21130028504,,,,,0,1
161,307668,21130074604,,,,,0,1
161,307668,24385010526,,,,,0,1
161,307668,24385013026,,,,,0,1
161,307668,24385014626,,,,,0,1
161,307668,30142010528,,,,,0,1
161,307668,30142059016,,,,,0,1
161,307668,30142059026,,,,,0,1
161,307668,30142076616,,,,,0,1
161,307668,30142081826,,,,,0,1
161,307668,30142095926,,,,,0,1
161,307668,36800010526,,,,,0,1
161,307668,36800013026,,,,,0,1
161,307668,36800016110,,,,,0,1
161,307668,36800016116,,,,,0,1
161,307668,36800017526,,,,,0,1
161,307668,36800020200,,,,,0,1
161,307668,36800020226,,,,,0,1
161,307668,36800020228,,,,,0,1
161,307668,36800020234,,,,,0,1
161,307668,36800039726,,,,,0,1
161,307668,36800055726,,,,,0,1
161,307668,36800055728,,,,,0,1
161,307668,36800059016,,,,,0,1
161,307668,36800069926,,,,,0,1
161,307668,36800069928,,,,,0,1
161,307668,36800069934,,,,,0,1
161,307668,36800075926,,,,,0,1
161,307668,36800076616,,,,,0,1
161,307668,36800094610,,,,,0,1
161,307668,36800094616,,,,,0,1
161,307668,36800095926,,,,,0,1
161,307668,37205050826,,,,,0,1
161,307668,37205051826,,,,,0,1
161,307668,37205057616,,,,,0,1
161,307668,37205062726,,,,,0,1
161,307668,37205067626,,,,,0,1
161,307668,37205071726,,,,,0,1
161,307668,37808013026,,,,,0,1
161,307668,37808016116,,,,,0,1
161,307668,37808028504,,,,,0,1
161,307668,37808048204,,,,,0,1
161,307668,41163047326,,,,,0,1
161,307668,41163088816,,,,,0,1
161,307668,41226077905,,,,,0,1
161,307668,41250016116,,,,,0,1
161,307668,41250055426,,,,,0,1
161,307668,41250055434,,,,,0,1
161,307668,41250059016,,,,,0,1
161,307668,41250063100,,,,,0,1
161,307668,41250063126,,,,,0,1
161,307668,41250063134,,,,,0,1
161,307668,41250065026,,,,,0,1
161,307668,41250065034,,,,,0,1
161,307668,41250076616,,,,,0,1
161,307668,41250094610,,,,,0,1
161,307668,41250094616,,,,,0,1
161,307668,41250095926,,,,,0,1
161,307668,41250095934,,,,,0,1
161,307668,41520002326,,,,,0,1
161,307668,41520036310,,,,,0,1
161,307668,41520036316,,,,,0,1
161,307668,41520061526,,,,,0,1
161,307668,41520061528,,,,,0,1
161,307668,41520062426,,,,,0,1
161,307668,41520070910,,,,,0,1
161,307668,41520080026,,,,,0,1
161,307668,41520080028,,,,,0,1
161,307668,41520081816,,,,,0,1
161,307668,45802020126,,,,,0,1
161,307668,45802020326,,,,,0,1
161,307668,46122001926,,,,,0,1
161,307668,46122004203,,,,,0,1
161,307668,46122005603,,,,,0,1
161,307668,46122010626,,,,,0,1
161,307668,46122020926,,,,,0,1
161,307668,46122021025,,,,,0,1
161,307668,46122021026,,,,,0,1
161,307668,46122021125,,,,,0,1
161,307668,46122021126,,,,,0,1
161,307668,46122021226,,,,,0,1
161,307668,46122021426,,,,,0,1
161,307668,46122031346,,,,,0,1
161,307668,46122032226,,,,,0,1
161,307668,46122032326,,,,,0,1
161,307668,46122034046,,,,,0,1
161,307668,46122055246,,,,,0,1
161,307668,46122076434,,,,,0,1
161,307668,46122076534,,,,,0,1
161,307668,49035004226,,,,,0,1
161,307668,49035010526,,,,,0,1
161,307668,49035031326,,,,,0,1
161,307668,49035031334,,,,,0,1
161,307668,49035059016,,,,,0,1
161,307668,49035059026,,,,,0,1
161,307668,49035076616,,,,,0,1
161,307668,49035094610,,,,,0,1
161,307668,49035094616,,,,,0,1
161,307668,49035095926,,,,,0,1
161,307668,49348009334,,,,,0,1
161,307668,49348011934,,,,,0,1
161,307668,49348012334,,,,,0,1
161,307668,49348026830,,,,,0,1
161,307668,49348032534,,,,,0,1
161,307668,49348043030,,,,,0,1
161,307668,49580028202,,,,,0,1
161,307668,49580028204,,,,,0,1
161,307668,49580028208,,,,,0,1
161,307668,49580028804,,,,,0,1
161,307668,49580068504,,,,,0,1
161,307668,49580082104,,,,,0,1
161,307668,49580288004,,,,,0,1
161,307668,49781001004,,,,,0,1
161,307668,49781001604,,,,,0,1
161,307668,50001080569,,,,,0,1
161,307668,50001080572,,,,,0,1
161,307668,50066052524,,,,,0,1
161,307668,50090725400,,,,,0,1
161,307668,51316007936,,,,,0,1
161,307668,51316009719,,,,,0,1
161,307668,51316009819,,,,,0,1
161,307668,51316009836,,,,,0,1
161,307668,51316028204,,,,,0,1
161,307668,51316032404,,,,,0,1
161,307668,51316056904,,,,,0,1
161,307668,51316060616,,,,,0,1
161,307668,51316064304,,,,,0,1
161,307668,51316069504,,,,,0,1
161,307668,52412090104,,,,,0,1
161,307668,52412090601,,,,,0,1
161,307668,52412091201,,,,,0,1
161,307668,52412091204,,,,,0,1
161,307668,53807051804,,,,,0,1
161,307668,53943052524,,,,,0,1
161,307668,53943052624,,,,,0,1
161,307668,54859085004,,,,,0,1
161,307668,54859085016,,,,,0,1
161,307668,55154578705,,,,,0,1
161,307668,55319006036,,,,,0,1
161,307668,55319020602,,,,,0,1
161,307668,55319055808,,,,,0,1
161,307668,55319055904,,,,,0,1
161,307668,55319093003,,,,,0,1
161,307668,55758002604,,,,,0,1
161,307668,55910001026,,,,,0,1
161,307668,55910025126,,,,,0,1
161,307668,55910025128,,,,,0,1
161,307668,55910025134,,,,,0,1
161,307668,55910028208,,,,,0,1
161,307668,55910073826,,,,,0,1
161,307668,55910073834,,,,,0,1
161,307668,56062013026,,,,,0,1
161,307668,56062017526,,,,,0,1
161,307668,56062059016,,,,,0,1
161,307668,56062076616,,,,,0,1
161,307668,56062094610,,,,,0,1
161,307668,56184010176,,,,,0,1
161,307668,56184010653,,,,,0,1
161,307668,58602020424,,,,,0,1
161,307668,59640059016,,,,,0,1
161,307668,59640076616,,,,,0,1
161,307668,59779010404,,,,,0,1
161,307668,59779012626,,,,,0,1
161,307668,59779012628,,,,,0,1
161,307668,59779016110,,,,,0,1
161,307668,59779016116,,,,,0,1
161,307668,59779017801,,,,,0,1
161,307668,59779026326,,,,,0,1
161,307668,59779026328,,,,,0,1
161,307668,59779030826,,,,,0,1
161,307668,59779030834,,,,,0,1
161,307668,59779059010,,,,,0,1
161,307668,59779059016,,,,,0,1
161,307668,59779059026,,,,,0,1
161,307668,59779075426,,,,,0,1
161,307668,59779078508,,,,,0,1
161,307668,59779094610,,,,,0,1
161,307668,59779094616,,,,,0,1
161,307668,60687076217,,,,,0,1
161,307668,60687076240,,,,,0,1
161,307668,60687076246,,,,,0,1
161,307668,62011000101,,,,,0,1
161,307668,62011000201,,,,,0,1
161,307668,62011024601,,,,,0,1
161,307668,62011046001,,,,,0,1
161,307668,62011046101,,,,,0,1
161,307668,62011046201,,,,,0,1
161,307668,63029060202,,,,,0,1
161,307668,63029060302,,,,,0,1
161,307668,63162051012,,,,,0,1
161,307668,63868017418,,,,,0,1
161,307668,63868017526,,,,,0,1
161,307668,63868017626,,,,,0,1
161,307668,63868067760,,,,,0,1
161,307668,63868067860,,,,,0,1
161,307668,63868083560,,,,,0,1
161,307668,63941028204,,,,,0,1
161,307668,63941028804,,,,,0,1
161,307668,63941032104,,,,,0,1
161,307668,66715695604,,,,,0,1
161,307668,67091011918,,,,,0,1
161,307668,68016010304,,,,,0,1
161,307668,68016014102,,,,,0,1
161,307668,68016016002,,,,,0,1
161,307668,68016017802,,,,,0,1
161,307668,68016017804,,,,,0,1
161,307668,68016069904,,,,,0,1
161,307668,68016070202,,,,,0,1
161,307668,68016070302,,,,,0,1
161,307668,68016070402,,,,,0,1
161,307668,68016072504,,,,,0,1
161,307668,68071386904,,,,,0,1
161,307668,68071486004,,,,,0,1
161,307668,68094001559,,,,,0,1
161,307668,68094001561,,,,,0,1
161,307668,68094001562,,,,,0,1
161,307668,68094003059,,,,,0,1
161,307668,68094003062,,,,,0,1
161,307668,68094003801,,,,,0,1
161,307668,68094003858,,,,,0,1
161,307668,68094004201,,,,,0,1
161,307668,68094004258,,,,,0,1
161,307668,68094006159,,,,,0,1
161,307668,68094006161,,,,,0,1
161,307668,68094006162,,,,,0,1
161,307668,68094013001,,,,,0,1
161,307668,68094013058,,,,,0,1
161,307668,68094023101,,,,,0,1
161,307668,68094023158,,,,,0,1
161,307668,68094023159,,,,,0,1
161,307668,68094023161,,,,,0,1
161,307668,68094023162,,,,,0,1
161,307668,68094033059,,,,,0,1
161,307668,68094033061,,,,,0,1
161,307668,68094033062,,,,,0,1
161,307668,68094058658,,,,,0,1
161,307668,68094058758,,,,,0,1
161,307668,68094058761,,,,,0,1
161,307668,68094058762,,,,,0,1
161,307668,68163069504,,,,,0,1
161,307668,68391028812,,,,,0,1
161,307668,68788839701,,,,,0,1
161,307668,68788840701,,,,,0,1
161,307668,68788846101,,,,,0,1
161,307668,68788847701,,,,,0,1
161,307668,68788864601,,,,,0,1
161,307668,69168045553,,,,,0,1
161,307668,69256010526,,,,,0,1
161,307668,69676004103,,,,,0,1
161,307668,69676004109,,,,,0,1
161,307668,69676004209,,,,,0,1
161,307668,69676006909,,,,,0,1
161,307668,69676008409,,,,,0,1
161,307668,69676008909,,,,,0,1
161,307668,69676009709,,,,,0,1
161,307668,69729000602,,,,,0,1
161,307668,69729000604,,,,,0,1
161,307668,69729002802,,,,,0,1
161,307668,69729004702,,,,,0,1
161,307668,69729004704,,,,,0,1
161,307668,69729006802,,,,,0,1
161,307668,69729006804,,,,,0,1
161,307668,69729011804,,,,,0,1
161,307668,69842095926,,,,,0,1
161,307668,70000002801,,,,,0,1
161,307668,70000047201,,,,,0,1
161,307668,70000048101,,,,,0,1
161,307668,70000049601,,,,,0,1
161,307668,70000067401,,,,,0,1
161,307668,70677011601,,,,,0,1
161,307668,70677011701,,,,,0,1
161,307668,70677011801,,,,,0,1
161,307668,70677114201,,,,,0,1
161,307668,70677114301,,,,,0,1
161,307668,70677125301,,,,,0,1
161,307668,70677128601,,,,,0,1
161,307668,71205026304,,,,,0,1
161,307668,71205040604,,,,,0,1
161,307668,71205060104,,,,,0,1
161,307668,71399003804,,,,,0,1
161,307668,71399003806,,,,,0,1
161,307668,71399003808,,,,,0,1
161,307668,71399004802,,,,,0,1
161,307668,71399004804,,,,,0,1
161,307668,71399004806,,,,,0,1
161,307668,71399004808,,,,,0,1
161,307668,71444079301,,,,,0,1
161,307668,71444079302,,,,,0,1
161,307668,71444089301,,,,,0,1
161,307668,72162227902,,,,,0,1
161,307668,72288010526,,,,,0,1
161,307668,72288010534,,,,,0,1
161,307668,72288013026,,,,,0,1
161,307668,72288013034,,,,,0,1
161,307668,72288017526,,,,,0,1
161,307668,72288059016,,,,,0,1
161,307668,72288076616,,,,,0,1
161,307668,72288094616,,,,,0,1
161,307668,72288095926,,,,,0,1
161,307668,72288095934,,,,,0,1
161,307668,72888045901,,,,,0,1
161,307668,73386032404,,,,,0,1
161,307668,76162007936,,,,,0,1
161,307668,76281052523,,,,,0,1
161,307668,76281052524,,,,,0,1
161,307668,76281052623,,,,,0,1
161,307668,76281052624,,,,,0,1
161,307668,79903017204,,,,,0,1
161,307668,79903022502,,,,,0,1
161,307668,80272000204,,,,,0,1
161,307668,81522028504,,,,,0,1
161,307668,82179000204,,,,,0,1
161,307668,82568000804,,,,,0,1
161,307668,82568000806,,,,,0,1
161,307668,82568000808,,,,,0,1
161,307668,82568001002,,,,,0,1
161,307668,82568001004,,,,,0,1
161,307668,82568001006,,,,,0,1
161,307668,82568001008,,,,,0,1
161,307668,82673009602,,,,,0,1
161,307668,82673009704,,,,,0,1
161,307668,82673009802,,,,,0,1
161,307668,82673010404,,,,,0,1
161,307668,83057000306,,,,,0,1
161,307668,83324003404,,,,,0,1
161,307668,83324016104,,,,,0,1
161,307668,83335010404,,,,,0,1
161,307668,83335010408,,,,,0,1
161,307668,83335010416,,,,,0,1
161,307668,83474000104,,,,,0,1
161,307675,00067643104,,,,,0,1
161,307675,00067643204,,,,,0,1
161,307675,00067644059,,,,,0,1
161,307675,00067644159,,,,,0,1
161,307675,00121065700,,,,,0,1
161,307675,00121065705,,,,,0,1
161,307675,00121065711,,,,,0,1
161,307675,00121065721,,,,,0,1
161,307675,00121131400,,,,,0,1
161,307675,00121131411,,,,,0,1
161,307675,00121197100,,,,,0,1
161,307675,00121197121,,,,,0,1
161,307675,00485005708,,,,,0,1
161,307675,00904701416,,,,,0,1
161,307675,00904701420,,,,,0,1
161,307675,00904731941,,,,,0,1
161,307675,00904731970,,,,,0,1
161,307675,00904732002,,,,,0,1
161,307675,00904732071,,,,,0,1
161,307675,00904732103,,,,,0,1
161,307675,00904732176,,,,,0,1
161,307675,17856002501,,,,,0,1
161,307675,17856002502,,,,,0,1
161,307675,17856002503,,,,,0,1
161,307675,17856002504,,,,,0,1
161,307675,17856002505,,,,,0,1
161,307675,17856002506,,,,,0,1
161,307675,17856002507,,,,,0,1
161,307675,17856002508,,,,,0,1
161,307675,17856004501,,,,,0,1
161,307675,17856004502,,,,,0,1
161,307675,17856004503,,,,,0,1
161,307675,17856004504,,,,,0,1
161,307675,17856004505,,,,,0,1
161,307675,17856004506,,,,,0,1
161,307675,17856004507,,,,,0,1
161,307675,17856004508,,,,,0,1
161,307675,17856004601,,,,,0,1
161,307675,17856004602,,,,,0,1
161,307675,17856016601,,,,,0,1
161,307675,17856016602,,,,,0,1
161,307675,17856016603,,,,,0,1
161,307675,17856016604,,,,,0,1
161,307675,17856016605,,,,,0,1
161,307675,17856016606,,,,,0,1
161,307675,17856016608,,,,,0,1
161,307675,17856017501,,,,,0,1
161,307675,17856017502,,,,,0,1
161,307675,17856017504,,,,,0,1
161,307675,17856017505,,,,,0,1
161,307675,17856017507,,,,,0,1
161,307675,17856017508,,,,,0,1
161,307675,17856017901,,,,,0,1
161,307675,17856017902,,,,,0,1
161,307675,17856017904,,,,,0,1
161,307675,17856017905,,,,,0,1
161,307675,17856017907,,,,,0,1
161,307675,17856017908,,,,,0,1
161,307675,17856018201,,,,,0,1
161,307675,17856018202,,,,,0,1
161,307675,17856018204,,,,,0,1
161,307675,17856018205,,,,,0,1
161,307675,17856112201,,,,,0,1
161,307675,17856112202,,,,,0,1
161,307675,17856112203,,,,,0,1
161,307675,17856112204,,,,,0,1
161,307675,17856112205,,,,,0,1
161,307675,17856112206,,,,,0,1
161,307675,17856112207,,,,,0,1
161,307675,17856112208,,,,,0,1
161,307675,17856112301,,,,,0,1
161,307675,17856112302,,,,,0,1
161,307675,17856112303,,,,,0,1
161,307675,17856112304,,,,,0,1
161,307675,17856112305,,,,,0,1
161,307675,17856112306,,,,,0,1
161,307675,17856112307,,,,,0,1
161,307675,17856112308,,,,,0,1
161,307675,17856701401,,,,,0,1
161,307675,17856701402,,,,,0,1
161,307675,17856701403,,,,,0,1
161,307675,17856701404,,,,,0,1
161,307675,17856701405,,,,,0,1
161,307675,17856701406,,,,,0,1
161,307675,17856701407,,,,,0,1
161,307675,17856701408,,,,,0,1
161,307675,17856701409,,,,,0,1
161,307675,39328003105,,,,,0,1
161,307675,39328003150,,,,,0,1
161,307675,39328003199,,,,,0,1
161,307675,39328003210,,,,,0,1
161,307675,39328003250,,,,,0,1
161,307675,39328003299,,,,,0,1
161,307675,39328003420,,,,,0,1
161,307675,39328003450,,,,,0,1
161,307675,39328003499,,,,,0,1
161,307675,48433040125,,,,,0,1
161,307675,49999021104,,,,,0,1
161,307675,50090605900,,,,,0,1
161,307675,52959030904,,,,,0,1
161,307675,52959061216,,,,,0,1
161,307675,53113051606,,,,,0,1
161,307675,54162012916,,,,,0,1
161,307675,54838014440,,,,,0,1
161,307675,54838014470,,,,,0,1
161,307675,54838014480,,,,,0,1
161,307675,54859080916,,,,,0,1
161,307675,55154944905,,,,,0,1
161,307675,55887046504,,,,,0,1
161,307675,56184010177,,,,,0,1
161,307675,57237030412,,,,,0,1
161,307675,57237030416,,,,,0,1
161,307675,57896016016,,,,,0,1
161,307675,57896018016,,,,,0,1
161,307675,58657052016,,,,,0,1
161,307675,58657052404,,,,,0,1
161,307675,58657052416,,,,,0,1
161,307675,58657052504,,,,,0,1
161,307675,58657052516,,,,,0,1
161,307675,60687057124,,,,,0,1
161,307675,60687057148,,,,,0,1
161,307675,60687057153,,,,,0,1
161,307675,60687074024,,,,,0,1
161,307675,60687074037,,,,,0,1
161,307675,60687074053,,,,,0,1
161,307675,60687075142,,,,,0,1
161,307675,60687075148,,,,,0,1
161,307675,60687075156,,,,,0,1
161,307675,63029061001,,,,,0,1
161,307675,63029061002,,,,,0,1
161,307675,63629115701,,,,,0,1
161,307675,63629115801,,,,,0,1
161,307675,66689005401,,,,,0,1
161,307675,66689005499,,,,,0,1
161,307675,66689005501,,,,,0,1
161,307675,66689005599,,,,,0,1
161,307675,66689005601,,,,,0,1
161,307675,66689005699,,,,,0,1
161,307675,68071287004,,,,,0,1
161,307675,69367032304,,,,,0,1
161,307675,69367032316,,,,,0,1
161,307675,71205073004,,,,,0,1
161,307675,71399002004,,,,,0,1
161,307675,71399002006,,,,,0,1
161,307675,71399002008,,,,,0,1
161,307675,71399002104,,,,,0,1
161,307675,71399002106,,,,,0,1
161,307675,71399002108,,,,,0,1
161,307675,71399002204,,,,,0,1
161,307675,71399002206,,,,,0,1
161,307675,71399002208,,,,,0,1
161,307675,71399016004,,,,,0,1
161,307675,71399016006,,,,,0,1
161,307675,71399016008,,,,,0,1
161,307675,72162167302,,,,,0,1
161,307675,72162167304,,,,,0,1
161,307675,72162240402,,,,,0,1
161,307675,72162240404,,,,,0,1
161,307675,73282252201,,,,,0,1
161,307675,81033000205,,,,,0,1
161,307675,81033000210,,,,,0,1
161,307675,81033000220,,,,,0,1
161,307675,81033000230,,,,,0,1
161,307675,81033000240,,,,,0,1
161,307675,81033000250,,,,,0,1
161,307675,81033000253,,,,,0,1
161,307675,81033000254,,,,,0,1
161,307675,81033000255,,,,,0,1
161,307675,82568000904,,,,,0,1
161,307675,82568000906,,,,,0,1
161,307675,82568000908,,,,,0,1
161,307675,83720050004,,,,,0,1
161,307675,83720050016,,,,,0,1
161,307675,84447010401,,,,,0,1
161,307675,84447010404,,,,,0,1
161,307675,84447010408,,,,,0,1
161,307675,84447010416,,,,,0,1
161,307684,00363027808,,,,,0,1
161,307684,00904748159,,,,,0,1
161,307684,00904753259,,,,,0,1
161,307684,11822644001,,,,,0,1
161,307684,11822800309,,,,,0,1
161,307684,21130094519,,,,,0,1
161,307684,46122035734,,,,,0,1
161,307684,49035027808,,,,,0,1
161,307684,49580327808,,,,,0,1
161,307684,51316030319,,,,,0,1
161,307684,57896020208,,,,,0,1
161,307684,57896020608,,,,,0,1
161,307684,63868080908,,,,,0,1
161,307684,68016016608,,,,,0,1
161,307684,68788837202,,,,,0,1
161,307684,69423083312,,,,,0,1
161,307684,69423083324,,,,,0,1
161,307684,69842044519,,,,,0,1
161,307684,69842087808,,,,,0,1
161,307684,69842094519,,,,,0,1
161,307684,79481004501,,,,,0,1
161,307684,80513023008,,,,,0,1
161,307684,84126034912,,,,,0,1
161,307686,00363057231,,,,,0,1
161,307686,00363721310,,,,,0,1
161,307686,10135037857,,,,,0,1
161,307686,11673083901,,,,,0,1
161,307686,11822042802,,,,,0,1
161,307686,49483037301,,,,,0,1
161,307686,49483037320,,,,,0,1
161,307686,55305012701,,,,,0,1
161,307686,55758043524,,,,,0,1
161,307686,59779082406,,,,,0,1
161,307686,59779082408,,,,,0,1
161,307686,59779082412,,,,,0,1
161,307686,59779082421,,,,,0,1
161,307686,59779097209,,,,,0,1
161,307686,68016011500,,,,,0,1
161,307686,68016069410,,,,,0,1
161,307686,68163050615,,,,,0,1
161,307686,68210410801,,,,,0,1
161,307686,68210410802,,,,,0,1
161,307686,68210410805,,,,,0,1
161,307686,68210414601,,,,,0,1
161,307686,68210418403,,,,,0,1
161,307686,68210423901,,,,,0,1
161,307686,68210424101,,,,,0,1
161,307686,69729014740,,,,,0,1
161,307686,69729014840,,,,,0,1
161,307686,69729014924,,,,,0,1
161,307686,69729015424,,,,,0,1
161,307686,69729079324,,,,,0,1
161,307686,69729079524,,,,,0,1
161,307686,70000015901,,,,,0,1
161,307686,70000015902,,,,,0,1
161,307686,71309010524,,,,,0,1
161,307686,72090000402,,,,,0,1
161,307686,79903037301,,,,,0,1
161,307686,82706001001,,,,,0,1
161,307686,82706001002,,,,,0,1
161,307686,84324000201,,,,,0,1
161,307696,00113048165,,,,,0,1
161,307696,00363018601,,,,,0,1
161,307696,00363031801,,,,,0,1
161,307696,11383014223,,,,,0,1
161,307696,15127083004,,,,,0,1
161,307696,17714004430,,,,,0,1
161,307696,49348019907,,,,,0,1
161,307696,49348019944,,,,,0,1
161,307696,51376013010,,,,,0,1
161,307696,52735070508,,,,,0,1
161,307696,52735072608,,,,,0,1
161,307696,54738009230,,,,,0,1
161,307696,57896014803,,,,,0,1
161,307696,63187094430,,,,,0,1
161,307696,69676005807,,,,,0,1
161,307696,69676008107,,,,,0,1
161,307696,73282248001,,,,,0,1
161,308297,00113037462,,,,,0,1
161,308297,00113037471,,,,,0,1
161,308297,00113037478,,,,,0,1
161,308297,00113038171,,,,,0,1
161,308297,00113038178,,,,,0,1
161,308297,00113161927,,,,,0,1
161,308297,00113185527,,,,,0,1
161,308297,00363015912,,,,,0,1
161,308297,00363015915,,,,,0,1
161,308297,00363033412,,,,,0,1
161,308297,00363037462,,,,,0,1
161,308297,00363037478,,,,,0,1
161,308297,00363037482,,,,,0,1
161,308297,00363037485,,,,,0,1
161,308297,00363044308,,,,,0,1
161,308297,00363058620,,,,,0,1
161,308297,00363058680,,,,,0,1
161,308297,00363062525,,,,,0,1
161,308297,00363077001,,,,,0,1
161,308297,00363077042,,,,,0,1
161,308297,00363086525,,,,,0,1
161,308297,00363112860,,,,,0,1
161,308297,00363115025,,,,,0,1
161,308297,00363123527,,,,,0,1
161,308297,00363123560,,,,,0,1
161,308297,00363132012,,,,,0,1
161,308297,00363132023,,,,,0,1
161,308297,00363132080,,,,,0,1
161,308297,00363701201,,,,,0,1
161,308297,00363701242,,,,,0,1
161,308297,00363721425,,,,,0,1
161,308297,00363899210,,,,,0,1
161,308297,00363968010,,,,,0,1
161,308297,00363968024,,,,,0,1
161,308297,00536132601,,,,,0,1
161,308297,10135035301,,,,,0,1
161,308297,10135035357,,,,,0,1
161,308297,10135037557,,,,,0,1
161,308297,11673007001,,,,,0,1
161,308297,11673007072,,,,,0,1
161,308297,11673015959,,,,,0,1
161,308297,11673068620,,,,,0,1
161,308297,11673068680,,,,,0,1
161,308297,11822037401,,,,,0,1
161,308297,11822037402,,,,,0,1
161,308297,11822037405,,,,,0,1
161,308297,11822037407,,,,,0,1
161,308297,11822051133,,,,,0,1
161,308297,11822112100,,,,,0,1
161,308297,11822112101,,,,,0,1
161,308297,11822159002,,,,,0,1
161,308297,11822159008,,,,,0,1
161,308297,11822334306,,,,,0,1
161,308297,11822461100,,,,,0,1
161,308297,11822788804,,,,,0,1
161,308297,11822788805,,,,,0,1
161,308297,15127085708,,,,,0,1
161,308297,21130003701,,,,,0,1
161,308297,21130003720,,,,,0,1
161,308297,21130003742,,,,,0,1
161,308297,21130007407,,,,,0,1
161,308297,21130007414,,,,,0,1
161,308297,21130007421,,,,,0,1
161,308297,21130056962,,,,,0,1
161,308297,21130056971,,,,,0,1
161,308297,21130056978,,,,,0,1
161,308297,21130056985,,,,,0,1
161,308297,21130058620,,,,,0,1
161,308297,21130068105,,,,,0,1
161,308297,21130068110,,,,,0,1
161,308297,21130068124,,,,,0,1
161,308297,24385036571,,,,,0,1
161,308297,24385036578,,,,,0,1
161,308297,27854030301,,,,,0,1
161,308297,29485648602,,,,,0,1
161,308297,29485653806,,,,,0,1
161,308297,30142037471,,,,,0,1
161,308297,30142037478,,,,,0,1
161,308297,30142037482,,,,,0,1
161,308297,30142043078,,,,,0,1
161,308297,30142058620,,,,,0,1
161,308297,30142058680,,,,,0,1
161,308297,30142062510,,,,,0,1
161,308297,30142062524,,,,,0,1
161,308297,30142086524,,,,,0,1
161,308297,30142089662,,,,,0,1
161,308297,30142089678,,,,,0,1
161,308297,30142089682,,,,,0,1
161,308297,30142096910,,,,,0,1
161,308297,30142096924,,,,,0,1
161,308297,36800024310,,,,,0,1
161,308297,36800037462,,,,,0,1
161,308297,36800037478,,,,,0,1
161,308297,36800043078,,,,,0,1
161,308297,36800052510,,,,,0,1
161,308297,36800053362,,,,,0,1
161,308297,36800053378,,,,,0,1
161,308297,36800067501,,,,,0,1
161,308297,36800067510,,,,,0,1
161,308297,36800067520,,,,,0,1
161,308297,36800093460,,,,,0,1
161,308297,37205028062,,,,,0,1
161,308297,37205066978,,,,,0,1
161,308297,37205070378,,,,,0,1
161,308297,37808037478,,,,,0,1
161,308297,37808058620,,,,,0,1
161,308297,37808058680,,,,,0,1
161,308297,37835053101,,,,,0,1
161,308297,37835053125,,,,,0,1
161,308297,41163015908,,,,,0,1
161,308297,41163033408,,,,,0,1
161,308297,41163033412,,,,,0,1
161,308297,41163037471,,,,,0,1
161,308297,41163037478,,,,,0,1
161,308297,41163037485,,,,,0,1
161,308297,41226037001,,,,,0,1
161,308297,41226037042,,,,,0,1
161,308297,41250033408,,,,,0,1
161,308297,41250033412,,,,,0,1
161,308297,41250033415,,,,,0,1
161,308297,41250033498,,,,,0,1
161,308297,41250037462,,,,,0,1
161,308297,41250037471,,,,,0,1
161,308297,41250037478,,,,,0,1
161,308297,41250037482,,,,,0,1
161,308297,41250037485,,,,,0,1
161,308297,41520037462,,,,,0,1
161,308297,41520037478,,,,,0,1
161,308297,42364220801,,,,,0,1
161,308297,42961020201,,,,,0,1
161,308297,42961023401,,,,,0,1
161,308297,42961023402,,,,,0,1
161,308297,42961023403,,,,,0,1
161,308297,42961023404,,,,,0,1
161,308297,42961023405,,,,,0,1
161,308297,46122010478,,,,,0,1
161,308297,46122038278,,,,,0,1
161,308297,46122067078,,,,,0,1
161,308297,46122069078,,,,,0,1
161,308297,47682022813,,,,,0,1
161,308297,47682022833,,,,,0,1
161,308297,47682022847,,,,,0,1
161,308297,47682022864,,,,,0,1
161,308297,47682022899,,,,,0,1
161,308297,47682023813,,,,,0,1
161,308297,47682023833,,,,,0,1
161,308297,47682023847,,,,,0,1
161,308297,47682023899,,,,,0,1
161,308297,49035043306,,,,,0,1
161,308297,49035043308,,,,,0,1
161,308297,49035043312,,,,,0,1
161,308297,49035043385,,,,,0,1
161,308297,49035078680,,,,,0,1
161,308297,49035078682,,,,,0,1
161,308297,49348096910,,,,,0,1
161,308297,49483037000,,,,,0,1
161,308297,49483037001,,,,,0,1
161,308297,49483037020,,,,,0,1
161,308297,49483037031,,,,,0,1
161,308297,49483037042,,,,,0,1
161,308297,50066045524,,,,,0,1
161,308297,50594037462,,,,,0,1
161,308297,50594087810,,,,,0,1
161,308297,50804024710,,,,,0,1
161,308297,50804028303,,,,,0,1
161,308297,50844025808,,,,,0,1
161,308297,53329098830,,,,,0,1
161,308297,53943030503,,,,,0,1
161,308297,54257085802,,,,,0,1
161,308297,55301033412,,,,,0,1
161,308297,55319051110,,,,,0,1
161,308297,55319062510,,,,,0,1
161,308297,55319068010,,,,,0,1
161,308297,55319097010,,,,,0,1
161,308297,55319097024,,,,,0,1
161,308297,55758030602,,,,,0,1
161,308297,55758030624,,,,,0,1
161,308297,55758030650,,,,,0,1
161,308297,55758030699,,,,,0,1
161,308297,55910034508,,,,,0,1
161,308297,55910034512,,,,,0,1
161,308297,55910037462,,,,,0,1
161,308297,55910037471,,,,,0,1
161,308297,55910037478,,,,,0,1
161,308297,55910044001,,,,,0,1
161,308297,55910044827,,,,,0,1
161,308297,55910044860,,,,,0,1
161,308297,55910063927,,,,,0,1
161,308297,55910063960,,,,,0,1
161,308297,55910068620,,,,,0,1
161,308297,56062030502,,,,,0,1
161,308297,56062037471,,,,,0,1
161,308297,56062043078,,,,,0,1
161,308297,56062093412,,,,,0,1
161,308297,57237034801,,,,,0,1
161,308297,57243015908,,,,,0,1
161,308297,57344020501,,,,,0,1
161,308297,57896021601,,,,,0,1
161,308297,57896022601,,,,,0,1
161,308297,58602081702,,,,,0,1
161,308297,58602081703,,,,,0,1
161,308297,58602081707,,,,,0,1
161,308297,58602081709,,,,,0,1
161,308297,58602081714,,,,,0,1
161,308297,58602081721,,,,,0,1
161,308297,58602081734,,,,,0,1
161,308297,58602081736,,,,,0,1
161,308297,58602081738,,,,,0,1
161,308297,58602081790,,,,,0,1
161,308297,58602088221,,,,,0,1
161,308297,58602088238,,,,,0,1
161,308297,59450060080,,,,,0,1
161,308297,59726001150,,,,,0,1
161,308297,59779033406,,,,,0,1
161,308297,59779033407,,,,,0,1
161,308297,59779033408,,,,,0,1
161,308297,59779033412,,,,,0,1
161,308297,59779033417,,,,,0,1
161,308297,59779037462,,,,,0,1
161,308297,59779037478,,,,,0,1
161,308297,59779037482,,,,,0,1
161,308297,59779037487,,,,,0,1
161,308297,59779054750,,,,,0,1
161,308297,59779091559,,,,,0,1
161,308297,62011046301,,,,,0,1
161,308297,62207068047,,,,,0,1
161,308297,62207068051,,,,,0,1
161,308297,62207068098,,,,,0,1
161,308297,62207068099,,,,,0,1
161,308297,63868031624,,,,,0,1
161,308297,63868048501,,,,,0,1
161,308297,63868048524,,,,,0,1
161,308297,63868048550,,,,,0,1
161,308297,63941015912,,,,,0,1
161,308297,63941020501,,,,,0,1
161,308297,63941043308,,,,,0,1
161,308297,63981037401,,,,,0,1
161,308297,63981069901,,,,,0,1
161,308297,66715543803,,,,,0,1
161,308297,66715550604,,,,,0,1
161,308297,66715633803,,,,,0,1
161,308297,66715643806,,,,,0,1
161,308297,66715692204,,,,,0,1
161,308297,67091011210,,,,,0,1
161,308297,67751021501,,,,,0,1
161,308297,68016001240,,,,,0,1
161,308297,68016023100,,,,,0,1
161,308297,68016076100,,,,,0,1
161,308297,68016076200,,,,,0,1
161,308297,68210010701,,,,,0,1
161,308297,68210010703,,,,,0,1
161,308297,68210170002,,,,,0,1
161,308297,68210409401,,,,,0,1
161,308297,68210413802,,,,,0,1
161,308297,68210418303,,,,,0,1
161,308297,69168028524,,,,,0,1
161,308297,69168028537,,,,,0,1
161,308297,69517010524,,,,,0,1
161,308297,69729005540,,,,,0,1
161,308297,69729010524,,,,,0,1
161,308297,69729015912,,,,,0,1
161,308297,69729060124,,,,,0,1
161,308297,69842054101,,,,,0,1
161,308297,69842054106,,,,,0,1
161,308297,69842054116,,,,,0,1
161,308297,69842054117,,,,,0,1
161,308297,69842058602,,,,,0,1
161,308297,69842058620,,,,,0,1
161,308297,69842058680,,,,,0,1
161,308297,69842059120,,,,,0,1
161,308297,69842059123,,,,,0,1
161,308297,69842059180,,,,,0,1
161,308297,69842059223,,,,,0,1
161,308297,69842059280,,,,,0,1
161,308297,69842068010,,,,,0,1
161,308297,70000006601,,,,,0,1
161,308297,70000014601,,,,,0,1
161,308297,70000024701,,,,,0,1
161,308297,70000024702,,,,,0,1
161,308297,70000061101,,,,,0,1
161,308297,70677011901,,,,,0,1
161,308297,70677113301,,,,,0,1
161,308297,70692013220,,,,,0,1
161,308297,70692014231,,,,,0,1
161,308297,71105017402,,,,,0,1
161,308297,71309007903,,,,,0,1
161,308297,71309011824,,,,,0,1
161,308297,72036030503,,,,,0,1
161,308297,72090000702,,,,,0,1
161,308297,72090000703,,,,,0,1
161,308297,72090003301,,,,,0,1
161,308297,72288025227,,,,,0,1
161,308297,72288029527,,,,,0,1
161,308297,72288037482,,,,,0,1
161,308297,72288037620,,,,,0,1
161,308297,73689010101,,,,,0,1
161,308297,74684000710,,,,,0,1
161,308297,76162014201,,,,,0,1
161,308297,79481006201,,,,,0,1
161,308297,79481006202,,,,,0,1
161,308297,79481006203,,,,,0,1
161,308297,79481006205,,,,,0,1
161,308297,79903004420,,,,,0,1
161,308297,79903004442,,,,,0,1
161,308297,79903021610,,,,,0,1
161,308297,79903037001,,,,,0,1
161,308297,79903037020,,,,,0,1
161,308297,79903037021,,,,,0,1
161,308297,81522020503,,,,,0,1
161,308297,81522037462,,,,,0,1
161,308297,81522037478,,,,,0,1
161,308297,82725102301,,,,,0,1
161,308297,82804000230,,,,,0,1
161,308297,82804000260,,,,,0,1
161,308297,82804000290,,,,,0,1
161,308297,82804000830,,,,,0,1
161,308297,82804000860,,,,,0,1
161,308297,82804000890,,,,,0,1
161,308297,82804016360,,,,,0,1
161,308297,83324006324,,,,,0,1
161,308297,83324009924,,,,,0,1
161,308297,84324000701,,,,,0,1
161,308297,89411012208,,,,,0,1
161,313782,00113040378,,,,,0,1
161,313782,00363010412,,,,,0,1
161,313782,00363899310,,,,,0,1
161,313782,00363902610,,,,,0,1
161,313782,00404071413,,,,,0,1
161,313782,00404071499,,,,,0,1
161,313782,00536132701,,,,,0,1
161,313782,00536132706,,,,,0,1
161,313782,00536132710,,,,,0,1
161,313782,00603026321,,,,,0,1
161,313782,00615839867,,,,,0,1
161,313782,00677197401,,,,,0,1
161,313782,00904677361,,,,,0,1
161,313782,10135012301,,,,,0,1
161,313782,10135012305,,,,,0,1
161,313782,10135012310,,,,,0,1
161,313782,10135012324,,,,,0,1
161,313782,10135012330,,,,,0,1
161,313782,10135012350,,,,,0,1
161,313782,10135012357,,,,,0,1
161,313782,10135012360,,,,,0,1
161,313782,10135012362,,,,,0,1
161,313782,10135012365,,,,,0,1
161,313782,10135012370,,,,,0,1
161,313782,10135012389,,,,,0,1
161,313782,10135012390,,,,,0,1
161,313782,10135016313,,,,,0,1
161,313782,10135016314,,,,,0,1
161,313782,11383013917,,,,,0,1
161,313782,11383013925,,,,,0,1
161,313782,11673044478,,,,,0,1
161,313782,11822010401,,,,,0,1
161,313782,11822010407,,,,,0,1
161,313782,11822046713,,,,,0,1
161,313782,15127007208,,,,,0,1
161,313782,15127007224,,,,,0,1
161,313782,17714001201,,,,,0,1
161,313782,17714001210,,,,,0,1
161,313782,21130004301,,,,,0,1
161,313782,21130090412,,,,,0,1
161,313782,24385040378,,,,,0,1
161,313782,30142005221,,,,,0,1
161,313782,30142018421,,,,,0,1
161,313782,30142040378,,,,,0,1
161,313782,36800040378,,,,,0,1
161,313782,36800090002,,,,,0,1
161,313782,37205003178,,,,,0,1
161,313782,37864000102,,,,,0,1
161,313782,37864007039,,,,,0,1
161,313782,41163051402,,,,,0,1
161,313782,41226034001,,,,,0,1
161,313782,41250040378,,,,,0,1
161,313782,41250050102,,,,,0,1
161,313782,41520060602,,,,,0,1
161,313782,45861008501,,,,,0,1
161,313782,46122024778,,,,,0,1
161,313782,46122039078,,,,,0,1
161,313782,46122043078,,,,,0,1
161,313782,47682005713,,,,,0,1
161,313782,47682005736,,,,,0,1
161,313782,47682005748,,,,,0,1
161,313782,47682005764,,,,,0,1
161,313782,47682005799,,,,,0,1
161,313782,47682005813,,,,,0,1
161,313782,47682005833,,,,,0,1
161,313782,47682005848,,,,,0,1
161,313782,47682005899,,,,,0,1
161,313782,47682005933,,,,,0,1
161,313782,47682005948,,,,,0,1
161,313782,47682006013,,,,,0,1
161,313782,47682006099,,,,,0,1
161,313782,47682014513,,,,,0,1
161,313782,47682014532,,,,,0,1
161,313782,47682014536,,,,,0,1
161,313782,47682014548,,,,,0,1
161,313782,47682014564,,,,,0,1
161,313782,47682014599,,,,,0,1
161,313782,47682030313,,,,,0,1
161,313782,47682030399,,,,,0,1
161,313782,47682043433,,,,,0,1
161,313782,47682080313,,,,,0,1
161,313782,47682080333,,,,,0,1
161,313782,47682080348,,,,,0,1
161,313782,47682080350,,,,,0,1
161,313782,47682080392,,,,,0,1
161,313782,47682080399,,,,,0,1
161,313782,47682090333,,,,,0,1
161,313782,47682090348,,,,,0,1
161,313782,49035049101,,,,,0,1
161,313782,49035052378,,,,,0,1
161,313782,49348000953,,,,,0,1
161,313782,49348097310,,,,,0,1
161,313782,49348097316,,,,,0,1
161,313782,49483034001,,,,,0,1
161,313782,49483034010,,,,,0,1
161,313782,49523003400,,,,,0,1
161,313782,49523003410,,,,,0,1
161,313782,50090278300,,,,,0,1
161,313782,50090423803,,,,,0,1
161,313782,50090423804,,,,,0,1
161,313782,50090514803,,,,,0,1
161,313782,50090545904,,,,,0,1
161,313782,50090597106,,,,,0,1
161,313782,51645070301,,,,,0,1
161,313782,51645070310,,,,,0,1
161,313782,51645070399,,,,,0,1
161,313782,51660001001,,,,,0,1
161,313782,51660001010,,,,,0,1
161,313782,51824006101,,,,,0,1
161,313782,51824006102,,,,,0,1
161,313782,51824008501,,,,,0,1
161,313782,52735070901,,,,,0,1
161,313782,52959030200,,,,,0,1
161,313782,52959030212,,,,,0,1
161,313782,52959030220,,,,,0,1
161,313782,52959030224,,,,,0,1
161,313782,52959030230,,,,,0,1
161,313782,52959030240,,,,,0,1
161,313782,52959030260,,,,,0,1
161,313782,52959030295,,,,,0,1
161,313782,53185000500,,,,,0,1
161,313782,53329019430,,,,,0,1
161,313782,53329064230,,,,,0,1
161,313782,53942010102,,,,,0,1
161,313782,53943020102,,,,,0,1
161,313782,54257072002,,,,,0,1
161,313782,54738054801,,,,,0,1
161,313782,54738054803,,,,,0,1
161,313782,54738054850,,,,,0,1
161,313782,55154789900,,,,,0,1
161,313782,55289056301,,,,,0,1
161,313782,55289056306,,,,,0,1
161,313782,55289056309,,,,,0,1
161,313782,55289056316,,,,,0,1
161,313782,55289056320,,,,,0,1
161,313782,55289056324,,,,,0,1
161,313782,55289056330,,,,,0,1
161,313782,55289056350,,,,,0,1
161,313782,55910069778,,,,,0,1
161,313782,55966000001,,,,,0,1
161,313782,55966000009,,,,,0,1
161,313782,57237034601,,,,,0,1
161,313782,57344030106,,,,,0,1
161,313782,57896010101,,,,,0,1
161,313782,57896010105,,,,,0,1
161,313782,57896010110,,,,,0,1
161,313782,57896010201,,,,,0,1
161,313782,57896010205,,,,,0,1
161,313782,57896010210,,,,,0,1
161,313782,57896010220,,,,,0,1
161,313782,57896010401,,,,,0,1
161,313782,57896010410,,,,,0,1
161,313782,57896010420,,,,,0,1
161,313782,58602075407,,,,,0,1
161,313782,58602075414,,,,,0,1
161,313782,58602075421,,,,,0,1
161,313782,58602077521,,,,,0,1
161,313782,58865000501,,,,,0,1
161,313782,58865000510,,,,,0,1
161,313782,59779076678,,,,,0,1
161,313782,59961015115,,,,,0,1
161,313782,60760009750,,,,,0,1
161,313782,60760045350,,,,,0,1
161,313782,61245014513,,,,,0,1
161,313782,62011003201,,,,,0,1
161,313782,62011003202,,,,,0,1
161,313782,62936010201,,,,,0,1
161,313782,63187052800,,,,,0,1
161,313782,63629151801,,,,,0,1
161,313782,63629151802,,,,,0,1
161,313782,63629151803,,,,,0,1
161,313782,63739008702,,,,,0,1
161,313782,63739044001,,,,,0,1
161,313782,63868008210,,,,,0,1
161,313782,63868031410,,,,,0,1
161,313782,63941045602,,,,,0,1
161,313782,65155010101,,,,,0,1
161,313782,65155010201,,,,,0,1
161,313782,66267000330,,,,,0,1
161,313782,66267000340,,,,,0,1
161,313782,66267099900,,,,,0,1
161,313782,67091013210,,,,,0,1
161,313782,68016024600,,,,,0,1
161,313782,68016054101,,,,,0,1
161,313782,68071356500,,,,,0,1
161,313782,68071465605,,,,,0,1
161,313782,68163006560,,,,,0,1
161,313782,68210002201,,,,,0,1
161,313782,68210002301,,,,,0,1
161,313782,68210200201,,,,,0,1
161,313782,68210412500,,,,,0,1
161,313782,68210412501,,,,,0,1
161,313782,68210501601,,,,,0,1
161,313782,68210501906,,,,,0,1
161,313782,68599467909,,,,,0,1
161,313782,68788724501,,,,,0,1
161,313782,68788724503,,,,,0,1
161,313782,68788724506,,,,,0,1
161,313782,68788724509,,,,,0,1
161,313782,68788735901,,,,,0,1
161,313782,68788735903,,,,,0,1
161,313782,68788735906,,,,,0,1
161,313782,68788735909,,,,,0,1
161,313782,68788882101,,,,,0,1
161,313782,68788882103,,,,,0,1
161,313782,68788882106,,,,,0,1
161,313782,68788882109,,,,,0,1
161,313782,68998000102,,,,,0,1
161,313782,68998030101,,,,,0,1
161,313782,69168001030,,,,,0,1
161,313782,69168001050,,,,,0,1
161,313782,69168001060,,,,,0,1
161,313782,69618001001,,,,,0,1
161,313782,69618001010,,,,,0,1
161,313782,69822069210,,,,,0,1
161,313782,69842087651,,,,,0,1
161,313782,69842096801,,,,,0,1
161,313782,70000009201,,,,,0,1
161,313782,70000037401,,,,,0,1
161,313782,70518110100,,,,,0,1
161,313782,70518110101,,,,,0,1
161,313782,70518185501,,,,,0,1
161,313782,70518191500,,,,,0,1
161,313782,70518193000,,,,,0,1
161,313782,70518216800,,,,,0,1
161,313782,70518324800,,,,,0,1
161,313782,70518324801,,,,,0,1
161,313782,70518325300,,,,,0,1
161,313782,70677111901,,,,,0,1
161,313782,70677124301,,,,,0,1
161,313782,71205030604,,,,,0,1
161,313782,71205045600,,,,,0,1
161,313782,71205045630,,,,,0,1
161,313782,71205045660,,,,,0,1
161,313782,71205045690,,,,,0,1
161,313782,71335041701,,,,,0,1
161,313782,71335041702,,,,,0,1
161,313782,71335041703,,,,,0,1
161,313782,71335041704,,,,,0,1
161,313782,71335041705,,,,,0,1
161,313782,71335041706,,,,,0,1
161,313782,71335041707,,,,,0,1
161,313782,71335041708,,,,,0,1
161,313782,71335041709,,,,,0,1
161,313782,71335080400,,,,,0,1
161,313782,71335080402,,,,,0,1
161,313782,71335184700,,,,,0,1
161,313782,71335184701,,,,,0,1
161,313782,71335184702,,,,,0,1
161,313782,71335184703,,,,,0,1
161,313782,71335184704,,,,,0,1
161,313782,71335184705,,,,,0,1
161,313782,71335184706,,,,,0,1
161,313782,71335184707,,,,,0,1
161,313782,71335184708,,,,,0,1
161,313782,71335184709,,,,,0,1
161,313782,71335257401,,,,,0,1
161,313782,71399102501,,,,,0,1
161,313782,71399102502,,,,,0,1
161,313782,71399102503,,,,,0,1
161,313782,71399102506,,,,,0,1
161,313782,71399285505,,,,,0,1
161,313782,71399801401,,,,,0,1
161,313782,71399802401,,,,,0,1
161,313782,71399802402,,,,,0,1
161,313782,71399802501,,,,,0,1
161,313782,71399802502,,,,,0,1
161,313782,71610023865,,,,,0,1
161,313782,72036010002,,,,,0,1
161,313782,72162225201,,,,,0,1
161,313782,72189024730,,,,,0,1
161,313782,72189024771,,,,,0,1
161,313782,72288040378,,,,,0,1
161,313782,72288040510,,,,,0,1
161,313782,72789026720,,,,,0,1
161,313782,72789026730,,,,,0,1
161,313782,76420037215,,,,,0,1
161,313782,79903005210,,,,,0,1
161,313782,79903013099,,,,,0,1
161,313782,79903029910,,,,,0,1
161,313782,82568000101,,,,,0,1
161,313782,82568000102,,,,,0,1
161,313782,82568000103,,,,,0,1
161,313782,83324007601,,,,,0,1
161,313820,00363450108,,,,,0,1
161,313820,00363944008,,,,,0,1
161,313820,00363960507,,,,,0,1
161,313820,11673024024,,,,,0,1
161,313820,11673024124,,,,,0,1
161,313820,11822068618,,,,,0,1
161,313820,11822068619,,,,,0,1
161,313820,11822445002,,,,,0,1
161,313820,11822445008,,,,,0,1
161,313820,11822944008,,,,,0,1
161,313820,21130022376,,,,,0,1
161,313820,30142044908,,,,,0,1
161,313820,36800044908,,,,,0,1
161,313820,36800045008,,,,,0,1
161,313820,37808049908,,,,,0,1
161,313820,37808094508,,,,,0,1
161,313820,41163004508,,,,,0,1
161,313820,41163049408,,,,,0,1
161,313820,41226006124,,,,,0,1
161,313820,41250024424,,,,,0,1
161,313820,41250024624,,,,,0,1
161,313820,46122042462,,,,,0,1
161,313820,49035045508,,,,,0,1
161,313820,49035045539,,,,,0,1
161,313820,49035077708,,,,,0,1
161,313820,49035077739,,,,,0,1
161,313820,49348079204,,,,,0,1
161,313820,50488416001,,,,,0,1
161,313820,52735075405,,,,,0,1
161,313820,53943044908,,,,,0,1
161,313820,53943083676,,,,,0,1
161,313820,53943083776,,,,,0,1
161,313820,55301045008,,,,,0,1
161,313820,55910094808,,,,,0,1
161,313820,58602076576,,,,,0,1
161,313820,58602076676,,,,,0,1
161,313820,58602077482,,,,,0,1
161,313820,62011033901,,,,,0,1
161,313820,63868018624,,,,,0,1
161,313820,63941094408,,,,,0,1
161,313820,67091031124,,,,,0,1
161,313820,69168044002,,,,,0,1
161,313820,69168044060,,,,,0,1
161,313820,69842016024,,,,,0,1
161,313820,69842044908,,,,,0,1
161,313820,69842044995,,,,,0,1
161,313820,69842045008,,,,,0,1
161,313820,69842045094,,,,,0,1
161,313820,70000030901,,,,,0,1
161,313820,70000031001,,,,,0,1
161,313820,70677112701,,,,,0,1
161,313820,72663023349,,,,,0,1
161,313820,83324007124,,,,,0,1
161,349113,83174061326,,,,,0,1
161,359221,47682081113,,,,,0,1
161,359221,47682081133,,,,,0,1
161,359221,47682081148,,,,,0,1
161,359221,47682081199,,,,,0,1
161,359221,52637012310,,,,,0,1
161,359221,52637012315,,,,,0,1
161,359221,52637012316,,,,,0,1
161,410226,69168000124,,,,,0,1
161,410226,69168002924,,,,,0,1
161,410226,69168002926,,,,,0,1
161,410226,69168002937,,,,,0,1
161,410226,69168002950,,,,,0,1
161,410226,69168002998,,,,,0,1
161,477282,00363044908,,,,,0,1
161,477282,00363045008,,,,,0,1
161,477282,00363450008,,,,,0,1
161,477282,10135037315,,,,,0,1
161,477282,10135037327,,,,,0,1
161,477282,10135037427,,,,,0,1
161,477282,10135043915,,,,,0,1
161,477282,10135043929,,,,,0,1
161,477282,35515096595,,,,,0,1
161,477282,41163044908,,,,,0,1
161,477282,41163045008,,,,,0,1
161,477282,63868015824,,,,,0,1
161,477282,66007014501,,,,,0,1
161,477282,68016019800,,,,,0,1
161,483017,00143938601,,,,,0,1
161,483017,00143938610,,,,,0,1
161,483017,00264410090,,,,,0,1
161,483017,00781315606,,,,,0,1
161,483017,00781315695,,,,,0,1
161,483017,00781927406,,,,,0,1
161,483017,00781927495,,,,,0,1
161,483017,24201010001,,,,,0,1
161,483017,24201010024,,,,,0,1
161,483017,24201011001,,,,,0,1
161,483017,24201011024,,,,,0,1
161,483017,25021070587,,,,,0,1
161,483017,31722020510,,,,,0,1
161,483017,31722020524,,,,,0,1
161,483017,31722020531,,,,,0,1
161,483017,36000030660,,,,,0,1
161,483017,44567034001,,,,,0,1
161,483017,44567034010,,,,,0,1
161,483017,51662154001,,,,,0,1
161,483017,51662154002,,,,,0,1
161,483017,51662154003,,,,,0,1
161,483017,55150030701,,,,,0,1
161,483017,55150030724,,,,,0,1
161,483017,55579011001,,,,,0,1
161,483017,55579040524,,,,,0,1
161,483017,63323043400,,,,,0,1
161,483017,63323043441,,,,,0,1
161,483017,64679060001,,,,,0,1
161,483017,64679060002,,,,,0,1
161,483017,67457094010,,,,,0,1
161,483017,68083064801,,,,,0,1
161,483017,70518418400,,,,,0,1
161,483017,70518418401,,,,,0,1
161,483017,70518418402,,,,,0,1
161,483017,70518418403,,,,,0,1
161,483017,72572005001,,,,,0,1
161,483017,72572005010,,,,,0,1
161,483017,72603017301,,,,,0,1
161,483017,72603017310,,,,,0,1
161,483017,72603017324,,,,,0,1
161,602617,00363054108,,,,,0,1
161,602617,72854020802,,,,,0,1
161,602617,72854020808,,,,,0,1
161,602617,72854020810,,,,,0,1
161,602617,72854020820,,,,,0,1
161,603136,10135036727,,,,,0,1
161,606947,52959044700,,,,,0,1
161,606947,52959044720,,,,,0,1
161,606947,52959044724,,,,,0,1
161,606947,52959044730,,,,,0,1
161,606947,52959044750,,,,,0,1
161,606947,52959044760,,,,,0,1
161,606947,58657040101,,,,,0,1
161,606947,66267035410,,,,,0,1
161,606947,66267035420,,,,,0,1
161,606947,66267035430,,,,,0,1
161,647888,50332013104,,,,,0,1
161,647888,50332013107,,,,,0,1
161,665056,70645050088,,,,,0,1
161,672601,52389012328,,,,,0,1
161,692836,42037000060,,,,,0,1
161,692836,42037000062,,,,,0,1
161,692836,42037010298,,,,,0,1
161,692836,42037010845,,,,,0,1
161,692836,63029066301,,,,,0,1
161,692836,63029066304,,,,,0,1
161,692836,63029066404,,,,,0,1
161,692836,63029066424,,,,,0,1
161,701913,00363039108,,,,,0,1
161,707195,11523009401,,,,,0,1
161,707195,41100059788,,,,,0,1
161,707195,72854013616,,,,,0,1
161,707195,72854016416,,,,,0,1
161,707195,72854021108,,,,,0,1
161,707195,72854021116,,,,,0,1
161,756245,64950029016,,,,,0,1
161,763111,42037010290,,,,,0,1
161,763111,42037011130,,,,,0,1
161,763111,63029060001,,,,,0,1
161,763111,63029060006,,,,,0,1
161,763116,42037010365,,,,,0,1
161,763116,42037010366,,,,,0,1
161,763116,42037011095,,,,,0,1
161,763116,42037011135,,,,,0,1
161,763116,63029062502,,,,,0,1
161,763116,63029062506,,,,,0,1
161,763116,63029062518,,,,,0,1
161,763116,63029062524,,,,,0,1
161,763116,63029062550,,,,,0,1
161,763116,63029063301,,,,,0,1
161,763116,63029064401,,,,,0,1
161,763116,63029066201,,,,,0,1
161,763116,84800004101,,,,,0,1
161,763116,84800004150,,,,,0,1
161,827757,00043629608,,,,,0,1
161,836395,00378808801,,,,,0,1
161,836395,00378808805,,,,,0,1
161,836395,12634094060,,,,,0,1
161,836395,33358034330,,,,,0,1
161,836395,33358034390,,,,,0,1
161,836395,42571011901,,,,,0,1
161,836395,42571011905,,,,,0,1
161,836395,42571011923,,,,,0,1
161,836395,42571011932,,,,,0,1
161,836395,42571011990,,,,,0,1
161,836395,45865017060,,,,,0,1
161,836395,45865046930,,,,,0,1
161,836395,45865046951,,,,,0,1
161,836395,45865046960,,,,,0,1
161,836395,45865046990,,,,,0,1
161,836395,50268077411,,,,,0,1
161,836395,50268077415,,,,,0,1
161,836395,50436629101,,,,,0,1
161,836395,52959081400,,,,,0,1
161,836395,52959081404,,,,,0,1
161,836395,52959081410,,,,,0,1
161,836395,52959081412,,,,,0,1
161,836395,52959081415,,,,,0,1
161,836395,52959081416,,,,,0,1
161,836395,52959081418,,,,,0,1
161,836395,52959081420,,,,,0,1
161,836395,52959081428,,,,,0,1
161,836395,52959081430,,,,,0,1
161,836395,52959081440,,,,,0,1
161,836395,52959081460,,,,,0,1
161,836395,52959081490,,,,,0,1
161,836395,53746061701,,,,,0,1
161,836395,53746061705,,,,,0,1
161,836395,53746061710,,,,,0,1
161,836395,53746061730,,,,,0,1
161,836395,57664053713,,,,,0,1
161,836395,57664053718,,,,,0,1
161,836395,57664053788,,,,,0,1
161,836395,60429050001,,,,,0,1
161,836395,60429050005,,,,,0,1
161,836395,60505264401,,,,,0,1
161,836395,60505264405,,,,,0,1
161,836395,60760033520,,,,,0,1
161,836395,60760092220,,,,,0,1
161,836395,61919006730,,,,,0,1
161,836395,61919006760,,,,,0,1
161,836395,61919006771,,,,,0,1
161,836395,61919006772,,,,,0,1
161,836395,61919006790,,,,,0,1
161,836395,61919023030,,,,,0,1
161,836395,61919033530,,,,,0,1
161,836395,61919033560,,,,,0,1
161,836395,61919033572,,,,,0,1
161,836395,63187008430,,,,,0,1
161,836395,63187008460,,,,,0,1
161,836395,63187058560,,,,,0,1
161,836395,63187058590,,,,,0,1
161,836395,63629340601,,,,,0,1
161,836395,63629340602,,,,,0,1
161,836395,63629340603,,,,,0,1
161,836395,63629340604,,,,,0,1
161,836395,63629340605,,,,,0,1
161,836395,63629340606,,,,,0,1
161,836395,63629340607,,,,,0,1
161,836395,63629340608,,,,,0,1
161,836395,63629490101,,,,,0,1
161,836395,63629490102,,,,,0,1
161,836395,63629490103,,,,,0,1
161,836395,63629490104,,,,,0,1
161,836395,65862092201,,,,,0,1
161,836395,65862092205,,,,,0,1
161,836395,65862092210,,,,,0,1
161,836395,65862092230,,,,,0,1
161,836395,65862092278,,,,,0,1
161,836395,65862092299,,,,,0,1
161,836395,67877032201,,,,,0,1
161,836395,67877032205,,,,,0,1
161,836395,68071028720,,,,,0,1
161,836395,68071028730,,,,,0,1
161,836395,68071028740,,,,,0,1
161,836395,68071028760,,,,,0,1
161,836395,68071028790,,,,,0,1
161,836395,68071028791,,,,,0,1
161,836395,68071135900,,,,,0,1
161,836395,68071201006,,,,,0,1
161,836395,68071304402,,,,,0,1
161,836395,68071304403,,,,,0,1
161,836395,68071304406,,,,,0,1
161,836395,68084013901,,,,,0,1
161,836395,68084013911,,,,,0,1
161,836395,68084082501,,,,,0,1
161,836395,68084082511,,,,,0,1
161,836395,68382033401,,,,,0,1
161,836395,68382033405,,,,,0,1
161,836395,68788765201,,,,,0,1
161,836395,68788765202,,,,,0,1
161,836395,68788765203,,,,,0,1
161,836395,68788765204,,,,,0,1
161,836395,68788765205,,,,,0,1
161,836395,68788765206,,,,,0,1
161,836395,68788765208,,,,,0,1
161,836395,68788765209,,,,,0,1
161,836395,68788771201,,,,,0,1
161,836395,68788771202,,,,,0,1
161,836395,68788771203,,,,,0,1
161,836395,68788771204,,,,,0,1
161,836395,68788771205,,,,,0,1
161,836395,68788771206,,,,,0,1
161,836395,68788771208,,,,,0,1
161,836395,68788771209,,,,,0,1
161,836395,68788785502,,,,,0,1
161,836395,68788785503,,,,,0,1
161,836395,68788785509,,,,,0,1
161,836395,70518393400,,,,,0,1
161,836395,71205062530,,,,,0,1
161,836395,71205062560,,,,,0,1
161,836395,71205062590,,,,,0,1
161,836395,71335011101,,,,,0,1
161,836395,71335011102,,,,,0,1
161,836395,71335011103,,,,,0,1
161,836395,71335011104,,,,,0,1
161,836395,71335011105,,,,,0,1
161,836395,71335011106,,,,,0,1
161,836395,71335011107,,,,,0,1
161,836395,71335011108,,,,,0,1
161,836395,71335015101,,,,,0,1
161,836395,71335015102,,,,,0,1
161,836395,71335015103,,,,,0,1
161,836395,71335015104,,,,,0,1
161,836395,71335015105,,,,,0,1
161,836395,71335015106,,,,,0,1
161,836395,71335015107,,,,,0,1
161,836395,71335015108,,,,,0,1
161,836395,71335061901,,,,,0,1
161,836395,71335061902,,,,,0,1
161,836395,71335061903,,,,,0,1
161,836395,71335061904,,,,,0,1
161,836395,71335174201,,,,,0,1
161,836395,71335174202,,,,,0,1
161,836395,71335174203,,,,,0,1
161,836395,71335174204,,,,,0,1
161,836395,71335174205,,,,,0,1
161,836395,71335174206,,,,,0,1
161,836395,71335174207,,,,,0,1
161,836395,71335174208,,,,,0,1
161,836395,72162251001,,,,,0,1
161,836395,72189038260,,,,,0,1
161,836395,76420010501,,,,,0,1
161,836395,76420010502,,,,,0,1
161,836395,76420010503,,,,,0,1
161,836395,76420010510,,,,,0,1
161,836395,76420010530,,,,,0,1
161,836395,76420098301,,,,,0,1
161,836395,76420098302,,,,,0,1
161,836395,76420098303,,,,,0,1
161,836395,76420098310,,,,,0,1
161,836395,76420098330,,,,,0,1
161,856940,00121077204,,,,,0,1
161,856940,00121077216,,,,,0,1
161,856940,00121154410,,,,,0,1
161,856940,00121154440,,,,,0,1
161,856940,00121231615,,,,,0,1
161,856940,00121231640,,,,,0,1
161,856940,00121231650,,,,,0,1
161,856940,00121477205,,,,,0,1
161,856940,00121477210,,,,,0,1
161,856940,00121477215,,,,,0,1
161,856940,00121477240,,,,,0,1
161,856940,00713070489,,,,,0,1
161,856940,12634061604,,,,,0,1
161,856940,27808004901,,,,,0,1
161,856940,60687041744,,,,,0,1
161,856940,60687041750,,,,,0,1
161,856940,60687041771,,,,,0,1
161,856940,63629194101,,,,,0,1
161,856940,64950034047,,,,,0,1
161,856940,64950034316,,,,,0,1
161,856940,64950037304,,,,,0,1
161,856940,64950037316,,,,,0,1
161,856940,66689000401,,,,,0,1
161,856940,66689000450,,,,,0,1
161,856940,66689000501,,,,,0,1
161,856940,66689000550,,,,,0,1
161,856940,66689002301,,,,,0,1
161,856940,66689002304,,,,,0,1
161,856940,66689002316,,,,,0,1
161,856940,66689002350,,,,,0,1
161,856940,67296147607,,,,,0,1
161,856940,67296209301,,,,,0,1
161,856940,67296216601,,,,,0,1
161,856940,68788635201,,,,,0,1
161,856940,71930002743,,,,,0,1
161,856944,00121477107,,,,,0,1
161,856944,00121477115,,,,,0,1
161,856944,64950037516,,,,,0,1
161,856944,69101060008,,,,,0,1
161,856944,69101060015,,,,,0,1
161,856944,79880060008,,,,,0,1
161,856944,79880060015,,,,,0,1
161,856980,00406037801,,,,,0,1
161,856980,00406037805,,,,,0,1
161,856980,00406037823,,,,,0,1
161,856980,00406037862,,,,,0,1
161,856980,00527164801,,,,,0,1
161,856980,00527164805,,,,,0,1
161,856980,10702019401,,,,,0,1
161,856980,10702019403,,,,,0,1
161,856980,10702019410,,,,,0,1
161,856980,10702019450,,,,,0,1
161,856980,13107021301,,,,,0,1
161,856980,13107021305,,,,,0,1
161,856980,13107021330,,,,,0,1
161,856980,13107021399,,,,,0,1
161,856980,27808011601,,,,,0,1
161,856980,27808011602,,,,,0,1
161,856980,42858023801,,,,,0,1
161,856980,42858023850,,,,,0,1
161,856980,43386035301,,,,,0,1
161,856980,43386035303,,,,,0,1
161,856980,43386035305,,,,,0,1
161,856980,46672019210,,,,,0,1
161,856980,46672019250,,,,,0,1
161,856980,63629118301,,,,,0,1
161,856980,63629118401,,,,,0,1
161,856980,63629231001,,,,,0,1
161,856980,65162069610,,,,,0,1
161,856980,65162069611,,,,,0,1
161,856980,65162069650,,,,,0,1
161,856980,71930004412,,,,,0,1
161,856980,71930004452,,,,,0,1
161,856980,72162128901,,,,,0,1
161,856980,72162199801,,,,,0,1
161,856980,72162199805,,,,,0,1
161,856987,00406037601,,,,,0,1
161,856987,00406037605,,,,,0,1
161,856987,00406037623,,,,,0,1
161,856987,00406037662,,,,,0,1
161,856987,00527164601,,,,,0,1
161,856987,00527164605,,,,,0,1
161,856987,10702019201,,,,,0,1
161,856987,10702019203,,,,,0,1
161,856987,10702019210,,,,,0,1
161,856987,10702019250,,,,,0,1
161,856987,13107021101,,,,,0,1
161,856987,13107021105,,,,,0,1
161,856987,13107021130,,,,,0,1
161,856987,13107021199,,,,,0,1
161,856987,27808011401,,,,,0,1
161,856987,27808011402,,,,,0,1
161,856987,42858004001,,,,,0,1
161,856987,42858004050,,,,,0,1
161,856987,43386035101,,,,,0,1
161,856987,43386035103,,,,,0,1
161,856987,43386035105,,,,,0,1
161,856987,46672003610,,,,,0,1
161,856987,46672003650,,,,,0,1
161,856987,63629117701,,,,,0,1
161,856987,63629117901,,,,,0,1
161,856987,63629230801,,,,,0,1
161,856987,63629545001,,,,,0,1
161,856987,65162067510,,,,,0,1
161,856987,65162067511,,,,,0,1
161,856987,65162067550,,,,,0,1
161,856987,68084079625,,,,,0,1
161,856987,68084079695,,,,,0,1
161,856987,71930004212,,,,,0,1
161,856987,71930004252,,,,,0,1
161,856987,72162128701,,,,,0,1
161,856987,72162199601,,,,,0,1
161,856987,72162199605,,,,,0,1
161,856992,00406037701,,,,,0,1
161,856992,00406037705,,,,,0,1
161,856992,00406037723,,,,,0,1
161,856992,00406037762,,,,,0,1
161,856992,00527164701,,,,,0,1
161,856992,00527164705,,,,,0,1
161,856992,10702019301,,,,,0,1
161,856992,10702019303,,,,,0,1
161,856992,10702019310,,,,,0,1
161,856992,10702019350,,,,,0,1
161,856992,13107021201,,,,,0,1
161,856992,13107021205,,,,,0,1
161,856992,13107021230,,,,,0,1
161,856992,13107021299,,,,,0,1
161,856992,27808011501,,,,,0,1
161,856992,27808011502,,,,,0,1
161,856992,42858013901,,,,,0,1
161,856992,42858013950,,,,,0,1
161,856992,43386035201,,,,,0,1
161,856992,43386035203,,,,,0,1
161,856992,43386035205,,,,,0,1
161,856992,46672016610,,,,,0,1
161,856992,46672016650,,,,,0,1
161,856992,63629118001,,,,,0,1
161,856992,63629118101,,,,,0,1
161,856992,63629230901,,,,,0,1
161,856992,68084099011,,,,,0,1
161,856992,71930004312,,,,,0,1
161,856992,71930004352,,,,,0,1
161,856992,72162128801,,,,,0,1
161,856992,72162199701,,,,,0,1
161,856992,72162199705,,,,,0,1
161,856999,00245041201,,,,,0,1
161,856999,00245041211,,,,,0,1
161,856999,00245041250,,,,,0,1
161,856999,00245041289,,,,,0,1
161,856999,00254203601,,,,,0,1
161,856999,00406012501,,,,,0,1
161,856999,00406012505,,,,,0,1
161,856999,00406012510,,,,,0,1
161,856999,00406012512,,,,,0,1
161,856999,00406012520,,,,,0,1
161,856999,00406012523,,,,,0,1
161,856999,00406012530,,,,,0,1
161,856999,00406012560,,,,,0,1
161,856999,00406012562,,,,,0,1
161,856999,00406012590,,,,,0,1
161,856999,00406036723,,,,,0,1
161,856999,00406036791,,,,,0,1
161,856999,00527165101,,,,,0,1
161,856999,00527165105,,,,,0,1
161,856999,00603360921,,,,,0,1
161,856999,00603388721,,,,,0,1
161,856999,00603388728,,,,,0,1
161,856999,00603388732,,,,,0,1
161,856999,00904682561,,,,,0,1
161,856999,10702019101,,,,,0,1
161,856999,10702019103,,,,,0,1
161,856999,10702019110,,,,,0,1
161,856999,10702019150,,,,,0,1
161,856999,12634014452,,,,,0,1
161,856999,12634014455,,,,,0,1
161,856999,12634014461,,,,,0,1
161,856999,12634014471,,,,,0,1
161,856999,12634014478,,,,,0,1
161,856999,12634014479,,,,,0,1
161,856999,12634014485,,,,,0,1
161,856999,12634014491,,,,,0,1
161,856999,13107002101,,,,,0,1
161,856999,13107002105,,,,,0,1
161,856999,13107002130,,,,,0,1
161,856999,13107002199,,,,,0,1
161,856999,27808003701,,,,,0,1
161,856999,27808003702,,,,,0,1
161,856999,27808003703,,,,,0,1
161,856999,31722094301,,,,,0,1
161,856999,31722094305,,,,,0,1
161,856999,31722099701,,,,,0,1
161,856999,31722099705,,,,,0,1
161,856999,33358017001,,,,,0,1
161,856999,35356079540,,,,,0,1
161,856999,42806011301,,,,,0,1
161,856999,42858020301,,,,,0,1
161,856999,42858020310,,,,,0,1
161,856999,42858020350,,,,,0,1
161,856999,42858020390,,,,,0,1
161,856999,43386035801,,,,,0,1
161,856999,43386035803,,,,,0,1
161,856999,43386035805,,,,,0,1
161,856999,43386035810,,,,,0,1
161,856999,45865041100,,,,,0,1
161,856999,45865041101,,,,,0,1
161,856999,45865041102,,,,,0,1
161,856999,45865041105,,,,,0,1
161,856999,45865041106,,,,,0,1
161,856999,45865041112,,,,,0,1
161,856999,45865041115,,,,,0,1
161,856999,45865041120,,,,,0,1
161,856999,45865041130,,,,,0,1
161,856999,45865041140,,,,,0,1
161,856999,45865041149,,,,,0,1
161,856999,45865041151,,,,,0,1
161,856999,45865041152,,,,,0,1
161,856999,45865041157,,,,,0,1
161,856999,45865041159,,,,,0,1
161,856999,45865041160,,,,,0,1
161,856999,45865041184,,,,,0,1
161,856999,45865041190,,,,,0,1
161,856999,50268040211,,,,,0,1
161,856999,50268040215,,,,,0,1
161,856999,50268040815,,,,,0,1
161,856999,50436261201,,,,,0,1
161,856999,50436261202,,,,,0,1
161,856999,50436261204,,,,,0,1
161,856999,50436317101,,,,,0,1
161,856999,50436317102,,,,,0,1
161,856999,50436317103,,,,,0,1
161,856999,50436317104,,,,,0,1
161,856999,50436317105,,,,,0,1
161,856999,51079077901,,,,,0,1
161,856999,51079077920,,,,,0,1
161,856999,51079077921,,,,,0,1
161,856999,52959032400,,,,,0,1
161,856999,52959032401,,,,,0,1
161,856999,52959032402,,,,,0,1
161,856999,52959032403,,,,,0,1
161,856999,52959032405,,,,,0,1
161,856999,52959032406,,,,,0,1
161,856999,52959032408,,,,,0,1
161,856999,52959032410,,,,,0,1
161,856999,52959032415,,,,,0,1
161,856999,52959032420,,,,,0,1
161,856999,52959032424,,,,,0,1
161,856999,52959032425,,,,,0,1
161,856999,52959032428,,,,,0,1
161,856999,52959032430,,,,,0,1
161,856999,52959032440,,,,,0,1
161,856999,52959032442,,,,,0,1
161,856999,52959032445,,,,,0,1
161,856999,52959032450,,,,,0,1
161,856999,52959032460,,,,,0,1
161,856999,52959032475,,,,,0,1
161,856999,52959032484,,,,,0,1
161,856999,52959032490,,,,,0,1
161,856999,53746011001,,,,,0,1
161,856999,53746011005,,,,,0,1
161,856999,53746011010,,,,,0,1
161,856999,55700059801,,,,,0,1
161,856999,55700059814,,,,,0,1
161,856999,55700059815,,,,,0,1
161,856999,55700059821,,,,,0,1
161,856999,55700059830,,,,,0,1
161,856999,55700059860,,,,,0,1
161,856999,55700059890,,,,,0,1
161,856999,55700099130,,,,,0,1
161,856999,55700099160,,,,,0,1
161,856999,55700099190,,,,,0,1
161,856999,57664017608,,,,,0,1
161,856999,57664017613,,,,,0,1
161,856999,57664017618,,,,,0,1
161,856999,57664017683,,,,,0,1
161,856999,57664017688,,,,,0,1
161,856999,60429059201,,,,,0,1
161,856999,60429059205,,,,,0,1
161,856999,60687041801,,,,,0,1
161,856999,60687041811,,,,,0,1
161,856999,60760022030,,,,,0,1
161,856999,60760022060,,,,,0,1
161,856999,60760022090,,,,,0,1
161,856999,61919011820,,,,,0,1
161,856999,61919011826,,,,,0,1
161,856999,61919011830,,,,,0,1
161,856999,61919011860,,,,,0,1
161,856999,61919011871,,,,,0,1
161,856999,61919011872,,,,,0,1
161,856999,61919011890,,,,,0,1
161,856999,61919015630,,,,,0,1
161,856999,61919015660,,,,,0,1
161,856999,61919015690,,,,,0,1
161,856999,61919082830,,,,,0,1
161,856999,61919082860,,,,,0,1
161,856999,61919082890,,,,,0,1
161,856999,63187012020,,,,,0,1
161,856999,63187012030,,,,,0,1
161,856999,63187012060,,,,,0,1
161,856999,63187077812,,,,,0,1
161,856999,63187077815,,,,,0,1
161,856999,63187077820,,,,,0,1
161,856999,63187077830,,,,,0,1
161,856999,63187077860,,,,,0,1
161,856999,63187077890,,,,,0,1
161,856999,63304049701,,,,,0,1
161,856999,63304049703,,,,,0,1
161,856999,63304049705,,,,,0,1
161,856999,63304049710,,,,,0,1
161,856999,63304049711,,,,,0,1
161,856999,63304049769,,,,,0,1
161,856999,63629193801,,,,,0,1
161,856999,63629229801,,,,,0,1
161,856999,63629229901,,,,,0,1
161,856999,63629230001,,,,,0,1
161,856999,63629247001,,,,,0,1
161,856999,63629247101,,,,,0,1
161,856999,63629294700,,,,,0,1
161,856999,63629294701,,,,,0,1
161,856999,63629294702,,,,,0,1
161,856999,63629294703,,,,,0,1
161,856999,63629294704,,,,,0,1
161,856999,63629294705,,,,,0,1
161,856999,63629294706,,,,,0,1
161,856999,63629294707,,,,,0,1
161,856999,63629294708,,,,,0,1
161,856999,63629294709,,,,,0,1
161,856999,63629448701,,,,,0,1
161,856999,63629448702,,,,,0,1
161,856999,63629448703,,,,,0,1
161,856999,63629448704,,,,,0,1
161,856999,63629448705,,,,,0,1
161,856999,63629448706,,,,,0,1
161,856999,63629448707,,,,,0,1
161,856999,63629543200,,,,,0,1
161,856999,63629543201,,,,,0,1
161,856999,63629543202,,,,,0,1
161,856999,63629543203,,,,,0,1
161,856999,63629543204,,,,,0,1
161,856999,63629543205,,,,,0,1
161,856999,63629543206,,,,,0,1
161,856999,63629543207,,,,,0,1
161,856999,63629543208,,,,,0,1
161,856999,63629543209,,,,,0,1
161,856999,63629543400,,,,,0,1
161,856999,63629543401,,,,,0,1
161,856999,63629543402,,,,,0,1
161,856999,63629543403,,,,,0,1
161,856999,63629543404,,,,,0,1
161,856999,63629543405,,,,,0,1
161,856999,63629543406,,,,,0,1
161,856999,63629543407,,,,,0,1
161,856999,63629543408,,,,,0,1
161,856999,63629543409,,,,,0,1
161,856999,63629742401,,,,,0,1
161,856999,63629742402,,,,,0,1
161,856999,63629742403,,,,,0,1
161,856999,63629742404,,,,,0,1
161,856999,63629742405,,,,,0,1
161,856999,63629782301,,,,,0,1
161,856999,63629782302,,,,,0,1
161,856999,63629782303,,,,,0,1
161,856999,63629888601,,,,,0,1
161,856999,63629888602,,,,,0,1
161,856999,63629888603,,,,,0,1
161,856999,63629888604,,,,,0,1
161,856999,63629888605,,,,,0,1
161,856999,64380044201,,,,,0,1
161,856999,64850063301,,,,,0,1
161,856999,66267031920,,,,,0,1
161,856999,66267031930,,,,,0,1
161,856999,66267031940,,,,,0,1
161,856999,66267031960,,,,,0,1
161,856999,66267031984,,,,,0,1
161,856999,66267031988,,,,,0,1
161,856999,66267031990,,,,,0,1
161,856999,66267031991,,,,,0,1
161,856999,66267031992,,,,,0,1
161,856999,66336044410,,,,,0,1
161,856999,66336044420,,,,,0,1
161,856999,67296142501,,,,,0,1
161,856999,67296142502,,,,,0,1
161,856999,67296154201,,,,,0,1
161,856999,67296179401,,,,,0,1
161,856999,67296179402,,,,,0,1
161,856999,68047072301,,,,,0,1
161,856999,68071200103,,,,,0,1
161,856999,68071200106,,,,,0,1
161,856999,68071200109,,,,,0,1
161,856999,68071494106,,,,,0,1
161,856999,68084088409,,,,,0,1
161,856999,68084088411,,,,,0,1
161,856999,70010067401,,,,,0,1
161,856999,70010067405,,,,,0,1
161,856999,71205066030,,,,,0,1
161,856999,71205066060,,,,,0,1
161,856999,71205066090,,,,,0,1
161,856999,71335038500,,,,,0,1
161,856999,71335038501,,,,,0,1
161,856999,71335038502,,,,,0,1
161,856999,71335038503,,,,,0,1
161,856999,71335038504,,,,,0,1
161,856999,71335038505,,,,,0,1
161,856999,71335038506,,,,,0,1
161,856999,71335038507,,,,,0,1
161,856999,71335038508,,,,,0,1
161,856999,71335038509,,,,,0,1
161,856999,71335124804,,,,,0,1
161,856999,71335124806,,,,,0,1
161,856999,71335124807,,,,,0,1
161,856999,71335127100,,,,,0,1
161,856999,71335127101,,,,,0,1
161,856999,71335127102,,,,,0,1
161,856999,71335127103,,,,,0,1
161,856999,71335127104,,,,,0,1
161,856999,71335127105,,,,,0,1
161,856999,71335127106,,,,,0,1
161,856999,71335127107,,,,,0,1
161,856999,71335127108,,,,,0,1
161,856999,71335127109,,,,,0,1
161,856999,71335133901,,,,,0,1
161,856999,71335133902,,,,,0,1
161,856999,71335133903,,,,,0,1
161,856999,71335141800,,,,,0,1
161,856999,71335141801,,,,,0,1
161,856999,71335141802,,,,,0,1
161,856999,71335141803,,,,,0,1
161,856999,71335141804,,,,,0,1
161,856999,71335141805,,,,,0,1
161,856999,71335141806,,,,,0,1
161,856999,71335141807,,,,,0,1
161,856999,71335141808,,,,,0,1
161,856999,71335141809,,,,,0,1
161,856999,71335144401,,,,,0,1
161,856999,71335144402,,,,,0,1
161,856999,71335144403,,,,,0,1
161,856999,71335210501,,,,,0,1
161,856999,71335210502,,,,,0,1
161,856999,71335210503,,,,,0,1
161,856999,71335210504,,,,,0,1
161,856999,71335210505,,,,,0,1
161,856999,71335211800,,,,,0,1
161,856999,71335211801,,,,,0,1
161,856999,71335211802,,,,,0,1
161,856999,71335211803,,,,,0,1
161,856999,71335211804,,,,,0,1
161,856999,71335211805,,,,,0,1
161,856999,71335211806,,,,,0,1
161,856999,71335211807,,,,,0,1
161,856999,71335211808,,,,,0,1
161,856999,71335211809,,,,,0,1
161,856999,71335960201,,,,,0,1
161,856999,71335960202,,,,,0,1
161,856999,71335960203,,,,,0,1
161,856999,71335973500,,,,,0,1
161,856999,71335973501,,,,,0,1
161,856999,71335973502,,,,,0,1
161,856999,71335973503,,,,,0,1
161,856999,71335973504,,,,,0,1
161,856999,71335973505,,,,,0,1
161,856999,71335973506,,,,,0,1
161,856999,71335973507,,,,,0,1
161,856999,71335973508,,,,,0,1
161,856999,71335973509,,,,,0,1
161,856999,71930002112,,,,,0,1
161,856999,71930002113,,,,,0,1
161,856999,71930002152,,,,,0,1
161,856999,72162128100,,,,,0,1
161,856999,72162128101,,,,,0,1
161,856999,72162128105,,,,,0,1
161,856999,72162199101,,,,,0,1
161,856999,72162227101,,,,,0,1
161,856999,72162227105,,,,,0,1
161,856999,72189034820,,,,,0,1
161,856999,72189034830,,,,,0,1
161,856999,72189034860,,,,,0,1
161,856999,72189034872,,,,,0,1
161,856999,72189034890,,,,,0,1
161,856999,72189039930,,,,,0,1
161,856999,72189039960,,,,,0,1
161,856999,72189039972,,,,,0,1
161,856999,72189039990,,,,,0,1
161,856999,72865011201,,,,,0,1
161,856999,72865011205,,,,,0,1
161,856999,72865020401,,,,,0,1
161,856999,72865020405,,,,,0,1
161,856999,76420021501,,,,,0,1
161,856999,76420021530,,,,,0,1
161,856999,76420021560,,,,,0,1
161,856999,76420021590,,,,,0,1
161,856999,76420087700,,,,,0,1
161,856999,76420087701,,,,,0,1
161,856999,76420087703,,,,,0,1
161,856999,76420087705,,,,,0,1
161,856999,76420087707,,,,,0,1
161,856999,76420087710,,,,,0,1
161,856999,76420087714,,,,,0,1
161,856999,76420087720,,,,,0,1
161,856999,76420087730,,,,,0,1
161,856999,76420087760,,,,,0,1
161,856999,76420087790,,,,,0,1
161,856999,82804000330,,,,,0,1
161,856999,82804000360,,,,,0,1
161,856999,82804000390,,,,,0,1
161,857002,00245041001,,,,,0,1
161,857002,00245041011,,,,,0,1
161,857002,00245041050,,,,,0,1
161,857002,00245041089,,,,,0,1
161,857002,00254203401,,,,,0,1
161,857002,00406012301,,,,,0,1
161,857002,00406012305,,,,,0,1
161,857002,00406012310,,,,,0,1
161,857002,00406012312,,,,,0,1
161,857002,00406012320,,,,,0,1
161,857002,00406012323,,,,,0,1
161,857002,00406012330,,,,,0,1
161,857002,00406012360,,,,,0,1
161,857002,00406012362,,,,,0,1
161,857002,00406012390,,,,,0,1
161,857002,00406036523,,,,,0,1
161,857002,00527164901,,,,,0,1
161,857002,00527164905,,,,,0,1
161,857002,00603389021,,,,,0,1
161,857002,00603389028,,,,,0,1
161,857002,00603389032,,,,,0,1
161,857002,00904682461,,,,,0,1
161,857002,10702018901,,,,,0,1
161,857002,10702018903,,,,,0,1
161,857002,10702018910,,,,,0,1
161,857002,10702018950,,,,,0,1
161,857002,13107001901,,,,,0,1
161,857002,13107001905,,,,,0,1
161,857002,13107001930,,,,,0,1
161,857002,13107001999,,,,,0,1
161,857002,27808003501,,,,,0,1
161,857002,27808003502,,,,,0,1
161,857002,27808003503,,,,,0,1
161,857002,31722094101,,,,,0,1
161,857002,31722094105,,,,,0,1
161,857002,31722099601,,,,,0,1
161,857002,31722099605,,,,,0,1
161,857002,35356079601,,,,,0,1
161,857002,35356079612,,,,,0,1
161,857002,35356079620,,,,,0,1
161,857002,35356079630,,,,,0,1
161,857002,35356079640,,,,,0,1
161,857002,35356079660,,,,,0,1
161,857002,35356079690,,,,,0,1
161,857002,42806011101,,,,,0,1
161,857002,42858020101,,,,,0,1
161,857002,42858020110,,,,,0,1
161,857002,42858020150,,,,,0,1
161,857002,43386035601,,,,,0,1
161,857002,43386035603,,,,,0,1
161,857002,43386035605,,,,,0,1
161,857002,43386035610,,,,,0,1
161,857002,45865060515,,,,,0,1
161,857002,45865060520,,,,,0,1
161,857002,45865060525,,,,,0,1
161,857002,45865060530,,,,,0,1
161,857002,45865060540,,,,,0,1
161,857002,45865060551,,,,,0,1
161,857002,45865060590,,,,,0,1
161,857002,50090151800,,,,,0,1
161,857002,50090151801,,,,,0,1
161,857002,50090177800,,,,,0,1
161,857002,50090177807,,,,,0,1
161,857002,50090212100,,,,,0,1
161,857002,50268040111,,,,,0,1
161,857002,50268040115,,,,,0,1
161,857002,50268040315,,,,,0,1
161,857002,50436010901,,,,,0,1
161,857002,50436010902,,,,,0,1
161,857002,50436010904,,,,,0,1
161,857002,50436010905,,,,,0,1
161,857002,50436391801,,,,,0,1
161,857002,50436391802,,,,,0,1
161,857002,50436391804,,,,,0,1
161,857002,50436391805,,,,,0,1
161,857002,50436391808,,,,,0,1
161,857002,50436391809,,,,,0,1
161,857002,51079077701,,,,,0,1
161,857002,51079077720,,,,,0,1
161,857002,51079077721,,,,,0,1
161,857002,51655054552,,,,,0,1
161,857002,51655089820,,,,,0,1
161,857002,51655089852,,,,,0,1
161,857002,51655089853,,,,,0,1
161,857002,51655089854,,,,,0,1
161,857002,51655089920,,,,,0,1
161,857002,51655089954,,,,,0,1
161,857002,51655090020,,,,,0,1
161,857002,51655090030,,,,,0,1
161,857002,51655090053,,,,,0,1
161,857002,51655090054,,,,,0,1
161,857002,52959073702,,,,,0,1
161,857002,52959073704,,,,,0,1
161,857002,52959073706,,,,,0,1
161,857002,52959073712,,,,,0,1
161,857002,52959073714,,,,,0,1
161,857002,52959073715,,,,,0,1
161,857002,52959073716,,,,,0,1
161,857002,52959073720,,,,,0,1
161,857002,52959073725,,,,,0,1
161,857002,52959073728,,,,,0,1
161,857002,52959073730,,,,,0,1
161,857002,52959073740,,,,,0,1
161,857002,52959073742,,,,,0,1
161,857002,52959073745,,,,,0,1
161,857002,52959073750,,,,,0,1
161,857002,52959073760,,,,,0,1
161,857002,52959073790,,,,,0,1
161,857002,53746010901,,,,,0,1
161,857002,53746010905,,,,,0,1
161,857002,53746010910,,,,,0,1
161,857002,55700022001,,,,,0,1
161,857002,55700065201,,,,,0,1
161,857002,55700065212,,,,,0,1
161,857002,55700065214,,,,,0,1
161,857002,55700065215,,,,,0,1
161,857002,55700065220,,,,,0,1
161,857002,55700065221,,,,,0,1
161,857002,55700065230,,,,,0,1
161,857002,55700065240,,,,,0,1
161,857002,55700065260,,,,,0,1
161,857002,55700065290,,,,,0,1
161,857002,55700099214,,,,,0,1
161,857002,55700099230,,,,,0,1
161,857002,55700099260,,,,,0,1
161,857002,55700099290,,,,,0,1
161,857002,55887029501,,,,,0,1
161,857002,57664012613,,,,,0,1
161,857002,57664012683,,,,,0,1
161,857002,57664012688,,,,,0,1
161,857002,60429059001,,,,,0,1
161,857002,60429059005,,,,,0,1
161,857002,60687039601,,,,,0,1
161,857002,60687039611,,,,,0,1
161,857002,61919049408,,,,,0,1
161,857002,61919049420,,,,,0,1
161,857002,61919049430,,,,,0,1
161,857002,61919049460,,,,,0,1
161,857002,61919049472,,,,,0,1
161,857002,61919049490,,,,,0,1
161,857002,61919061820,,,,,0,1
161,857002,61919061826,,,,,0,1
161,857002,61919061830,,,,,0,1
161,857002,61919061860,,,,,0,1
161,857002,61919061872,,,,,0,1
161,857002,61919061890,,,,,0,1
161,857002,63187011215,,,,,0,1
161,857002,63187011220,,,,,0,1
161,857002,63187011230,,,,,0,1
161,857002,63187011260,,,,,0,1
161,857002,63187037512,,,,,0,1
161,857002,63187037515,,,,,0,1
161,857002,63187037520,,,,,0,1
161,857002,63187037530,,,,,0,1
161,857002,63187037560,,,,,0,1
161,857002,63629193901,,,,,0,1
161,857002,63629229201,,,,,0,1
161,857002,63629229301,,,,,0,1
161,857002,63629229401,,,,,0,1
161,857002,63629246801,,,,,0,1
161,857002,63629294600,,,,,0,1
161,857002,63629294601,,,,,0,1
161,857002,63629294602,,,,,0,1
161,857002,63629294603,,,,,0,1
161,857002,63629294604,,,,,0,1
161,857002,63629294605,,,,,0,1
161,857002,63629294606,,,,,0,1
161,857002,63629294607,,,,,0,1
161,857002,63629294608,,,,,0,1
161,857002,63629294609,,,,,0,1
161,857002,63629542201,,,,,0,1
161,857002,63629542202,,,,,0,1
161,857002,63629542203,,,,,0,1
161,857002,63629542204,,,,,0,1
161,857002,63629542205,,,,,0,1
161,857002,63629542206,,,,,0,1
161,857002,63629542207,,,,,0,1
161,857002,63629542208,,,,,0,1
161,857002,63629542209,,,,,0,1
161,857002,63629564101,,,,,0,1
161,857002,63629564102,,,,,0,1
161,857002,63629564103,,,,,0,1
161,857002,63629564104,,,,,0,1
161,857002,63629564105,,,,,0,1
161,857002,63629638801,,,,,0,1
161,857002,63629638802,,,,,0,1
161,857002,63629782101,,,,,0,1
161,857002,63629782102,,,,,0,1
161,857002,63629849901,,,,,0,1
161,857002,63629888501,,,,,0,1
161,857002,63629888502,,,,,0,1
161,857002,63629888503,,,,,0,1
161,857002,63629888504,,,,,0,1
161,857002,63629888505,,,,,0,1
161,857002,64380044001,,,,,0,1
161,857002,64725002601,,,,,0,1
161,857002,64850063101,,,,,0,1
161,857002,66336067012,,,,,0,1
161,857002,66336067050,,,,,0,1
161,857002,67296141500,,,,,0,1
161,857002,67296141501,,,,,0,1
161,857002,67296141502,,,,,0,1
161,857002,67296141503,,,,,0,1
161,857002,67296141504,,,,,0,1
161,857002,67296141506,,,,,0,1
161,857002,67296141507,,,,,0,1
161,857002,67296141508,,,,,0,1
161,857002,67296162300,,,,,0,1
161,857002,67296162301,,,,,0,1
161,857002,67296162302,,,,,0,1
161,857002,67296162303,,,,,0,1
161,857002,67296162304,,,,,0,1
161,857002,67296162305,,,,,0,1
161,857002,67296162306,,,,,0,1
161,857002,67296162307,,,,,0,1
161,857002,67296162308,,,,,0,1
161,857002,67296162309,,,,,0,1
161,857002,67296169500,,,,,0,1
161,857002,67296169501,,,,,0,1
161,857002,67296169502,,,,,0,1
161,857002,67296169503,,,,,0,1
161,857002,67296169504,,,,,0,1
161,857002,67296169505,,,,,0,1
161,857002,67296169506,,,,,0,1
161,857002,67296169507,,,,,0,1
161,857002,67296169508,,,,,0,1
161,857002,67296169509,,,,,0,1
161,857002,67296179101,,,,,0,1
161,857002,67296179102,,,,,0,1
161,857002,67296179103,,,,,0,1
161,857002,67296179105,,,,,0,1
161,857002,67296179106,,,,,0,1
161,857002,67296179107,,,,,0,1
161,857002,67296179108,,,,,0,1
161,857002,67296179109,,,,,0,1
161,857002,67296189004,,,,,0,1
161,857002,68047072501,,,,,0,1
161,857002,68071029615,,,,,0,1
161,857002,68071029620,,,,,0,1
161,857002,68071029625,,,,,0,1
161,857002,68071029630,,,,,0,1
161,857002,68071029640,,,,,0,1
161,857002,68071029650,,,,,0,1
161,857002,68071029660,,,,,0,1
161,857002,68071029681,,,,,0,1
161,857002,68071029684,,,,,0,1
161,857002,68071029690,,,,,0,1
161,857002,68071029691,,,,,0,1
161,857002,68071029692,,,,,0,1
161,857002,68071344703,,,,,0,1
161,857002,68071368506,,,,,0,1
161,857002,68071480102,,,,,0,1
161,857002,68071480106,,,,,0,1
161,857002,68071485302,,,,,0,1
161,857002,68084089501,,,,,0,1
161,857002,68084089509,,,,,0,1
161,857002,68084089511,,,,,0,1
161,857002,70010067201,,,,,0,1
161,857002,70010067205,,,,,0,1
161,857002,71335096001,,,,,0,1
161,857002,71335096002,,,,,0,1
161,857002,71335096004,,,,,0,1
161,857002,71335096005,,,,,0,1
161,857002,71335141700,,,,,0,1
161,857002,71335141701,,,,,0,1
161,857002,71335141702,,,,,0,1
161,857002,71335141703,,,,,0,1
161,857002,71335141704,,,,,0,1
161,857002,71335141705,,,,,0,1
161,857002,71335141706,,,,,0,1
161,857002,71335141707,,,,,0,1
161,857002,71335141708,,,,,0,1
161,857002,71335141709,,,,,0,1
161,857002,71335147001,,,,,0,1
161,857002,71335147002,,,,,0,1
161,857002,71335147003,,,,,0,1
161,857002,71335181101,,,,,0,1
161,857002,71335181102,,,,,0,1
161,857002,71335181103,,,,,0,1
161,857002,71335181104,,,,,0,1
161,857002,71335181105,,,,,0,1
161,857002,71335210301,,,,,0,1
161,857002,71335210302,,,,,0,1
161,857002,71335210303,,,,,0,1
161,857002,71335210304,,,,,0,1
161,857002,71335210305,,,,,0,1
161,857002,71335211601,,,,,0,1
161,857002,71335211602,,,,,0,1
161,857002,71335211603,,,,,0,1
161,857002,71335211604,,,,,0,1
161,857002,71335211605,,,,,0,1
161,857002,71335211700,,,,,0,1
161,857002,71335211701,,,,,0,1
161,857002,71335211702,,,,,0,1
161,857002,71335211703,,,,,0,1
161,857002,71335211704,,,,,0,1
161,857002,71335211705,,,,,0,1
161,857002,71335211706,,,,,0,1
161,857002,71335211707,,,,,0,1
161,857002,71335211708,,,,,0,1
161,857002,71335211709,,,,,0,1
161,857002,71335214400,,,,,0,1
161,857002,71335214401,,,,,0,1
161,857002,71335214402,,,,,0,1
161,857002,71335214403,,,,,0,1
161,857002,71335214404,,,,,0,1
161,857002,71335214405,,,,,0,1
161,857002,71335214406,,,,,0,1
161,857002,71335214407,,,,,0,1
161,857002,71335214408,,,,,0,1
161,857002,71335214409,,,,,0,1
161,857002,71335219501,,,,,0,1
161,857002,71335219502,,,,,0,1
161,857002,71335219503,,,,,0,1
161,857002,71335219504,,,,,0,1
161,857002,71335219505,,,,,0,1
161,857002,71335258501,,,,,0,1
161,857002,71335258502,,,,,0,1
161,857002,71335258503,,,,,0,1
161,857002,71335258504,,,,,0,1
161,857002,71335258505,,,,,0,1
161,857002,71335973400,,,,,0,1
161,857002,71335973401,,,,,0,1
161,857002,71335973402,,,,,0,1
161,857002,71335973403,,,,,0,1
161,857002,71335973404,,,,,0,1
161,857002,71335973405,,,,,0,1
161,857002,71335973406,,,,,0,1
161,857002,71335973407,,,,,0,1
161,857002,71335973408,,,,,0,1
161,857002,71335973409,,,,,0,1
161,857002,71930001912,,,,,0,1
161,857002,71930001913,,,,,0,1
161,857002,71930001952,,,,,0,1
161,857002,72162127900,,,,,0,1
161,857002,72162127901,,,,,0,1
161,857002,72162127905,,,,,0,1
161,857002,72162134101,,,,,0,1
161,857002,72162134105,,,,,0,1
161,857002,72162198901,,,,,0,1
161,857002,72189034308,,,,,0,1
161,857002,72189034320,,,,,0,1
161,857002,72189034330,,,,,0,1
161,857002,72189034360,,,,,0,1
161,857002,72189034372,,,,,0,1
161,857002,72189034390,,,,,0,1
161,857002,72189040730,,,,,0,1
161,857002,72189040760,,,,,0,1
161,857002,72189040772,,,,,0,1
161,857002,72189040790,,,,,0,1
161,857002,72865011001,,,,,0,1
161,857002,72865011005,,,,,0,1
161,857002,72865020201,,,,,0,1
161,857002,72865020205,,,,,0,1
161,857002,76420013330,,,,,0,1
161,857002,76420087500,,,,,0,1
161,857002,76420087501,,,,,0,1
161,857002,76420087503,,,,,0,1
161,857002,76420087505,,,,,0,1
161,857002,76420087507,,,,,0,1
161,857002,76420087510,,,,,0,1
161,857002,76420087514,,,,,0,1
161,857002,76420087520,,,,,0,1
161,857002,76420087530,,,,,0,1
161,857002,76420087560,,,,,0,1
161,857002,76420087590,,,,,0,1
161,857002,82804011612,,,,,0,1
161,857005,00245041101,,,,,0,1
161,857005,00245041111,,,,,0,1
161,857005,00245041150,,,,,0,1
161,857005,00245041189,,,,,0,1
161,857005,00254203501,,,,,0,1
161,857005,00406012401,,,,,0,1
161,857005,00406012405,,,,,0,1
161,857005,00406012410,,,,,0,1
161,857005,00406012412,,,,,0,1
161,857005,00406012420,,,,,0,1
161,857005,00406012423,,,,,0,1
161,857005,00406012430,,,,,0,1
161,857005,00406012460,,,,,0,1
161,857005,00406012462,,,,,0,1
161,857005,00406012490,,,,,0,1
161,857005,00406036623,,,,,0,1
161,857005,00527165001,,,,,0,1
161,857005,00527165005,,,,,0,1
161,857005,00603389121,,,,,0,1
161,857005,00603389128,,,,,0,1
161,857005,00603389132,,,,,0,1
161,857005,00904682661,,,,,0,1
161,857005,10702019001,,,,,0,1
161,857005,10702019003,,,,,0,1
161,857005,10702019010,,,,,0,1
161,857005,10702019050,,,,,0,1
161,857005,12634026000,,,,,0,1
161,857005,12634026040,,,,,0,1
161,857005,12634026050,,,,,0,1
161,857005,12634026055,,,,,0,1
161,857005,12634026066,,,,,0,1
161,857005,12634026071,,,,,0,1
161,857005,12634026079,,,,,0,1
161,857005,12634026080,,,,,0,1
161,857005,12634026085,,,,,0,1
161,857005,12634026091,,,,,0,1
161,857005,12634026094,,,,,0,1
161,857005,13107002001,,,,,0,1
161,857005,13107002005,,,,,0,1
161,857005,13107002030,,,,,0,1
161,857005,13107002099,,,,,0,1
161,857005,27808003601,,,,,0,1
161,857005,27808003602,,,,,0,1
161,857005,27808003603,,,,,0,1
161,857005,31722094201,,,,,0,1
161,857005,31722094205,,,,,0,1
161,857005,35356079701,,,,,0,1
161,857005,35356079715,,,,,0,1
161,857005,35356079730,,,,,0,1
161,857005,35356079790,,,,,0,1
161,857005,42291033301,,,,,0,1
161,857005,42806011201,,,,,0,1
161,857005,42858020201,,,,,0,1
161,857005,42858020210,,,,,0,1
161,857005,42858020250,,,,,0,1
161,857005,43386035701,,,,,0,1
161,857005,43386035703,,,,,0,1
161,857005,43386035705,,,,,0,1
161,857005,43386035710,,,,,0,1
161,857005,43547037310,,,,,0,1
161,857005,45865041900,,,,,0,1
161,857005,45865041901,,,,,0,1
161,857005,45865041902,,,,,0,1
161,857005,45865041905,,,,,0,1
161,857005,45865041912,,,,,0,1
161,857005,45865041915,,,,,0,1
161,857005,45865041920,,,,,0,1
161,857005,45865041930,,,,,0,1
161,857005,45865041949,,,,,0,1
161,857005,45865041951,,,,,0,1
161,857005,45865041952,,,,,0,1
161,857005,45865041959,,,,,0,1
161,857005,45865041960,,,,,0,1
161,857005,45865041984,,,,,0,1
161,857005,45865041990,,,,,0,1
161,857005,50268040011,,,,,0,1
161,857005,50268040015,,,,,0,1
161,857005,50436016001,,,,,0,1
161,857005,50436016002,,,,,0,1
161,857005,50436016004,,,,,0,1
161,857005,50436260501,,,,,0,1
161,857005,50436260502,,,,,0,1
161,857005,50436260504,,,,,0,1
161,857005,51079077801,,,,,0,1
161,857005,51079077820,,,,,0,1
161,857005,51079077821,,,,,0,1
161,857005,51655005527,,,,,0,1
161,857005,51655080427,,,,,0,1
161,857005,52959073500,,,,,0,1
161,857005,52959073502,,,,,0,1
161,857005,52959073503,,,,,0,1
161,857005,52959073512,,,,,0,1
161,857005,52959073530,,,,,0,1
161,857005,52959073540,,,,,0,1
161,857005,52959073550,,,,,0,1
161,857005,52959073560,,,,,0,1
161,857005,52959073580,,,,,0,1
161,857005,52959073584,,,,,0,1
161,857005,52959073590,,,,,0,1
161,857005,55700060301,,,,,0,1
161,857005,55700060315,,,,,0,1
161,857005,55700060324,,,,,0,1
161,857005,55700060330,,,,,0,1
161,857005,55700060356,,,,,0,1
161,857005,55700060360,,,,,0,1
161,857005,55700060390,,,,,0,1
161,857005,57664017008,,,,,0,1
161,857005,57664017013,,,,,0,1
161,857005,57664017018,,,,,0,1
161,857005,57664017083,,,,,0,1
161,857005,57664017088,,,,,0,1
161,857005,60429059101,,,,,0,1
161,857005,60429059105,,,,,0,1
161,857005,60687040701,,,,,0,1
161,857005,60687040711,,,,,0,1
161,857005,60760021930,,,,,0,1
161,857005,60760021940,,,,,0,1
161,857005,60760021960,,,,,0,1
161,857005,60760021990,,,,,0,1
161,857005,61919011415,,,,,0,1
161,857005,61919011430,,,,,0,1
161,857005,61919011460,,,,,0,1
161,857005,61919011471,,,,,0,1
161,857005,61919011472,,,,,0,1
161,857005,61919011490,,,,,0,1
161,857005,61919020826,,,,,0,1
161,857005,61919020830,,,,,0,1
161,857005,61919020860,,,,,0,1
161,857005,61919020872,,,,,0,1
161,857005,61919020890,,,,,0,1
161,857005,61919045260,,,,,0,1
161,857005,63187013760,,,,,0,1
161,857005,63187065812,,,,,0,1
161,857005,63187065815,,,,,0,1
161,857005,63187065820,,,,,0,1
161,857005,63187065830,,,,,0,1
161,857005,63187065860,,,,,0,1
161,857005,63187065890,,,,,0,1
161,857005,63629194001,,,,,0,1
161,857005,63629229501,,,,,0,1
161,857005,63629229601,,,,,0,1
161,857005,63629229701,,,,,0,1
161,857005,63629246901,,,,,0,1
161,857005,63629334201,,,,,0,1
161,857005,63629334202,,,,,0,1
161,857005,63629334203,,,,,0,1
161,857005,63629334204,,,,,0,1
161,857005,63629334205,,,,,0,1
161,857005,63629334206,,,,,0,1
161,857005,63629334207,,,,,0,1
161,857005,63629334208,,,,,0,1
161,857005,63629334209,,,,,0,1
161,857005,63629543600,,,,,0,1
161,857005,63629543601,,,,,0,1
161,857005,63629543602,,,,,0,1
161,857005,63629543603,,,,,0,1
161,857005,63629543604,,,,,0,1
161,857005,63629543605,,,,,0,1
161,857005,63629543606,,,,,0,1
161,857005,63629543607,,,,,0,1
161,857005,63629543608,,,,,0,1
161,857005,63629543609,,,,,0,1
161,857005,63629782201,,,,,0,1
161,857005,64380044101,,,,,0,1
161,857005,64850063201,,,,,0,1
161,857005,65162011503,,,,,0,1
161,857005,65162011510,,,,,0,1
161,857005,65162011511,,,,,0,1
161,857005,65162011550,,,,,0,1
161,857005,67296157901,,,,,0,1
161,857005,67296157903,,,,,0,1
161,857005,67296157906,,,,,0,1
161,857005,67296170503,,,,,0,1
161,857005,67296170506,,,,,0,1
161,857005,67296190506,,,,,0,1
161,857005,68047072401,,,,,0,1
161,857005,68071030130,,,,,0,1
161,857005,68071030140,,,,,0,1
161,857005,68071030160,,,,,0,1
161,857005,68071030184,,,,,0,1
161,857005,68071030190,,,,,0,1
161,857005,68071030191,,,,,0,1
161,857005,68071249402,,,,,0,1
161,857005,68071249406,,,,,0,1
161,857005,68071264502,,,,,0,1
161,857005,68071264503,,,,,0,1
161,857005,68084086309,,,,,0,1
161,857005,68084086311,,,,,0,1
161,857005,68387023712,,,,,0,1
161,857005,70010067301,,,,,0,1
161,857005,70010067305,,,,,0,1
161,857005,71335006300,,,,,0,1
161,857005,71335006301,,,,,0,1
161,857005,71335006302,,,,,0,1
161,857005,71335006303,,,,,0,1
161,857005,71335006304,,,,,0,1
161,857005,71335006305,,,,,0,1
161,857005,71335006306,,,,,0,1
161,857005,71335006307,,,,,0,1
161,857005,71335006308,,,,,0,1
161,857005,71335006309,,,,,0,1
161,857005,71335010800,,,,,0,1
161,857005,71335010801,,,,,0,1
161,857005,71335010802,,,,,0,1
161,857005,71335010803,,,,,0,1
161,857005,71335010804,,,,,0,1
161,857005,71335010805,,,,,0,1
161,857005,71335010806,,,,,0,1
161,857005,71335010807,,,,,0,1
161,857005,71335010808,,,,,0,1
161,857005,71335010809,,,,,0,1
161,857005,71335046600,,,,,0,1
161,857005,71335046601,,,,,0,1
161,857005,71335046602,,,,,0,1
161,857005,71335046603,,,,,0,1
161,857005,71335046604,,,,,0,1
161,857005,71335046605,,,,,0,1
161,857005,71335046606,,,,,0,1
161,857005,71335046607,,,,,0,1
161,857005,71335046608,,,,,0,1
161,857005,71335046609,,,,,0,1
161,857005,71335141900,,,,,0,1
161,857005,71335141901,,,,,0,1
161,857005,71335141902,,,,,0,1
161,857005,71335141903,,,,,0,1
161,857005,71335141904,,,,,0,1
161,857005,71335141905,,,,,0,1
161,857005,71335141906,,,,,0,1
161,857005,71335141907,,,,,0,1
161,857005,71335141908,,,,,0,1
161,857005,71335141909,,,,,0,1
161,857005,71335155701,,,,,0,1
161,857005,71335155702,,,,,0,1
161,857005,71335197001,,,,,0,1
161,857005,71335197002,,,,,0,1
161,857005,71335197003,,,,,0,1
161,857005,71335197004,,,,,0,1
161,857005,71335197005,,,,,0,1
161,857005,71335197006,,,,,0,1
161,857005,71335197007,,,,,0,1
161,857005,71335210401,,,,,0,1
161,857005,71335210402,,,,,0,1
161,857005,71335210403,,,,,0,1
161,857005,71335210404,,,,,0,1
161,857005,71335210405,,,,,0,1
161,857005,71335210406,,,,,0,1
161,857005,71335210407,,,,,0,1
161,857005,71335211201,,,,,0,1
161,857005,71335211202,,,,,0,1
161,857005,71335211500,,,,,0,1
161,857005,71335211501,,,,,0,1
161,857005,71335211502,,,,,0,1
161,857005,71335211503,,,,,0,1
161,857005,71335211504,,,,,0,1
161,857005,71335211505,,,,,0,1
161,857005,71335211506,,,,,0,1
161,857005,71335211507,,,,,0,1
161,857005,71335211508,,,,,0,1
161,857005,71335211509,,,,,0,1
161,857005,71335223801,,,,,0,1
161,857005,71335223802,,,,,0,1
161,857005,71335973600,,,,,0,1
161,857005,71335973601,,,,,0,1
161,857005,71335973602,,,,,0,1
161,857005,71335973603,,,,,0,1
161,857005,71335973604,,,,,0,1
161,857005,71335973605,,,,,0,1
161,857005,71335973606,,,,,0,1
161,857005,71335973607,,,,,0,1
161,857005,71335973608,,,,,0,1
161,857005,71335973609,,,,,0,1
161,857005,71335973701,,,,,0,1
161,857005,71335973702,,,,,0,1
161,857005,71335973703,,,,,0,1
161,857005,71335973704,,,,,0,1
161,857005,71335973705,,,,,0,1
161,857005,71335973706,,,,,0,1
161,857005,71335973707,,,,,0,1
161,857005,71930002012,,,,,0,1
161,857005,71930002013,,,,,0,1
161,857005,71930002052,,,,,0,1
161,857005,72162128000,,,,,0,1
161,857005,72162128001,,,,,0,1
161,857005,72162128005,,,,,0,1
161,857005,72162128006,,,,,0,1
161,857005,72162134201,,,,,0,1
161,857005,72162199005,,,,,0,1
161,857005,72189019130,,,,,0,1
161,857005,72189035230,,,,,0,1
161,857005,72189035260,,,,,0,1
161,857005,72189035272,,,,,0,1
161,857005,72189035290,,,,,0,1
161,857005,72189040630,,,,,0,1
161,857005,72189040660,,,,,0,1
161,857005,72189040690,,,,,0,1
161,857005,72865011101,,,,,0,1
161,857005,72865011105,,,,,0,1
161,857005,72865020301,,,,,0,1
161,857005,72865020305,,,,,0,1
161,857005,76420025730,,,,,0,1
161,857005,76420025760,,,,,0,1
161,857005,76420025790,,,,,0,1
161,857005,76420087600,,,,,0,1
161,857005,76420087601,,,,,0,1
161,857005,76420087603,,,,,0,1
161,857005,76420087605,,,,,0,1
161,857005,76420087607,,,,,0,1
161,857005,76420087610,,,,,0,1
161,857005,76420087614,,,,,0,1
161,857005,76420087620,,,,,0,1
161,857005,76420087630,,,,,0,1
161,857005,76420087660,,,,,0,1
161,857005,76420087690,,,,,0,1
161,857005,83008000230,,,,,0,1
161,857005,83008000260,,,,,0,1
161,857005,83008000290,,,,,0,1
161,857099,00121465505,,,,,0,1
161,857099,00121465510,,,,,0,1
161,857099,00121465515,,,,,0,1
161,857391,13811065710,,,,,0,1
161,857391,31722094001,,,,,0,1
161,857391,46672009210,,,,,0,1
161,857391,46672009250,,,,,0,1
161,857391,50436217101,,,,,0,1
161,857391,50436217102,,,,,0,1
161,857391,50436391201,,,,,0,1
161,857391,50436391202,,,,,0,1
161,857391,50436391203,,,,,0,1
161,857391,50436391204,,,,,0,1
161,857391,55700021630,,,,,0,1
161,857391,55700021660,,,,,0,1
161,857391,55700021690,,,,,0,1
161,857391,63187083812,,,,,0,1
161,857391,63187083815,,,,,0,1
161,857391,63187083820,,,,,0,1
161,857391,63187083830,,,,,0,1
161,857391,63187083860,,,,,0,1
161,857391,63187083890,,,,,0,1
161,857391,63629473101,,,,,0,1
161,857391,63629473102,,,,,0,1
161,857391,63629542801,,,,,0,1
161,857391,63629542802,,,,,0,1
161,857391,63629542803,,,,,0,1
161,857391,63629542804,,,,,0,1
161,857391,63629542805,,,,,0,1
161,857391,63629542806,,,,,0,1
161,857391,63629542807,,,,,0,1
161,857391,63629542808,,,,,0,1
161,857391,64850063001,,,,,0,1
161,857391,68071091830,,,,,0,1
161,857391,68071091860,,,,,0,1
161,857391,68071091890,,,,,0,1
161,857391,68071091891,,,,,0,1
161,857391,72865010901,,,,,0,1
161,857391,72865020101,,,,,0,1
161,857391,76519101100,,,,,0,1
161,857391,76519101101,,,,,0,1
161,857391,76519101102,,,,,0,1
161,857391,76519101103,,,,,0,1
161,857391,76519101104,,,,,0,1
161,857391,76519101105,,,,,0,1
161,857391,76519101106,,,,,0,1
161,857391,76519101107,,,,,0,1
161,857391,76519101108,,,,,0,1
161,857391,76519101109,,,,,0,1
161,857391,76519109704,,,,,0,1
161,889520,00527409537,,,,,0,1
161,889520,00591264001,,,,,0,1
161,889520,00591264005,,,,,0,1
161,889520,10135062801,,,,,0,1
161,889520,11534018701,,,,,0,1
161,889520,11534018704,,,,,0,1
161,889520,13925053501,,,,,0,1
161,889520,16714017001,,,,,0,1
161,889520,42195095510,,,,,0,1
161,889520,42291018101,,,,,0,1
161,889520,43547068610,,,,,0,1
161,889520,51407020001,,,,,0,1
161,889520,51672422201,,,,,0,1
161,889520,51862054201,,,,,0,1
161,889520,63629237201,,,,,0,1
161,889520,70010004401,,,,,0,1
161,889520,70010004405,,,,,0,1
161,889520,70752014410,,,,,0,1
161,889520,70752014414,,,,,0,1
161,889520,71205096200,,,,,0,1
161,889520,71205096230,,,,,0,1
161,889520,71205096255,,,,,0,1
161,889520,71205096260,,,,,0,1
161,889520,71205096272,,,,,0,1
161,889520,71205096290,,,,,0,1
161,889520,72162123201,,,,,0,1
161,889520,80425021501,,,,,0,1
161,889520,80425049701,,,,,0,1
161,993755,00121050400,,,,,0,1
161,993755,00121050404,,,,,0,1
161,993755,00121050405,,,,,0,1
161,993755,00121050416,,,,,0,1
161,993755,00121050440,,,,,0,1
161,993755,00121100800,,,,,0,1
161,993755,00121100812,,,,,0,1
161,993755,00121100840,,,,,0,1
161,993755,00603102058,,,,,0,1
161,993755,00603901354,,,,,0,1
161,993755,00603901358,,,,,0,1
161,993755,17856007901,,,,,0,1
161,993755,17856007902,,,,,0,1
161,993755,17856007905,,,,,0,1
161,993755,46672056116,,,,,0,1
161,993755,50383007905,,,,,0,1
161,993755,50383007906,,,,,0,1
161,993755,50383007912,,,,,0,1
161,993755,50383007913,,,,,0,1
161,993755,50383007916,,,,,0,1
161,993755,50383033705,,,,,0,1
161,993755,50383033706,,,,,0,1
161,993755,50383033810,,,,,0,1
161,993755,50383033912,,,,,0,1
161,993755,50383033913,,,,,0,1
161,993755,50383034015,,,,,0,1
161,993755,52959014103,,,,,0,1
161,993755,52959014104,,,,,0,1
161,993755,60432024504,,,,,0,1
161,993755,60432024516,,,,,0,1
161,993755,63187029104,,,,,0,1
161,993755,64950037404,,,,,0,1
161,993755,64950037416,,,,,0,1
161,993755,66267099704,,,,,0,1
161,993755,67296052501,,,,,0,1
161,993770,00406048301,,,,,0,1
161,993770,13107005801,,,,,0,1
161,993770,13107005805,,,,,0,1
161,993770,13107005830,,,,,0,1
161,993770,13107005899,,,,,0,1
161,993770,52959020815,,,,,0,1
161,993770,52959020830,,,,,0,1
161,993770,63629118501,,,,,0,1
161,993770,63629118701,,,,,0,1
161,993770,63629294501,,,,,0,1
161,993770,64380044801,,,,,0,1
161,993770,64850064101,,,,,0,1
161,993770,64850064105,,,,,0,1
161,993770,64850064112,,,,,0,1
161,993770,66267022130,,,,,0,1
161,993770,71930005412,,,,,0,1
161,993770,71930005452,,,,,0,1
161,993781,00406048401,,,,,0,1
161,993781,00406048403,,,,,0,1
161,993781,00406048410,,,,,0,1
161,993781,00406048420,,,,,0,1
161,993781,00406048423,,,,,0,1
161,993781,00406048450,,,,,0,1
161,993781,00406048462,,,,,0,1
161,993781,00440702010,,,,,0,1
161,993781,00440702012,,,,,0,1
161,993781,00440702015,,,,,0,1
161,993781,00440702020,,,,,0,1
161,993781,00440702030,,,,,0,1
161,993781,00440702081,,,,,0,1
161,993781,00440702085,,,,,0,1
161,993781,00440702610,,,,,0,1
161,993781,00440702612,,,,,0,1
161,993781,00440702615,,,,,0,1
161,993781,00440702620,,,,,0,1
161,993781,00440702630,,,,,0,1
161,993781,00440702681,,,,,0,1
161,993781,00440702685,,,,,0,1
161,993781,12634052680,,,,,0,1
161,993781,13107005901,,,,,0,1
161,993781,13107005905,,,,,0,1
161,993781,13107005930,,,,,0,1
161,993781,13107005999,,,,,0,1
161,993781,33358000101,,,,,0,1
161,993781,33358000115,,,,,0,1
161,993781,33358000120,,,,,0,1
161,993781,33358000130,,,,,0,1
161,993781,33358000160,,,,,0,1
161,993781,43353001045,,,,,0,1
161,993781,43353001050,,,,,0,1
161,993781,43353001060,,,,,0,1
161,993781,43353001070,,,,,0,1
161,993781,43353001075,,,,,0,1
161,993781,43353001090,,,,,0,1
161,993781,45865021930,,,,,0,1
161,993781,45865021960,,,,,0,1
161,993781,45865043930,,,,,0,1
161,993781,45865043960,,,,,0,1
161,993781,49999006000,,,,,0,1
161,993781,49999006001,,,,,0,1
161,993781,49999006020,,,,,0,1
161,993781,49999006024,,,,,0,1
161,993781,49999006030,,,,,0,1
161,993781,49999006050,,,,,0,1
161,993781,49999006060,,,,,0,1
161,993781,49999006090,,,,,0,1
161,993781,50090461000,,,,,0,1
161,993781,50090461001,,,,,0,1
161,993781,50090461002,,,,,0,1
161,993781,50090461003,,,,,0,1
161,993781,50090461004,,,,,0,1
161,993781,50090461007,,,,,0,1
161,993781,50090461101,,,,,0,1
161,993781,50090520000,,,,,0,1
161,993781,50090520001,,,,,0,1
161,993781,50090520002,,,,,0,1
161,993781,50090520003,,,,,0,1
161,993781,50090520004,,,,,0,1
161,993781,50090520007,,,,,0,1
161,993781,50090520100,,,,,0,1
161,993781,50090520101,,,,,0,1
161,993781,50436322707,,,,,0,1
161,993781,51079016101,,,,,0,1
161,993781,51079016120,,,,,0,1
161,993781,51079016121,,,,,0,1
161,993781,51079016196,,,,,0,1
161,993781,51079016199,,,,,0,1
161,993781,51655080253,,,,,0,1
161,993781,51655080254,,,,,0,1
161,993781,51655091054,,,,,0,1
161,993781,52959000300,,,,,0,1
161,993781,52959000302,,,,,0,1
161,993781,52959000304,,,,,0,1
161,993781,52959000306,,,,,0,1
161,993781,52959000310,,,,,0,1
161,993781,52959000312,,,,,0,1
161,993781,52959000314,,,,,0,1
161,993781,52959000315,,,,,0,1
161,993781,52959000316,,,,,0,1
161,993781,52959000320,,,,,0,1
161,993781,52959000324,,,,,0,1
161,993781,52959000325,,,,,0,1
161,993781,52959000328,,,,,0,1
161,993781,52959000330,,,,,0,1
161,993781,52959000340,,,,,0,1
161,993781,52959000342,,,,,0,1
161,993781,52959000345,,,,,0,1
161,993781,52959000350,,,,,0,1
161,993781,52959000360,,,,,0,1
161,993781,52959000375,,,,,0,1
161,993781,52959000384,,,,,0,1
161,993781,52959000390,,,,,0,1
161,993781,55154755300,,,,,0,1
161,993781,55887095150,,,,,0,1
161,993781,58118448408,,,,,0,1
161,993781,58864000415,,,,,0,1
161,993781,60687060401,,,,,0,1
161,993781,60687060411,,,,,0,1
161,993781,60760002215,,,,,0,1
161,993781,60760002230,,,,,0,1
161,993781,60760046630,,,,,0,1
161,993781,60760058130,,,,,0,1
161,993781,61919002330,,,,,0,1
161,993781,61919002360,,,,,0,1
161,993781,61919002371,,,,,0,1
161,993781,61919002390,,,,,0,1
161,993781,61919005360,,,,,0,1
161,993781,61919032830,,,,,0,1
161,993781,61919032871,,,,,0,1
161,993781,61919032890,,,,,0,1
161,993781,61919048410,,,,,0,1
161,993781,61919048418,,,,,0,1
161,993781,61919048430,,,,,0,1
161,993781,61919048471,,,,,0,1
161,993781,61919048490,,,,,0,1
161,993781,63187010615,,,,,0,1
161,993781,63187010620,,,,,0,1
161,993781,63187010630,,,,,0,1
161,993781,63187049120,,,,,0,1
161,993781,63187049130,,,,,0,1
161,993781,63187049160,,,,,0,1
161,993781,63187049190,,,,,0,1
161,993781,63187081515,,,,,0,1
161,993781,63187081520,,,,,0,1
161,993781,63187081530,,,,,0,1
161,993781,63187081560,,,,,0,1
161,993781,63304056201,,,,,0,1
161,993781,63304056210,,,,,0,1
161,993781,63629118601,,,,,0,1
161,993781,63629118801,,,,,0,1
161,993781,63629149400,,,,,0,1
161,993781,63629149401,,,,,0,1
161,993781,63629149402,,,,,0,1
161,993781,63629149403,,,,,0,1
161,993781,63629149404,,,,,0,1
161,993781,63629149405,,,,,0,1
161,993781,63629149406,,,,,0,1
161,993781,63629149407,,,,,0,1
161,993781,63629149408,,,,,0,1
161,993781,63629149409,,,,,0,1
161,993781,63629566601,,,,,0,1
161,993781,64380044601,,,,,0,1
161,993781,64380044602,,,,,0,1
161,993781,64380044603,,,,,0,1
161,993781,64720030450,,,,,0,1
161,993781,64850064201,,,,,0,1
161,993781,64850064205,,,,,0,1
161,993781,64850064212,,,,,0,1
161,993781,65162003310,,,,,0,1
161,993781,65162003311,,,,,0,1
161,993781,65162003350,,,,,0,1
161,993781,66267000106,,,,,0,1
161,993781,66267000110,,,,,0,1
161,993781,66267000112,,,,,0,1
161,993781,66267000115,,,,,0,1
161,993781,66267000120,,,,,0,1
161,993781,66267000124,,,,,0,1
161,993781,66267000130,,,,,0,1
161,993781,66267000140,,,,,0,1
161,993781,66267000160,,,,,0,1
161,993781,66267000184,,,,,0,1
161,993781,66267000190,,,,,0,1
161,993781,66267000191,,,,,0,1
161,993781,67046088603,,,,,0,1
161,993781,67296006501,,,,,0,1
161,993781,67296006502,,,,,0,1
161,993781,67296006503,,,,,0,1
161,993781,67296006504,,,,,0,1
161,993781,67296006506,,,,,0,1
161,993781,67296151601,,,,,0,1
161,993781,67296151602,,,,,0,1
161,993781,67296151605,,,,,0,1
161,993781,67296151606,,,,,0,1
161,993781,67296177201,,,,,0,1
161,993781,67296177205,,,,,0,1
161,993781,67296177206,,,,,0,1
161,993781,67544000209,,,,,0,1
161,993781,67544000215,,,,,0,1
161,993781,67544000220,,,,,0,1
161,993781,67544000230,,,,,0,1
161,993781,67544000240,,,,,0,1
161,993781,67544000245,,,,,0,1
161,993781,67544000246,,,,,0,1
161,993781,67544000250,,,,,0,1
161,993781,67544000253,,,,,0,1
161,993781,67544000254,,,,,0,1
161,993781,67544000255,,,,,0,1
161,993781,67544000260,,,,,0,1
161,993781,67544000270,,,,,0,1
161,993781,67544000272,,,,,0,1
161,993781,67544000275,,,,,0,1
161,993781,67544000280,,,,,0,1
161,993781,67544000285,,,,,0,1
161,993781,67544000290,,,,,0,1
161,993781,67544000293,,,,,0,1
161,993781,67544088220,,,,,0,1
161,993781,67544088230,,,,,0,1
161,993781,67544088240,,,,,0,1
161,993781,67544088245,,,,,0,1
161,993781,67544088246,,,,,0,1
161,993781,67544088250,,,,,0,1
161,993781,67544088253,,,,,0,1
161,993781,67544088254,,,,,0,1
161,993781,67544088255,,,,,0,1
161,993781,67544088260,,,,,0,1
161,993781,67544088270,,,,,0,1
161,993781,67544088272,,,,,0,1
161,993781,67544088275,,,,,0,1
161,993781,67544088280,,,,,0,1
161,993781,67544088290,,,,,0,1
161,993781,68071365106,,,,,0,1
161,993781,68071365802,,,,,0,1
161,993781,68071365803,,,,,0,1
161,993781,68071365805,,,,,0,1
161,993781,68071379806,,,,,0,1
161,993781,68071382406,,,,,0,1
161,993781,68071447502,,,,,0,1
161,993781,68071447504,,,,,0,1
161,993781,68071447506,,,,,0,1
161,993781,68071453302,,,,,0,1
161,993781,68071453303,,,,,0,1
161,993781,68071453304,,,,,0,1
161,993781,68071453305,,,,,0,1
161,993781,68071453306,,,,,0,1
161,993781,68071453308,,,,,0,1
161,993781,68071467302,,,,,0,1
161,993781,68071467303,,,,,0,1
161,993781,68071467304,,,,,0,1
161,993781,68071467305,,,,,0,1
161,993781,68071501004,,,,,0,1
161,993781,68071501006,,,,,0,1
161,993781,68084037211,,,,,0,1
161,993781,68788780101,,,,,0,1
161,993781,68788780102,,,,,0,1
161,993781,68788780103,,,,,0,1
161,993781,68788780106,,,,,0,1
161,993781,68788783501,,,,,0,1
161,993781,68788783502,,,,,0,1
161,993781,68788783503,,,,,0,1
161,993781,68788783506,,,,,0,1
161,993781,70518262800,,,,,0,1
161,993781,70518262801,,,,,0,1
161,993781,70518262802,,,,,0,1
161,993781,70518298900,,,,,0,1
161,993781,70518370500,,,,,0,1
161,993781,70518398000,,,,,0,1
161,993781,70518410400,,,,,0,1
161,993781,71205000115,,,,,0,1
161,993781,71205000130,,,,,0,1
161,993781,71335025600,,,,,0,1
161,993781,71335025601,,,,,0,1
161,993781,71335025602,,,,,0,1
161,993781,71335025603,,,,,0,1
161,993781,71335025604,,,,,0,1
161,993781,71335025605,,,,,0,1
161,993781,71335025606,,,,,0,1
161,993781,71335025607,,,,,0,1
161,993781,71335025608,,,,,0,1
161,993781,71335025609,,,,,0,1
161,993781,71335054500,,,,,0,1
161,993781,71335054501,,,,,0,1
161,993781,71335054502,,,,,0,1
161,993781,71335054503,,,,,0,1
161,993781,71335054504,,,,,0,1
161,993781,71335054505,,,,,0,1
161,993781,71335054506,,,,,0,1
161,993781,71335054507,,,,,0,1
161,993781,71335054508,,,,,0,1
161,993781,71335054509,,,,,0,1
161,993781,71335152200,,,,,0,1
161,993781,71335152201,,,,,0,1
161,993781,71335152202,,,,,0,1
161,993781,71335152203,,,,,0,1
161,993781,71335152204,,,,,0,1
161,993781,71335152205,,,,,0,1
161,993781,71335152206,,,,,0,1
161,993781,71335152207,,,,,0,1
161,993781,71335152208,,,,,0,1
161,993781,71335152209,,,,,0,1
161,993781,71335181800,,,,,0,1
161,993781,71335181801,,,,,0,1
161,993781,71335181802,,,,,0,1
161,993781,71335181803,,,,,0,1
161,993781,71335181804,,,,,0,1
161,993781,71335181805,,,,,0,1
161,993781,71335181806,,,,,0,1
161,993781,71335181807,,,,,0,1
161,993781,71335181808,,,,,0,1
161,993781,71335181809,,,,,0,1
161,993781,71610011130,,,,,0,1
161,993781,71610011145,,,,,0,1
161,993781,71610011146,,,,,0,1
161,993781,71610011153,,,,,0,1
161,993781,71610011154,,,,,0,1
161,993781,71610011160,,,,,0,1
161,993781,71610011170,,,,,0,1
161,993781,71610011172,,,,,0,1
161,993781,71610011175,,,,,0,1
161,993781,71610011180,,,,,0,1
161,993781,71610011190,,,,,0,1
161,993781,71930005512,,,,,0,1
161,993781,71930005552,,,,,0,1
161,993781,72162200101,,,,,0,1
161,993781,72162200105,,,,,0,1
161,993781,76420010303,,,,,0,1
161,993781,76420010310,,,,,0,1
161,993781,76420010320,,,,,0,1
161,993781,76420010330,,,,,0,1
161,993781,76420082100,,,,,0,1
161,993781,76420082101,,,,,0,1
161,993781,76420082103,,,,,0,1
161,993781,76420082105,,,,,0,1
161,993781,76420082110,,,,,0,1
161,993781,76420082112,,,,,0,1
161,993781,76420082115,,,,,0,1
161,993781,76420082120,,,,,0,1
161,993781,76420082130,,,,,0,1
161,993781,76420082150,,,,,0,1
161,993781,76420082160,,,,,0,1
161,993781,76420082190,,,,,0,1
161,993781,80425052701,,,,,0,1
161,993781,80425052702,,,,,0,1
161,993781,80425052703,,,,,0,1
161,993781,80425052901,,,,,0,1
161,993781,80425052902,,,,,0,1
161,993781,80425052903,,,,,0,1
161,993781,82804018130,,,,,0,1
161,993890,00406048501,,,,,0,1
161,993890,00406048505,,,,,0,1
161,993890,13107006001,,,,,0,1
161,993890,13107006005,,,,,0,1
161,993890,13107006030,,,,,0,1
161,993890,13107006099,,,,,0,1
161,993890,33358000260,,,,,0,1
161,993890,45865046630,,,,,0,1
161,993890,45865046649,,,,,0,1
161,993890,45865046651,,,,,0,1
161,993890,45865046660,,,,,0,1
161,993890,45865046690,,,,,0,1
161,993890,49999002601,,,,,0,1
161,993890,49999002630,,,,,0,1
161,993890,49999002640,,,,,0,1
161,993890,49999002660,,,,,0,1
161,993890,49999002690,,,,,0,1
161,993890,50090301100,,,,,0,1
161,993890,50090301101,,,,,0,1
161,993890,50090301102,,,,,0,1
161,993890,50090301103,,,,,0,1
161,993890,50090301104,,,,,0,1
161,993890,50090301105,,,,,0,1
161,993890,50090301106,,,,,0,1
161,993890,50090301107,,,,,0,1
161,993890,50090301108,,,,,0,1
161,993890,50090520401,,,,,0,1
161,993890,52959044600,,,,,0,1
161,993890,52959044602,,,,,0,1
161,993890,52959044620,,,,,0,1
161,993890,52959044624,,,,,0,1
161,993890,52959044630,,,,,0,1
161,993890,52959044650,,,,,0,1
161,993890,52959044660,,,,,0,1
161,993890,52959044690,,,,,0,1
161,993890,58118048508,,,,,0,1
161,993890,60687061501,,,,,0,1
161,993890,60687061511,,,,,0,1
161,993890,61919027390,,,,,0,1
161,993890,61919047260,,,,,0,1
161,993890,61919047290,,,,,0,1
161,993890,61919090560,,,,,0,1
161,993890,61919090590,,,,,0,1
161,993890,63304056101,,,,,0,1
161,993890,63304056105,,,,,0,1
161,993890,63629118901,,,,,0,1
161,993890,63629119001,,,,,0,1
161,993890,63629303100,,,,,0,1
161,993890,63629303101,,,,,0,1
161,993890,63629303102,,,,,0,1
161,993890,63629303103,,,,,0,1
161,993890,63629303104,,,,,0,1
161,993890,63629303105,,,,,0,1
161,993890,63629303106,,,,,0,1
161,993890,63629303107,,,,,0,1
161,993890,63629303108,,,,,0,1
161,993890,63629303109,,,,,0,1
161,993890,64380044701,,,,,0,1
161,993890,64380044702,,,,,0,1
161,993890,64850064301,,,,,0,1
161,993890,64850064305,,,,,0,1
161,993890,64850064312,,,,,0,1
161,993890,66267000220,,,,,0,1
161,993890,66267000230,,,,,0,1
161,993890,66267000240,,,,,0,1
161,993890,66267000260,,,,,0,1
161,993890,66267000284,,,,,0,1
161,993890,66267000290,,,,,0,1
161,993890,66267100500,,,,,0,1
161,993890,67544000353,,,,,0,1
161,993890,67544000360,,,,,0,1
161,993890,67544000370,,,,,0,1
161,993890,67544000380,,,,,0,1
161,993890,67544000390,,,,,0,1
161,993890,67544047453,,,,,0,1
161,993890,67544047460,,,,,0,1
161,993890,67544047470,,,,,0,1
161,993890,67544047480,,,,,0,1
161,993890,67544047490,,,,,0,1
161,993890,68071268106,,,,,0,1
161,993890,68071474906,,,,,0,1
161,993890,68788780201,,,,,0,1
161,993890,68788780202,,,,,0,1
161,993890,68788780203,,,,,0,1
161,993890,68788780206,,,,,0,1
161,993890,68788785901,,,,,0,1
161,993890,68788785902,,,,,0,1
161,993890,68788785903,,,,,0,1
161,993890,68788785906,,,,,0,1
161,993890,68788888101,,,,,0,1
161,993890,68788888103,,,,,0,1
161,993890,68788888106,,,,,0,1
161,993890,68788888201,,,,,0,1
161,993890,68788888203,,,,,0,1
161,993890,68788888206,,,,,0,1
161,993890,70518276400,,,,,0,1
161,993890,70518276401,,,,,0,1
161,993890,70518305100,,,,,0,1
161,993890,70518357500,,,,,0,1
161,993890,70518357501,,,,,0,1
161,993890,71335033600,,,,,0,1
161,993890,71335033601,,,,,0,1
161,993890,71335033602,,,,,0,1
161,993890,71335033603,,,,,0,1
161,993890,71335033604,,,,,0,1
161,993890,71335033605,,,,,0,1
161,993890,71335033606,,,,,0,1
161,993890,71335033607,,,,,0,1
161,993890,71335033608,,,,,0,1
161,993890,71335033609,,,,,0,1
161,993890,71335070103,,,,,0,1
161,993890,71335184600,,,,,0,1
161,993890,71335184601,,,,,0,1
161,993890,71335184602,,,,,0,1
161,993890,71335184603,,,,,0,1
161,993890,71335184604,,,,,0,1
161,993890,71335184605,,,,,0,1
161,993890,71335184606,,,,,0,1
161,993890,71335184607,,,,,0,1
161,993890,71335184608,,,,,0,1
161,993890,71335184609,,,,,0,1
161,993890,71930005612,,,,,0,1
161,993890,71930005652,,,,,0,1
161,993890,72162200201,,,,,0,1
161,993890,72162200205,,,,,0,1
161,993890,72189037660,,,,,0,1
161,993890,80425052801,,,,,0,1
161,993890,80425052802,,,,,0,1
161,993890,80425052803,,,,,0,1
161,993890,80425053001,,,,,0,1
161,993890,80425053002,,,,,0,1
161,993890,80425053003,,,,,0,1
161,993943,00054300001,,,,,0,1
161,993943,00591322001,,,,,0,1
161,993943,00603255321,,,,,0,1
161,993943,51991007301,,,,,0,1
161,993943,52959091260,,,,,0,1
161,993943,55887076940,,,,,0,1
161,993943,55887076960,,,,,0,1
161,993943,63629315201,,,,,0,1
161,993943,63629315202,,,,,0,1
161,993943,63629315203,,,,,0,1
161,993943,63629315204,,,,,0,1
161,993943,71335019401,,,,,0,1
161,993943,71335019402,,,,,0,1
161,993943,71335019403,,,,,0,1
161,993943,71335019404,,,,,0,1
161,993943,71335019405,,,,,0,1
161,993943,71335019406,,,,,0,1
161,993943,71335019407,,,,,0,1
161,993943,71335065301,,,,,0,1
161,993943,71335065302,,,,,0,1
161,993943,71335065303,,,,,0,1
161,993943,71335065304,,,,,0,1
161,993943,71335065305,,,,,0,1
161,993943,71335065306,,,,,0,1
161,993943,71335065307,,,,,0,1
161,993943,72162159102,,,,,0,1
161,993943,79739667001,,,,,0,1
161,993943,79739667005,,,,,0,1
1991302,1991311,00169413211,,,,,0,1
1991302,1991311,00169413212,,,,,0,1
1991302,1991311,00169413290,,,,,0,1
1991302,1991311,00169413297,,,,,0,1
1991302,1991317,00169413611,,,,,0,1
1991302,2200650,00169431401,,,,,0,1
1991302,2200650,00169431413,,,,,0,1
1991302,2200650,00169431430,,,,,0,1
1991302,2200654,00169430301,,,,,0,1
1991302,2200654,00169430313,,,,,0,1
1991302,2200654,00169430330,,,,,0,1
1991302,2200654,00169430390,,,,,0,1
1991302,2200654,00169430393,,,,,0,1
1991302,2200654,00169430399,,,,,0,1
1991302,2200658,00169430701,,,,,0,1
1991302,2200658,00169430713,,,,,0,1
1991302,2200658,00169430730,,,,,0,1
1991302,2398842,00169413001,,,,,0,1
1991302,2398842,00169413013,,,,,0,1
1991302,2398842,50090594900,,,,,0,1
1991302,2553506,00169452501,,,,,0,1
1991302,2553506,00169452514,,,,,0,1
1991302,2553506,00169452590,,,,,0,1
1991302,2553506,00169452594,,,,,0,1
1991302,2553506,50090582400,,,,,0,1
1991302,2553603,00169450501,,,,,0,1
1991302,2553603,00169450514,,,,,0,1
1991302,2553803,00169450101,,,,,0,1
1991302,2553803,00169450114,,,,,0,1
1991302,2553903,00169451701,,,,,0,1
1991302,2553903,00169451714,,,,,0,1
1991302,2554104,00169452401,,,,,0,1
1991302,2554104,00169452414,,,,,0,1
1991302,2599365,00169477211,,,,,0,1
1991302,2599365,00169477212,,,,,0,1
1991302,2599365,00169477290,,,,,0,1
1991302,2599365,00169477297,,,,,0,1
1991302,2599365,50090605100,,,,,0,1
1991302,2619154,00169418103,,,,,0,1
1991302,2619154,00169418113,,,,,0,1
1991302,2619154,00169418190,,,,,0,1
1991302,2619154,00169418197,,,,,0,1
1991302,2707549,00169481530,,,,,0,1
1991302,2707549,00169481590,,,,,0,1
1991302,2707553,00169480430,,,,,0,1
1991302,2707557,00169480930,,,,,0,1
