ApplNo,ProductNo,TECode
215328,001,AB
205613,001,AB
215832,001,AB
078337,001,AB
208204,001,AB
210639,001,AB
210778,001,AT
090785,001,AT
210004,001,AT
215838,001,AB1
210809,001,AB1
211450,001,AB2
077763,001,AB1
201402,001,AB2
208563,001,AB2
208779,001,AB1
215266,001,AB
091550,001,AB
213601,001,AB
210566,001,AB
212447,001,AB2
209959,001,AB1
209954,001,AB2
203760,001,AB2
207085,001,AB1
211699,001,AB
211699,002,AB
021457,001,AB2
020503,001,AB1
021929,001,AB
021929,002,AB
020983,001,BX
086457,001,BX
086195,001,BX
021427,001,AB
021427,002,AB
021427,004,AB
019680,001,AB
213181,001,AB
218793,001,AB
078979,001,AB
078919,001,AB
090776,001,AB
090776,002,AB
090776,003,AB
208706,001,AB
208706,002,AB
208706,004,AB
208706,003,AB
202949,001,AB
202949,002,AB
202949,003,AB
203197,001,AB
203197,002,AB
203197,003,AB
090778,001,AB
090778,002,AB
090778,003,AB
203088,001,AB
203088,002,AB
203088,004,AB
203088,003,AB
211310,001,AB
211310,002,AB
211310,003,AB
204343,001,AB
204343,002,AB
204343,003,AB
202336,001,AB
202336,002,AB
202336,003,AB
090694,001,AB
090694,002,AB
090694,003,AB
090694,004,AB
204815,001,AB
204815,002,AB
204815,003,AB
206653,001,AB
206653,002,AB
206653,003,AB
210599,001,AB
210599,002,AB
210599,003,AB
212328,001,AB
212328,002,AB
212328,003,AB
090739,001,AB
090739,002,AB
090739,004,AB
090739,003,AB
090728,001,AB
090728,002,AB
090728,003,AB
050536,001,AB
062746,001,AB
208333,001,AB
208333,002,AB
205606,001,AB
205606,002,AB
213158,001,AB
213158,002,AB
212949,001,AB
212949,002,AB
078279,001,AB
078279,002,AB
090841,001,AB
090841,002,AB
217427,001,AB
217427,002,AB
213486,001,AB
213486,002,AB
213859,001,AB
213859,002,AB
211977,001,AB
211977,002,AB
210559,001,AB
210559,002,AB
205563,001,AB
205563,002,AB
078936,001,AB
078936,002,AB
214920,001,AB
214920,002,AB
209735,001,AB
209735,002,AB
217022,001,AB
217022,002,AB
206296,001,AB
206296,002,AB
207394,001,AB
207394,002,AB
207156,001,AB
207156,002,AB
091269,001,AB
091269,002,AB
203083,001,AB
203083,002,AB
205868,001,AB
205868,002,AB
090763,001,AB
090763,002,AB
201921,001,AB
201921,002,AB
077255,001,AB
077255,002,AB
202176,001,AB
202176,002,AB
203203,001,AB
203203,002,AB
202366,001,AB
202366,002,AB
021153,001,AB
021153,002,AB
075347,001,AB
075347,002,AB
075347,003,AB
076048,001,AB
076048,002,AB
076048,003,AB
203270,001,AB
203270,002,AB
203270,003,AB
203481,001,AB
203481,002,AB
203481,003,AB
075576,003,AB
078490,002,AB
075576,002,AB
078490,003,AB
075576,001,AB
078490,001,AB
091672,001,AB
091672,002,AB
091672,003,AB
204012,001,AB
204012,002,AB
075785,001,AB
075785,002,AB
075785,003,AB
075410,001,AB
075410,002,AB
075410,003,AB
075757,001,AB
075757,002,AB
076515,001,AB
204661,001,AB
212977,001,AB
212977,002,AB
212977,003,AB
091352,001,AB
091352,002,AB
091352,003,AB
020406,002,AB
206200,001,AB
090410,001,AB
206623,001,AB
207367,001,AB
206134,001,AB
022287,001,AB
022287,002,AB
205205,001,AB
205205,002,AB
202294,002,AB
202294,001,AB
202666,001,AB
202666,002,AB
210499,001,AB
210499,002,AB
210440,001,AB
210440,002,AB
210402,001,AB
210402,002,AB
210385,001,AB
210385,002,AB
210309,001,AB
210309,002,AB
210500,001,AB
210500,002,AB
210226,001,AB
210226,002,AB
210377,001,AB
210377,002,AB
210460,001,AB
210460,002,AB
210531,001,AB
210531,002,AB
210414,001,AB
210414,002,AB
210436,001,AB
210436,002,AB
210382,001,AB
210382,002,AB
021324,001,AB
200920,001,AB
200920,002,AB
208705,001,AB
208705,002,AB
212598,001,AB
212598,002,AB
200750,001,AB
200750,002,AB
200264,001,AB
200264,002,AB
213450,001,AB
213450,002,AB
211626,001,AB
211626,002,AB
212562,001,AB
212562,002,AB
204063,001,AB
204063,002,AB
207659,001,AB
210423,001,AB
205301,001,AB
040904,001,AB
090779,001,AB
207401,001,AB
204691,001,AB
203434,001,AB
021303,001,AB1
021303,006,AB1
021303,002,AB1
021303,004,AB1
021303,003,AB1
021303,005,AB1
021777,001,AB
021777,002,AB
022301,001,AB
205831,001,AB3
205831,002,AB3
205831,003,AB3
205831,004,AB3
205831,005,AB3
205831,006,AB3
205831,007,AB3
206392,001,AB
078804,001,AB
209048,001,AB
210318,001,AB
209929,001,AB
207944,001,AB
206739,001,AB
206753,001,AB
204096,001,AB
204096,002,AB
204096,003,AB
076697,001,AB
076697,002,AB
076697,003,AB
078986,001,AB
078986,002,AB
078986,003,AB
201106,001,AB
201106,002,AB
201106,003,AB
078592,001,AB
078592,002,AB
078592,003,AB
020712,003,AB
020712,001,AB
020712,002,AB
020062,001,AB3
020062,002,AB3
020062,003,AB3
020062,004,AB3
020062,005,AB3
074752,002,AB3
074752,001,AB3
074752,003,AB3
074752,004,AB3
204717,001,AB
204717,002,AB
204717,003,AB
204717,004,AB
090132,001,AB
090132,002,AB
090132,003,AB
090132,004,AB
022012,001,AB
022012,002,AB
022012,003,AB
022012,004,AB
207314,001,AB
207314,002,AB
214732,001,AB
214732,002,AB
091281,001,AB
091281,002,AB
021228,001,AB
021228,002,AB
017078,001,AB
017078,002,AB
017078,003,AB
210279,001,AB
210279,002,AB
210279,003,AB
210279,004,AB
210279,005,AB
210279,006,AB
210279,007,AB
210279,008,AB
215523,001,AB
215523,002,AB
215523,003,AB
215523,004,AB
215523,005,AB
215523,006,AB
215523,007,AB
215523,008,AB
213813,001,AB
213813,002,AB
213813,003,AB
213813,004,AB
213813,005,AB
213813,006,AB
213813,007,AB
213813,008,AB
079108,001,AB
079108,002,AB
079108,003,AB
079108,004,AB
203614,001,AB
079108,005,AB
203614,002,AB
078992,001,AB
078992,002,AB
078992,003,AB
078992,004,AB
078992,005,AB
078992,006,AB
202842,001,AB
202842,002,AB
202842,003,AB
202842,004,AB
202842,005,AB
202842,006,AB
202842,007,AB
202842,008,AB
078908,001,AB
078908,002,AB
078908,004,AB
078908,003,AB
202731,001,AB
202731,003,AB
202731,004,AB
202731,002,AB
077302,001,AB1
077302,002,AB1
077302,003,AB1
077302,004,AB1
077302,005,AB1
077302,006,AB1
205401,001,AB1
205401,002,AB1
205401,003,AB1
205401,004,AB1
205401,005,AB1
205401,006,AB1
214959,001,AB1
214959,002,AB1
214959,003,AB1
214959,004,AB1
214959,005,AB1
214959,006,AB1
212037,001,AB1
212037,002,AB1
212037,003,AB1
212037,004,AB1
212037,005,AB1
212037,006,AB1
217027,001,AB1
217027,002,AB1
217027,003,AB1
217027,004,AB1
217027,005,AB1
217027,006,AB1
076852,001,AB1
076852,002,AB1
076852,003,AB1
076852,004,AB1
076852,005,AB1
076852,006,AB1
214403,001,AB1
214403,002,AB1
214403,003,AB1
214403,004,AB1
214403,005,AB1
214403,006,AB1
214777,001,AB1
214777,002,AB1
214777,003,AB1
214777,004,AB1
214777,005,AB1
214777,006,AB1
210651,001,AB1
210651,002,AB1
210651,003,AB1
210651,004,AB1
210651,005,AB1
210651,006,AB1
211547,001,AB1
211547,002,AB1
211546,001,AB2
211547,003,AB1
211547,004,AB1
211546,002,AB2
211547,005,AB1
211547,006,AB1
211546,003,AB2
211546,004,AB2
215997,001,AB2
215997,002,AB2
215997,003,AB2
215997,004,AB2
210876,001,AB2
210876,002,AB2
210876,003,AB2
210876,004,AB2
203901,001,AB
203901,002,AB
203901,003,AB
076353,001,AB
076353,002,AB
076353,003,AB
205673,001,AB
205673,002,AB
205673,003,AB
206997,001,AB2
206997,002,AB2
206997,003,AB2
202463,001,AB3
216968,001,AB3
218587,001,AB2
216968,002,AB3
218587,002,AB2
216968,003,AB3
218587,003,AB2
216968,004,AB3
216968,005,AB3
074943,003,AB2
074943,002,AB2
074943,001,AB2
091022,001,AB4
091022,002,AB4
091022,003,AB4
091022,004,AB4
091022,005,AB4
091022,006,AB4
215775,001,AB1
215775,002,AB1
215775,003,AB1
212317,001,AB1
212317,002,AB1
212317,003,AB1
074910,001,AB1
074910,002,AB1
074910,003,AB1
218032,001,AB1
218032,002,AB1
208783,001,AB3
218032,003,AB1
208783,002,AB3
208783,003,AB3
208783,004,AB3
208783,005,AB3
074984,001,AB3
074984,002,AB3
074984,003,AB3
074984,004,AB3
203023,005,AB3
217377,001,AB1
217377,002,AB1
205231,001,AB3
217377,003,AB1
205231,002,AB3
205231,003,AB3
205231,004,AB3
205231,005,AB3
219073,001,AB1
219073,002,AB1
216304,001,AB2
219073,003,AB1
216304,002,AB2
216304,003,AB2
075116,001,AB3
075116,002,AB3
075116,003,AB3
075116,004,AB3
206534,001,AB3
206641,001,AB4
206534,002,AB3
206641,002,AB4
206534,003,AB3
206641,003,AB4
206534,004,AB3
206641,004,AB4
206534,005,AB3
206641,005,AB4
206641,006,AB4
020699,001,AB
020699,002,AB
020699,004,AB
091482,001,AB
091482,002,AB
219055,001,AB
219055,002,AB
217024,001,AB
217024,002,AB
212182,002,AB
212182,001,AB
091476,001,AB
091476,002,AB
021802,001,AB
021802,002,AB
021802,004,AB
021802,003,AB
021802,008,AB
021802,005,AB
021802,007,AB
021802,006,AB
204895,001,AB
204895,002,AB
204895,003,AB
078189,001,AB
078189,002,AB
078189,003,AB
090178,001,AB
090178,002,AB
090178,003,AB
079028,001,AB
079028,002,AB
079028,003,AB
018553,004,AB
018553,002,AB
018553,003,AB
018553,001,AB
091549,001,AB
079175,001,AB
200529,001,AB
203501,001,AB
201807,001,AB
204853,001,AB
202711,001,AB
021438,001,BX
021438,002,BX
203106,001,AB
203106,002,AB
210771,001,AB
210771,002,AB
210771,003,AB
210771,004,AB
205825,001,AB
205825,002,AB
205825,003,AB
205825,004,AB
214651,001,AB
214651,002,AB
214651,003,AB
214651,004,AB
206028,001,AB
206028,002,AB
206028,003,AB
206028,004,AB
206032,001,AB
206032,002,AB
206032,003,AB
206032,004,AB
213985,001,AB
213985,002,AB
213985,004,AB
213985,003,AB
211100,001,AB
211100,002,AB
211100,003,AB
211100,004,AB
203293,001,AB
203293,002,AB
203293,003,AB
203293,004,AB
208328,003,AB
208328,001,AB
208328,004,AB
208328,002,AB
208237,001,AB
208672,001,AB
208672,002,AB
216901,001,AB
216901,002,AB
216967,001,AB
214242,001,AB
217533,001,AB
214477,001,AB
207271,001,AB
218410,001,AB
214585,001,AB
208954,001,AB
021259,003,AB2
021259,001,AB2
021259,002,AB2
021259,004,AB2
021259,005,AB2
021259,006,AB2
208861,001,AB3
208861,002,AB3
208861,003,AB3
208861,004,AB3
208861,005,AB3
208861,006,AB3
208861,007,AB3
200886,001,AB1
078458,001,AB1
078458,002,AB1
078458,003,AB1
078458,004,AB1
211796,001,AB1
211796,002,AB1
211796,003,AB1
211796,004,AB1
211796,005,AB1
205105,001,AB2
205105,002,AB2
205105,003,AB2
205105,004,AB2
205105,005,AB2
205105,006,AB2
203583,001,AB2
203583,002,AB2
203583,003,AB2
203583,004,AB2
203583,005,AB2
203583,006,AB2
077707,001,AB2
077707,002,AB2
077707,003,AB2
022063,001,AB2
022063,002,AB2
022063,003,AB2
022063,004,AB2
206439,003,AB
206439,001,AB
206439,004,AB
206439,002,AB
020049,002,AB
204982,001,AB
204982,002,AB
204982,003,AB
204982,004,AB
208175,002,AB
208175,003,AB
208175,004,AB
208175,001,AB
077419,001,AB
077419,002,AB
208864,001,AB
208864,002,AB
202128,001,AB
214686,001,AB
214686,002,AB
203002,001,AB
203002,002,AB
204828,001,AB
204828,002,AB
200185,001,AB
200185,002,AB
209026,001,AB
209026,002,AB
205549,001,AB
205549,002,AB
208445,001,AB
208445,002,AB
213096,001,AB
213096,002,AB
213096,003,AB
205268,001,AB
205268,002,AB
205268,003,AB
205956,001,AB
205956,002,AB
205956,003,AB
210339,001,AB
210339,002,AB
210339,003,AB
078540,001,AB
078540,002,AB
078540,003,AB
212744,001,AB
212744,002,AB
212744,003,AB
202688,001,AB
202688,002,AB
202688,003,AB
214184,001,AB
214184,002,AB
214184,003,AB
078494,001,AB
078494,002,AB
078494,003,AB
078494,004,AB
078703,001,AB
078703,002,AB
078703,003,AB
078703,004,AB
212026,001,AB
212026,002,AB
212026,003,AB
212026,004,AB
078065,001,AB
078065,002,AB
078065,003,AB
078065,004,AB
090321,001,AB
090321,002,AB
090321,003,AB
090321,004,AB
022580,001,AB
022580,002,AB
022580,003,AB
022580,004,AB
205122,001,AB2
205122,002,AB2
205122,003,AB2
205122,004,AB2
205122,005,AB2
021284,004,AB1
021284,001,AB1
021284,002,AB1
021284,003,AB1
215012,001,AB
215012,002,AB
215012,003,AB
020401,001,AB4
020401,002,AB4
020401,003,AB4
020401,004,AB4
020401,005,AB4
020401,006,AB4
213397,001,AB
213397,002,AB
206419,001,AB
206419,002,AB
204562,001,AB
204562,002,AB
079141,001,AB
079141,002,AB
203016,001,AB
203016,002,AB
216917,001,AB
216917,002,AB
213858,001,AB
213858,002,AB
206210,001,AB1
206210,002,AB1
206210,003,AB1
206210,004,AB1
217248,001,AB1
217248,002,AB1
217248,003,AB1
217248,004,AB1
218695,001,AB2
218695,002,AB2
218695,003,AB2
218695,004,AB2
218695,005,AB2
217231,001,AB1
217231,002,AB1
217231,003,AB1
217231,004,AB1
210278,001,AB2
210278,002,AB2
210278,003,AB2
210278,004,AB2
210278,005,AB2
215561,001,AB1
215561,002,AB1
215561,003,AB1
215561,004,AB1
205976,002,AB1
205976,003,AB1
205976,004,AB1
205976,001,AB1
215638,001,AB2
215638,002,AB2
215638,003,AB2
215638,004,AB2
215638,005,AB2
207382,001,AB1
208949,001,AB2
207382,002,AB1
208949,002,AB2
207382,003,AB1
208949,003,AB2
208949,004,AB2
207382,004,AB1
208949,005,AB2
201635,001,AB1
201635,002,AB1
201635,003,AB1
201635,004,AB1
091289,001,AB
213185,001,AB
201291,001,AB
214760,001,AB
217767,001,AB
217767,002,AB
217767,003,AB
212277,001,AB
212277,002,AB
212277,003,AB
200834,001,AB
200834,002,AB
200834,003,AB
078421,001,AB
078421,002,AB
078421,003,AB
217390,001,AB
217390,002,AB
217390,003,AB
203332,001,AB
203332,002,AB
203332,003,AB
204889,001,AB
204889,002,AB
204889,003,AB
201272,001,AB
201272,002,AB
201272,003,AB
091123,001,AB
091123,002,AB
091123,003,AB
078865,001,AB
078865,002,AB
078865,003,AB
076565,001,AB
076565,002,AB
076565,003,AB
214654,001,AB
214654,002,AB
214654,003,AB
090174,001,AB
090174,002,AB
090174,003,AB
075138,001,AB
075138,002,AB
075138,003,AB
019614,001,AB
019614,003,AB
019614,002,AB
206006,001,AB
202588,001,AB
021951,001,AB2
021951,002,AB2
021951,005,AB2
021951,003,AB2
021951,006,AB2
021951,004,AB2
075047,001,AB
075047,002,AB
074007,001,AB
074007,002,AB
050278,003,AB
050278,001,AB
217774,001,AB
217774,002,AB
217774,003,AB
091455,001,AB
091455,002,AB
202552,001,AB
202552,002,AB
202552,003,AB
202552,004,AB
202148,001,AB
202148,002,AB
204633,001,AB
204633,002,AB
204633,003,AB
204633,004,AB
202897,001,AB
202897,002,AB
019594,002,AB
075090,001,AB
075677,001,AB
204313,001,AB
201445,001,AB
206261,001,AB
074889,001,AB
074578,001,AB
212173,001,AB
020333,001,AB
217753,001,AB
216843,001,AB
208295,001,AB
208966,001,AB
078720,001,AB
209171,001,AB
214580,001,AB
211354,001,AB
210129,001,AB
212044,001,AB
071293,001,AB
209047,001,AB
070589,001,AB
208278,001,AB
021908,002,AB
021908,001,AB
202239,001,AB
202239,002,AB
202239,003,AB
202239,004,AB
202239,005,AB
202239,006,AB
077183,001,AB
077183,002,AB
077183,003,AB
090149,001,AB
077183,004,AB
090149,002,AB
091431,001,AB
091431,002,AB
091431,003,AB
091431,004,AB
091431,005,AB
091431,006,AB
078466,001,AB
078466,002,AB
078466,003,AB
078466,005,AB
078466,004,AB
078466,006,AB
077890,001,AB
077890,002,AB
077890,003,AB
077890,004,AB
090364,001,AB
090364,002,AB
075945,001,AB1
075945,002,AB1
075945,004,AB1
075945,003,AB1
065271,001,AB
065271,002,AB
062058,001,AB
062058,002,AB
065291,001,AB
065291,002,AB
207471,001,AB
207471,002,AB
064076,001,AB
064076,002,AB
061926,001,AB
061926,003,AB
062216,001,AB
062216,004,AB
216554,002,AB
064082,002,AB
019906,001,AB
019906,002,AB
019906,003,AB
076910,001,AB
076910,002,AB
076468,001,AB
076468,002,AB
209151,001,AB
209151,002,AB
017001,001,AB
017001,002,AB
021695,001,AB
021695,003,AB
207777,001,AB
207777,002,AB
207777,003,AB
090999,001,AB
090999,002,AB
090999,003,AB
211835,001,AB
211835,002,AB
211835,003,AB
204806,001,AB
204806,002,AB
204806,003,AB
204806,004,AB
212278,001,AB
212278,002,AB
212278,003,AB
212579,001,AB
212579,002,AB
212579,003,AB
091673,001,AB
091673,002,AB
091673,003,AB
091673,004,AB
078983,001,AB
078983,002,AB
078983,003,AB
078983,004,AB
078983,005,AB
078983,006,AB
078983,007,AB
079016,001,AB
079016,002,AB
079016,003,AB
079016,004,AB
079016,005,AB
079016,006,AB
079016,007,AB
090609,001,AB
090609,002,AB
090609,003,AB
090609,004,AB
090609,005,AB
090609,006,AB
090609,007,AB
079019,001,AB
079019,002,AB
079019,003,AB
079019,004,AB
079019,005,AB
079019,006,AB
079019,007,AB
202682,001,AB
202682,002,AB
202682,003,AB
202682,004,AB
202682,005,AB
202682,006,AB
202682,007,AB
079021,001,AB
079021,002,AB
079021,003,AB
079021,004,AB
079021,005,AB
079021,006,AB
079021,007,AB
079022,001,AB
079022,002,AB
079022,003,AB
079022,004,AB
079022,005,AB
079022,006,AB
079022,007,AB
079017,007,AB
079017,001,AB
079017,002,AB
079017,003,AB
079017,004,AB
079017,005,AB
079017,006,AB
021319,001,AB
077883,001,AB
219422,001,AB
077806,001,AB
217592,001,AB
211518,001,AA
211518,003,AA
081297,001,AA
081297,002,AA
202765,002,AA
202765,001,AA
040682,001,AA
040682,002,AA
091133,001,AA
091133,002,AA
206948,001,AA
206948,002,AA
040627,001,AA
040627,002,AA
040597,001,AA
040597,002,AA
210105,001,AB
209861,001,AB
208628,001,AB
203174,001,AB
203663,001,AB
209931,001,AB
209886,001,AB
217511,001,AB
205770,001,AB
204516,001,AB
077226,001,AB
078899,001,AB
207313,001,AA
213115,001,AA
204733,001,AA
210817,001,AA
089007,001,AA
213321,001,AA
212082,001,AA
212083,001,AA
040885,001,AA
215047,001,AA
207118,001,AA
214288,001,AA
216376,001,AA
214087,001,AA
214087,002,AA
213046,001,AA
215138,002,AB
215138,001,AB
076560,002,AB
076560,001,AB
204649,001,AB
078149,001,AA
075231,001,AB
074951,001,AB
203289,002,AB
203289,001,AB
091174,001,AB
091174,002,AB
076917,001,AB
091356,001,AB
091356,002,AB
075765,001,AB
075765,002,AB
091312,001,AB
202315,001,AB
077728,001,AB
203135,001,AB
202127,001,AB
203179,001,AB
217205,001,AB
211038,001,AB
065352,001,AB
065392,001,AB
065282,001,AB
210220,001,AB
065418,001,AB
065434,001,AB
065330,001,AB
065264,001,AB
065368,001,AB
210574,001,AB
020998,004,AB
020998,001,AB
020998,002,AB
020998,003,AB
204519,001,AB
204519,002,AB
204519,003,AB
204519,004,AB
204197,001,AB
204197,002,AB
204197,003,AB
206827,001,AB
206827,002,AB
206827,003,AB
206827,004,AB
208701,001,AB
208701,002,AB
208701,003,AB
208701,004,AB
207446,001,AB
207446,002,AB
207446,003,AB
207446,004,AB
210071,001,AB
210071,002,AB
210071,003,AB
202240,001,AB
202240,002,AB
202240,003,AB
202240,004,AB
204590,001,AB
204590,002,AB
204590,003,AB
204590,004,AB
204776,001,AB
204776,002,AB
204776,003,AB
204776,004,AB
213598,001,AB
208856,001,AB
208856,002,AB
208856,003,AB
208856,004,AB
205129,001,AB
205129,002,AB
205129,003,AB
205129,004,AB
076898,001,AB
076898,002,AB
076898,003,AB
076898,004,AB
207872,001,AB
207872,002,AB
207872,003,AB
207872,004,AB
207677,001,AB
207677,002,AB
207677,003,AB
207677,004,AB
210628,001,AB
210628,002,AB
210628,003,AB
210628,004,AB
200562,001,AB
200562,002,AB
200562,003,AB
200562,004,AB
211412,001,AB
211412,002,AB
211412,003,AB
211412,004,AB
205938,001,AB
205938,002,AB
205938,003,AB
205938,004,AB
050722,001,AB
010596,008,AB
062713,001,AB
062713,002,AB
090836,001,AB
090836,002,AB
090836,004,AB
065248,001,AB
065248,002,AB
065253,001,AB
065253,002,AB
065253,003,AB
065152,001,AB
065152,002,AB
065229,001,AB
065229,002,AB
062702,001,AB
062702,002,AB
205494,001,AB
215056,001,AB
218290,001,AB
091591,001,AB
206808,001,AB
204746,001,AB
203775,001,AB
216682,001,AB
084768,001,AB
083116,001,AB
084769,001,AB
084678,001,AB
084041,001,AB
084679,002,AB
216969,001,AB
214065,001,AB
215555,001,AB
216419,001,AB
213530,001,AB
215453,001,AB
214698,001,AB
215835,001,AB
210579,001,AB
211421,001,AB
212344,001,AB
076356,001,AB1
076135,002,AB1
076135,003,AB1
076135,001,AB1
050162,001,AB
050162,002,AB
050162,003,AB
065442,001,AB
065442,002,AB
065243,002,AB
065194,001,AB
065194,002,AB
216957,001,AB
216957,002,AB
216957,003,AB
207402,001,AB
207402,002,AB
207402,003,AB
065061,001,AB
065061,002,AB
065217,001,AB
065217,002,AB
065217,003,AB
211822,001,AB
211822,002,AB
211822,003,AB
216440,001,AB
216440,002,AB
216440,003,AB
074364,001,AB
074364,002,AB
074364,003,AB
212218,001,AB
212218,002,AB
212218,003,AB
211364,001,AB
211364,002,AB
211364,003,AB
209294,001,AB
209294,002,AB
209294,003,AB
211767,001,AB
211767,002,AB
211767,003,AB
213219,001,AB
213219,002,AB
213219,003,AB
074953,001,AB
074953,002,AB
074953,003,AB
074694,001,AB
074694,002,AB
074694,003,AB
210653,001,AB
210653,002,AB
210653,003,AB
212285,001,AB
212285,002,AB
212285,003,AB
208961,001,AB
208961,002,AB
208961,003,AB
020610,001,AB
217620,001,AB
215463,001,AB
210757,001,AB
208678,001,AB
019853,001,AB
215892,001,AB
215892,002,AB
211608,001,AB
211608,002,AB
203856,001,AB
203856,002,AB
209872,001,AB
209872,002,AB
218282,001,AB
218282,002,AB
211552,001,AB
211552,002,AB
065040,001,AB2
210721,001,AB1
210721,002,AB1
065040,002,AB2
210721,003,AB1
065044,002,AB1
065044,001,AB1
065110,003,AB1
065110,001,AB1
065110,002,AB1
216046,001,AB1
216046,002,AB1
216046,003,AB1
065017,002,AB1
065017,001,AB1
215233,001,AB
215233,003,AB
215233,002,AB
208040,001,AB
208040,003,AB
208040,002,AB
208070,001,AB
208070,002,AB
208070,003,AB
208039,001,AB
208039,002,AB
208039,003,AB
208048,001,AB
208048,002,AB
208048,003,AB
207961,001,AB
207961,003,AB
207961,002,AB
213879,001,AB
213879,003,AB
213879,002,AB
208067,001,AB
208067,002,AB
074582,003,AB
074582,002,AB
074582,001,AB
077246,002,AB
077246,003,AB
077246,001,AB
017443,001,AB
017443,003,AB
017443,002,AB
076686,001,AB
076686,002,AB
076686,003,AB
076856,001,AB
076856,002,AB
076856,003,AB
017871,001,AB
202934,001,AB
218426,001,AB
008708,001,AB
213875,001,AB
204648,001,AB
210078,001,AB
216845,001,AB
216845,002,AB
062286,001,AB
062286,002,AB
218018,001,AB
040319,001,AB
216639,001,AB
084285,001,AB
217531,001,AB
219242,001,AB
217054,001,AB
085082,001,AB
040204,001,AB
084349,002,AB
070173,001,AB
070173,002,AB
070101,001,AB
070102,001,AB
210740,001,AB
210740,002,AB
210740,003,AB
213338,001,AB
213338,002,AB
213338,003,AB
208625,001,AB
208625,002,AB
208625,003,AB
207058,001,AB
207058,002,AB
207058,003,AB
212750,001,AB
212750,002,AB
212750,003,AB
213220,001,AB
213220,002,AB
213220,003,AB
207746,001,AB
207746,002,AB
207746,003,AB
208519,001,AB
208519,002,AB
208519,003,AB
210466,001,AB
210466,002,AB
210466,003,AB
213474,001,AB
213474,002,AB
213474,003,AB
213474,004,AB
213474,005,AB
212624,001,AB
212624,002,AB
212624,003,AB
212624,004,AB
212624,005,AB
215076,001,AB
215076,002,AB
215076,003,AB
215076,004,AB
215076,005,AB
207482,001,AB
207482,002,AB
207482,003,AB
207482,004,AB
207482,005,AB
214908,001,AB
214908,002,AB
214908,003,AB
214908,004,AB
214908,005,AB
211603,001,AB
211603,002,AB
211603,003,AB
211603,004,AB
211603,005,AB
210268,001,AB
210268,002,AB
210268,003,AB
210268,004,AB
210268,005,AB
210675,001,AB
210675,002,AB
210675,004,AB
210675,005,AB
210675,003,AB
215483,001,AB
215483,002,AB
215483,003,AB
215483,004,AB
215483,005,AB
211619,001,AB
211619,002,AB
211619,003,AB
211619,004,AB
211619,005,AB
215710,001,AB
215710,002,AB
215710,003,AB
215710,004,AB
215710,005,AB
217688,001,AB
217688,002,AB
217688,003,AB
217688,004,AB
217688,005,AB
215113,001,AB
215113,002,AB
215113,003,AB
215113,004,AB
215113,005,AB
070791,002,AB
070791,003,AB
070791,001,AB
070791,004,AB
070791,005,AB
071422,006,AB
217975,001,AB
217975,002,AB
217975,003,AB
217975,004,AB
217975,005,AB
213063,001,AB
213063,002,AB
213063,003,AB
213063,004,AB
213063,005,AB
211618,001,AB
210700,001,BX
210700,002,BX
210700,003,BX
210700,004,BX
210700,005,BX
210140,001,BX
205360,001,AB
205360,002,AB
205360,003,AB
201518,001,AB
201518,002,AB
201518,003,AB
217674,001,AB
209165,001,AB
209165,002,AB
217170,001,AB
218034,001,AB
209396,001,AB
209396,002,AB
209396,003,AB
216631,001,AB
204234,001,AB
204234,002,AB
204234,003,AB
210381,001,AB
217098,001,AB
065055,001,AB
065055,002,AB
065055,003,AB
065053,001,AB
065053,003,AB
065053,002,AB
205115,001,AB
205115,002,AB
205115,003,AB
062031,002,AB
062031,001,AB
210527,001,AB
210527,002,AB
207289,001,AB
209402,001,AB
062500,001,AB
062500,002,AB
062396,002,AB
062396,001,AB
062337,001,AB
062337,002,AB
062676,002,AB
062676,001,AB
207774,001,AB
207774,002,AB
003444,001,AA
207421,001,AB
207421,002,AB
207421,003,AB
215265,001,AB
215265,002,AB
215265,003,AB
213911,001,AB
213911,002,AB
213911,003,AB
211726,002,AB
211726,003,AB
211726,001,AB
214387,001,AB
214387,002,AB
214387,003,AB
213033,001,AB
213033,002,AB
213033,003,AB
214391,001,AB
214391,002,AB
214391,003,AB
211652,001,AB
211652,002,AB
211652,003,AB
211741,001,AB
211741,002,AB
211741,003,AB
214017,001,AB
214017,002,AB
214017,003,AB
214543,001,AB
214543,002,AB
214543,003,AB
214384,001,AB
214384,002,AB
214384,003,AB
211818,001,AB
211818,002,AB
211818,003,AB
206373,001,AB
204376,001,AB
203118,001,AB
206574,001,AB
202660,001,AB
090095,001,AB
200899,001,AB
209909,001,AB
204262,001,AB
204373,001,AB
213300,001,AB
202509,001,AB
207769,001,AB
013174,001,AB
013174,002,AB
212463,001,AB
212369,001,AB
212420,001,AB
021549,001,AB
021549,002,AB
079188,001,AB
091168,001,AB
021500,001,AB
040833,001,AA
090455,001,AA
204276,001,AA
022535,001,AB
040430,001,AB
040686,001,AB
200892,001,AB
211928,001,AB
210654,001,AB
075126,001,AB
075126,002,AB
075419,001,AB
075419,002,AB
205448,001,AB
205448,002,AB
075078,001,AB
075078,002,AB
020989,002,AB
040765,001,AB
040684,001,AB
018147,002,AB
018147,003,AB
201748,001,AB
201748,002,AB
210705,001,AB
210705,002,AB
210705,003,AB
213842,001,AB
213842,002,AB
213842,003,AB
209504,001,AB
209504,002,AB
209504,003,AB
202252,001,AB
202252,002,AB
212232,001,AB
212232,002,AB
212232,003,AB
211407,001,AB
211407,002,AB
211407,003,AB
090859,001,AB
090859,002,AB
205566,001,AB
205566,002,AB
205566,003,AB
207805,001,AB
207805,002,AB
207805,003,AB
075753,001,AB
075753,002,AB
075753,003,AB
210782,001,AB
210782,002,AB
210782,003,AB
207991,001,AB
208004,001,AB
207993,001,AB
207983,001,AB
207979,001,AB
210252,001,AB
208000,001,AB
207945,001,AB
207985,001,AB
207939,001,AB
207933,001,AB
208005,001,AB
208003,001,AB
208008,001,AB
207994,001,AB
020232,001,AB
020334,001,AB
213665,001,AB
213665,002,AB
218005,001,AB
218005,002,AB
204652,001,AB
204652,002,AB
201566,001,AB
201566,002,AB
212632,001,AB
212632,002,AB
090223,001,AB1
090223,002,AB1
090223,003,AB
075049,001,AB1
075049,002,AB1
075049,003,AB
078619,001,AB1
078619,002,AB1
078619,003,AB
206993,001,AB1
206993,002,AB1
206993,003,AB
201336,001,AB1
201336,002,AB1
201336,003,AB
075245,002,AB1
075245,001,AB1
075245,003,AB
075464,001,AB1
075464,002,AB1
075465,001,AB1
075465,002,AB1
075465,003,AB
216232,001,AB1
216232,002,AB1
216232,003,AB
204597,001,AB1
204597,002,AB1
204597,003,AB
076922,001,AB1
076922,002,AB1
076922,003,AB
075452,001,AB1
075452,002,AB1
075452,003,AB
076001,001,AB1
076001,002,AB1
072368,001,AB
072369,001,AB
070345,002,AB
070345,001,AB
090595,001,AB
090595,002,AB
078407,001,AB
078407,002,AB
075350,001,AB
075350,002,AB
075350,003,AB
090858,001,AB
090858,002,AB
090858,003,AB
078428,001,AB
078428,002,AB
078428,003,AB
214956,001,AB
214956,002,AB
214956,003,AB
078787,001,AB
078787,002,AB
078787,003,AB
075477,001,AB
075477,002,AB
075477,003,AB
075360,001,AB
075360,002,AB
075360,003,AB
090705,001,AB
090705,002,AB
090705,003,AB
217546,001,AB
217546,002,AB
217546,003,AB
090007,001,AB
090007,002,AB
090007,003,AB
207099,001,AB
207099,002,AB
207099,003,AB
204989,001,AB
204989,002,AB
204989,003,AB
206943,001,AB
211314,001,AB
206943,002,AB
211314,002,AB
206943,003,AB
211314,003,AB
077261,001,AB
077261,002,AB
077261,003,AB
213603,001,AB
213603,002,AB
213603,003,AB
213317,001,AB
065003,001,AB1
065003,003,AB1
020825,001,AB
020825,002,AB
020825,003,AB
020825,004,AB
022527,001,AB
020862,002,AB
020862,003,AB
020862,001,AB
205677,001,AB
016295,001,AB
078164,001,AB
078391,001,AB
075907,001,AB
203561,001,AB
090510,001,AB
075143,001,AB
213438,001,AB
075340,001,AB
218021,001,AB
088496,001,AB
088487,001,AB
201507,001,AB
201507,002,AB
040156,001,AB
040156,002,AB
087479,001,AB
086183,001,AB
209437,001,AB
216811,002,AB
216811,001,AB
209499,001,AB
209499,002,AB
209457,001,AB
209457,002,AB
217919,002,AB
217919,001,AB
217844,002,AB
217844,001,AB
218899,001,AB
218994,001,AB
209525,002,AB
209525,001,AB
219156,001,AB
217656,002,AB
217656,001,AB
091099,001,AB
091099,002,AB
091099,003,AB
091099,004,AB
090444,001,AB
090444,002,AB
090444,003,AB
090444,004,AB
018829,002,AB
070651,001,AB
018829,001,AB
091276,001,AB
091276,002,AB
091240,001,AB
091240,002,AB
070673,001,AB
070674,001,AB
090403,001,AB
090403,002,AB
209241,001,AB
209241,002,AB
205063,001,AB2
205063,002,AB2
205063,003,AB2
205063,004,AB2
205063,005,AB2
205063,006,AB2
207792,001,AB1
207792,002,AB1
207792,003,AB1
207792,004,AB1
218194,001,AB2
218194,002,AB2
218194,003,AB2
218194,004,AB2
218194,005,AB2
218194,006,AB2
212333,001,AB2
212333,002,AB2
212333,003,AB2
213571,001,AB2
211568,001,AB1
216633,001,AB2
211568,002,AB1
216633,002,AB2
216633,003,AB2
211568,003,AB1
216633,004,AB2
216633,005,AB2
211568,004,AB1
216633,006,AB2
077169,001,AB
077169,002,AB
077317,001,AB
077317,002,AB
206741,001,AB
208591,001,AB
205080,001,AB
205724,001,AB
076104,001,AB
209460,001,AB
204672,001,AB
022460,001,AB
074014,002,AB
073516,001,AB
086996,002,AA
211022,005,AB
211022,001,AB
211022,002,AB
211022,003,AB
211022,006,AB
211022,004,AB
201452,005,AB
201452,001,AB
201452,002,AB
201452,003,AB
201452,006,AB
201452,004,AB
215759,001,AB
215759,002,AB
215759,003,AB
215759,004,AB
215759,005,AB
215759,006,AB
214618,001,AB
210435,001,AB
210435,002,AB
210435,003,AB
210435,005,AB
210435,004,AB
217554,001,AB
217554,002,AB
217554,003,AB
217554,004,AB
217554,005,AB
217554,006,AB
209348,001,AB
209348,003,AB
209348,004,AB
209348,005,AB
209348,002,AB
209348,006,AB
213885,001,AB
213885,002,AB
213885,003,AB
213885,004,AB
213885,005,AB
213885,006,AB
212414,001,AB
212414,002,AB
212414,003,AB
212414,004,AB
212414,005,AB
212414,006,AB
210480,005,AB
210480,001,AB
210480,002,AB
210480,003,AB
210480,006,AB
210480,004,AB
213912,005,AB
213912,001,AB
213912,002,AB
213912,003,AB
213912,006,AB
213912,004,AB
217281,001,AB
217281,002,AB
217281,003,AB
217281,004,AB
217281,005,AB
217281,006,AB
211846,005,AB
211846,001,AB
211846,002,AB
211846,003,AB
211846,006,AB
211846,004,AB
210154,005,AB
210154,001,AB
210154,002,AB
210154,003,AB
210154,006,AB
210154,004,AB
012750,001,AB
085475,001,AB
085461,001,AB
085472,001,AB
202802,001,AB
202802,002,AB
202802,003,AB
202802,004,AB
202802,005,AB
202802,006,AB
202802,007,AB
217194,001,AB
217194,002,AB
217194,003,AB
217194,004,AB
217194,005,AB
217194,006,AB
217194,007,AB
202830,001,AB
202830,002,AB
202830,003,AB
202830,004,AB
202830,005,AB
202830,006,AB
216944,001,AB
216944,002,AB
216944,003,AB
216944,004,AB
216944,005,AB
216944,006,AB
216944,007,AB
217442,001,AB
217442,002,AB
217442,003,AB
217442,004,AB
217442,005,AB
217442,006,AB
217442,007,AB
218604,001,AB
218604,002,AB
218604,003,AB
218604,004,AB
218604,005,AB
218604,006,AB
218604,007,AB
218987,001,AB
218987,002,AB
218987,003,AB
218987,004,AB
218987,005,AB
218987,006,AB
218987,007,AB
202827,007,AB
202827,001,AB
202827,002,AB
202827,003,AB
202827,004,AB
202827,005,AB
202827,006,AB
215802,001,AB
215802,002,AB
215802,003,AB
215802,004,AB
215802,005,AB
215802,006,AB
215802,007,AB
202835,001,AB
202835,002,AB
202835,003,AB
202835,004,AB
202835,005,AB
202835,006,AB
202835,007,AB
214547,001,AB
214547,002,AB
214547,003,AB
214547,004,AB
214547,005,AB
214547,006,AB
214547,007,AB
216266,001,AB
216266,002,AB
216266,003,AB
216266,004,AB
216266,005,AB
216266,006,AB
216266,007,AB
215330,001,AB
215330,002,AB
215330,003,AB
215330,004,AB
215330,005,AB
215330,006,AB
215330,007,AB
202836,007,AB
202836,001,AB
202836,002,AB
202836,003,AB
202836,004,AB
202836,005,AB
202836,006,AB
211840,001,AB
211840,002,AB
211840,003,AB
211840,004,AB
211840,005,AB
211840,006,AB
211840,007,AB
214484,001,AB
214484,002,AB
214484,003,AB
214484,004,AB
214484,005,AB
214484,006,AB
214484,007,AB
079159,001,AB
079159,002,AB
079159,003,AB
079139,001,AB
079139,002,AB
079139,003,AB
090702,001,AB
090702,002,AB
090702,003,AB
017812,002,AB
017812,001,AB
017812,003,AB
218122,001,AB
215579,001,AB
215001,001,AB
217840,001,AB
072741,001,AB
216876,001,AB
073192,001,AB
217471,001,AB
020364,002,AB
020364,003,AB
020364,004,AB
020364,007,AB
020364,005,AB
020364,006,AB
021654,001,AB
076868,001,AB
076868,002,AB
076868,003,AB
076868,004,AB
090695,001,AB
090695,002,AB
090695,003,AB
090695,004,AB
072204,001,AB
072205,001,AB
072206,001,AB
072062,001,AB
209450,001,AB
209450,002,AB
218640,001,AB
218640,002,AB
206994,001,AB
206994,002,AB
209920,001,AB
209920,002,AB
214131,001,AB
214131,002,AB
021446,001,AB
021446,002,AB
021446,003,AB
021446,004,AB
021446,005,AB
021446,006,AB
021446,007,AB
021446,008,AB
020064,001,AB
016620,003,AB
016620,001,AB
016620,002,AB
018651,001,AB
018651,002,AB
018651,003,AB
091608,001,AB
091322,001,AB
090562,001,AB
209487,001,AB
209487,002,AB
211398,001,AB
211398,002,AB
212706,001,AB
202687,001,AB
217213,001,AB
204851,001,AB
215270,001,AB
079065,001,AB
076522,001,AB
213734,001,AB
218620,001,AB
215541,001,AB
074450,001,AB
074450,002,AB
074450,003,AB
216463,001,AB
216463,002,AB
216463,003,AB
213500,001,AB
213500,002,AB
213500,003,AB
215876,001,AB
215876,002,AB
215876,003,AB
214352,001,AB
214352,002,AB
214352,003,AB
215315,001,AB
215315,002,AB
215315,003,AB
214089,001,AB
214089,002,AB
214089,003,AB
074377,001,AB
074377,002,AB
074377,003,AB
020504,001,AB
215921,001,AB
216015,001,AB
208342,001,AB
219111,001,AB
017442,002,AB
017442,003,AB
017442,001,AB
050649,001,AB
050649,002,AB
065470,001,AB
065470,002,AB
065470,003,AB
065005,001,AB
065005,003,AB
065005,002,AB
090867,001,AB
090867,002,AB
090867,003,AB
065062,001,AB
065062,002,AB
065062,003,AB
063065,002,AB
063065,001,AB
063181,001,AB
063011,001,AB
063009,002,AB
063009,001,AB
204820,001,AB
050641,002,AB
050641,003,AB
050641,001,AB
050641,004,AB
050689,001,AB
090253,001,AB
200197,001,AB
217828,001,AB
210181,001,AB
207022,001,AB
065410,001,AB
065520,001,AB
065379,001,AB
090055,001,AB
065491,001,AB
214079,001,AB
204077,001,AB
076485,001,AB1
076485,002,AB1
076485,004,AB1
076485,003,AB1
050715,001,AB1
050715,002,AB1
020235,001,AB
020235,002,AB
020235,003,AB
074670,001,AB
074670,002,AB
217555,001,AB
217555,002,AB
074928,001,AB
074928,002,AB
216357,001,AB
216357,002,AB
218638,001,AB
218638,002,AB
215377,001,AB
215377,002,AB
218202,001,AB
218202,002,AB
072781,001,AB
072579,001,AB
202644,001,AB
202644,002,AB
073250,001,AB
074045,001,AB
203640,001,AB
203640,002,AB
203640,003,AB
076740,001,AB
077811,001,AB
090103,001,AB
216201,001,AB
216201,002,AB
216201,003,AB
216201,004,AB
212390,001,AB
212390,002,AB
212390,003,AB
212390,004,AB
211041,001,AB
211041,002,AB
211041,003,AB
211935,001,AB
211935,002,AB
211935,003,AB
077025,002,AB
074967,001,AB
074967,002,AB
077025,001,AB
073671,001,AB
073652,001,AB
217272,001,AB
217272,002,AB
217272,003,AB
203233,001,AB
203233,002,AB
201722,001,AB
201722,002,AB
201722,003,AB
205005,001,AB
205005,002,AB
209225,001,AB
211013,001,AB
217357,001,AB
217073,001,AB
077066,001,AB
208516,001,AB
202250,001,AB
077314,001,AB
077314,002,AB
076178,001,AB
076178,002,AB
075616,001,AB
075616,002,AB
213418,001,AB
017447,001,AB
017447,002,AB
203202,001,AB
203202,002,AB
203202,003,AB
073556,002,AB
073556,003,AB
073556,004,AB
073556,001,AB
075520,004,AB
075520,003,AB
075520,001,AB
075520,002,AB
074132,001,AB
074132,002,AB
074132,003,AB
074132,004,AB
021879,001,AB
078901,005,AB
078901,001,AB
078901,003,AB
078901,002,AB
078901,004,AB
077742,001,AB
077742,002,AB
077742,003,AB
077742,004,AB
077742,005,AB
202074,001,AB
077528,001,AB
077528,002,AB
077528,003,AB
077528,004,AB
204940,001,AB
090973,001,AB
207420,001,AB
206455,001,AB
211979,001,AB
091028,001,AB
212504,001,AB
215458,001,AB
203893,001,AB
210093,001,AB
211355,001,AB
211345,001,AB
204228,001,AB
204228,002,AB
212587,001,AB
212587,002,AB
204922,001,AB
204922,002,AB
204068,001,AB
204068,002,AB
207476,001,AB
207476,002,AB
203290,001,AB
203290,002,AB
050805,001,AB
021232,001,AB
021232,002,AB
021232,003,AB
021232,004,AB
211823,001,AB
211823,002,AB
211823,003,AB
209093,001,AB
209093,002,AB
209093,003,AB
217451,001,AB
217451,002,AB
217451,003,AB
215208,001,AB
215208,002,AB
215208,003,AB
209438,001,AB
209438,002,AB
209438,003,AB
217467,001,AB
217467,002,AB
217467,003,AB
218565,001,AB
218565,002,AB
218565,003,AB
208348,001,AB
208348,002,AB
208348,003,AB
207211,001,AB
207211,002,AB
207211,003,AB
212544,001,AB
212544,002,AB
212544,003,AB
217133,001,AB
217133,002,AB
202595,001,AB
202595,002,AB
202595,003,AB
217274,001,AB
217274,002,AB
217274,003,AB
209421,001,AB
209421,002,AB
209421,003,AB
212739,001,AB
212739,002,AB
212739,003,AB
218009,001,AB
208578,001,AB
208578,002,AB
208578,003,AB
072253,002,AB
072253,003,AB
072253,001,AB
071756,002,AB
071756,001,AB
071756,003,AB
218261,001,AB
218261,002,AB
218261,003,AB
071026,002,AB
071026,003,AB
071026,001,AB
019600,001,AB
205177,001,AB
202773,001,AB
200534,001,AB
204752,001,AB
204327,001,AB
204327,002,AB
204327,003,AB
207672,001,AB
207672,002,AB
207672,003,AB
202539,001,AB
202539,002,AB
202539,003,AB
091412,001,AB
091412,002,AB
091412,003,AB
204948,001,AB
204948,002,AB
204948,003,AB
202124,001,AB
202124,002,AB
202124,003,AB
090829,001,AB
090829,002,AB
090829,003,AB
017962,002,AB
207139,001,AB
207188,001,AB
213310,001,AB
215409,001,AB
211867,001,AB
211735,001,AB
213293,001,AB
214363,001,AB
211231,001,AB
210976,001,AB
212568,001,AB
215600,001,AB
215042,001,AB
204522,001,AB
204551,001,AB
204318,001,AA
204318,002,AA
202248,001,AA
202248,002,AA
040886,002,AA
040875,001,AA
040886,001,AA
040887,001,AA
205019,001,AA
205019,002,AA
205017,001,AA
087190,002,AA
086945,001,AA
087190,001,AA
204309,001,AB
212731,001,AB
212569,001,AB
212724,001,AB
212748,001,AB
212600,001,AB
212077,001,AB
206152,001,AB
206152,002,AB
074118,002,AB
074118,001,AB
206136,001,AB
210347,001,AB
206136,002,AB
210347,002,AB
074131,001,AB
074131,002,AB
208340,001,AB
208340,002,AB
205585,001,AB
205585,002,AB
015034,003,AB
022512,001,AB
022512,003,AB
022512,002,AB
217268,001,AB
217268,002,AB
217268,003,AB
213406,001,AB
213406,002,AB
213406,003,AB
213052,001,AB
213052,002,AB
213052,003,AB
214608,001,AB
214608,002,AB
214608,003,AB
215697,001,AB
215697,002,AB
215697,003,AB
216727,001,AB
216727,002,AB
216727,003,AB
072575,003,AB
072575,002,AB
072575,001,AB
210971,001,AB
210971,002,AB
210971,003,AB
071745,002,AB
071745,003,AB
071745,001,AB
208113,001,AB
216197,001,AB
208113,002,AB
216197,002,AB
208113,004,AB
216197,003,AB
208113,005,AB
216197,004,AB
208113,003,AB
216197,005,AB
208113,006,AB
216197,006,AB
208113,007,AB
216197,007,AB
208113,008,AB
216197,008,AB
203459,001,AB
203459,002,AB
203459,003,AB
203459,004,AB
203459,005,AB
203459,006,AB
203459,007,AB
203459,008,AB
207799,007,AB
207799,008,AB
207799,001,AB
207799,002,AB
207799,003,AB
207799,004,AB
207799,005,AB
207799,006,AB
209743,001,AB
209743,002,AB
209743,003,AB
209743,004,AB
209743,005,AB
209743,006,AB
209743,007,AB
209743,008,AB
205321,001,AB
205321,002,AB
205321,003,AB
205321,004,AB
205321,005,AB
205321,006,AB
205321,007,AB
205321,008,AB
214322,008,AB
214322,001,AB
214322,002,AB
214322,003,AB
214322,004,AB
214322,005,AB
214322,006,AB
214322,007,AB
212865,001,AB
212865,002,AB
212865,003,AB
212865,004,AB
213423,001,AB
213423,002,AB
213423,003,AB
213423,004,AB
213423,005,AB
213423,006,AB
213423,007,AB
213423,008,AB
209664,001,AB
209664,002,AB
209664,003,AB
209664,004,AB
209664,005,AB
209664,006,AB
209664,007,AB
209664,008,AB
212988,001,AB
212988,002,AB
212988,003,AB
212988,004,AB
212988,005,AB
212988,006,AB
212988,007,AB
212988,008,AB
206912,001,AB
206912,002,AB
206912,003,AB
206912,004,AB
206912,005,AB
206912,006,AB
206912,007,AB
206912,008,AB
091222,001,AB
091222,002,AB
091222,003,AB
091222,004,AB
091222,005,AB
091222,006,AB
091222,007,AB
091222,008,AB
211384,001,AB
211384,002,AB
211384,003,AB
211384,004,AB
211384,005,AB
211384,006,AB
211384,007,AB
211384,008,AB
209530,001,AB
209530,002,AB
209530,003,AB
209530,004,AB
209530,005,AB
209530,006,AB
209530,007,AB
209530,008,AB
209357,001,AB
209357,002,AB
209357,003,AB
209357,004,AB
209357,005,AB
209357,006,AB
209357,007,AB
209357,008,AB
207883,001,AB
207883,002,AB
207883,003,AB
207883,004,AB
207883,005,AB
207883,006,AB
207883,007,AB
207883,008,AB
210585,001,AB
210585,002,AB
210585,003,AB
210585,004,AB
210585,005,AB
210585,006,AB
210432,001,AB
210432,002,AB
210432,003,AB
210432,004,AB
210432,005,AB
210432,006,AB
210432,007,AB
210432,008,AB
208677,001,AB
208677,002,AB
208677,003,AB
208677,004,AB
208677,005,AB
208677,006,AB
208677,007,AB
208677,008,AB
215755,001,AB
215755,002,AB
215755,003,AB
215755,004,AB
215755,005,AB
215755,006,AB
215755,007,AB
215755,008,AB
206942,001,AB
206942,002,AB
206942,003,AB
206942,004,AB
206942,005,AB
206942,006,AB
206942,007,AB
206942,008,AB
210891,001,AB
210891,002,AB
018482,001,AB
207724,001,AB
207724,002,AB
200900,001,AB
200900,002,AB
208801,001,AB
208801,002,AB
211285,001,AB
211285,002,AB
200456,001,AB
200456,002,AB
205229,001,AB
205229,002,AB
050708,003,AB
050708,001,AB
050708,002,AB
019781,001,AB
019781,002,AB
018936,006,AB1
018936,001,AB1
018936,003,AB
050786,001,AB
203729,001,AB
203112,001,AB
204372,001,AB
091661,001,AB
091604,001,AB
091604,002,AB
091604,003,AB
091604,004,AB
078745,001,AB
078745,002,AB
078745,003,AB
078745,004,AB
079116,001,AB
079116,002,AB
079116,003,AB
079116,004,AB
077900,001,AB
077900,002,AB
077900,003,AB
077900,004,AB
077626,001,AB
077626,002,AB
077626,003,AB
077626,004,AB
078191,001,AB
078191,002,AB
078191,003,AB
078191,004,AB
076549,001,AB
076549,002,AB
076549,004,AB
078832,001,AB
078832,002,AB
078832,003,AB
078832,004,AB
075742,001,AB
075742,002,AB
074655,001,AB
074655,002,AB
018163,003,AB
018163,001,AB
018163,004,AB
018163,002,AB
019655,001,AB
021880,005,AB
021880,001,AB
021880,002,AB
021880,003,AB
021880,006,AB
021880,004,AB
021567,003,AB
021567,004,AB
079117,001,AB
077224,001,AB
090033,001,AB
215041,001,AB
065390,001,AB
065390,002,AB
064150,002,AB
064150,001,AB
090034,001,AB
090034,002,AB
050429,001,AB
091689,001,AB
091689,002,AB
091689,003,AB
091689,004,AB
204572,001,AB
204572,002,AB
204572,003,AB
204572,004,AB
203844,001,AB
203844,002,AB
203844,003,AB
203844,004,AB
207797,001,AB
207797,002,AB
207797,003,AB
207797,004,AB
077130,001,AB
077130,002,AB
077130,003,AB
077130,004,AB
203148,001,AB
203148,002,AB
203148,003,AB
203148,004,AB
090879,001,AB
090879,002,AB
090879,003,AB
090879,004,AB
077129,001,AB
077129,002,AB
077129,003,AB
077129,004,AB
018044,001,AB
018044,002,AB
207997,001,AB
050625,001,AB2
050625,003,BX
050625,002,AB2
075321,001,AB
075352,001,AB
206803,001,AB
215133,001,AB
215133,002,AB
218853,001,AB
218853,002,AB
211060,001,AB
211060,002,AB
209745,001,AB
209745,002,AB
210626,001,AB
210626,002,AB
204726,001,AB
204726,002,AB
213230,001,AB
213230,002,AB
204793,001,AB
204793,002,AB
206541,001,AB
206541,002,AB
211166,001,AB
211166,002,AB
210687,001,AB
210687,002,AB
209029,001,AB
209029,002,AB
018671,001,AA
018671,002,AA
071909,001,AA
071910,001,AA
020859,001,AB
020859,002,AB
020083,001,AB
021411,002,AB
021411,003,AB
021411,004,AB
021411,005,AB
021411,006,AB
021411,007,AB
021411,008,AB
215843,001,AB
215843,002,AB
215843,003,AB
215843,004,AB
218615,001,AB
218615,002,AB
218615,003,AB
218615,004,AB
218012,001,AB
218012,002,AB
218012,003,AB
218012,004,AB
214824,001,AB
214824,002,AB
214824,003,AB
214824,004,AB
201275,001,AB
201275,002,AB
201275,003,AB
201275,004,AB
218024,001,AB
218024,002,AB
218024,003,AB
218024,004,AB
213914,001,AB
213914,002,AB
213914,003,AB
213914,004,AB
213803,001,AB
213803,002,AB
213803,003,AB
213803,004,AB
203195,001,AB
021938,001,AB
021938,002,AB
021938,004,AB
021938,003,AB
019194,001,AB
091195,001,BX
091195,002,BX
091195,003,BX
206651,001,AB
206651,002,AB
206651,003,AB
203740,001,AB
203740,002,AB
203740,003,AB
212297,001,AB
212297,002,AB
212297,003,AB
213112,001,AB
213112,002,AB
213112,003,AB
090509,001,AB
090509,002,AB
090509,003,AB
206662,001,AB
206662,002,AB
206662,003,AB
090596,001,AB
090596,002,AB
090596,003,AB
090802,001,AB
090802,002,AB
090802,003,AB
065461,001,AB
065461,002,AB
065461,003,AB
090687,001,AB
090687,002,AB
090687,003,AB
021087,003,AB
021087,002,AB
021087,001,AB
207405,001,AB
214730,001,AB
202433,001,AB
211885,001,AB
219767,001,AB
090377,001,AB
204645,001,AB
078015,001,AB
078938,001,AB
078801,001,AB
077630,001,AB
078225,001,AB
021055,001,AB
022068,003,AB
022068,002,AB
022068,001,AB
211607,001,AB
211654,001,AB
211601,001,AB
204426,001,AB
071620,002,AB
071620,001,AB
211542,001,AB
211542,002,AB
211542,003,AB
211542,004,AB
217875,001,AB
217875,002,AB
217875,003,AB
217875,004,AB
071427,001,AB
071428,001,AB
071457,002,AB
071456,001,AB
071457,003,AB
071457,001,AB
201781,001,AB
201781,002,AB
201781,003,AB
201781,004,AB
201528,001,AB
201528,002,AB
201528,003,AB
201528,004,AB
201528,005,AB
201528,006,AB
203691,001,AB
203691,002,AB
203691,003,AB
203691,004,AB
203691,005,AB
203691,006,AB
206413,001,AB
206413,002,AB
206413,003,AB
206413,004,AB
206413,005,AB
206413,006,AB
204639,001,AB
204639,002,AB
204639,003,AB
204639,004,AB
204639,005,AB
204639,006,AB
207658,001,AB
207658,002,AB
207658,003,AB
207658,004,AB
207658,005,AB
207658,006,AB
210030,001,AB
210030,002,AB
210030,003,AB
210030,004,AB
210030,005,AB
210030,006,AB
206309,001,AB
206309,002,AB
206309,003,AB
206309,004,AB
206309,005,AB
206309,006,AB
201742,001,AB
201742,002,AB
201742,003,AB
201742,004,AB
201742,005,AB
201742,006,AB
203898,003,AB
203898,004,AB
203898,005,AB
203898,006,AB
206750,001,AB
206750,002,AB
206750,003,AB
206750,004,AB
206750,005,AB
206750,006,AB
219482,001,AB
219482,002,AB
219482,003,AB
219482,004,AB
074823,001,AB
074823,002,AB
074823,003,AB
074823,004,AB
075667,001,AB
075667,002,AB
075667,003,AB
075667,004,AB
075614,002,AB
075614,001,AB
075614,003,AB
075614,004,AB
075317,001,AB
075317,002,AB
075317,003,AB
075317,004,AB
011210,001,AA
210674,001,AB
210674,002,AB
210662,001,AB
210662,002,AB
062752,001,AB
062752,002,AB
212635,001,AB
212635,002,AB
061837,001,AB
061837,002,AB
215456,001,AB
215456,002,AB
215456,003,AB
215456,004,AB
211642,001,AB
211642,002,AB
211642,003,AB
211642,004,AB
071093,002,AB
071093,003,AB
071093,004,AB
071093,001,AB
020931,001,AB
020931,002,AB
020931,003,AB
213223,001,AB
213223,002,AB
213223,003,AB
212196,001,AB
212196,002,AB
212196,003,AB
078868,001,AB
078868,002,AB
078868,003,AB
213544,001,AB
213544,002,AB
213544,003,AB
210021,001,AB
210021,002,AB
210021,003,AB
209605,001,AB
209605,002,AB
209605,003,AB
210267,001,AB
210267,002,AB
210267,003,AB
213798,001,AB
213798,002,AB
213798,003,AB
213365,001,AB
213365,002,AB
208622,001,AB
208622,002,AB
208622,003,AB
020844,001,AB
020844,002,AB
218482,001,AB
218482,002,AB
215449,001,AB
215449,002,AB
217869,001,AB
217869,002,AB
216683,001,AB
216683,002,AB
216683,003,AB
218642,001,AB
218642,002,AB
078418,001,AB
078418,002,AB
076575,001,AB
076575,002,AB
217694,001,AB
217694,002,AB
078877,001,AB
078877,002,AB
078877,003,AB
208279,001,AB
201687,001,AB
211581,001,AB
211581,002,AB
214768,001,AB
214768,002,AB
208358,001,AB
201407,001,AB
074821,001,AB
211076,001,AB
209945,001,AB
216356,001,AB
211134,001,AB
211251,001,AB
210096,001,AB
212238,001,AB
207567,001,AB
211554,001,AB
205950,001,AB
076546,001,AB
208127,001,AB
208127,002,AB
208127,003,AB
077361,001,AB
077361,002,AB
077361,003,AB
210707,001,AB
211301,001,AB
214849,001,AB
213555,001,AB
075517,001,AB
212452,001,AB
079082,001,AB
213200,001,AB
214329,001,AB
210344,001,AB
214295,001,AB
216064,001,AB
216064,002,AB
073484,001,AB
073229,001,AB
050606,001,AB
050606,002,AB
090439,001,AB
090439,002,AB
210729,001,AB
210729,002,AB
065490,001,AB
065490,002,AB
202057,001,AB
202057,002,AB
011459,002,AB
011459,004,AB
080704,001,AA
021977,007,AB
021977,004,AB
021977,001,AB
021977,005,AB
021977,002,AB
021977,006,AB
021977,003,AB
209821,001,AB
078829,001,AB
078829,002,AB
077505,001,AB
077505,002,AB
077237,001,AB
077237,002,AB
090374,001,AB
090374,002,AB
078989,001,AB
078989,002,AB
021447,001,AB
021447,002,AB
021447,003,AB
012380,001,AB
021348,001,AB
021606,001,AB
021606,002,AB
202099,001,AB1
202099,002,AB1
202099,004,AB1
202099,003,AB1
078128,001,AB
078349,001,AB
077561,001,AB
077561,002,AB
077561,003,AB
077561,004,AB
204117,001,AB
204117,002,AB
204117,003,AB
204117,004,AB
090348,001,AB
090348,002,AB
090348,003,AB
090348,004,AB
077565,001,AB
077565,002,AB
077565,003,AB
077565,004,AB
077560,001,AB
077560,002,AB
077560,003,AB
077560,004,AB
204375,001,AB
204375,002,AB
204375,003,AB
204375,004,AB
077562,001,AB
077562,002,AB
077562,003,AB
077562,004,AB
208988,001,AB
208988,002,AB
208988,003,AB
208988,004,AB
022202,001,AB
020789,003,AB
020789,001,AB
077645,002,AB
077645,003,AB
077645,001,AB
077813,001,AB
077813,002,AB
077813,003,AB
077651,001,AB
077651,002,AB
077651,003,AB
077636,003,AB
077636,002,AB
077636,001,AB
077869,001,AB
077869,002,AB
077869,003,AB
214492,001,AB
214492,002,AB
214492,003,AB
077625,001,AB
077625,002,AB
077625,003,AB
209264,001,AA
202745,001,AA
202583,001,AA
204433,001,AA
071415,001,AA
020479,001,AA
073364,001,AA
073037,001,AA
218371,001,AA
091383,001,AA
091407,001,AA
090260,001,AA
072755,001,AA
040180,001,AA
212093,001,AA
207368,001,AA
040088,001,AA
089897,001,AA
017116,002,AA
078861,001,AA
076934,001,AA
020990,001,AA
076215,001,AB
076592,001,AB
076543,001,AB
212361,001,AB
208766,001,AB
208702,001,AB
205470,001,AB
206770,001,BX
090824,001,AB
080706,007,AT
080706,006,AT
076973,001,AB
076587,001,AB
076065,001,AB
076229,001,AB
075774,001,AB
075883,001,AB
088250,001,AT
021184,003,AB
020404,003,AB
018642,001,AB
070885,001,AB
210217,001,AB
019137,001,AB
073552,001,AB
208885,001,AB
018861,001,AB
205772,001,AB
078463,001,AB
076435,001,AB
090273,001,AB
077364,001,AB
076790,001,AB
213291,001,AB1
211256,001,AB1
075338,001,AB1
212982,001,AB1
074392,001,AB1
210208,001,AB1
211401,001,AB1
074249,001,AB1
211836,001,AB1
210034,001,AB1
211074,001,AB1
209411,001,AB2
075430,001,AB2
075633,001,AB2
206370,001,AB
017765,001,AB
078338,001,AB
090219,001,AB
072640,001,AB
076002,001,AB
075502,001,AB
202894,001,AB
075673,001,AB
020629,001,AB
072041,001,AB
214396,001,AB
210198,001,AB
074027,001,AB
073548,001,AB
019048,001,AB
205082,001,AB
078369,001,AB
208163,001,AB
208164,001,AB
076510,001,AB
210980,001,AB
205594,001,AB
205620,001,AB
020748,001,AB
075508,001,BX
020554,001,AB
212357,001,AB
215408,001,AB
076479,001,AB
076005,001,AB
016831,003,AB
021302,001,AB
019855,001,AB
089526,001,AT
210747,001,AT
088170,001,AT
088169,001,AT
087104,001,AT
210554,001,AB1
073085,001,AB1
211410,001,AB1
073030,001,AB1
200735,001,AB
091282,001,AB
071500,001,AB1
200734,001,AB
072488,001,AB1
208989,001,AB
074204,001,AB2
076586,001,AB2
072494,001,AB2
072490,001,AB2
214845,001,AB
077524,001,AB
216942,001,AB
090368,001,AB
077055,001,AB
076451,001,AB
076793,001,AB
064056,001,AT
062307,001,AT
214723,001,AB
211027,001,AB
078162,001,AB
077001,001,AB
077123,001,AB
077227,001,AB
017556,001,AB
087795,001,AT
089682,001,AT
080693,003,AT
089414,001,AT
085025,001,AT
040879,001,AT
088799,001,AT
205134,001,AB2
202145,001,AB2
076654,001,AB1
213724,001,AB
211047,001,AB
210307,001,AB
075666,001,AB
075042,001,AB
078548,001,AB
201994,001,AB
078837,001,AB
205971,001,AB
200173,001,AB
210225,001,AB
210019,001,AB
215210,001,AB
212443,001,AB
076294,001,AB
075581,001,AB
215185,001,AB
075638,001,AB
213923,001,AB
076320,001,AB
076453,001,AB
212482,001,AB
205887,001,AB
219120,001,AB
018514,001,AB1
020769,001,AB2
018748,001,AB
020531,001,AB
219295,001,AB
077549,001,AB
076408,001,AB
217128,001,BX
077447,001,AB
076679,001,AB
213053,001,BX
214811,001,AB
213076,001,AB
201587,001,AB
207116,001,AB
206960,001,AB
206901,001,AB
210038,001,AB
019599,002,AB
062949,001,AT
219527,001,AT
061966,001,AT
207733,001,AT
062129,001,AT
213566,001,AT
062225,001,AT
064022,001,AT
212557,001,AT
214090,001,AT
209990,001,AT
208326,001,AT
207730,001,AT
062599,001,AT
208205,001,AT
214181,001,AT
208479,001,AT
062364,001,AT
205076,001,AB
019828,001,AB
212368,001,AB
212710,001,AB
216981,001,BX
074806,001,AB
211303,001,AB
076369,001,AB
209345,001,AB
211769,001,AB
019049,001,AB
017522,001,AB1
017340,001,AB
017381,001,AB
206255,001,AB
018578,001,AB
012787,004,AT
012787,002,AT
012787,005,AT
208662,002,AB
208662,001,AB
217075,001,AB
208258,001,AB
021184,001,AB
021184,002,AB
018810,001,AB
073210,001,AB
073193,001,AB
217804,001,AB
217831,001,AB
075264,001,AB
075265,001,AB1
075213,001,AB
215713,001,AB
211644,001,AB1
211645,001,AB
218561,001,AB
207651,001,AT
207651,002,AT
207651,003,AT
208763,001,AT
208763,002,AT
208763,003,AT
089797,001,AT
089798,001,AT
208848,001,AT
085692,001,AT
085692,003,AT
085692,002,AT
209535,001,AT
209535,002,AT
209535,003,AT
040671,001,AT
040671,002,AT
086413,002,AT
086413,003,AT
086413,001,AT
210346,001,AT
210346,002,AT
210346,003,AT
040039,001,AT
088042,002,AT
088042,001,AT
088042,003,AT
070050,001,AB
021758,001,AB
020126,001,AB
021478,001,AB
022483,001,AB
050680,002,AB
065139,001,AB
086069,001,AB
209767,001,AB
208788,001,AB
210194,001,AB
212313,001,AB
210488,001,AB
076712,001,AB
021735,001,BX
076043,001,AB
075953,001,BX
091188,001,AA
084754,001,AA
090891,001,AA
215209,001,AA
021648,001,AA
213000,001,AA
040251,001,AA
040177,001,AA
209811,001,AB
205894,001,AB
211943,001,AB
203880,001,AB
211526,001,AB
219441,001,AB
211776,001,AB
214894,001,AB
207284,001,AB
212566,001,AB
218191,001,AB
022212,001,AB
050790,001,AB
075172,001,AB
016199,001,AB
216941,001,AB
215269,001,AB
076751,001,AB
019618,001,AB
019618,002,AB
207490,001,AB
207490,002,AB
207490,003,AB
207490,004,AB
211586,001,AB
211586,002,AB
211586,003,AB
211586,004,AB
211586,005,AB
210272,001,AB
210272,002,AB
210272,003,AB
210272,004,AB
210272,005,AB
204937,001,AB
204937,005,AB
204937,002,AB
204937,003,AB
204937,004,AB
021306,001,AB
021306,005,AB
021306,002,AB
021306,004,AB
021306,003,AB
020375,004,AB2
020375,005,AB2
020375,001,AB2
020375,006,AB2
020375,003,AB2
020375,002,AB2
021514,001,AB
021514,002,AB
021514,003,AB
021514,004,AB
211396,001,AB3
211396,002,AB3
211396,003,AB3
211396,004,AB3
211396,005,AB3
075182,003,AB2
206685,001,AB3
075182,004,AB2
206685,002,AB3
075182,006,AB2
206685,003,AB3
075182,005,AB2
075182,002,AB2
206685,004,AB3
075182,001,AB2
206685,005,AB3
202985,001,AB2
202985,002,AB2
202985,003,AB2
202985,004,AB2
202985,005,AB2
202985,006,AB2
213950,001,AB
214594,001,AB
022083,001,AB
022083,002,AB
022083,005,AB
077449,004,AB
202097,005,AB
076258,004,AB
077154,004,AB
077449,005,AB
202097,001,AB
076258,005,AB
077154,005,AB
077449,001,AB
202097,002,AB
076258,001,AB
077154,001,AB
077449,006,AB
076258,006,AB
077154,006,AB
077449,002,AB
202097,003,AB
076258,002,AB
077154,002,AB
077449,007,AB
076258,007,AB
077154,007,AB
077449,003,AB
202097,004,AB
076258,003,AB
077154,003,AB
077449,008,AB
076258,008,AB
206497,001,AB
206497,002,AB
206497,003,AB
206497,004,AB
203752,005,AB3
203752,001,AB3
203752,003,AB3
203752,002,AB3
203752,004,AB3
074559,004,AB2
074559,003,AB2
074559,002,AB2
074559,001,AB2
089885,002,AB2
089884,001,AB2
089885,001,AB2
089886,001,AB2
213977,001,AB
207308,001,AB
207308,002,AB
207308,003,AB
209063,001,AB
209063,002,AB
209063,003,AB
205622,001,AB
205622,002,AB
205622,003,AB
206318,001,AB
206318,002,AB
206318,003,AB
200910,001,AB
205954,001,AB
205954,002,AB
205954,003,AB
205954,004,AB
212756,003,AB
212756,004,AB
212756,001,AB
212756,002,AB
205299,001,AB
205806,001,AB
205299,002,AB
205806,002,AB
211785,001,AB
211785,002,AB
207607,001,AB
207607,002,AB
022410,001,AB
022410,003,AB
022410,002,AB
022410,004,AB
019887,001,AN
206667,001,AN
206983,001,AN
207366,001,AN
018859,001,AN
210508,001,AB
214864,001,AB
022165,001,AB
062644,001,AA
203513,001,AA
207047,001,AA
202409,001,AA
206958,001,AA
090902,001,AA
201821,001,AA
020576,001,AB
216635,001,AB
215375,001,AB
202964,001,AB
218011,001,AB
215891,001,AB
208587,001,AA
208910,001,AB
208910,002,AB
214554,001,AA
216600,001,AA
211881,001,AA
217187,001,AA
212548,001,AA
019011,001,AA
209662,001,AA
215647,001,AA
074712,001,AA
074712,002,AA
217914,001,AA
217914,002,AA
021881,001,AA
019797,001,AA
019797,002,AA
090231,001,AA
090019,001,AA
204559,001,AA
090145,001,AA
207498,001,AA
204558,001,AA
212183,001,AA
210902,001,AA
210200,001,AA
208019,001,AA
213467,001,AA
219009,001,AA
210241,001,AA
212816,001,AA
214108,001,AA
211667,001,AA
022006,001,AA
022257,001,AB
205220,001,AB
212890,001,AB
216317,001,AB
215124,001,AB
213306,001,AB
211475,001,AB
210169,001,AB
061667,002,AA
214913,001,AB
214913,002,AB
215338,001,AA
213375,001,AA
210155,001,AA
213519,001,AA
213899,001,AA
214992,001,AA
211481,001,AA
211592,001,AA
215363,001,AA
208218,001,AA
209824,001,AA
210196,001,AA
214961,001,AA
218948,001,AB
219213,001,AB
218948,002,AB
218948,003,AB
217714,001,AB
217714,002,AB
211752,001,AB
211751,001,AB
211751,002,AB
212651,001,AB
212651,002,AB
212652,001,AB
212651,003,AB
212651,004,AB
206055,001,AB
206055,002,AB
021957,003,AB
021957,004,AB
022101,001,AB
021957,001,AB
021957,002,AB
217416,001,AB
216139,001,AB
217923,001,AB
217458,001,AB
216247,001,AB
213725,001,AB
022020,001,AB
206049,001,AB
202100,001,AB
065334,001,AB
065334,002,AB
204030,001,AB
204030,002,AB
065319,002,AB
065322,002,AB
065325,002,AB
065322,001,AB
065325,001,AB
065387,001,AB
065378,001,AB
065387,002,AB
065378,002,AB
065119,001,AB
061931,002,AB
065119,002,AB
209371,001,AB
209371,002,AB
201090,001,AB
201090,002,AB
201091,001,AB
065431,001,AB
065420,001,AB
210374,001,AB
210416,001,AB
209351,001,AB
065191,002,AB
065191,001,AB
065373,001,AB
217805,001,AB
205187,001,AB
205187,002,AB
065066,001,AB
065066,002,AB
065098,001,AB
065098,002,AB
065358,001,AB
065089,001,AB
065089,002,AB
065162,001,AB
061931,003,AB
062226,005,AB
062226,001,AB
062226,002,AB
050760,002,AB
050575,001,AB
050575,002,AB
050755,001,AB
205666,001,AB
205666,002,AB
209201,001,AB
209201,002,AB
065488,001,AB
065488,002,AB
207531,001,AB
207531,002,AB
065246,002,AB
065246,001,AB
217036,001,AB
217036,002,AB
211147,001,AB
211147,002,AB
065349,001,AB
065349,002,AB
065396,001,AB
065396,002,AB
210534,001,AB
210534,002,AB
065429,001,AB
065429,002,AB
065473,001,AB
065473,002,AB
065337,001,AB
065337,002,AB
065259,001,AB
065259,002,AB
065332,001,AB
065332,002,AB
206938,001,AB
206938,002,AB
206939,001,AB
211775,001,AB
211775,002,AB
204835,001,AB
204835,002,AB
065381,001,AB
065381,002,AB
065261,001,AB
065261,002,AB
050759,001,AB
210221,001,AB
210221,002,AB
065234,001,AB
065234,002,AB
062703,001,AB
062703,002,AB
065336,001,AB
065336,002,AB
020780,001,AB
020780,002,AB
200563,001,AB
200563,002,AB
210316,001,AB
202190,002,AB
020090,001,AB
020090,002,AB
065454,001,AB
201678,001,AB
216620,001,AB
216620,002,AB
217529,001,AB
216400,001,AB
216427,001,AB
217330,001,AB
217655,001,AB
219091,001,AB
217137,001,AB
218344,001,AB
217982,001,AB
090440,001,AB
217842,001,AB
219863,001,AB
091020,001,AB
201695,001,AB
201995,001,AB
215043,001,AB
217605,001,AB
079150,001,AB
079150,002,AB
215738,001,AB
062226,003,AB
062226,004,AB
211813,001,AB
200068,001,AB
203005,001,AB
214871,001,AB
218227,001,AB
214525,001,AB
213955,001,AB
212634,001,AB
210370,001,AB
205545,001,AB
205545,002,AB
079182,001,AB
079182,002,AB
212784,001,AB
208823,001,AB
210186,001,AB
218131,001,AB
215538,001,AB
209590,001,AB
212858,001,AB
213695,001,AB
208347,001,AB
215313,001,AB
217303,001,AB
211894,001,AB
213594,001,AB
211125,001,AB
209113,001,AB
207027,002,AB
207027,001,AB
022318,002,AB
022318,001,AB
203109,001,AB
218502,001,AB
207624,001,AB
207624,002,AB
209374,001,AB
217319,002,AB
217319,001,AB
210464,002,AB
210464,001,AB
211316,002,AB
211316,001,AB
207291,002,AB
207291,001,AB
211917,001,AB
211917,002,AB
212883,001,AB
212440,001,AB
211092,001,AB
214773,001,AB
213814,001,AB
213014,001,AB
213041,001,AB
211638,001,AB
214641,001,AB
212260,001,AB
215522,001,AB
211534,001,AB
215708,001,AB
202091,001,AB
065355,001,AB
021246,002,AB
021630,001,AB
205034,001,AB
206799,001,AB
216805,001,AB
022362,002,AB
215859,001,AB
050710,001,AB
050710,002,AB
021132,001,AB
020845,003,AA
207141,002,AA
203144,001,AA
075276,001,AB
076508,001,AB
022309,001,AB
021015,003,AB1
217882,001,AB
216160,001,AB
021166,002,AB
204570,001,AB
076737,003,AB1
207373,001,AB
208620,001,AB
212984,002,AB1
208560,001,AB
204268,001,AB
209390,001,AB
210835,001,AB
204399,003,BX
202872,001,AB
208219,001,AB
218087,001,AB
212080,001,AB
215384,001,AB
020648,007,AB
020648,006,AB
091076,001,AB
091076,002,AB
050819,001,AB
021794,001,AB
207154,001,AB
201000,001,AB
213508,001,AB
200298,001,AB
208322,001,AB
209641,001,AB
214185,001,AB
206164,001,AB
208108,001,AB
205033,001,AB
212464,001,AB
206959,001,AB
209148,001,AB
214553,001,AB
022070,001,AB
208011,001,AB
208724,001,AB
204637,001,AB
210549,001,AB
050557,001,AB
215398,001,AB
209158,001,AB
077896,001,AB
091595,001,AB
078266,001,AB
050615,001,AB1
050782,001,AB2
212466,001,AB1
214668,001,AB2
212438,001,AB1
064160,001,AB1
214251,001,AB1
212104,001,AB1
211872,001,AB1
212842,001,AB2
214052,001,AB1
216587,001,AB1
205128,001,AB
207194,001,AB
212433,001,AB
209252,001,AB
065443,001,AB
205397,001,AB
209610,001,AB
202440,001,AB
090979,001,AB
206575,001,AB
208683,001,AB
208776,001,AB
206218,001,AB
210794,001,AB
202564,001,AB1
216943,001,AB2
212845,001,AB2
075368,001,AB
075027,001,AB
075279,001,AB
020529,001,AB
215718,001,AB
209890,001,AB
212701,001,AB
218457,001,AB
210178,001,AB
212383,001,AB
213847,001,AB
209506,001,AB
210191,001,AB
214722,001,AB
213907,001,AB
213636,001,AB
214019,001,AB
090727,001,AB
077552,001,AB
204675,001,AB
206493,001,AB
212351,001,BX
200936,001,AB
208301,001,AB
210893,001,AB
206298,001,AB
021753,001,AB
050741,001,AB
022320,001,AB
207917,001,AB
050617,001,AT
064184,001,AT
063211,001,AT
065385,001,AB
021470,001,AB
072933,001,AB
209030,001,AB
074935,001,AB
021789,001,AB
212646,001,AB
218941,001,AB
078178,001,AB
216692,001,AB
077547,001,AB
077018,001,AB
077819,001,AB
204651,001,AB
204708,001,AB
206165,001,AB
208201,001,AB
019356,001,AB
204286,001,AB
050819,002,AB
211871,001,AB
017955,001,AB
017579,002,AB
020475,003,AB
021056,001,AB
215433,001,AB
214136,001,AB
213079,001,AB
213079,002,AB
213644,001,AB
213644,002,AB
020600,001,AB
020600,002,AB
074904,001,AB
218246,001,AB
218245,001,AB
217588,001,AB
217587,001,AB
207955,001,AB
075589,001,AB
075529,001,AB
215609,001,AB
050803,001,AB2
050802,001,AB1
022309,002,AB2
022309,003,AB2
021015,001,AB1
021015,002,AB1
022038,001,AB
022038,002,AB
022038,003,AB
022038,004,AB
022038,005,AB
216055,001,AB
216055,002,AB
216055,003,AB
216055,004,AB
216055,005,AB
211783,001,AB
211783,002,AB
211783,003,AB
218507,001,AB
218507,002,AB
218507,003,AB
218507,005,AB
218507,004,AB
217610,001,AB
217610,002,AB
217610,003,AB
217610,004,AB
217610,005,AB
216524,001,AB
216524,002,AB
216524,003,AB
216524,004,AB
216524,005,AB
217863,001,AB
217863,002,AB
217863,003,AB
217863,004,AB
217863,005,AB
021454,001,AB2
204570,002,AB2
204570,003,AB2
076737,001,AB1
076737,002,AB1
091073,001,AB2
212984,003,AB1
212984,001,AB1
205781,001,AB2
205781,002,AB2
076744,001,AB1
076744,002,AB1
204399,002,AB2
020208,001,AB
216323,001,AB
215610,001,AB
215794,001,AB
211786,001,AB
216750,001,AB
213648,001,AB
021806,001,BX
017563,003,AB
017563,004,AB
077277,001,AB
077277,002,AB
213374,001,AB
213374,002,AB
213374,003,AB
216229,003,AB
216229,001,AB
216229,002,AB
214559,001,AB
214559,002,AB
214559,003,AB
215026,001,AB
215026,002,AB
215026,003,AB
214650,003,AB
214650,001,AB
214650,002,AB
214180,001,AB
214180,002,AB
214180,003,AB
050207,001,AB
050207,003,AB
050207,002,AB
211204,001,AB
211204,002,AB
062055,001,AB
062055,003,AB
062055,002,AB
216212,001,AB
216212,002,AB
207968,001,AB
207968,002,AB
207968,003,AB
203438,001,AB
213471,001,AB
202906,001,AB
210431,001,AB
021409,001,AB
050740,001,AB
215354,001,AB
214010,001,AB
212967,001,AB
212514,001,AB
214348,001,AP
214348,002,AP
050718,001,AB
050718,002,AB
219199,001,AB
219199,002,AB
207228,001,AB
207228,002,AB
212219,001,AB
212219,002,AB
208657,001,AB
208657,002,AB
215178,001,AB
215178,002,AB
203263,001,AB
203263,002,AB
212299,001,AB
212299,002,AB
022496,001,AP
022496,002,AP
202693,001,AP
219775,001,AP
040089,001,AP
200880,001,AP
040784,001,AP
206533,001,AP
203701,001,AP
074930,001,AP
215404,001,AP
218111,001,AP
206535,001,AP
077133,001,AP
205568,001,AP
206778,001,AP
077283,001,AP
076404,001,AP
076500,001,AP
078686,001,AP
078076,001,AP
019353,001,AP
075221,001,AP
212363,001,AP
076870,001,AP
020298,001,AP
074815,001,AP
075196,001,AP
018227,001,AP
204040,001,AP
205604,001,AP
063315,001,AP
064045,002,AP
218146,001,AP
203323,001,AP
071192,001,AP
070010,001,AP
077610,001,AP
077834,001,AP
075761,001,AP
077161,001,AP
077234,001,AP
076217,001,AP
218253,001,AP
065406,001,AP
065406,002,AP
065403,001,AP
201406,001,AP
201406,002,AP
090349,001,AP
090349,002,AP
090339,001,AP
065076,001,AP
065176,001,AP
065176,002,AP
065188,001,AP
065222,001,AP
065222,002,AP
065314,001,AP
201024,001,AP
201024,002,AP
202197,001,AP
065241,001,AP
065310,001,AP
065241,002,AP
065310,002,AP
065240,001,AP
090889,001,AP
090354,003,AP
090354,004,AP
090354,001,AP
090354,002,AP
065499,004,AP
065499,005,AP
065493,001,AP
065499,002,AP
065499,003,AP
062772,001,AP
062772,003,AP
063142,001,AP
062772,006,AP
062772,007,AP
062719,002,AP
062797,002,AP
201404,001,AP
062719,001,AP
062719,003,AP
201025,003,AP
201025,004,AP
202198,001,AP
090583,004,AP
090583,005,AP
090581,001,AP
090583,001,AP
090583,002,AP
090583,003,AP
061395,004,AP
061395,005,AP
061395,006,AP
061395,001,AP
061395,002,AP
061395,003,AP
008453,002,AP
206698,001,AP
214235,001,AP
217848,001,AP
203049,002,AP
203049,001,AP
204120,001,AP
202626,001,AP
091665,001,AP
210739,001,AP
210739,002,AP
210802,001,AP
208231,001,AP
215059,002,AP
215059,001,AP
209315,001,AP
209780,001,AP
217413,001,AP
217413,002,AP
209873,001,AP
215359,001,AP
206228,001,AP
206228,002,AP
018140,001,AP
018140,002,AP
074901,001,AP
090761,001,AP
091489,001,AP
074900,001,AP
090782,001,AP
091488,001,AP
050580,002,AP
050580,003,AP
203294,001,AP
065179,001,AP
065501,001,AP
065500,001,AP
203412,001,AP
065439,002,AP
065439,003,AP
206517,001,AP
206517,002,AP
090233,001,AP
209442,001,AP
090287,001,AP
091525,001,AP
090747,001,AB
077838,001,AB
050141,001,BC
017422,001,AP
065185,001,AP
065185,002,AP
065042,002,AP
065042,001,AP
065031,001,AP
065031,002,AP
205030,001,AP
205030,002,AP
019386,006,AP
019386,005,AP
019386,004,AP
011559,001,AP
218746,001,AP
216434,001,AP
217153,001,AP
215364,001,AP
219116,001,AP
074441,001,AP
079196,001,AP
217821,001,AP
217821,002,AP
217821,003,AP
207183,001,AP
207183,002,AP
205141,001,AP
205141,002,AP
070583,001,AP
070590,001,AP
070584,001,AP
070597,001,AP
070609,001,AP
070585,001,AP
216039,001,AP
216040,001,AP
216039,002,AP
216040,002,AP
216040,003,AP
091503,001,AP
091503,002,AP
217792,001,AP
217792,002,AP
071168,001,AP
071170,001,AP
203895,001,AP
203895,002,AP
203895,003,AP
204842,001,AP
204842,002,AP
204842,003,AP
091487,002,AP
091487,001,AP
091487,003,AP
076931,001,AP
074137,001,AP
206586,001,AP
219302,001,AP
210148,001,AP
209580,001,AP
205672,001,AP
212127,001,AP
208536,001,AP
207050,001,AP
215235,001,AP
210931,001,AP
020954,001,AP
075046,001,AP
078400,001,AP
078400,002,AP
075045,001,AP
075045,002,AP
074626,001,AP
074626,002,AP
213766,001,AP
212416,001,AP
215715,001,AP
212675,001,AP
209358,001,AP
219196,001,AP
211030,001,AP
078066,001,AP
209088,001,AP
217524,001,AP
219342,001,AP
203477,001,AP
211553,001,AP
218133,001,AP
021117,001,AP
020571,001,AP
020571,002,AP
020571,003,AP
217198,001,AP
215337,001,AP
216882,001,AP
211941,001,AP
216939,001,AP
217657,001,AP
214499,001,AP
218013,001,AP
216897,001,AP
216824,001,AP
213118,001,AP
019785,001,AP
215730,001,AP
211229,001,AP
213207,001,AP
211202,001,AP
213460,001,AP
214814,001,AP
210179,001,AP
209278,001,AP
020182,001,AP
020379,001,AP
020379,002,AP
020379,004,AP
065303,002,AP
065306,001,AP
065303,001,AP
065047,002,AP
065143,001,AP
065047,001,AP
203661,001,AP
209217,001,AP
062831,002,AP
065345,001,AP
062831,003,AP
062831,001,AP
065441,001,AP
065441,002,AP
214402,001,AP
214402,002,AP
203704,002,AP
203704,003,AP
091048,001,AP
091048,002,AP
050588,001,AP
050588,002,AP
065374,001,AP
065374,002,AP
065414,001,AP
065414,002,AP
065415,001,AP
065051,001,AP
065051,002,AP
065050,001,AP
065238,001,AP
065238,002,AP
065239,001,AP
065214,001,AP
065214,002,AP
062640,002,AP
062640,003,AP
062640,004,AP
065329,002,AP
065329,003,AP
065328,001,AP
065329,001,AP
209218,001,AP
065168,001,AP
065204,001,AP
065204,002,AP
065180,001,AP
050796,001,AP
050796,002,AP
091117,001,AP
090701,001,AP
064125,002,AP
065048,002,AP
014602,001,AB
050758,001,AP
020450,001,AP
064103,001,AP
040273,001,AP
040273,002,AP
202561,001,AP
090896,001,AP
218630,001,AP
202462,001,AP
091546,001,AP
218272,001,AP
218229,001,AP
080365,001,AP
211816,001,AP
216911,001,AP
083329,001,AP
216724,001,AP
217275,001,AP
018963,001,AP
218538,001,AP
018961,001,AP
078062,001,AP
078062,002,AP
076717,001,AP
076717,002,AP
078431,001,AP
077753,001,AP
077753,002,AP
078252,001,AP
078252,002,AP
018124,001,AP
019039,001,AP
217725,001,AP
217725,002,AP
203183,001,AP
215516,001,AP
215516,003,AP
215516,002,AP
204960,003,AP
203078,001,AP
203079,001,AP
203078,002,AP
203236,001,AP
203238,001,AP
203236,002,AP
211668,001,AP
211669,001,AP
211668,002,AP
201836,001,AP
201851,001,AP
201836,002,AP
200159,001,AP
209132,001,AP
212171,001,AP
212171,002,AP
203182,001,AP
203182,002,AP
204960,001,AP
204960,002,AP
200154,001,AP
200154,002,AP
206791,001,AP
206791,002,AP
206774,001,AP
074735,001,AP
207323,001,AP
075036,001,AP
018057,004,AP
074656,001,AP
218868,001,AP
021383,001,AP
076571,001,AP
075405,001,AP
210856,001,AP
062803,001,AP
050441,001,AP
062889,001,AP
065206,001,AP
090108,001,AP
090109,001,AP
208084,001,AP
208084,002,AP
208084,003,AP
203048,001,AP
203048,002,AP
203048,003,AP
201692,001,AP
201692,002,AP
201692,003,AP
214401,001,AP
214401,002,AP
214401,003,AP
200673,001,AP
200673,002,AP
200300,001,AP
200300,002,AP
203167,001,AP
203167,002,AP
202601,001,AP
202601,002,AP
202359,001,AP
065364,001,AP
201365,001,AP
205356,001,AP
050108,002,AP
016750,001,AP
020491,001,AP
202147,001,AP
212071,001,AP
217626,001,AP
216113,001,AP
018960,001,AP
080737,001,AP
214390,001,AP
217839,001,AP
214316,001,AP
204829,001,AP
215107,001,AP
212915,001,AP
215417,001,AP
206503,001,AP
209429,001,AP
209255,001,AP
080515,002,AP
214655,001,AP
210046,002,AP
210046,003,AP
210046,001,AP
040745,002,AP
040745,003,AP
040745,001,AP
218644,002,AP
218644,003,AP
218644,001,AP
218632,002,AP
218632,003,AP
218632,001,AP
204555,002,AP
204555,003,AP
204555,001,AP
216958,002,AP
216958,003,AP
216958,001,AP
214529,002,AP
214529,003,AP
214529,001,AP
215089,002,AP
215089,003,AP
215089,001,AP
211757,002,AP
211757,003,AP
211757,001,AP
065004,001,AP
065151,001,AP
019281,001,AP
076512,001,AP
211938,001,AP
211937,001,AP
071471,001,AP
071868,001,AP
072168,001,AP
072945,001,AP
075383,001,AP
208485,001,AP
205696,001,AP
200915,001,AP
201784,001,AP
074245,002,AP
075371,002,AP
075812,001,AP
075812,002,AP
075259,002,AP
075259,001,AP
203385,001,AP
207232,001,AP
213463,001,AP
203999,001,AP
018264,001,AP
204762,001,AP
065000,001,AP
050731,001,AP
208759,001,AP
065035,001,AP
018938,001,AP
078718,002,AP
078718,001,AP
207384,002,AP
207384,001,AP
078086,002,AP
078086,001,AP
076019,002,AP
076019,001,AP
009402,002,AO
009402,004,AO
021171,001,AP
021171,002,AP
021171,003,AP
021171,004,AP
011757,001,AB
011757,004,AB
020246,001,AB
085635,002,AO
085635,003,AO
016267,001,AP
215961,001,AP
216904,001,AP
216922,001,AP
074888,001,AP
204695,001,AP
204751,001,AP
210218,001,AP
210223,001,AP
208689,001,AP
210966,001,AP
210967,001,AP
084916,001,AP
203129,001,AP
040572,001,AP
209192,001,AP
215654,001,AP
215654,002,AP
084282,001,AP
087702,001,AP
217797,001,AP
040803,001,AP
040802,001,AP
207521,001,AP
211036,001,AP
208690,001,AP
040491,001,AP
207442,001,AP
204023,001,AP
204686,001,AP
216604,001,AP
216604,002,AP
207551,001,AP
207551,002,AP
208532,001,AP
208532,002,AP
205867,001,AP
210321,001,AP
210321,002,AP
208129,001,AP
201072,001,AP
208129,002,AP
208129,003,AP
202126,001,AP
209307,001,AP
209307,002,AP
209065,002,AP
209065,001,AP
209065,003,AP
209065,004,AP
206407,003,AP
205046,001,AP
206407,001,AP
206407,002,AP
204843,001,AP
217308,001,AP
217308,002,AP
202881,001,AP
212571,001,AP
212571,002,AP
203972,001,AP
208266,001,AP
208266,002,AP
202585,001,AP
091465,001,AP
212857,001,AP
212857,002,AP
212857,003,AP
205272,001,AP
212791,001,AP
212791,002,AP
206798,001,AP
200752,001,AP
200752,002,AP
207321,002,AP
207321,001,AP
076068,001,AP
076068,002,AP
216748,001,AP
216748,002,AP
019626,004,AP
016694,001,AP
209448,001,AP
018080,001,AP
019631,004,AP
016697,001,AP
211190,001,AP
017608,001,AP
212346,001,AP
017634,004,AP
212346,002,AP
017634,001,AP
017634,002,AP
019631,007,AP
211221,001,AP
017606,001,AP
211194,001,AP
017799,001,AP
019631,008,AP
211276,001,AP
019631,009,AP
017607,001,AP
211211,001,AP
019631,010,AP
017585,001,AP
019634,003,AP
016730,001,AP
019626,002,AP
016730,002,AP
016673,001,AP
020179,001,AP
016673,003,AP
020179,002,AP
207449,001,AP
019466,001,AP
019479,001,AP
016367,002,AP
016689,001,AP
016687,001,AP
016683,001,AP
016678,001,AP
018037,006,AP
018037,007,AP
018037,004,AP
018037,008,AP
018037,001,AP
018037,005,AP
018037,009,AP
018037,002,AP
018037,003,AP
018629,005,AP
018629,002,AP
018629,003,AP
018629,004,AP
018629,006,AP
018629,007,AP
018629,008,AP
018629,001,AP
018008,010,AP
019445,001,AP
203451,001,AP
020047,001,AP
018563,001,AP
019626,005,AP
020047,003,AP
018561,001,AP
019893,001,AP
218450,001,AP
210363,001,AP
211998,001,AP
218422,001,AP
214745,001,AP
216422,001,AP
070313,001,AP
070311,001,AP
072079,001,AP
071583,001,AP
217178,001,AP
208353,001,AP
210979,001,AP
210257,001,AP
207076,001,AP
214332,001,AP
214333,001,AP
040465,001,AP
083391,001,AP
040481,001,AP
215623,001,AP
040453,001,AP
206621,001,AP
040475,001,AP
212046,001,AP
207264,001,AP
019034,006,AP
019034,007,AP
019034,003,AP
019034,004,AP
019034,005,AP
216552,001,AP
078538,001,AP
074941,001,AP
075086,001,AP
074617,001,AP
040466,001,AP
205336,001,AP
218448,001,AP
205723,001,AP
040498,001,AP
080817,002,AP
091526,001,AP
019627,002,AB
074939,001,AP
074521,001,AP
074277,001,AP
074086,001,AP
216131,001,AP
020255,001,AP
020255,003,AP
020255,004,AP
020255,005,AP
020201,003,AP
020201,002,AP
020201,001,AP
020201,006,AP
201195,003,AP
201195,004,AP
201195,005,AP
203551,001,AP
203551,002,AP
203551,004,AP
215744,001,AP
215744,002,AP
215744,003,AP
209640,001,AP
209640,002,AP
209640,003,AP
204193,001,AP
204193,002,AP
214575,001,AP
214575,002,AP
214575,003,AP
213510,001,AP
213510,002,AP
213510,003,AP
213768,001,AP
213768,002,AP
207252,001,AP
207252,002,AP
207252,003,AP
216677,002,AP
216677,003,AP
216677,001,AP
204490,001,AP
204490,002,AP
022234,001,AP
022234,002,AP
022234,003,AP
209634,001,AP
209634,002,AP
209634,003,AP
210072,001,AP
210848,001,AP
208137,001,AP
208859,001,AP
207563,002,AP
207563,003,AP
201525,001,AP
201525,002,AP
201525,003,AP
210327,001,AP
205934,001,AP
210327,002,AP
205934,002,AP
210327,003,AP
205934,003,AP
207707,001,AP
207707,002,AP
018132,001,AP
018132,002,AP
018132,004,AP
018132,003,AP
019615,001,AP
019615,002,AP
019615,003,AP
018826,001,AP
018826,002,AP
018826,003,AP
014879,001,AP
076266,001,AP
215810,001,AP
213717,001,AP
213717,002,AP
210452,001,AP
091101,001,AP
208614,001,AP
210801,001,AP
211670,001,AP
091333,001,AP
200926,001,AP
203622,001,AP
203622,002,AP
208888,001,AP
208888,002,AP
063277,001,AP
209825,001,AP
062975,001,AP
062921,002,AP
062921,003,AP
064097,001,AP
200170,002,AP
050629,001,AP
050629,002,AP
091495,001,AP
091418,001,AP
062475,001,AP
062475,002,AP
091406,001,AP
207757,001,AP
207757,002,AP
218888,001,AP
218753,001,AP
215583,001,AP
217854,001,AP
218053,001,AP
217794,001,AP
216690,001,AP
217078,001,AP
217685,001,AP
217685,002,AP
062992,001,AP
062992,002,AP
018511,001,AP
072123,001,AP
208197,001,AP
020615,001,AP
018565,001,AP
018565,002,AP
016093,001,AP
020649,002,AP
020649,003,AP
020649,004,AP
050778,001,AP
050778,002,AP
075634,001,AP
075578,001,AP
078687,001,AP
075458,001,AP
065361,001,AP
065361,002,AP
090163,001,AP
065289,001,AP
065289,002,AP
090075,001,AP
090075,002,AP
065331,001,AP
065331,002,AP
078396,001,AP1
078396,002,AP1
213913,001,AP2
213913,002,AP2
210473,001,AP2
210473,002,AP2
208554,002,AP
206127,001,AP
206127,002,AP
213599,001,AP
213599,002,AP
203258,001,AP
203258,002,AP
204693,001,AP
204693,002,AP
213081,001,AP
213081,002,AP
209864,001,AP
209864,002,AP
090854,001,AP
062638,001,AP
050609,001,AP
216761,001,AP
215290,001,AP
216603,001,AP
216603,002,AP
216244,001,AP
216244,002,AP
205520,001,AP
208538,001,AP
076323,001,AP
214172,001,AP
214172,002,AP
076474,001,AP
206608,001,AP
206608,002,AP
207107,001,AP
207107,002,AP
090920,001,AO
090920,002,AO
203723,001,AO
203723,002,AO
203723,003,AO
216656,001,AO
216656,002,AO
216656,003,AO
204634,001,AP
205473,001,AP
208663,001,AP
207758,001,AP
215028,001,AP
206126,001,AP
209058,001,AP
074593,001,AP
202354,001,AP
201044,001,AP
202360,001,AP
074513,001,AP
074983,001,AP
074290,001,AP
074529,001,AP
075709,001,AP
075488,001,AP
078641,001,AP
075651,001,AP
075684,001,AP
075813,001,AP
075486,001,AP
078642,001,AP
075622,001,AP
075825,001,AP
212086,001,AP
019101,001,AP
019115,001,AP
210762,001,AP
020955,001,AB
018657,001,AP
020444,001,AP1
020444,002,AP1
075837,001,AP
075387,001,AP
076145,001,AP
076145,002,AP
076087,001,AP
076087,003,AP
076736,001,AP
076766,001,AP
076766,002,AP
078107,001,AP
078107,002,AP
078698,001,AP
078698,002,AP
076303,001,AP
076303,002,AP
079104,001,AP
079104,002,AP
077909,001,AP
077909,002,AP
078610,001,AP
090724,001,AP1
078393,001,AP1
078544,001,AP
076349,001,AP
076661,001,AP1
076755,002,AP
076755,001,AP
076955,002,AP
076955,001,AP
076256,002,AP
076787,002,AP
076256,001,AP
076787,001,AP
078527,001,AP
078527,002,AP
078595,001,AP
090584,001,AP
090584,002,AP
077071,001,AP
077071,002,AP
040743,001,AP
040798,001,AP
040743,002,AP
217295,001,AP
217676,001,AP
202668,002,AP
202669,001,AP
202669,002,AP
202668,001,AP
040279,001,AP
040278,001,AP
040278,002,AP
040279,002,AP
210123,002,AP
210124,001,AP
210124,002,AP
210123,001,AP
216494,001,AP
215699,001,AP
203608,002,AP
203609,001,AP
203609,002,AP
203608,001,AP
207739,001,AO
071413,001,AO
215509,001,AO
074531,001,AO
215365,001,AO
075918,001,AO
203732,001,AO
089202,001,AP
202522,001,AP
078368,001,AP
216791,001,AP
078639,001,AP
078537,001,AP
216602,001,AP
213807,001,AP
212483,001,AP
213001,001,AP
213987,001,AP
020068,001,AP
078052,001,AP
214926,001,AP
077481,001,AP
077989,001,AP
078765,001,AP
078417,001,AP
078137,001,AP
070017,001,AP
207552,001,AP
208435,001,AP
217557,001,AP
203428,001,AP
202747,001,AP
212174,001,AP
018902,001,AP
213902,001,AP
018267,001,AP
075241,001,AP
018667,001,AP
216860,001,AP
212803,001,AP
215856,001,AP
214766,001,AP
077941,001,AP
204246,001,AP
218749,001,AP
018058,001,BS
090658,001,AP
076222,001,AP
204950,001,AP
207645,001,AP
204204,001,AP
212613,001,AP
215658,001,AP
216075,001,AP
214996,001,AP
021057,001,AP
218855,001,AP
219454,001,AP
091365,002,AP
202997,001,AP
091365,001,AP
090799,002,AP
090242,003,AP
090799,003,AP
090799,001,AP
204520,002,AP
204520,001,AP
213175,002,AP
213175,003,AP
213175,001,AP
078339,002,AP
078339,001,AP
200795,002,AP
079183,001,AP
200795,003,AP
200795,001,AP
202485,002,AP
202485,001,AP
212129,002,AP
212129,003,AP
212129,001,AP
205242,002,AP
205242,003,AP
205242,001,AP
210383,002,AP
210383,003,AP
210383,001,AP
209077,002,AP
209077,003,AP
209077,001,AP
207575,002,AP
210991,002,AP
210991,003,AP
207575,001,AP
210991,001,AP
078433,002,AP
078433,001,AP
078759,002,AP
078759,001,AP
215236,001,AP
215237,001,AP
062366,002,AP
062366,001,AP
062251,002,AP
062251,001,AP
062420,001,AP
062420,002,AP
062373,007,AP
062373,008,AP
062373,002,AP
062373,005,AP
062414,001,AP
062414,003,AP
062414,008,AP
062414,010,AP
208086,001,AP
214457,001,AP
204468,001,AP
213238,001,AP
214635,001,AP
089335,001,AP
208973,001,AP
215333,001,AP
210246,001,AP
211705,001,AP
209024,001,AP
209328,001,AP
212612,001,AP
090963,001,AP
212802,001,AP
212871,001,AP
210842,001,AP
210927,001,AP
210083,001,AP
211334,001,AP
207639,001,AP
212591,001,AP
078262,001,AP
078258,001,AP
078258,002,AP
078863,001,AP
078880,001,AP
078392,001,AP
077297,001,AP
078522,001,AP
078090,001,AP
077913,001,AP
077186,001,AP
077187,001,AP
077177,001,AP
078629,001,AP
078629,002,AP
091136,001,AP
091136,002,AP
091137,002,AP
079078,001,AP
079078,002,AP
078534,001,AP
078531,001,AP
078531,002,AP
078835,001,AP
078835,002,AP
078863,002,AP
078096,001,AP
018701,001,AO
018701,002,AO
075689,001,AP
076774,001,AP
075858,001,AP
078347,001,AP
091637,001,AP
200742,001,AP
219168,001,AO
219168,002,AO
074893,001,AO
074893,002,AO
205241,001,AO
205241,002,AO
075305,001,AO
216730,001,AO
216730,002,AO
214507,001,AO
214507,002,AO
075440,001,AO
075440,002,AO
209101,001,AO
209101,002,AO
211180,001,AO
211180,002,AO
021027,002,AP
021027,001,AP
017989,001,AP
214804,001,AP
214839,001,AP
017029,001,AP
206552,001,AP
017651,006,AP
017029,003,AP
017029,004,AP
205323,002,AP
205323,001,AP
017037,001,AP
017037,002,AP
017037,003,AP
090571,001,AP
090571,002,AP
090571,003,AP
211005,001,AP
211007,001,AP
211007,002,AP
212061,001,AP
211007,003,AP
211004,001,AP
203851,001,AP
203851,002,AP
203851,003,AP
203852,001,AP
091682,001,AP
091682,002,AP
201002,001,AP
090808,001,AP
090808,002,AP
090808,003,AP
090809,001,AP
202957,001,AP
202733,001,AP
202957,002,AP
203198,001,AP
203198,002,AP
018609,001,AP
019953,001,AP
212441,001,AP
018916,010,AP
019339,003,AP
018609,002,AP
212441,002,AP
018916,011,AP
019952,004,AP
019952,005,AP
019339,004,AP
019339,002,AP
017029,013,AP
017029,014,AP
017029,015,AP
017029,016,AP
017029,010,AP
017029,019,AP
089522,001,AP
212060,001,AP
090810,001,AP
202732,001,AP
020671,001,AP
040136,001,AP
219797,001,AP
215147,001,AP
040388,001,AP
213667,001,AP
217501,001,AP
202938,001,AP
040730,001,AP
214050,001,AP
216899,001,AP
216899,002,AP
216899,003,AP
202159,001,AP
216899,004,AP
200403,001,AP
200403,002,AP
200403,003,AP
078591,001,AP
078228,001,AP
078261,001,AP
204146,001,AP
090643,001,AP
011525,001,AP
050734,001,AP
065275,001,AP
065288,001,AP
065036,001,AP
019763,001,AP
019763,002,AP
076078,001,AP
076078,002,AP
076619,001,AP
076619,002,AP
076657,001,AP
076657,002,AP
202586,001,AP
019044,001,AP
212785,001,AP
040811,001,AP
017441,001,BP
018565,003,AP
018565,004,AP
018449,001,AP
020248,001,AP
214271,001,AP
214271,002,AP
215382,001,AP1
217134,001,AP2
217134,002,AP
215382,002,AP
217134,003,AP
217134,004,AP
079068,001,AP
079068,002,AP
078589,001,AP
078589,002,AP
078589,003,AP
090726,001,AP
090726,002,AP
213278,001,AP
213278,002,AP
213278,003,AP
213278,004,AP
077776,001,AP
077776,002,AP
212993,001,AP
212993,002,AP
090675,002,AP
090675,001,AP
078753,001,AP
078753,002,AP
091032,001,AP
091032,002,AP
077915,001,AP
077915,002,AP
078796,001,AP
203054,001,AP
203054,002,AP
206935,001,AP
206935,002,AP
203380,001,AP
203380,002,AP
203380,003,AP
208718,001,AP
208718,002,AP
208718,003,AP
090101,001,AP
090393,002,AP
090393,003,AP
210576,001,AP
210106,001,AP
211237,001,AP
212189,001,AP
217648,001,AP
211703,001,AP
210845,001,AP
206961,001,AP
215542,001,AP
211590,001,AP
018735,006,AP2
018735,007,AP
018735,002,AP
018735,003,AP
018735,001,AP1
018735,004,AP
012041,001,AB
014901,001,AB
016812,001,AP
016812,002,AP
016812,003,AP
076092,001,AP
076092,002,AP
076092,003,AP
215808,001,AP
215808,002,AP
215808,003,AP
216809,001,AP
216809,002,AP
216809,003,AP
074524,001,AP
074524,002,AP
074549,001,AP
074549,002,AP
214456,001,AP
214456,002,AP
217166,001,AP
217166,002,AP
209900,002,AP
209900,001,AP
217789,001,AP
217789,002,AP
075784,001,AP
075784,002,AP
203242,002,AP
204216,001,AP
204216,002,AP
075772,001,AP
075772,002,AP
074802,001,AP
074802,002,AP
211445,001,AP
091065,001,AP
091065,002,AP
076271,002,AP
077942,001,AP
077942,002,AP
076051,001,AP
214533,001,AP
090699,001,AP
075303,001,AP
075239,001,AP
075240,001,AP
075431,001,AP
016679,001,AP
019632,001,AP
016682,001,AP
209338,001,AP
017641,001,AP
009330,002,AP
217021,001,AP
217021,002,AP
217021,003,AP
217021,005,AP
217021,004,AP
089384,001,AP
089717,001,AP
216590,001,AP
216590,002,AP
216590,003,AP
216590,004,AP
216590,005,AP
040258,001,AP
040286,001,AP
040056,001,AP
040335,001,AP
203800,001,AP
203800,002,AP
203800,003,AP
200753,001,AP
200753,002,AP
200753,003,AP
200855,001,AP
209110,001,AP
075861,001,AP
217430,001,AP
075567,001,AP
205540,001,AP
205540,002,AP
091644,001,AP
091644,002,AP
200674,001,AP
200674,002,AP
200674,003,AP
206908,001,AP
206908,002,AP
206908,003,AP
091375,001,AP
091375,002,AP
091375,003,AP
078579,001,AP
078579,002,AP
078579,003,AP
090343,001,AP
090343,002,AP
090343,003,AP
007513,001,AP
219535,001,AP
214336,001,AP
214339,001,AP
214336,002,AP
214339,002,AP
208474,001,AP
207182,001,AP
207182,002,AP
088586,002,AP
088586,003,AP
088328,001,AP
083158,001,AP
088329,001,AP
040078,001,AP
083158,002,AP
088294,001,AP
212821,001,AP
212821,002,AP
083173,001,AP
083173,002,AP
217692,001,AP
217692,003,AP
217693,001,AP
217692,002,AP
217693,002,AP
214267,001,AP
214267,002,AP
214269,001,AP
208017,001,AP
080407,001,AP
080407,002,AP
019830,002,AP
018461,002,AP
019830,003,AP
018461,003,AP
019830,004,AP
018461,004,AP
208475,001,AP
089635,001,AP
088571,001,AP
089645,001,AP
089651,001,AP
089644,001,AP
088586,001,AP
088325,001,AP
088299,001,AP
088327,001,AP
203082,001,AP
203082,002,AP
017584,001,AP
017584,002,AP
084625,001,AP
084625,002,AP
080408,001,AP
080408,002,AP
088295,001,AP
040302,001,AP
040302,002,AP
050317,001,AP
212770,001,AP
215657,001,AP
215082,001,AP
201746,001,AP
217598,001,AP
074243,001,AP
074243,002,AP
076150,001,AP
075025,001,AP
207967,001,AP
207967,002,AP
207967,003,AP
207966,001,AP
211965,001,AP
206486,001,AP
020488,001,AP
207349,001,AP
209932,001,AP
216597,001,AP
216597,002,AP
211966,001,AP
211966,002,AP
211966,003,AP
206485,003,AP
206485,004,AP
206485,001,AP
206485,005,AP
206485,002,AP
213917,001,AP
213917,002,AP
020309,003,AP
020309,001,AP
020309,002,AP
020309,004,AP
020309,005,AP
207350,001,AP
207350,002,AP
207350,003,AP
207350,004,AP
207350,005,AP
209642,001,AP
209642,002,AP
209642,003,AP
209911,001,AP
209911,002,AP
217583,001,AP
018962,001,AP
020006,002,AP
020006,003,AP
020006,004,AP
019603,004,AP
080677,001,AP
016269,006,AP
020006,001,AP
016964,001,AP
016964,006,AP
016964,012,AP
016964,005,AP
016964,009,AP
016964,004,AP
016964,008,AP
016964,013,AP
016964,007,AP
016964,010,AP
215397,001,AB
077235,001,AB
077334,001,AB
212824,001,AB
212844,001,AB
076553,001,AB
210227,001,AB
206018,001,AP
204817,001,AP
211463,001,AP
206523,001,AP
209197,001,AP
203655,001,AP
203393,001,AP
209826,001,AP
215024,001,AP
090303,001,AP
210947,001,AP
212960,001,AP
090270,001,AP
201379,001,AP
080445,001,AP
080455,007,AP
080445,002,AP
080455,008,AP
080445,003,AP
080455,009,AP
080445,004,AP
080455,010,AP
091404,002,AP
091404,001,AP
204139,002,AP
204139,001,AP
205883,002,AP
205883,001,AP
216154,002,AP
216154,001,AP
205835,002,AP
205835,001,AP
206141,002,AP
206141,001,AP
210773,002,AP
210773,001,AP
216424,002,AP
216424,001,AP
206086,002,AP
206086,001,AP
009830,001,AP
020134,001,AP
218252,001,AP
218609,001,AP
208306,001,AP
021624,001,AP
215488,001,AP
040266,001,AP
040263,001,AP
089341,001,AP
011719,010,AP
040716,001,AP
040767,001,AP
040768,001,AP
040632,001,AP
089340,001,AP
089343,001,AP
011719,012,AP
040843,001,AP
040843,002,AP
040843,004,AP
203407,003,AP
203407,001,AP
203407,002,AP
090029,001,AP
090039,001,AP
090039,002,AP
090193,001,AP
040889,001,AP
210043,001,AB
216502,001,AB
210043,002,AB
216502,002,AB
211930,001,AB
211930,002,AB
219145,001,AB
040557,001,AB
040557,002,AB
214297,001,AB
214297,002,AB
201835,002,AB
201835,003,AB
040719,001,AB
040794,001,AB
040719,002,AB
040794,002,AB
214870,002,AB
214870,001,AB
207549,001,AP
207549,002,AP
040612,001,AP
040583,001,AP
040583,002,AP
202691,002,AP
203125,001,AP
203125,002,AP
202691,001,AP
040888,004,AP
040888,005,AP
040888,001,AP
040888,002,AP
040888,003,AP
212396,004,AP
212396,005,AP
212396,001,AP
212396,002,AP
212396,003,AP
204756,001,AP
073118,001,AP
073135,001,AP
078950,001,AP
091045,001,AP
204205,001,AP
076495,001,AP
077761,001,AP
078085,001,AP
077360,001,AP
018900,001,AP
217665,001,AP
078084,001,AP
212435,001,AP
018890,002,AP
206191,001,AP
017808,002,AP
075154,002,AP
075154,001,AP
090696,001,AP
090850,001,AP
075243,001,AP
075247,002,AP
075324,001,AP
075421,002,AP
212847,001,AP
075243,002,AP
075247,001,AP
075324,002,AP
075421,001,AP
212847,002,AP
075293,001,AP
075293,002,AP
217504,001,AP
217504,002,AP
075494,001,AP
075494,002,AP
203460,001,AP
203460,002,AP
075857,001,AP
075857,002,AP
090315,001,AP
090315,002,AP
090316,001,AP
090316,002,AP
214380,001,AP
075936,001,AP
075530,001,AP
075660,001,AP
077966,001,AP
203280,001,AP
211671,001,AP
216373,001,AP
209666,001,AP
209666,002,AP
075834,001,AP
075834,002,AP
213585,001,AP
213585,002,AP
078113,001,AP
078113,002,AP
090038,001,AP
090038,002,AP
204393,001,AP
204393,002,AP
064144,001,AP
064144,002,AP
064144,003,AP
216732,001,AP
216732,002,AP
216732,003,AP
211269,001,AP
211269,002,AP
211269,003,AP
215687,001,AP
215687,002,AP
216648,001,AP
064180,001,AP
064117,002,AP
064180,002,AP
064117,003,AP
214505,001,AP
214505,002,AP
214504,001,AP
202670,001,AP
202670,002,AP
203386,001,AP
077496,001,AP
077496,002,AP
077496,003,AP
076611,001,AP
076611,002,AP
076611,003,AP
076871,001,AP
076871,002,AP
076871,003,AP
077356,001,AP
077356,002,AP
077356,003,AP
211452,001,AP
205758,001,AP
211452,002,AP
205758,002,AP
211452,003,AP
205758,003,AP
211452,004,AP
073509,001,AP
073510,001,AP
202515,001,AP
202515,002,AP
202515,003,AP
202515,004,AP
215371,001,AP
214283,001,AP
212130,001,AP
203859,001,AP
216390,001,AP
203575,001,AP
204043,001,AP
204473,001,AP
090560,001,AP
090560,002,AP
091613,001,AP
091613,002,AP
091614,001,AP
090002,001,AP
090002,002,AP
090005,001,AP
200002,001,AP
200002,002,AP
090582,001,AP
090582,002,AP
090580,001,AP
070299,001,AP
216624,001,AP
216624,002,AP
214785,001,AP
214792,001,AP
214785,002,AP
216977,001,AP
213209,001,AP
213279,001,AP
212456,001,AP
213573,001,AP
213573,002,AP
212300,002,AP
212300,001,AP
070172,001,AP
070256,001,AP
070257,001,AP
072076,001,AP
218404,001,AP
204997,001,AP
205014,001,AP
213843,001,AP
215964,001,AP
208871,001,AP
208872,001,AP
207633,001,AP
207634,001,AP
083246,001,AP
009435,002,AP
009435,006,AP
009435,007,AP
090534,001,AP
217548,001,AP
211121,001,AP
022276,001,AP
090671,001,AP
216420,001,AP
090664,001,AP
020122,001,AP
210839,001,AP
219163,001,AP
040859,001,AP
219443,001,AP
214455,001,AP
217575,001,AP
211382,001,AP
214323,001,AP
040462,001,AP
203662,001,AP
040455,001,AP
211242,001,AP
218758,001,AP
211359,001,AP
019531,002,AP
020314,001,AP
077450,001,AP
077450,002,AP
216839,002,AP
216807,001,AP
216839,001,AP
216807,002,AP
204669,001,AP
204669,002,AP
203765,001,AP
204669,003,AP
203765,002,AP
075957,001,AP
075957,002,AP
075959,001,AP
075957,003,AP
075959,002,AP
091041,001,AP
091041,002,AP
210317,001,AB
210317,002,AB
210317,003,AB
076330,001,AP
076330,002,AP
077457,001,AP
077457,002,AP
077457,003,AP
079198,001,AP
079198,002,AP
079198,003,AP
090834,001,AP
090834,002,AP
090834,003,AP
076313,001,AP
076313,003,AP
076313,002,AP
206846,001,AP
076974,001,AP
079224,001,AP
090648,001,AP
076967,001,AP
077365,001,AP
077473,001,AP
203711,001,AP
077430,001,AP
077577,001,AP
078287,001,AP
076972,001,AP
202253,001,AP
077011,001,AP
077541,001,AP
077548,001,AP
077551,001,AP
077716,001,AP
040463,001,AP
040484,001,AP
090585,001,AP
084779,001,AP
013684,002,AP
013684,006,AP
013684,004,AP
013684,008,AP
013684,003,AP
013684,007,AP
013684,001,AP
013684,005,AP
201539,001,AP
201539,002,AP
201538,001,AP
206198,001,AP
206198,002,AP
206199,001,AP
091486,002,AP
091245,001,AP
207147,001,AP
207147,002,AP
207148,001,AP
018248,001,AP
018248,002,AP
018243,001,AP
018243,002,AP
200219,001,AP
091676,001,AP
091676,002,AP
205720,001,AP
090130,001,AP
216874,001,AP
077574,001,AP
207326,001,AP
075190,001,AP
076131,001,AP
213434,001,AP
075184,001,AP
077433,001,AP
077433,003,AP
078156,001,AP2
078156,002,AP
078156,003,AP2
075290,001,AP
021113,001,AP1
075290,003,AP
021113,002,AP1
075841,001,AP2
075841,002,AP
075841,003,AP2
078520,001,AP2
078520,002,AP2
078373,001,AP1
078373,002,AP1
205043,002,AP
205043,001,AP
065149,002,AP
065149,003,AP
065448,001,AP
065448,002,AP
065079,002,AP
065079,003,AP
019264,001,AP
213806,001,AP
206666,001,AP
206982,001,AP
206677,001,AP
203619,001,AP
206404,001,AP
077841,001,AP
060657,002,AP
060657,003,AP
040235,001,AP
207686,001,AP
040573,001,AP
084307,001,AP
219212,001,AB1
214966,001,AB
207719,001,AB1
217386,001,AB1
083722,001,AB
065498,001,AP
065498,002,AP
065498,003,AP
203719,001,AP
203719,002,AP
203719,003,AP
203720,001,AP
065523,001,AP
065523,002,AP
065523,003,AP
090498,001,AP
065458,001,AP
065458,002,AP
065458,003,AP
207847,001,AP
207848,002,AP
207847,002,AP
207847,003,AP
207848,001,AP
208674,001,AP
208674,002,AP
208674,003,AP
208675,001,AP
065362,001,AP
065363,001,AP
065362,002,AP
065363,002,AP
065362,003,AP
065363,003,AP
203557,001,AP
203557,002,AP
204959,001,AP
204959,002,AP
204959,003,AP
217243,001,AP
206996,001,AP
206996,002,AP
206996,003,AP
207146,001,AP
018261,001,AP
018261,002,AP
017378,002,AP
206589,001,AP
065372,001,AP
207322,001,AP
202766,001,AP
206203,001,AP
212692,001,AP
217515,001,AP
018896,001,AP
085870,001,AP
080205,001,AP
217704,001,AP
019630,008,AP
019630,014,AP
019630,020,AP
019630,026,AP
078446,001,AP
019630,010,AP
019630,016,AP
019630,022,AP
019630,028,AP
019699,004,AP
017648,005,AP
212347,001,AP
017648,001,AP
212347,003,AP
019708,004,AP
017648,002,AP
212347,002,AP
019630,012,AP
019630,018,AP
019630,024,AP
019630,030,AP
019699,006,AP
211087,001,AP
211087,002,AP
214727,001,AP
214727,002,AP
212348,001,AP
213523,001,AP
213523,005,AP
018008,005,AP
018008,006,AP
018362,009,AP
018362,005,AP
019904,001,AP
019904,005,AP
020161,005,AP
020161,001,AP
019367,006,AP
211087,005,AP
211087,003,AP
214727,004,AP
214727,003,AP
019367,004,AP
019367,005,AP
019685,002,AP
212348,002,AP
018365,001,AP
213523,002,AP
018008,007,AP
018362,010,AP
213445,001,AP
019308,005,AP
019691,005,AP
019904,006,AP
019904,002,AP
020161,002,AP
020161,006,AP
019686,001,AP
019367,007,AP
213523,003,AP
018008,008,AP
018362,002,AP
211087,004,AP
214727,005,AP
019367,008,AP
213523,004,AP
018008,009,AP
018362,003,AP
213445,002,AP
019308,007,AP
019691,009,AP
019904,004,AP
020161,004,AP
019686,002,AP
088901,001,AP
088908,001,AP
021038,005,AP
021038,004,AP
021038,001,AP
021038,002,AP
021038,003,AP
078959,001,AP
218674,001,AP
218674,002,AP
218135,001,AP
218135,002,AP
089069,001,AP
089070,001,AP
088636,001,AP
206332,001,AP
206332,002,AP
214192,001,AP
204147,001,AP
214379,001,AP
213873,001,AP
214107,001,AP
089903,001,AP
210710,001,AP
040540,001,AP
212257,001,AP
213626,001,AP
210965,001,AO
075906,001,AO
091033,001,AO
215634,001,AO
050709,001,AP
020131,001,AP
083312,001,AP
083312,002,AP
040737,001,AP
040737,002,AP
217525,001,AB
217013,001,AB
206408,001,AB
205067,001,AB
074848,001,AB
077908,001,AB
205576,001,AB
075102,001,AB
075826,001,AP
077760,001,AP
018484,001,AP
008845,006,AP
017398,001,AP
206223,001,AP
206223,002,AP
206223,003,AP
210594,001,AP
210594,002,AP
210594,003,AP
215635,001,AP
215635,002,AP
215635,003,AP
078378,001,AP
050627,001,AP
065502,001,AP
091181,001,AP
064217,001,AP
205039,001,AP
065421,001,AP
020002,001,AP
016693,001,AP
018251,001,AP
216234,001,AP
216234,002,AP
206206,001,AP
206206,002,AP
078651,001,AP
078651,002,AP
205656,001,AP
205656,002,AP
078519,001,AP
078519,002,AP
219674,001,AP
219674,002,AP
213453,001,AP
213453,002,AP
079199,001,AP
079199,002,AP
210437,001,AP
210437,002,AP
212668,001,AP
212668,002,AP
091458,001,AP
091458,002,AP
079195,001,AP
079195,002,AP
215684,001,AP
215684,002,AP
217092,001,AP
091115,001,AP
091115,002,AP
204679,001,AP
204679,002,AP
050573,001,AP
019667,001,AP
019667,002,AP
019667,003,AP
021008,001,AB
021008,002,AB
021008,003,AB
070966,001,AP
070967,001,AP
070552,001,AP
018304,001,AP
070968,001,AP
018304,004,AP
070553,001,AP
018304,002,AP
018304,005,AP
070554,001,AP
018304,003,AP
219701,001,AP
211091,001,AP
211091,002,AP
211091,003,AP
202679,001,AP
202981,001,AP
202494,001,AP
202432,001,AP
202494,002,AP
203449,001,AP
216042,001,AP
216364,001,AP
217594,001,AP
019635,001,AP
018016,001,AP
208122,001,AP
019759,001,AP
018090,001,AP
017464,001,AP
019635,002,AP
207310,001,AP
078177,001,AP
076316,001,AP
019480,001,AP
207956,001,AP
016366,001,AP
212248,001,AP
217796,001,AP
019635,003,AP
019022,001,AP
209476,001,AP
019635,004,AP
019022,002,AP
078215,001,AB
209493,001,AP
214971,001,AP
211016,001,AP
210114,001,AP
209352,001,AP
210763,001,AP
207499,001,AP
209584,001,AP
207426,001,AP
214199,001,AP
210882,001,AP
209937,001,AP
009866,001,AP
011856,006,AP
011856,007,AP
011856,003,AP
011856,004,AP
011856,005,AP
040541,002,AP
075941,001,AP
016619,001,AP
214308,001,AP
211432,001,AP
210231,001,AP
213810,001,AP
218878,001,AP
216003,001,AP
214491,001,AP
210698,001,AP
211346,001,AP
217885,001,AP
214246,001,AP
213229,001,AP
214514,001,AP
214879,001,AP
215022,001,AP
211589,001,AP
211625,001,AP
209467,001,AP
019050,001,AP
074413,001,AP
074534,001,AP
206607,001,AP
212231,001,AP
073303,001,AP
217108,001,AP
020449,005,AP
062662,002,AP
064032,001,AP
062662,003,AP
064032,002,AP
062662,004,AP
019882,001,AP
017538,001,AP
078809,001,AP
078098,001,AP
078806,001,AP
078242,001,AP
018107,001,AP
215146,001,AP
206489,001,AP
208994,001,AP
200122,001,AP
076887,001,AP
078630,001,AP
207742,001,AO
210362,001,AO
210362,002,AO
211817,001,AO
211817,002,AO
090387,001,AO
090387,002,AO
091244,001,AO
040530,001,AO
040615,001,AO
040615,002,AO
206368,001,AO
215351,001,AO
215351,002,AO
212659,001,AO
091120,001,AO
040575,001,AO
218471,001,AP
215692,001,AP
080571,001,AP
208703,001,AP
080556,001,AP
217800,001,AP
091623,001,AP
217181,001,AP
206106,001,AP
080575,001,AP
211831,001,AP
210337,001,AP
209150,001,AP
208242,001,AP
075547,001,AP
206965,001,AP
217519,001,AP
050789,001,AP
065122,001,AP
065122,002,AP
211189,001,AP
209621,001,AP
209621,002,AP
063117,001,AP
063111,001,AP
065407,001,AP
217029,001,AP
205685,001,AP
065013,001,AP
065120,001,AP
209346,001,AP
202351,001,AP
090620,001,AP
201191,001,AP
091089,001,AP
206962,001,AP
091284,001,AP
091199,001,AP
201885,001,AP
208840,001,AP
209860,001,AP
203521,001,AP
212360,001,AP
202373,001,AP
205035,001,AP
207239,001,AP
202436,001,AP
206713,001,AP
091657,001,AP
212676,001,AP
201580,001,AP
207550,001,AB
218773,001,AB
218421,001,AB
212400,001,AB
215254,001,AB
213543,001,AB
212567,001,AB
209852,001,AB
021248,002,AP
020630,001,AP
020630,002,AP
020630,003,AP
050608,002,AP
050608,001,AP
050608,005,AP
076539,001,AP
078523,001,AP
076295,001,AP
216591,002,AP
216591,001,AP
205780,002,AP
205779,001,AP
205779,002,AP
205780,001,AP
062663,002,AP
062663,003,AP
062663,004,AP
062663,001,AP
062663,005,AP
205694,002,AP
205694,003,AP
205694,004,AP
205694,001,AP
203300,002,AP
204107,002,AP
204360,001,AP
204360,002,AP
204107,001,AP
206616,001,AP
062912,001,AP
062933,001,AP
063076,001,AP
063076,002,AP
062911,001,AP
062931,001,AP
062912,002,AP
062933,002,AP
065401,002,AP
065401,001,AP
215197,002,AP
215196,001,AP
215196,002,AP
215197,001,AP
215195,001,AP
065397,002,AP
065432,001,AP
091554,001,AP
065397,001,AP
200837,001,AP
200837,002,AP
212332,002,AP
215821,001,AP
215821,002,AP
212332,001,AP
204125,001,AP
204125,002,AP
206670,001,AP
206670,002,AP
205390,001,AP
205390,002,AP
075549,001,AP
203725,001,AP
075549,002,AP
203725,002,AP
075164,001,AP
075164,002,AP
074688,001,AP
074688,002,AP
090243,001,AP
090243,002,AP
078274,001,AP
078274,002,AP
079001,001,AP
079001,002,AP
022260,002,AP2
022260,001,AP2
212965,001,AP
216471,001,AP
214361,001,AP
215829,001,AP
214653,001,AP
214215,001,AP
080557,003,AP
078011,001,AP
202017,001,AP
075992,001,AP
076461,001,AP
091106,001,AP
020351,001,AP
020351,002,AP
087954,001,BP
087955,001,AB1
006488,008,AP
006488,007,AP
006488,010,AP
006488,002,AP
006488,012,AP
006488,017,AP
006488,019,AP
006488,004,AP
212007,001,AP
217625,001,AP
216152,001,AP
018959,001,AP
050733,001,AP
201741,001,AP
217466,001,AP
210968,001,AP
218116,001,AP
201588,001,AP
211072,001,AP
021346,004,AB
021346,001,AB
021346,002,AB
021346,003,AB
214068,001,AB
214068,002,AB
214068,003,AB
214068,004,AB
021253,001,AP
065305,003,AP
065305,004,AP
065305,001,AP
065305,002,AP
065342,003,AP
065342,004,AP
065342,001,AP
065342,002,AP
203702,003,AP
203702,004,AP
203702,001,AP
203702,002,AP
065169,003,AP
065169,004,AP
065169,001,AP
065169,002,AP
065391,003,AP
065391,001,AP
065391,002,AP
064125,001,AB
065048,001,AB
208790,001,AP
209133,001,AP
212040,001,AP
218067,001,AP
207647,001,AP
021337,001,AP
020800,003,BX
020800,004,BX
090589,002,AB
090589,001,AB
019430,001,AB
019430,002,AB
091193,001,AP
091193,002,AP
091193,003,AP
210777,001,AP
210048,001,AP
210315,001,AP
210048,002,AP
209592,001,AP
209594,001,AP
209592,002,AP
217324,001,AP
217324,002,AP
217324,003,AP
022462,001,AP
022462,002,AP
022462,004,AP
022462,003,AP
020075,003,AP
020075,001,AP
020075,002,AP
021539,001,AP
207358,001,AP
200644,001,AP
213693,001,AP
215620,001,AP
217182,001,AP
203173,001,AP
091684,001,AP
218397,001,AP
208166,001,AP
022186,001,AP
203779,001,AP
204352,001,AP
203783,001,AP
203700,001,AP
022119,001,AP
207025,001,AP
210524,001,AP
204514,001,AP
203938,001,AP
203321,001,AP
215083,001,AP
204457,001,AP
204535,001,AP
204515,001,AP
204455,001,AP
204510,001,AP
204547,001,AP
204465,001,AP
203543,001,AP
203812,001,AP
204496,001,AP
211698,001,AP
209507,001,AP
211740,001,AP
204506,001,AP
020873,001,AP
205570,001,AP
022485,001,AP
021877,001,AP
206551,001,AP
201577,001,AP
205962,001,AP
090189,001,AP
091602,001,AP
202471,001,AP
210031,001,AP
213078,001,AP
206775,001,AP
206775,002,AP
206775,003,AP
206775,004,AP
090475,001,AP
090475,002,AP
090475,003,AP
091268,002,AP
205487,001,AP
205487,002,AP
205487,003,AP
205487,004,AP
077247,003,AP
077266,003,AP
077266,004,AP
207324,001,AP
207324,002,AP
207324,003,AP
207324,004,AP
077244,001,AP
077244,002,AP
077244,003,AP
077244,004,AP
076517,001,AP
076517,002,AP
076517,003,AP
077059,001,AP
208487,001,AP
208487,002,AP
208487,003,AP
208487,004,AP
077269,001,AP
077269,002,AP
077269,003,AP
077269,004,AP
078280,001,AP
078280,002,AP
078280,003,AP
077926,001,AP
077926,002,AP
077926,003,AP
077861,001,AP
077861,002,AP
077861,003,AP
077861,004,AP
019734,004,AP
019734,003,AP
206319,001,AP
203155,001,AP
203475,001,AP
206033,001,AP
203131,001,AP
214569,001,AP
205539,001,AP
215355,001,AP
213472,001,AP
210756,001,AP
212959,001,AP
212265,001,AP
212117,001,AP
210984,001,AP
204607,001,AP
212826,001,AP
207100,001,AP
202969,001,AP
209056,001,AP
214486,001,AP
207181,001,AP
214046,001,AP
203349,002,AP
215732,001,AP
203778,001,AP
216125,001,AP
203710,001,AP
203837,001,AP
203816,001,AP
203603,001,AP
203603,002,AP
204385,001,AP
021870,002,AP
204525,001,AP
203920,001,AP
204759,001,AP
203942,001,AP
204333,001,AP
203612,001,AP
208679,001,AP
203904,001,AP
204472,001,AP
204512,001,AP
079086,001,AP
204264,001,AP
203664,001,AP
204546,001,AP
203771,001,AP
203591,001,AP
204463,001,AP
203801,001,AP
203811,001,AP
203902,001,AP
203990,001,AP
204531,001,AP
209341,001,AP
203246,002,AP
204498,001,AP
203709,001,AP
203935,001,AP
215709,001,AP
021980,001,AP
206058,001,AP
204222,001,AP
202235,001,AP
205332,001,AP
202671,001,AP
202402,001,AP
021872,001,AP
204312,001,AP
090876,001,AP
209781,001,AP
090981,001,AP
202869,001,AP
211954,001,AP
215980,001,AP
203308,001,AP
209474,001,AP
091627,001,AP
091485,001,AP
209705,001,AP
209705,002,AP
209705,003,AP
217059,003,AP
217059,001,AP
217059,002,AP
219562,002,AP
219562,003,AP
219562,001,AP
207160,002,AP
207160,003,AP
207160,001,AP
206880,002,AP
206880,003,AP
206880,001,AP
211356,002,AP
211356,003,AP
211356,001,AP
202543,002,AP
202543,003,AP
202543,001,AP
213532,002,AP
213532,003,AP
213532,001,AP
075811,001,AP
206992,001,AP
075739,001,AP
090913,001,AP
019884,001,AP
216438,001,AP
216438,002,AP
207344,001,AP
207344,002,AP
213261,001,AP
213261,002,AP
213363,001,AP
213363,002,AP
215381,001,AP
215381,002,AP
219273,001,AP
219273,002,AP
211713,001,AP
211713,002,AP
215241,001,AP
215241,002,AP
021506,002,AP
021506,003,AP
218554,001,AP
216346,001,AP
216934,001,AP
212605,001,AP
216038,001,AP
216948,001,AP
215057,001,AP
214809,001,AP
216510,001,AP
215037,001,AP
021903,001,AP
203978,002,AP
203978,001,AP
215592,001,AP
215592,002,AP
022276,002,AP
022276,003,AP
207474,001,AP
207474,002,AP
204880,001,AP
204880,002,AP
078811,001,AP
078811,002,AP
078819,001,AP
090030,001,AP
078819,002,AP
090030,002,AP
207325,001,AP
207385,001,AP
207325,002,AP
207385,002,AP
203869,001,AP
203869,002,AP
217925,001,AP
217925,002,AP
078813,001,AP
078813,002,AP
217348,001,AP
217348,002,AP
091358,001,AP
091358,002,AP
207562,001,AP
207562,002,AP
204368,001,AP
204616,001,AP
204368,002,AP
204616,002,AP
078817,001,AP
078817,002,AP
022160,001,AP
022160,002,AP
202951,002,AP
206916,001,AP
209287,001,AP
201533,002,AP
204702,001,AP
206801,001,AP
206802,001,AP
207005,001,AP
215861,001,AP
206416,001,AP
205648,001,AP
204289,001,AP
205870,001,AP
202521,001,AP
090713,001,AP
219230,001,AP
213778,001,AP
216171,001,AP
215074,001,AP
079197,001,AP
205675,001,AP
204400,001,AP
209524,001,AP
214680,001,AP
215860,001,AP
020988,001,AP
021817,001,AP
203777,001,AP
216126,001,AP
204351,001,AP
203780,001,AP
204541,001,AP
204530,001,AP
203968,001,AP
203936,001,AP
204440,001,AP
204517,001,AP
204513,001,AP
203912,001,AP
203890,001,AP
204542,001,AP
203592,001,AP
204497,001,AP
021267,001,AP
206398,001,AP
218533,001,AP
211099,001,AP
208562,001,AP
214516,001,AP
090862,001,AP
211661,001,AP
211264,001,AP
208983,001,AP
205749,001,AP
205279,001,AP
210174,001,AP
201783,001,AP
207341,001,AP
202571,001,AP
202163,001,AP
091186,001,AP
091363,001,AP
202548,001,AP
200918,001,AP
091516,001,AP
202930,001,AP
204217,001,AP
209578,001,AP
202182,001,AP
202837,001,AP
203231,001,AP
202828,001,AP
213371,001,AP
202650,001,AP
203841,001,AP
205254,001,AP
091493,001,AP
202923,001,AP
205533,001,AP
202963,001,AP
212825,001,AP
209659,001,AP
212204,001,AP
208460,001,AP
215011,001,AP
218688,001,AP
212958,001,AP
209622,001,AP
208392,001,AP
210824,001,AP
211898,001,AP
203654,001,AP
210204,001,AP
208600,001,AB
214856,001,AB
078660,001,AB
020164,009,AB
021272,001,AP
021272,002,AP
021272,003,AP
021272,004,AP
211574,001,AP
211574,002,AP
211574,003,AP
211574,004,AP
210214,001,AP
210214,002,AP
210214,003,AP
210214,004,AP
209382,001,AP
209382,002,AP
209382,003,AP
209382,004,AP
203649,001,AP
203649,002,AP
203649,003,AP
203649,004,AP
206648,001,AP
206648,002,AP
206648,003,AP
206648,004,AP
021602,001,AP
209087,001,AP
071810,001,AP
212822,001,AP
018692,001,AP
021264,002,AP
212025,001,AP
021345,001,AP
021345,002,AP
021345,003,AP
021345,004,AP
020622,002,AP
020622,003,AP
076684,001,AP
076684,002,AP
076684,003,AP
076684,004,AP
076684,005,AP
076684,006,AP
076684,007,AP
214646,001,AP
214646,002,AP
214646,003,AP
214646,004,AP
214646,005,AP
214646,006,AP
214646,007,AP
078990,001,AP
078990,002,AP
078990,003,AP
078990,004,AP
078990,005,AP
078990,006,AP
078990,007,AP
206834,001,AP
206834,002,AP
206834,003,AP
206834,004,AP
206834,005,AP
206834,006,AP
206834,007,AP
077857,002,AP
077857,003,AP
077857,004,AP
077857,005,AP
077857,001,AP
077857,006,AP
077857,007,AP
205660,001,AP
205660,002,AP
205660,003,AP
205660,004,AP
205660,005,AP
205660,006,AP
205660,007,AP
076726,001,AP
076726,002,AP
076726,003,AP
076726,004,AP
076726,005,AP
076726,006,AP
076726,007,AP
022150,001,AP
218312,001,AP
091316,001,AP
091316,002,AP
091316,003,AP
091316,004,AP
206918,001,AP
206918,002,AP
206918,003,AP
206918,004,AP
206812,001,AP
206812,002,AP
206812,003,AP
206812,004,AP
208615,001,AP
208615,002,AP
208615,003,AP
208615,004,AP
208468,001,AP
208468,002,AP
091646,001,AP
206936,001,AP
203857,001,AP
206873,001,AP
090218,001,AP
206921,001,AP
213773,001,AP
212446,001,AP
213521,001,AP
208317,001,AP
211021,001,AP
212081,001,AP
210118,001,AP
211501,001,AP
020080,003,AB
020164,001,AP
020164,002,AP
020164,003,AP
020164,004,AP
020164,005,AP
020164,007,AP
020164,008,AP
213998,001,AP
090495,001,AB
202758,001,AP
079242,001,AP
079123,001,AP
200183,001,AP
215651,001,AP
090358,001,AB
078593,001,AP
201094,001,AT
086283,001,AT
040433,001,AT
208234,001,AN
017624,001,AN
075225,001,AN
074416,001,AN
074502,001,AN
075895,001,AN
078650,001,AN
214382,001,AN
203793,001,AN
077867,001,AN
020118,001,AN
020478,001,AN
017428,001,AT
216123,001,AT
016734,001,AT
017866,001,AT
017513,001,AT
018313,001,AT
018802,001,AP
217341,001,AP
217341,002,AP
217341,003,AP
209689,001,AP
206369,001,AP
212735,001,AP
018801,002,AP
018801,003,AP
211188,004,AP
211188,005,AP
211222,001,AP
217536,001,AP
217536,002,AP
019633,001,AP
018632,001,AP
018632,002,AP
088400,001,AP
018233,001,AP
019869,001,AP
077393,001,AP
077111,001,AB
077477,001,AB
075570,001,AB
076216,001,AB
211882,001,AB
071467,001,AB
070275,001,AB
072538,001,AB
018866,001,AB
070052,001,AB
050600,001,AB
215607,001,AB
065067,001,AB
214604,001,AB
214526,001,AB
078223,001,AB
209147,001,AB
200302,001,AB
205249,001,AB
021535,001,AB
076516,001,AB
076493,001,AB
087204,001,AT
213632,001,AB
075860,001,AB
202161,001,AB
072354,001,AB
209354,001,AB
009112,003,AT
090759,001,AB
091553,001,AB
217190,001,AB
040247,001,AT
210209,001,AB
209556,001,AB
019931,001,AB
020901,001,AB
077197,001,AB
076499,001,AB
075919,001,AB
077180,001,AB
076788,001,AB
089074,001,AT
077015,001,AB
078649,001,AB
215393,001,AB
089129,001,AT
202374,001,AT
202374,002,AT
040467,001,AT
040467,002,AT
040672,002,AT
213559,001,AT
213559,002,AT
088450,001,AT
088451,001,AT
019452,003,AT
210736,001,AT
202849,001,AT
212762,001,AT
203378,001,AT
213264,001,AT
211815,001,AT
019452,001,AT
019452,002,AT
207345,001,AT
207347,001,AT
202847,001,AT
202848,001,AT
212760,001,AT
212761,001,AT
090982,001,AT
203377,001,AT
202368,001,AT
209336,001,AT
210539,001,AT
074304,001,AB
218289,001,AB
075373,001,AB
209106,001,AB
076753,001,AB
018741,001,AB
212222,001,AB
216103,001,AB
216452,001,AB
021359,001,AB
064046,001,AT
065022,001,AT
064067,001,AT
064030,001,AT
050417,001,AT
050065,002,AT
064064,001,AT
060764,002,AT
064063,001,AT
062938,001,AT
209000,001,AB
204605,001,AB
212495,001,AB
206633,001,AB
205510,001,AB
212444,001,AB
202459,001,AB
205469,001,AB
209971,001,AB
201501,001,AB
205974,001,AB
076884,001,AB
076730,001,AB
076096,001,AB
076367,001,AB
070069,001,AB
071012,001,AB
019141,001,AB
215847,001,AB
215186,001,AB
214048,001,AB
070051,001,AB
018865,001,AB
090633,001,AB
200174,001,AB
050788,001,BX
211800,001,AB
075057,001,AB
074089,001,AB
211295,001,AB
074407,001,AB
215990,001,AB
208841,001,AB
074248,001,AB
209701,001,AB
210199,001,AB
212473,001,AB
210998,001,AB
075751,001,AB
017426,001,AB
074254,001,AB
204965,001,AB
201005,001,AB
078657,001,AB
208044,001,AB
208104,001,AB
206792,001,AB
077770,001,AB
204272,001,AB
209973,001,AB
205206,001,AB
075374,001,AB
207440,001,AB
075331,001,AB
210753,001,AB
020273,001,AB
089524,001,AT
088168,001,AT
040041,001,AT
207538,001,AB
074905,001,AB
075008,001,AB
073481,001,AB
212976,001,AB
077168,001,AB
076668,001,AB
064054,001,AT
062533,001,AT
062351,001,AT
077109,001,AB
076872,001,AB
213560,001,AB
076994,001,AB
080692,001,AT
081203,001,AT
085027,001,AT
086257,001,AT
076842,001,AB
088138,001,AT
211764,001,AB
211750,001,AB
075043,001,AB
211469,001,BX
207810,001,AT
206297,001,AT
217117,001,AT
208660,001,AT
080198,001,AT
206498,001,AT
211697,001,AT
212695,001,AT
040911,001,AT
210958,001,AT
086724,001,AT
018652,001,AB
077401,001,AB
077061,001,AB
076067,001,AB
207899,001,AB
217943,001,AB
065192,001,AB
090480,001,AB
065123,001,AB
065170,001,AB
065085,001,AB
062840,001,AT
209114,001,AT
062124,002,AT
209082,001,AT
213826,001,AT
062472,001,AT
211838,001,AT
207767,001,AT
214186,001,AT
207741,001,AT
207217,001,AT
062602,001,AT
214751,001,AT
207380,001,AT
206785,001,AT
210077,001,AT
063305,001,AT
207764,001,AT
050777,001,AB
050777,002,AB
013960,001,AT
021852,001,AB
211688,001,AB
211688,002,AB
212387,001,BX
200744,001,AB
200744,002,AB
210393,002,AB
210393,001,AB
018594,001,AB
214532,001,AT
207365,001,AT
213619,001,AT
089795,001,AT
089796,001,AT
212384,001,AT
205373,001,AT
085691,001,AT
085691,003,AT
085691,002,AT
209828,001,AT
216625,001,AT
209828,002,AT
209828,003,AT
212460,001,AT
087385,002,AT
087385,003,AT
087385,001,AT
212356,001,AT
040037,001,AT
018604,001,AB
218235,001,AB
087355,001,AB
205592,001,AT
214582,001,AT
040771,001,AT
070730,001,AT
200675,001,AB
206463,001,AB
217221,001,AB
209190,001,AB
205882,001,AB
202346,001,AB
020612,001,AB
207962,001,AB
021077,001,AB
021077,002,AB
021077,003,AB
203433,001,AB
203433,002,AB
203433,003,AB
213948,001,AB
213948,002,AB
213948,003,AB
021395,001,AB
211287,001,AB
208891,001,AB
208891,002,AB
208891,003,AB
208264,001,AP
208264,002,AP
217559,001,AP
214222,001,AP
214222,002,AP
211755,001,AP
216037,001,AP
216037,002,AP
213049,001,AP
213049,002,AP
020919,001,AP
211908,001,AP
216091,001,AP
021660,001,AB
021462,002,AP
021462,001,AP
062738,001,AP
062738,002,AP
205574,001,AP
205574,002,AP
205376,001,AP
205376,002,AP
214739,001,AP
214739,002,AP
211001,001,AP
211001,002,AP
209422,001,AP
211263,001,AP
211263,002,AP
206110,001,AP
206110,002,AP
207092,001,AP
207092,002,AP
216506,001,AP
216506,002,AP
200833,001,AP
200833,002,AP
212667,001,AP
211961,001,AP
216445,001,AP
216413,001,AP
213425,001,AP
212513,001,AP
217215,001,AP
211403,001,AP
208375,001,AP
213171,001,AP
206077,001,AP
215890,001,AP
212022,001,AP
212250,001,AP
213786,001,AP
213623,001,AP
213966,001,AP
205037,001,AP
215316,001,AP
208385,001,AP
207104,001,AP
091039,001,AP
206005,001,AP
022023,002,AP
214616,001,AP
211860,001,AP
212309,001,AP
212143,001,AP
211160,001,AP
210625,001,AP
206197,001,AP
210689,001,AP
209965,001,AP
204015,002,AP
213106,001,AP
090577,002,AP
207594,001,AP
022393,001,AP
017697,001,AP
202714,001,AP
202231,001,AP
202231,002,AP
202231,003,AP
208749,001,AP
208749,002,AP
208749,003,AP
216729,001,AP
216729,002,AP
216729,003,AP
206163,001,AP
206163,002,AP
217495,001,AP
217066,001,AP
217066,002,AP
217066,003,AP
219084,001,AP
215212,001,AP
211875,001,AB
209657,001,AB
212700,001,AB
216355,001,AB
216338,001,AB
216021,001,AP
209463,001,AP
203485,003,AP
203485,001,AP
203485,002,AP
209085,001,AP
203774,001,AP
203774,002,AP
209851,001,AP
202596,003,AP
202596,001,AP
202596,002,AP
214632,003,AP
214632,001,AP
214632,002,AP
090384,004,AP
090384,001,AP
090384,002,AP
090384,003,AP
215460,001,AP
215460,002,AP
208696,001,AP
208696,002,AP
215479,004,AP
215479,001,AP
215479,002,AP
215479,003,AP
207352,001,AP
207352,002,AP
216582,001,AP
204890,001,AP
204890,002,AP
211899,001,AP
211899,002,AP
214073,003,AP
214073,001,AP
214073,002,AP
050587,002,AP
206254,001,AP
210850,001,AP
211158,001,AP
204439,001,AP
206335,001,AP
205645,001,AP
214020,001,AP
091620,001,AP
022249,002,AP
022249,001,AP
021821,001,AP
217401,001,AP
217401,002,AP
218140,002,AP
218140,003,AP
218140,001,AP
217489,001,AP
217489,002,AP
209481,003,AP
209481,004,AP
209481,002,AP
207475,001,AP
208216,001,AP
211549,001,AP
209540,001,AP
201537,001,AP
215066,001,AP
209337,001,AP
215765,001,AP
215905,001,AP
212128,001,AP
212580,001,AP
207234,001,AP
217453,001,AP
207518,001,AP
050794,001,AP
020573,001,AB
211119,001,AB
211119,002,AB
211856,001,AB
211856,002,AB
074557,001,AB
074557,002,AB
207294,001,AB
207294,002,AB
077204,001,AB
077204,002,AB
209597,001,AB
209597,002,AB
202901,001,AB
211799,001,AB
211799,002,AB
074558,001,AB
074558,002,AB
077203,001,AB
077203,002,AB
209599,001,AB
209599,002,AB
202902,001,AB
205065,001,AB
205065,002,AB
074561,001,AB
074561,002,AB
074562,001,AB
074562,002,AB
073263,001,AB
073263,002,AB
215420,001,AB
215420,002,AB
209452,001,AB
215798,001,AB
207207,001,AB
210027,001,AB
203918,001,AB
202819,001,AB
218645,001,AB
218645,002,AB
040905,001,AA
040029,001,AA
205727,001,AA
206815,001,AA
089910,001,AA
202333,001,AA
204071,001,AA
090313,001,AA
218150,001,AP
214540,001,AP
217776,001,AP
215737,001,AP
218061,001,AP
021197,001,AP
065203,001,AT
210532,001,AT
065138,001,AT
208838,001,AT
065183,001,AT
208581,001,AT
064118,001,AT
210830,001,AB
211157,001,AB
204305,001,AB
211328,001,AB
021187,001,AB
090490,001,AT
090146,001,AT
078594,001,AT
090269,001,AT
213290,001,AB
214895,001,AB
090974,001,AB
214867,001,AB
021644,001,AB
076942,001,AB
218498,001,AB
076419,001,AB
218559,001,AB
085186,001,AA
206344,001,AA
212942,001,AB
212942,002,AB
215733,001,AB
215733,002,AB
213540,001,AB
214645,001,AB
214645,002,AB
020963,001,AB
020963,002,AB
210640,001,AB
210640,002,AB
020330,001,AB
020330,002,AB
205328,001,AT
209533,001,AT
208061,001,AT
204255,001,AT
019700,001,AT
021528,001,AT
040164,001,AT
040165,001,AT
080027,001,AT
021770,001,AB
021262,001,AT
077764,001,AT
214752,001,AT1
215624,001,AT1
218148,001,AT1
206289,001,AT1
217791,001,AT2
215618,001,AT1
209620,001,AT
078621,001,AT
210092,001,AT
202305,001,AT
207411,001,AT
214588,001,AT
206066,001,AT
206220,001,AT
217770,001,AT
022288,001,AT
019219,002,AT
078694,001,AT
075630,001,AT
020439,002,AT
019270,001,AT
210263,001,AT
090449,001,AT
205537,001,AT
210126,001,AT
203991,001,AT
218196,001,AB
202505,001,AT
202565,001,AT
207601,001,AT
216909,001,AB
215225,001,AT
078480,001,AB
078479,001,AT
076260,001,AT
091691,001,AT
213215,001,AB
217846,001,AT
076439,001,AT
203172,001,AB
076254,001,AT
078075,001,AT
216906,001,AB
208992,001,AT
217599,001,AB
215230,001,AB
091442,001,AB
219093,001,AB
201949,001,AB
214987,001,AB
091087,001,AB
091086,001,AB
216114,001,AB
215598,001,AB
214340,001,AB
210560,001,AT2
210962,001,AB
207334,001,AB
204813,001,AT2
211029,001,AT2
206027,001,AB
211239,001,AB
202903,001,AT2
203395,001,AT2
206911,001,AB
019992,001,AT
204613,001,AT
077568,001,AT
077689,001,AT
075928,001,AT
076673,001,AT
021398,001,AB
020869,001,AT1
202667,001,AT2
084110,001,AT
084108,001,AT
203383,001,AT
078792,001,AT
078553,001,AT
077600,001,AT
078031,001,AT
212639,001,AT
090143,001,AT
205294,001,AT
215660,001,AT
202053,001,AT
204778,001,AT
078395,001,AT
078748,001,AT
078981,001,AT
215004,001,AT
213099,001,AT1
090037,001,AT1
203058,001,AT1
207629,001,AT1
207630,001,AT2
205295,001,AT1
215520,001,AT1
202054,001,AT1
217260,001,AT2
204777,001,AT1
215936,001,AT2
216308,001,AT2
078749,001,AT1
090604,001,AT1
207523,001,AT1
090919,001,AT
090951,001,AT
202653,001,AT
204227,001,AT
064048,001,AT
065121,001,AT
062196,001,AT
020258,001,AT
208151,001,AT2
021516,001,AT2
077308,001,AT
076109,001,AT
218204,001,AT
203410,001,AT
076583,001,AT
200925,001,AT
201006,001,AT
202442,001,AT
218257,001,AT
219306,001,AT
091449,001,AT
201786,001,AT
217387,001,AB
074326,001,AT
077700,001,AT
078282,001,AT
022184,001,AB
202525,001,AT1
209469,001,AT1
090080,001,AT1
206242,001,AT1
219475,001,AT1
208778,001,AT1
202867,001,AT1
217988,001,AT1
209698,001,AT1
212616,001,AT1
084306,001,AT
084305,001,AT
064047,001,AT
065187,001,AT
060582,001,AT
019921,001,AT
202692,001,AT
076513,001,AT
076622,001,AT
217904,001,AT
078559,001,AT
215886,001,AT
076407,001,AT
213597,001,AT
040075,001,AT
207926,001,AT
207926,002,AT
215183,001,AT
215183,002,AT
218129,001,AT
218129,002,AT
216859,001,AT
216496,001,AT
203510,001,AT
203510,002,AT
203168,001,AB
040074,001,AT
219136,001,AT
040277,001,AT
215816,001,AT
021764,001,AT
040066,001,AT
089560,001,AT
218002,001,AT
209051,001,AT
209040,001,AT
216654,001,AT
212592,001,AT3
212592,002,AT3
218460,001,AT1
212291,001,AT3
077259,001,AT1
077259,002,AT1
216533,001,AT3
216533,002,AT3
078771,001,AT1
078771,002,AT1
217343,001,AT1
216596,001,AT3
217343,002,AT1
074746,001,AT1
074747,001,AT1
074261,001,AT1
074262,001,AT1
217195,001,AT3
217764,002,AT1
217764,001,AT1
216653,001,AT2
018086,001,AT1
018086,002,AT1
019463,001,AT3
019463,002,AT3
211847,001,AT
064052,001,AT
065026,001,AT
212628,001,AT
207444,001,AT
062535,001,AT
021994,001,AT2
203431,001,AT2
218159,001,AT2
203767,001,AT2
205050,001,AT2
217228,001,AT2
074311,001,AT
064120,001,AT
065006,001,AT
064211,001,AT
211572,001,AT
040314,001,AT
040315,001,AT
040067,001,AT
040064,001,AT
207524,001,AT
021598,001,AT1
018299,001,AT
207795,001,AB
020597,001,AT
202514,001,AT
022548,001,AT
207280,001,AT
040607,001,AT
088638,001,AT
021918,001,AB
217887,001,AB
040609,001,AT
088759,001,AT
064053,001,AT
062423,001,AT
211525,001,AT
076527,001,AT
076128,001,AT
217903,001,AT
216130,001,AT
216328,001,AT
012770,001,AT
210515,001,AT
201894,001,AT
202719,001,AT
022369,001,AT
075561,001,AT
075006,001,AT
074291,001,AT
074522,001,AT
077789,001,AT
019028,001,AT
203212,001,AT
207496,001,AP
206128,001,AP
209331,001,AP
211504,001,AP
205354,001,AP
205404,001,AP
208116,001,AP
207522,001,AP
011790,001,AP
215571,001,AN
215571,002,AN
211888,001,AN
211888,002,AN
206224,001,AN
076355,002,AN
076355,001,AN
074880,001,AN
075664,001,AN
214531,001,AN
214531,002,AN
077839,001,AN
218386,001,AN
074543,001,AN
207857,001,AN
077559,001,AN
076749,001,AN
202496,001,AN
207875,001,AN
214901,001,AN
214779,001,AN
218380,001,AN
213762,001,AN
216303,001,AN
207306,001,AN
215032,001,AN
218156,001,AN
213068,001,AN
216128,001,AN
218555,001,AN
214736,001,AN
218429,001,AN
215385,001,AN
200293,001,AN
216815,001,AN
201820,001,AN
021912,001,AN
209453,001,AN
075437,001,AN
213658,001,AN
075271,001,AN
075346,001,AN
215078,001,AN
218308,001,AN
215907,001,AN
216426,001,AN
215053,001,AN
215883,001,AN
218304,001,AN
216486,001,AN
091141,001,AN
215621,001,AN
206543,001,AN
075562,001,AN
075693,001,AN
207903,001,AN
205433,001,AN
078171,002,AN
078171,003,AN
078171,001,AN
077756,003,AN
077756,001,AN
077756,002,AN
207628,001,AN
207625,001,AN
207625,002,AN
207625,003,AN
078309,001,AN
203653,001,AN
203653,002,AN
203653,003,AN
200875,001,AN
090297,001,AN
090297,002,AN
090297,003,AN
022007,001,AN
050753,001,AN
212848,001,AN
205501,001,AN
207080,001,AN
201422,001,AN
208964,001,AN
214478,001,AN
216725,001,AN
217344,001,AN
207136,001,AN
091589,001,AN
210915,001,AN
204674,001,AN
203853,001,AN
072489,001,AN
072547,001,AN
214177,001,AN
214177,002,AN
073664,001,AN
074037,001,AN
219194,001,AN
219194,002,AN
088911,002,AP
088911,001,AP
018800,001,AP
018800,002,AP
018800,003,AP
020533,010,AP
020533,001,AP
020533,002,AP
020533,003,AP
020533,005,AP
020533,004,AP
020533,008,AP
020533,006,AP
020533,011,AP
020533,007,AP
020533,009,AP
216605,004,AP
216605,001,AP
216605,002,AP
216605,003,AP
219883,001,AP
219883,002,AP
219883,003,AP
212808,001,AP
212808,002,AP
212808,003,AP
212808,004,AP
212808,005,AP
212808,006,AP
205612,001,AP
205612,003,AP
205612,006,AP
205612,004,AP
205612,005,AP
205612,002,AP
205612,007,AP
210102,001,AP
210102,002,AP
211907,001,AP
214074,001,AP
214074,002,AP
214074,003,AP
214074,004,AP
211907,002,AP
211907,003,AP
206166,004,AP
206166,001,AP
206166,002,AP
206166,003,AP
218713,001,AP
218713,002,AP
218713,003,AP
218713,004,AP
218713,005,AP
218713,006,AP
218713,007,AP
206091,001,AP
206091,002,AP
078601,002,AP
078601,003,AP
204636,001,AP
204636,002,AP
203955,001,AP
207636,001,AP
207636,002,AP
207636,003,AP
207636,006,AP
207636,004,AP
207636,005,AP
207636,007,AP
201833,002,AP
217535,001,AP
217535,002,AP
206171,001,AP
206171,002,AP
016677,003,AP
020178,002,AP
016677,001,AP
020178,001,AP
088912,001,AP
088912,002,AP
088912,003,AP
018803,001,AP
018803,002,AP
018803,003,AP
019465,002,AP
019465,001,AP
211968,001,AP
211968,002,AP
077407,001,AP
077407,002,AP
013025,002,AP
211558,001,AP
213116,001,AP
017858,001,AP
213516,001,AP
207987,002,AP
217845,001,AP
219444,001,AP
219569,001,AP
219400,001,AP
021344,001,AO
211689,001,AO
215077,001,AO
210044,001,AO
211422,001,AO
209246,001,AO
208811,001,AO
215169,001,AO
210326,001,AO
207754,001,AO
209714,001,AO
214682,001,AO
205871,001,AO
205935,001,AO
213553,001,AO
215234,001,AO
219777,001,AP
219777,002,AP
219777,003,AP
219777,004,AP
019316,002,AP
019316,001,AP
019316,003,AP
019316,004,AP
075151,001,AP
202411,001,AP
218467,001,AP
217884,001,AP
215143,001,AP
217873,001,AP
204640,001,AP
217192,001,AP
205029,002,AP
219239,001,AP
211880,001,AP
070914,001,AP
070916,001,AP
070915,001,AP
070918,001,AP
216050,001,AP
216050,002,AP
216049,001,AP
216049,002,AP
216007,002,AP
212955,001,AP
201739,002,BX
201739,001,BX
018883,004,AT
020171,001,AT
018883,005,AT
020171,002,AT
018883,006,AT
020171,003,AT
020183,001,AT
020183,002,AT
020183,004,AT
017512,012,AT
017512,013,AT
017512,015,AT
017512,004,AT
020163,001,AT
017512,005,AT
020163,002,AT
017512,006,AT
020163,003,AT
216617,001,AP1
204957,002,AP2
204957,001,AP
214331,001,AP1
210969,001,AP1
219215,001,AP
219215,002,AP2
202605,001,AP1
215403,001,AP1
213255,001,AP1
204052,001,AP1
205746,001,AP1
202313,001,AP
202313,002,AP
205331,001,AP
205331,002,AP
077897,001,AP
077897,002,AP
077425,001,AP
077425,002,AP
090212,001,AP
090212,002,AP
090450,001,AP
090450,002,AP
020913,002,AP
020913,003,AP
208289,002,AP3
208289,001,AP
216966,001,AP
212868,001,AP
214652,001,AP
212868,002,AP
212868,003,AP
214652,002,AP
216120,001,AP
216120,002,AP
215342,001,AP
215342,002,AP
021146,002,AP
021146,001,AP
021146,003,AP
212461,001,AP
214970,001,AP
215969,001,AP
215969,002,AP
205580,001,AP
215033,001,AP
216078,001,AP
212909,001,AP
204078,001,AP
204078,002,AP
022225,002,AP
022225,001,AP
207693,001,AP
207718,001,AP
020793,001,AP
077906,001,AP
077233,001,AP
077997,001,AP
207400,001,AP
090827,001,AP
216611,001,AP
216611,002,AP
216611,003,AP
216541,001,AP
208418,001,AP
208418,002,AP
208418,003,AP
213071,001,AP
213071,002,AP
213071,003,AP
217689,001,AP
217689,002,AP
217174,001,AP
217174,002,AP
208418,004,AP
208418,005,AP
202501,001,AP
201276,001,AP
210016,005,AP
210016,001,AP
210016,002,AP
210016,003,AP
210016,004,AP
212034,001,AP
208857,001,AP
205375,001,AP
207831,001,AP
213461,001,AP
209775,001,AP
208860,001,AP
216233,001,AP
208943,001,AP
212501,002,AP
212501,001,AP
216783,002,AP
216783,001,AP
022454,001,AP
206628,002,AP
206628,001,AP
218112,002,AP
218112,001,AP
204781,005,AP
204781,002,AP
204781,003,AP
204781,004,AP
204781,001,AP
215917,001,AP
216199,001,AP
216199,002,AP
215508,001,AP
218354,001,AP
216902,001,AP
217565,001,AP
217565,002,AP
213407,001,AP1
212932,001,AP
219050,001,AP
212649,001,AP
213994,002,AP2
213994,001,AP2
214579,001,AP
218271,001,AP2
209646,001,AP
218271,002,AP2
216146,001,AP
218211,001,AP1
217721,001,AP3
214334,001,AP
216129,001,AP
214528,001,AP
209784,001,AP
215825,001,AP
217250,001,AP
218743,001,AP
217473,001,AP
218047,001,AP
218281,001,AP
214850,001,AP
214310,001,AP
218142,001,AP
022180,001,AB
206604,001,AB
022468,001,AP
022468,002,AP
201277,006,AP
201277,001,AP
201277,002,AP
201277,003,AP
201277,004,AP
201277,005,AP
217480,003,AP
217480,001,AP
217480,004,AP
217480,002,AP
217480,005,AP
217480,006,AP
216081,003,AP
216081,004,AP
216081,005,AP
216081,006,AP
216081,001,AP
216081,002,AP
218073,001,AP
218073,002,AP
218073,003,AP
218073,004,AP
218073,005,AP
215304,001,AP
215304,002,AP
215304,003,AP
215304,004,AP
215304,005,AP
209360,001,AP
201532,001,AP
213792,001,AP
201023,001,AP
218464,001,AP
216670,001,AP
216335,001,AP
217718,001,AP
214677,001,AP
215628,001,AP
217311,001,AP
216806,001,AP
214301,001,AP
215979,001,AP
214960,001,AP
218706,001,AP
209465,001,AP
207548,001,AP
210892,001,AP
210892,002,AP
217314,001,AP
217314,002,AP
211002,001,AP
203563,001,AP
022161,001,AP
206917,001,AP
204764,001,AP
206454,001,AP
207001,001,AP
207001,002,AP
207354,001,AP
207354,002,AP
205154,001,AP
205154,002,AP
204696,001,AP
204696,002,AP
200904,001,AP
200904,002,AP
216959,001,AP
217380,001,AP
217561,001,AP
216955,001,AP
219363,001,AP
215636,001,AP
215636,002,AP
218993,001,AP
218993,002,AP
216159,001,AP
216159,002,AP
211844,001,AP
211844,002,AP
210652,001,AP
210652,002,AP
210051,001,AP
210051,002,AP
209933,001,AP
209933,002,AP
210989,001,AP
210989,002,AP
208230,001,AP
208230,002,AP
212512,001,AP
212512,002,AP
213074,001,AP
213074,002,AP
216291,001,AP
209135,001,AP
209135,002,AP
203629,003,AP
212968,001,AP
212968,002,AP
216206,001,AP
207042,001,AP
207042,002,AP
212804,001,AP
212804,002,AP
208405,001,AP
208405,002,AP
216542,001,AP
216542,002,AP
212627,001,AP
212627,002,AP
209387,003,AP
209387,001,AP
205596,001,AP
207174,001,AP
207174,002,AP
207174,003,AP
206699,001,AP
206699,002,AP
206699,003,AP
204910,001,AP
204910,002,AP
204910,003,AP
205982,001,AP
205982,002,AP
205982,003,AP
203897,002,AP
203897,003,AP
091108,001,AP
091108,002,AP
091108,003,AP
211079,001,AP1
211078,001,AP1
211078,002,AP1
218110,001,AP1
218110,002,AP1
218110,003,AP1
209968,001,AP2
217521,001,AP2
217521,002,AP2
217521,003,AP2
213318,001,AP1
213318,002,AP1
213318,003,AP1
210696,001,AP2
210697,001,AP1
210697,002,AP1
210665,001,AP2
210666,001,AP1
210666,002,AP1
211920,003,AP1
211920,001,AP1
211920,002,AP1
203826,001,AP2
217069,001,AP1
217069,002,AP1
217069,003,AP1
210334,001,AP2
210333,001,AP1
210333,002,AP1
210025,002,AP1
210025,003,AP1
211081,001,AP1
211081,002,AP1
211081,003,AP1
209967,001,AP1
209967,002,AP1
209967,003,AP1
208905,001,AP1
208905,002,AP1
208905,003,AP1
215617,001,AP
219057,001,AP
214842,001,AP
209983,001,AP
217553,001,AP
211500,001,AP
208768,001,AP
216274,001,AP
216274,002,AP
216274,003,AP
216344,001,AP
216344,002,AP
216344,003,AP
217892,001,AP
217892,002,AP
217892,003,AP
212832,001,AP
212832,002,AP
212832,003,AP
217726,001,AP
217726,002,AP
206183,001,AP
206183,002,AP
204630,002,AP
204630,001,AP
209176,001,AP
209176,002,AP
213236,001,AP
207604,001,AP
217455,001,AP
213210,001,AP
216437,001,AP
215955,001,AP
207320,001,AP
215827,001,AP
214349,001,AP
214252,001,AP
218054,001,AP
212806,001,AP
213856,001,AP
022473,001,AP
209379,003,AP
209379,001,AP
219633,001,AP
219633,002,AP
218661,001,AP
218661,002,AP
219629,001,AP
219547,001,AP
203988,001,AP
206687,001,AP
216920,001,AP
216920,002,AP
216920,003,AP
018893,001,AP
018893,002,AP
018893,003,AP
214805,004,AP
214805,001,AP
214805,003,AP
214805,002,AP
212070,002,AP
018897,002,AP
212070,003,AP
018897,003,AP
215846,002,AP
215846,003,AP
207096,001,AP
208521,001,AP
215025,001,AP
205880,001,AP
217526,001,AP
218314,001,AP
218314,002,AP
218314,003,AP
209997,001,AP
209997,002,AP
209997,003,AP
018892,001,AP
214337,001,AP
214337,002,AP
214279,001,AP
203153,001,AP
207383,001,AP
216379,001,AP
216379,002,AP
206888,001,AP
213947,001,AP
213947,002,AP
204406,002,AP
200582,001,AP
022088,001,AP
217155,001,AP
212020,001,AP
218242,001,AP
218599,001,AP
216877,001,AP
218896,001,AP
212944,001,AP
211857,001,AP
217987,001,AP
213988,001,AP
211538,001,AP
214314,001,AP
213206,001,AP
216963,001,AP
204485,001,AP
204485,005,AP
204300,001,AP1
204300,002,AP1
204300,003,AP1
210994,001,AP
210994,002,AP
213232,001,AP
213232,002,AP
018925,001,AP
070738,001,AP
075136,001,AP
070737,001,AP
070737,002,AP
211370,001,AP
211370,002,AP
213352,002,AP
213352,001,AP
211035,001,AP
211035,002,AP
211015,001,AP
211015,002,AP
022254,001,AP
020819,002,AP
020819,001,AP
020819,003,AP
209377,003,AP
209377,002,AP
209377,001,AP
218059,002,AP
218059,001,AP
219585,001,AP
219585,002,AP
219585,003,AP
216145,001,AP
216145,002,AP
216145,003,AP
216249,003,AP
216249,001,AP
216249,002,AP
214597,001,AP
214597,002,AP
214597,003,AP
216135,001,AP
216135,002,AP
217624,001,AP
217624,002,AP
217624,003,AP
217074,003,AP
217074,001,AP
217074,002,AP
021131,001,AP
021131,003,AP
213424,001,AP
209260,001,AP
213561,001,AP
215005,001,AP
205029,001,AP
213708,001,AP
218144,001,AP
206430,001,AO
020892,001,AO
017865,001,AT
091387,001,AT
020742,001,AT
016784,001,AT
018315,001,AT
210183,001,AT
018681,001,AT
018494,001,AT
018921,001,AT
019416,001,AT
062664,001,AT
065106,001,AT
065108,001,AT
060707,001,AT
205388,001,AT
018156,001,AT
018495,001,AT
017635,001,AT
016733,001,AT
017427,001,AT
017867,001,AT
213688,001,AT
017514,001,AT
018314,001,AT
018508,001,AT
018336,001,AT
018161,001,AT
018523,001,AT
017656,001,AT
200890,001,AT
200890,002,AT
200890,003,AT
214193,001,AT
217733,001,AB
214193,002,AT
214193,003,AT
204398,001,AT
204398,002,AT
204398,003,AT
210384,001,AT
210384,002,AT
210384,003,AT
210821,001,AB1
217227,001,AB1
214028,001,AB
077950,001,AA
201107,001,AA
090520,001,AA
214512,001,AA
015230,002,AA
213825,001,AA
212780,001,AA
216464,001,AA
213216,001,AA
216804,001,AA
214140,001,AA
215510,001,AA
215100,001,AA
213213,001,AA
214458,001,AA
212494,001,AA
203906,001,AA
204094,001,AA
210479,001,AA
215595,001,AA
216150,001,AA
204171,001,AA
216351,001,AA
212870,001,AA
214445,002,AA
077304,001,AA
078002,001,AA
213202,001,AA
091102,001,AA
203973,001,AA
076242,001,AA
209798,001,AA
019257,001,AA
019257,002,AA
090766,001,AA
078870,001,AA
090191,001,AA
078488,001,AA
078876,001,AA
078398,001,AA
078412,001,AA
076601,001,AA
074251,001,AA
074664,001,AA
077812,001,AA
077629,001,AA
201450,001,AA
077043,001,AA
022571,001,AA
065078,001,AB1
040776,001,AA
203644,001,AA
206477,001,AA
070928,001,AA
019891,001,AA
213714,001,AB
212894,001,AB
214467,001,AB
216458,001,AB
212408,001,AB
208686,001,AB
020596,001,AA
214679,001,AB
202227,001,AA
079062,001,AA
090477,001,AA
202221,001,AA
202754,001,AA
079121,001,AA
079209,001,AA
077849,001,AA
216448,001,AA
076015,001,AA
075525,001,AA
075292,001,AA
075506,001,AA
216953,001,AA
076403,001,AA
091286,001,AA
202024,001,AA
217682,001,AA
078974,001,AA
211330,001,AA
216492,001,AA
076672,001,AA
213698,001,AA
214847,001,AA
216368,001,AA
214735,001,AA
216084,001,AA
204438,001,AA
216297,001,AA
212467,001,AA
021305,007,AA
040894,001,AA
040838,001,AA
211023,001,AA
210176,001,AA
074653,001,AA
205573,001,AA
212239,001,AA
021251,001,AA
021505,001,AA
219699,001,AA
214672,001,AA
206355,001,AA
209224,001,AA
215154,001,AA
209301,001,AA
216461,001,AA
215379,001,AA
216151,001,AA
207786,001,AA
074602,001,AA
209517,001,AA
090503,001,AA
075993,001,AA
074623,001,AA
218858,001,AA
075911,001,AA
077695,001,AA
203564,001,AA
091475,001,AA
078976,001,AA
090461,001,AA
203067,001,AA
090992,001,AA
079063,001,AA
079120,001,AA
090263,001,AA
203052,001,AA
090893,001,AA
214757,001,AA
201157,001,AA
090079,001,AA
078582,001,AA
078774,001,AA
211676,001,AA
076851,001,AA
212533,001,AA
211676,002,AA
204599,001,AA
091263,001,AA
202673,001,AA
210914,001,AA
205222,001,AA
091678,001,AA
219759,001,AT
216780,001,AT
087872,001,AT
040708,001,AT
218138,001,AT
088802,001,AT
207407,001,AA
022488,001,AA
209955,001,AA
204033,001,AA
202790,001,AA
210319,001,AA
215008,001,AB
219151,001,AB
211309,001,AB
212677,001,AB
087393,001,AA
087997,001,AA
207537,001,AA
207537,002,AA
021419,001,AA
021419,002,AA
207485,001,AA
207485,002,AA
211647,001,AA
211647,002,AA
210764,001,AA
210764,002,AA
207417,001,AA
207417,002,AA
204602,001,AA
204602,002,AA
213567,001,AA
213567,002,AA
091601,001,AA
091601,002,AA
210139,001,AA
210139,002,AA
071402,001,AA
072744,001,AA
022195,001,AA
022195,002,AA
022195,003,AA
201574,001,AA
206573,002,AA
206573,001,AA
202348,001,AA
203518,001,AA
203518,002,AA
211454,001,AA
211454,002,AA
211454,003,AA
050716,001,AB1
021129,001,AA
213409,001,AB
075606,001,AA
217731,001,AA
203340,002,AB
091483,001,AA
078776,001,AA
091342,001,AA
076960,001,AA
211499,001,AA
201448,001,AA
208593,001,AA
208593,002,AA
211748,001,AA
211749,001,AA
204979,001,AA
209021,001,AA
209021,002,AA
200535,002,AA
200535,001,AA
204037,001,AA
206914,001,AA
213761,001,AA
213761,002,AA
210758,001,AA
210758,002,AA
207511,001,AA
209897,001,AA
208193,002,AA
019157,001,AA
216156,001,AA
216156,002,AA
210041,001,AA
210041,002,AA
214892,001,AA
214892,002,AA
211067,001,AA
211067,002,AA
211992,001,AA
211992,002,AA
206814,001,AA
206814,002,AA
213392,001,AA
213392,002,AA
209786,001,AA
209786,002,AA
210766,001,AA
210766,002,AA
214656,001,AA
214656,002,AA
211648,001,AA
211648,002,AA
211665,002,AA
218960,001,AA
213062,001,AA
213062,002,AA
040323,001,AA
040775,001,AA
040571,001,AA
219509,001,AA
216715,001,AA
075988,001,AA
203559,001,AA
203559,003,AA
203559,002,AA
203559,004,AA
091396,001,AA
078465,001,AA
076913,001,AA
078988,001,AA
207623,001,AA
212604,001,AA
089081,001,AA
021083,001,AA
019910,001,AA
020588,001,AA
091384,001,AA
078909,001,AA
078452,001,AA
202386,001,AA
079059,001,AA
021068,001,AA
211212,001,AA
211406,001,AA
215080,001,AA
216728,001,AA
211040,001,AA
215116,001,AA
213615,001,AA
209166,001,AA
213924,001,AA
212903,001,AA
204135,001,AA
202511,001,AA
209941,001,AA
215469,001,AA
206431,001,AA
020657,001,AA
022372,001,AA
091156,001,AA
091586,001,AA
217795,001,AB
214102,001,AB
216460,001,AB
022255,001,AA
020978,001,AA
077268,001,AA
077981,001,AA
214201,001,AA
215049,001,AA
011245,003,AA
074603,001,AA
203762,001,AA
076645,001,AA
090502,001,AA
087388,001,AA
075323,001,AT
214623,001,AT
018608,001,AT
212296,001,AP
021318,002,AP
210294,001,AP
213130,001,AP
216090,001,AP
090874,001,AP
206333,001,AP
217193,001,AB
217193,002,AB
217193,003,AB
215336,001,AP
212963,001,AP
075471,001,AP
217437,001,AP
213829,001,AP
074728,001,AP
078885,001,AP
217957,001,AP
215503,001,AP
215421,001,AP
218115,001,AP
022311,001,AP
215334,001,AP
205182,001,AP
213672,001,AP
206644,001,AP
217560,001,AP
215698,001,AP
211901,001,AP
205197,001,AP
022074,001,AB
022074,002,AB
022074,003,AB
218771,001,AP
211097,001,AP
208569,001,AP
022341,001,AP
203981,001,AB
204593,001,AB
207163,001,AT
078468,001,AT
078305,001,AT
078172,001,AT
078046,001,AT
077687,001,AT
077623,001,AT
078124,001,AT
078144,001,AT
063329,001,AT
219612,001,AT
209846,001,AT
209914,001,AT
064159,001,AT
064050,001,AT
065184,001,AT
208767,001,AT
212881,001,AT
076977,001,AT
075391,001,AT
209361,001,AT
206075,001,AT
211240,001,AT
211494,001,AT
075224,001,AT
075363,001,AT
209815,001,AT
216569,001,AT
074580,001,AT
073306,001,AT
212281,001,AT
019795,001,AT
212506,001,AB
208198,001,AB
206116,001,AT
207714,001,AB
213040,001,AB
217646,001,AB
206655,001,AT
204132,001,AT
208021,001,AB
205878,001,AT
203818,001,AT
208098,001,AB
202852,001,AT
206411,001,AT
211827,001,AB
211969,001,AB
016831,001,AT
062687,001,AT
063038,001,AT
209596,001,AT
209913,001,AT
088167,001,AT
206422,001,AT
089124,001,AT
209118,001,AT
209699,001,AT
072934,001,AT
209283,001,AT
206003,001,AT
216389,001,AT
074799,001,AT
208948,001,AT
215612,001,AT
076526,001,AT
076526,002,AT
076364,001,AT
203567,001,AB
086364,001,AT
088803,001,AT
040710,001,AT
216250,001,AT
204494,001,AT
218182,001,AT
218411,001,AT
087881,001,AT
019116,001,AT
075600,001,AT
015296,001,AT
212188,001,AB
211963,001,AB
212224,001,AB
211297,001,AB
212168,001,AB
211848,001,AB
212294,001,AB
017433,001,AT
017433,002,AT
208156,001,AB
204660,001,AB
077954,001,AB
212289,001,AB
207610,001,AB
202609,001,AB
091409,001,AB
207712,001,AB
208111,001,AB
208436,001,AB
075499,001,AB
075824,001,AB
076396,001,AB
076979,001,AB
210629,001,AB
212458,001,AB
074830,001,AB
076703,001,AB
091345,001,AB
215228,001,AB
212907,001,AB
211393,001,AB
216881,001,AB
202236,001,AB
074805,001,AB
207802,001,AB
077704,001,AB
077538,001,AB
078492,001,AB
076504,001,AB
218321,001,AB
215104,001,AB
215105,001,AB
076156,001,AB
076155,001,AB
076025,001,AB
076103,001,AB
076664,001,AB
076598,001,AB
217912,001,AB
217886,001,AB
219222,001,AB
219221,001,AB
020148,001,AB
207989,001,AB
091161,001,AB
215878,001,AB
211706,001,AB
210901,001,AB
091572,001,AB
202853,001,AB
091496,001,AB
018705,002,AB
020626,001,AB
020626,003,AB
208967,001,AB
214209,001,AB
204841,001,AB
204841,002,AB
213465,002,AB
213465,001,AB
212469,001,AB
212469,002,AB
021450,003,AB
021450,004,AB
211191,001,AT
208125,001,AT
090898,001,AT
208842,001,AT
206378,001,AT
021835,001,AT
208124,001,AT
206441,001,AT
204141,001,AT
205782,001,AT
206786,001,AT
207094,001,AT
021252,002,AB
040246,001,AB
215399,001,AB
216905,001,AB
073314,001,AB
215899,001,AB
216184,001,AB
205654,001,AB
208362,001,AB
213377,001,AB
204354,001,AB
207448,001,AB
219028,001,AB
202065,001,AB
208953,001,AB
040058,001,AB
216446,001,AB
216446,002,AB
040428,002,AB
040428,001,AB
040500,001,AB
040500,002,AB
040603,001,AB
040603,002,AB
073508,001,AB
018888,001,AB
077149,001,AB
077553,001,AB
022264,001,AB
022264,002,AB
022264,003,AB
022264,004,AB
022264,005,AB
211149,001,AB
211149,002,AB
211149,003,AB
211149,004,AB
211149,005,AB
020803,001,AB
020816,001,AB
204884,001,AB
209406,001,AB
064135,001,AT
216348,001,AB
016851,002,AB
020583,001,AB
216345,001,AB
217484,001,AB
215550,001,AB
215719,001,AB
215203,001,AB
215204,001,AB
215933,001,AB
207609,001,AB
212450,001,AB
050023,002,AT
062341,001,AT
017469,001,AB
017011,001,AB
218256,001,AB
216935,001,AB
050592,001,AB
064134,001,AB
212715,001,AB
060613,001,AT
021537,001,AB
216501,001,AB
205548,001,AB
215768,001,AB
210470,001,AB
062488,001,AT
065219,001,AT
064065,001,AT
205710,001,AN
205710,002,AN
205710,003,AN
078404,001,AN
078404,002,AN
210897,001,AN
078202,001,AN
078202,002,AN
211922,001,AN
211922,002,AN
211922,003,AN
077519,001,AN
077519,002,AN
204548,001,AN
020929,001,AN
020929,002,AN
020929,003,AN
074738,001,AB
216331,001,AB
212718,001,AB
215669,001,AB
217393,001,AB
212252,001,AB
215724,001,AB
210510,001,AB
202960,001,AB
212918,001,AB
207833,001,AB
209685,001,AB
210692,001,AB
209105,001,AB
214272,001,AB
217252,001,AB
201367,001,AB
019183,001,AB
075714,001,AB
214277,001,AB
209478,001,AB
213039,001,AB
210039,001,AB
214404,001,AB
208819,001,AB
213110,001,AB
209796,001,AB
210546,001,AB
210978,001,AB
217813,001,AB
211050,001,AB
210799,001,AB
008762,001,AB
208685,001,AB
202385,001,AB
211333,001,AB
206314,001,AB
020189,003,AB
215602,001,AB
009175,001,AB
208277,001,AB
065394,001,AB
065200,001,AB
065354,001,AB
065438,001,AB
074978,001,AB
209178,001,AB
076925,001,AB
215311,001,AB
209204,001,AB
018332,001,AB
217883,001,AB
077404,001,AB
075671,001,AB
076721,001,AB
020500,001,AB
216418,001,AB
018965,001,AB
212705,001,AB
215776,001,AB
074190,001,AB
211910,001,AB
077702,001,AA
207684,001,AA
205180,001,AB
201679,001,AB
219495,001,AB
208909,001,AB
212607,001,AB
218346,001,AB
201693,001,AB
216385,001,AB
201355,001,AB
022003,001,AB
062517,001,AA
065148,001,AA
214346,001,AA
203621,001,AA
062876,001,AA
062512,001,AA
203993,001,AB
213183,001,AB
202961,001,AB
215332,001,AB
218278,001,AB
209652,001,AB
212428,001,AB
216749,001,AB
217782,001,AB
207300,001,AB
215726,001,AB
078734,001,AB
218152,001,AB
040521,001,AB
208773,001,AB
017453,001,AB
205919,001,AB
219417,001,AB
216035,001,AB
213410,001,AB
216549,001,AB
211388,001,AB
214009,001,AB
216841,001,AB
207363,001,AB
213457,001,AB
214817,001,AB
215572,001,AB
218085,001,AB
216726,001,AB
209356,001,AB
217126,001,AB
212913,001,AB
211780,001,AB
213549,001,AB
216474,001,AB
211884,001,AB
091348,001,AB
077785,001,AB
214330,001,AB
077612,001,AB
018615,001,AB
018927,001,AB
076729,001,AB
209080,001,AB
021285,001,AB
040028,001,AA
214912,001,AA
087859,001,AA
210765,001,AB
213269,001,AB
076422,001,AB
077676,001,AB
077092,001,AB
019824,001,AB
022185,001,AB
065513,001,AT
065049,001,AT
064136,001,AT
090215,001,AT
064126,001,AT
079241,001,AA
078105,001,AA
077788,001,AA
212197,001,AA
073419,001,AA
074170,001,AA
074028,001,AA
214178,001,AA
074509,001,AA
075060,001,AA
088811,001,AA
203375,001,AA
210647,001,AA
203997,001,AA
213125,001,AA
207676,001,AA
205292,001,AA
202940,001,AA
205112,001,AA
211170,001,AA
073399,001,AA
074884,001,AA
203191,001,AA
209108,001,AA
212423,001,AA
040668,001,AA
212286,001,AA
214721,001,AA
040169,001,AA
040506,001,AA
040253,001,AA
005213,002,AA
207487,001,AA
088017,001,AA
203535,001,AA
205731,001,AA
088008,001,AA
210634,001,AA
219289,001,AA
087294,001,AA
201674,001,AA
040391,001,AA
081118,001,AA
088235,001,AA
218036,001,AA
217183,001,AA
015193,001,AA
075873,001,AA
076379,001,AA
075039,001,AA
074520,001,AA
040654,001,AA
040660,001,AA
040649,001,AA
040026,001,AA
091675,001,AA
213890,001,AA
040891,001,AA
040718,001,AA
200894,001,AA
090180,001,AA
200386,001,AA
214238,001,AA
088875,001,AA
090575,001,AA
011265,002,AA
091687,001,AA
040902,001,AA
200963,001,AA
087953,001,AA
088864,001,AA
212702,001,AA
212405,001,AA
216512,001,AA
211694,001,AA
208797,001,AA
073178,001,AA
075782,001,AA
075379,001,AA
090517,001,AA
080258,001,AA
018891,001,AB
018891,002,AB
018891,003,AB
090873,001,AB
090873,002,AB
090873,003,AB
076157,001,AB
076157,002,AB
076157,003,AB
079090,001,AB
079090,002,AB
079090,003,AB
076166,001,AB
076166,002,AB
076166,003,AB
211293,001,AB1
211293,002,AB1
211293,003,AB1
211293,004,AB1
211293,005,AB1
201675,001,AB1
201675,002,AB1
201675,003,AB1
201675,004,AB1
201675,005,AB1
204379,001,AB
206241,001,AB1
206241,002,AB1
206241,003,AB1
206241,004,AB1
206241,005,AB1
021674,001,AB
208769,001,AB
218384,001,AB
203753,001,AB
078830,001,AB
215329,001,AB
212342,001,AB
217893,001,AB
017874,001,AB
020538,009,AB1
020538,005,AB1
020538,006,AB1
020538,007,AB1
020538,008,AB1
075687,001,AB
075712,001,AB
084427,001,AB
073524,001,AB
021468,004,AB
021468,002,AB
021468,003,AB
203448,001,AB
202329,003,AB
202329,001,AB
202329,002,AB
090977,003,AB
090977,001,AB
090977,002,AB
206868,003,AB
206868,001,AB
206868,002,AB
090978,003,AB
090978,001,AB
090978,002,AB
217068,001,AB
217068,002,AB
217068,003,AB
217068,004,AB
217068,005,AB
217068,006,AB
219258,001,AB
219258,002,AB
219258,003,AB
219258,004,AB
219258,005,AB
219258,006,AB
218306,001,AB
218306,002,AB
218306,003,AB
218306,004,AB
218306,005,AB
218306,006,AB
218850,001,AB
218850,002,AB
218850,003,AB
218850,004,AB
218850,005,AB
218850,006,AB
214134,001,AB
214134,002,AB
214134,003,AB
214134,004,AB
214134,005,AB
214134,006,AB
215415,001,AB
215415,002,AB
215415,003,AB
215415,004,AB
215415,005,AB
215415,006,AB
210354,001,AB
210354,002,AB
210354,003,AB
205756,001,AB
205756,002,AB
205756,003,AB
205107,001,AB
205107,002,AB
205695,001,AB
205695,002,AB
202096,001,AB
202096,002,AB
207464,001,AB
207464,002,AB
204093,001,AB
204093,002,AB
200405,001,AB
200405,002,AB
203582,001,AB
203582,002,AB
209011,001,AB
209011,002,AB
201581,001,AB
201581,002,AB
078723,001,AB
078723,002,AB
090984,001,AB
090984,002,AB
203037,001,AB
203037,002,AB
203371,001,AB
040884,001,AB
200691,001,AB
200565,001,AB
020830,002,AB
020830,001,AB
208510,001,AB
208510,002,AB
208510,003,AB
208510,004,AB
208510,005,AB
208510,006,AB
202229,001,AB
200142,001,AB
205995,001,AB
020973,002,AB
020607,001,AB
020607,002,AB
022560,001,AB
007073,002,AB
018723,003,AB
018723,001,AB
018723,002,AB
021876,001,AB
074514,001,AB
074514,002,AB
075281,002,AB
075281,003,AB
075185,002,AB
075185,003,AB
075185,001,AB
216548,001,AB
216548,002,AB
216548,003,AB
090066,001,AB
090066,002,AB
077863,003,AB
201089,001,AB
201089,002,AB
203995,001,AB
203995,002,AB
204355,001,AB
204355,002,AB
205143,001,AB
205143,002,AB
090554,001,AB
090554,002,AB
090554,003,AB
077296,001,AB
077296,002,AB
077296,003,AB
078755,001,AB
078755,002,AB
078755,003,AB
078290,003,AB
078290,002,AB
078290,001,AB
078790,001,AB
078790,002,AB
078790,003,AB
078853,001,AB
078853,002,AB
078853,003,AB
090210,001,AB
090210,002,AB
090210,003,AB
078597,001,AB
078597,002,AB
078597,003,AB
079163,001,AB
079163,002,AB
079163,003,AB
078182,001,AB
078182,002,AB
078182,003,AB
077100,001,AB
077100,002,AB
077100,003,AB
050795,005,AB
090134,003,AB
090134,001,AB
090134,002,AB
090134,004,AB
213075,001,AB
213075,002,AB
213075,003,AB
213075,004,AB
200856,001,AB
200856,002,AB
200856,003,AB
200856,004,AB
207494,003,AB
207494,001,AB
207494,002,AB
205811,001,AB
217000,001,AB
207825,001,AB
208518,001,AB
020067,002,AB
020067,003,AB
062298,001,AB
062298,003,AB
062298,002,AB
210954,001,AB
210954,002,AB
210954,003,AB
211975,001,AB
211975,003,AB
211975,002,AB
022000,001,AB
203817,001,AB
215067,001,AB
216334,001,AB
217337,001,AB
211858,001,AB
213191,001,AB
091640,001,AB
203286,001,AB
202555,001,AB
202555,002,AB
208315,001,AB
208315,002,AB
091558,001,AB
091558,002,AB
218603,001,AB
218603,002,AB
214630,001,AB
217031,001,AB
214630,002,AB
217031,002,AB
211173,001,AB
211173,002,AB
216637,001,AB
216637,002,AB
091248,002,AB
091248,001,AB
214289,001,AB
214289,002,AB
214376,001,AB
214376,002,AB
050791,001,AB
050791,002,AB
218497,001,AB
218497,002,AB
091432,001,AB
091432,002,AB
075227,001,AB
075227,002,AB
216908,001,AB
216908,002,AB
213699,001,AB
213699,002,AB
204206,001,AB
204206,002,AB
217738,001,AB
217738,002,AB
090797,001,AB
090797,002,AB
205119,001,AB
205119,002,AB
202038,001,AB
202038,002,AB
077619,001,AB
077619,002,AB
217282,001,AB
217282,002,AB
219087,001,AB
219087,002,AB
202882,001,AB
202882,002,AB
078281,001,AB
078281,002,AB
215880,001,AB
090970,001,AB
090970,002,AB
202052,001,AB
202052,002,AB
090807,001,AB
090807,002,AB
090074,001,AB
090074,002,AB
091231,001,AB
091231,002,AB
213454,001,AB
216626,001,AB
217119,001,AB
214476,001,AB
212500,001,AB
214321,001,AB
216488,001,AB
218434,001,AB
217720,001,AB
212411,001,AB
212226,001,AB
216326,001,AB
020987,002,AB
020987,001,AB
208644,001,AB
204179,001,AB
205761,001,AB
078964,001,AB
076824,001,AB
090678,001,AB
204237,001,AB
202376,001,AB
203217,001,AB
075339,001,AB
211843,001,AB
211843,002,AB
216278,001,AB
217219,001,AB
217219,002,AB
216456,001,AB
216456,002,AB
216990,001,AB
216990,002,AB
079013,001,AB
079060,001,AB
090284,001,AB
203192,001,AB
078056,001,AB
078056,002,AB
078056,003,AB
078056,004,AB
078387,001,AB
078387,002,AB
078387,003,AB
078387,004,AB
090871,001,AB
090871,002,AB
090871,003,AB
090871,004,AB
021774,002,AB
021774,001,AB
022250,001,AB
205457,001,AB
208851,001,AB
210497,001,AB3
210497,002,AB3
079095,001,AB1
077715,001,AB3
079094,001,AB2
079095,002,AB1
079095,003,AB1
207224,001,AB3
207224,002,AB3
216800,001,AB1
216800,002,AB1
216800,003,AB1
075932,001,AB1
075932,002,AB1
075932,003,AB1
218385,001,AB1
215568,001,AB3
218385,002,AB1
218385,003,AB1
215568,002,AB3
211020,001,AB3
211020,002,AB3
075913,001,AB1
075913,002,AB1
075914,001,AB2
207874,001,AB1
207874,002,AB1
207874,003,AB1
090693,001,AB3
090693,002,AB3
202304,001,AB1
202304,002,AB1
202304,003,AB1
077475,001,AB2
205794,001,AB1
205794,002,AB1
206122,001,AB2
207479,001,AB3
205794,003,AB1
207479,002,AB3
208652,001,AB3
208652,002,AB3
210081,001,AB3
210081,002,AB3
077285,001,AB3
077285,002,AB3
202189,001,AB3
202189,002,AB3
211347,001,AB1
210015,001,AB3
211347,002,AB1
216766,001,AB2
211347,003,AB1
210015,002,AB3
211200,002,AB3
211200,001,AB3
201567,002,AB3
201567,001,AB3
219939,001,AB
219939,002,AB
219939,003,AB
217277,001,AB
217277,002,AB
217277,003,AB
212948,001,AB
212948,002,AB
212948,003,AB
213311,001,AB
213311,002,AB
213311,003,AB
216404,001,AB
216404,002,AB
216404,003,AB
216235,001,AB
216235,002,AB
216235,003,AB
078115,001,AB
078115,002,AB
078115,003,AB
212524,001,AB
212524,002,AB
212524,003,AB
216594,001,AB
216594,002,AB
216594,003,AB
211623,001,AB
211623,002,AB
211623,003,AB
219072,001,AB
219072,002,AB
219072,003,AB
215591,001,AB
215591,002,AB
215591,003,AB
205571,001,AB
205571,002,AB
205571,003,AB
202323,001,AB
202323,002,AB
210341,001,AB
210341,002,AB
076521,001,AB
076521,002,AB
075091,002,AB
075091,001,AB
217482,001,AB
217482,002,AB
214091,001,AB
214091,002,AB
077828,001,AB
077828,002,AB
021392,001,AB
021392,002,AB
021392,003,AB
021392,004,AB
021392,005,AB
021392,006,AB
065145,001,AB
065154,001,AB
203243,001,AB
208987,001,AB
203320,001,AB1
209686,001,AB1
209285,001,AB1
210338,001,AB1
209675,001,AB1
211433,001,AB1
209757,001,AB1
021121,001,AB
021121,004,AB
021121,002,AB
021121,003,AB
206863,001,AB
206836,001,AB
206765,001,AB
206811,001,AB
210158,001,AB
208292,001,AB
207302,001,AB
207302,002,AB
207681,001,AB
207681,002,AB
206743,001,AB
206743,002,AB
207664,001,AB
207664,002,AB
211045,001,AB
211045,002,AB
205209,001,AB
205209,002,AB
021168,002,AB
021168,001,AB
204065,001,AB
204065,002,AB
204065,003,AB
204003,003,AB
204003,001,AB
204003,002,AB
204082,002,AB
204082,001,AB
204083,001,AB
204172,003,AB
204172,001,AB
204172,002,AB
211427,001,AB
211427,002,AB
204805,001,AB
204805,002,AB
204028,003,AB
204028,001,AB
204028,002,AB
210014,003,AB
210014,001,AB
210014,002,AB
204020,003,AB
204020,001,AB
204020,002,AB
076201,001,AB
216275,001,AB
075492,001,AB
077686,006,AB
077686,005,AB
077686,004,AB
077686,003,AB
077686,002,AB
077686,001,AB
216439,001,AB
216439,002,AB
216439,003,AB
216439,004,AB
216439,005,AB
216439,006,AB
216327,001,AB
216327,002,AB
216327,003,AB
216327,004,AB
216327,005,AB
216327,006,AB
203730,001,AB
203730,002,AB
215527,001,AB
215527,002,AB
202419,001,AB
202419,002,AB
090161,001,AB
209286,001,AB
209286,002,AB
077567,001,AB
077567,002,AB
090070,001,AB
078705,002,AB
078705,001,AB
214643,001,AB
214643,002,AB
078239,001,AB
078239,002,AB
076174,001,AB
076174,002,AB
076174,003,AB
075665,003,AB
075665,002,AB
075665,001,AB
212263,001,AB
212263,002,AB
212263,003,AB
091134,001,AB
091134,002,AB
091134,003,AB
203417,001,AB
203417,002,AB
203417,003,AB
090365,001,AB
090365,002,AB
090365,003,AB
201964,001,AB
201964,002,AB
201964,003,AB
203032,001,AB
203032,002,AB
203032,003,AB
200815,001,AB
200815,002,AB
200815,003,AB
091200,001,AB
091200,002,AB
091200,003,AB
202170,001,AB
202170,002,AB
202170,003,AB
210847,001,AB
210847,002,AB
210847,003,AB
204800,001,AB
204800,002,AB
204800,003,AB
204973,001,AB
204973,002,AB
204827,001,AB
204827,002,AB
205002,001,AB
205002,002,AB
205007,001,AB
205007,002,AB
204975,001,AB
204975,002,AB
204792,001,AB
204792,002,AB
204946,001,AB
204946,002,AB
209397,001,AB
079011,001,AB
206928,001,AB
206928,002,AB
206928,003,AB
204720,001,AB
204720,002,AB
204720,003,AB
076467,003,AB
076467,001,AB
076467,002,AB
203499,001,AB
203499,002,AB
203499,003,AB
020329,001,AB
020329,002,AB
021748,002,AB3
021748,001,AB3
200881,001,AB
200881,002,AB
200881,003,AB
200881,004,AB
217269,001,AB
217269,002,AB
217269,003,AB
217269,004,AB
205430,001,AB
205430,002,AB
205430,003,AB
205430,004,AB
217638,001,AB
217638,002,AB
217638,003,AB
217638,004,AB
219689,001,AB
219689,002,AB
219689,003,AB
219689,004,AB
202568,001,AB
202568,002,AB
202568,003,AB
202568,004,AB
205689,001,AB
205689,002,AB
205689,003,AB
205689,004,AB
201382,001,AB
201382,002,AB
201382,003,AB
201382,004,AB
201408,001,AB
201408,002,AB
201408,003,AB
201408,004,AB
219033,001,AB
219033,002,AB
219033,003,AB
219033,004,AB
213428,001,AB
213428,002,AB
213428,003,AB
213428,004,AB
208269,001,AB
208269,002,AB
208269,003,AB
208269,004,AB
208269,005,AB
208269,006,AB
212133,001,AB
212133,002,AB
212133,003,AB
212133,004,AB
205629,001,AB
205629,002,AB
205629,003,AB
205629,004,AB
204278,001,AB
204278,002,AB
204278,003,AB
204278,004,AB
206627,001,AB
206627,002,AB
206627,003,AB
206627,004,AB
206627,005,AB
206627,006,AB
022037,001,AB
022037,002,AB
022037,003,AB
022037,004,AB
021999,001,AB
021999,002,AB
021999,003,AB
216557,001,AB
216557,002,AB
216557,003,AB
075155,002,AB
075155,001,AB
075155,003,AB
075522,002,AB
075522,001,AB
210822,001,AB
210918,001,AB
210918,002,AB
210918,003,AB
214115,002,AB
214115,003,AB
214115,001,AB
200270,001,AB
200495,001,AB
200495,002,AB
075395,001,AB
075395,002,AB
075395,003,AB
022285,001,AB
022285,002,AB
019123,001,AB2
019123,002,AB2
074726,002,AB1
074726,003,AB1
074726,001,AB1
022115,001,AB
022115,002,AB
022115,003,AB
022115,004,AB
022115,006,AB
022115,005,AB
200672,003,AB
200672,004,AB
200672,001,AB
200672,002,AB
200672,006,AB
200672,005,AB
211821,001,AB
211821,002,AB
211821,003,AB
207497,001,AB
207497,002,AB
207497,003,AB
207497,004,AB
207497,005,AB
207497,006,AB
202383,001,AB
202383,002,AB
202383,003,AB
202383,004,AB
202383,006,AB
202383,005,AB
201791,001,AB
201791,002,AB
201791,003,AB
201791,004,AB
201791,005,AB
201791,006,AB
202887,003,AB
202887,004,AB
202498,001,AB
202498,002,AB
202498,003,AB
202498,004,AB
202498,005,AB
203370,001,AB
203370,002,AB
203370,003,AB
213949,001,AB
213949,002,AB
213949,003,AB
213949,004,AB
213949,005,AB
213949,006,AB
207763,001,AB
207763,002,AB
207763,003,AB
207763,004,AB
207763,005,AB
207763,006,AB
021192,001,AB
091093,001,AB
091093,002,AB
204754,001,AB
204754,002,AB
204511,001,AB
204511,002,AB
091261,001,AB
091261,002,AB
207175,001,AB
207175,002,AB
091399,001,AB
091399,002,AB
212688,002,AB
212688,001,AB
203468,001,AB
203468,002,AB
205130,001,AB
205130,002,AB
091544,001,AB
091616,001,AB
205532,001,AB
076832,001,AB
076691,001,AB
204779,001,AB
205663,001,AB
018027,001,AB
209501,001,AB
209501,002,AB
209501,003,AB
011665,001,AB
203755,002,AB3
203755,001,AB3
076869,001,AB
213651,002,AB2
213962,002,AB3
213651,001,AB2
213962,001,AB3
209303,001,AB1
206145,001,AB1
206145,002,AB
078596,001,AB1
078596,002,AB
213356,002,AB3
213356,001,AB3
209694,002,AB2
209694,001,AB2
079118,001,AB1
079118,002,AB
207427,001,AB1
207427,002,AB
078321,001,AB1
078321,002,AB
212969,002,AB3
212969,001,AB3
209313,001,AB1
213344,001,AB3
209313,002,AB
213344,002,AB3
218673,001,AB1
218673,002,AB
201991,001,AB1
217631,001,AB1
217631,002,AB
090692,002,AB2
091664,002,AB3
090692,001,AB2
091664,001,AB3
206955,001,AB1
206955,002,AB
090295,001,AB1
090295,002,AB
202306,001,AB1
202306,002,AB
212448,002,AB3
212448,001,AB3
203832,002,AB2
203832,001,AB2
200690,002,AB2
200690,001,AB2
076756,001,AB1
076756,002,AB
209674,002,AB2
209674,001,AB2
212681,002,AB3
208880,001,AB1
212681,001,AB3
208880,002,AB
209993,002,AB2
209993,001,AB2
215629,002,AB3
215629,001,AB3
076873,001,AB1
213334,002,AB3
214629,002,AB2
213334,001,AB3
214629,001,AB2
077336,001,AB1
077336,002,AB
076269,001,AB1
076864,001,AB
213247,002,AB2
213247,001,AB2
213359,001,AB1
213359,002,AB
211052,001,AB1
211052,002,AB
077060,001,AB1
077078,001,AB
075629,001,AB
075629,002,AB
207488,001,AB
207488,002,AB
076772,001,AB
076772,002,AB
076772,003,AB
076655,001,AB
076655,002,AB
214447,001,AB
212288,001,AB
214447,002,AB
214447,003,AB
214447,004,AB
211918,001,AB
211918,002,AB
211918,003,AB
211918,004,AB
211009,001,AB
211009,002,AB
211009,003,AB
211009,004,AB
206726,001,AB
206726,002,AB
206726,003,AB
206726,004,AB
213473,001,AB
213473,002,AB
213473,003,AB
213473,004,AB
210992,001,AB
210992,002,AB
091695,001,BX
091695,002,BX
091695,003,BX
091695,004,BX
205327,001,AB
205327,002,AB
205327,003,AB
205327,004,AB
205327,005,AB
202608,001,BX
202608,002,BX
202608,003,BX
205135,001,AB
205135,002,AB
205135,003,AB
205135,004,AB
217229,001,AB
204161,001,AB
204161,002,AB
204161,003,AB
204161,004,AB
076862,001,AB
211143,001,AB
211143,002,AB
211143,003,AB
211143,004,AB
207465,001,AB
207465,002,AB
207465,003,AB
090617,001,AB
090617,002,AB
216916,001,AB
216916,002,AB
216916,003,AB
216916,004,AB
205541,001,AB
205541,002,AB
205541,003,AB
205541,004,AB
206980,001,AB
206980,002,AB
206980,003,AB
206980,004,AB
202033,001,AB
202033,002,AB
202033,003,AB
202033,004,AB
204106,001,AB
204106,002,AB
204106,003,AB
204106,004,AB
203028,001,AB
203028,002,AB
203699,001,AB
203699,002,AB
078889,001,AB
078889,002,AB
214004,004,AB
214004,001,AB
214004,002,AB
214004,003,AB
207206,001,AB
207206,002,AB
207206,003,AB
207206,004,AB
090615,001,AB
090615,002,AB
090615,003,AB
090615,004,AB
213854,004,AB
213854,003,AB
213854,001,AB
213854,002,AB
214110,001,AB
214110,002,AB
214110,003,AB
203894,001,AB
203894,002,AB
203894,003,AB
203894,004,AB
204453,001,AB
204453,008,AB
204453,006,AB
204453,002,AB
204453,003,AB
204453,004,AB
204453,007,AB
204453,005,AB
202261,001,AB
202261,008,AB
202261,002,AB
202261,006,AB
202261,003,AB
202261,007,AB
202261,004,AB
202261,005,AB
091424,001,AB
091424,002,AB
091424,003,AB
091424,004,AB
090422,001,AB
090422,002,AB
090422,003,AB
204394,001,AB
204394,002,AB
204394,003,AB
204394,004,AB
204394,005,AB
204394,006,AB
204394,007,AB
215948,001,AB
215948,002,AB
209485,001,AB
209485,002,AB
217989,001,AB
217989,002,AB
209488,001,AB
209488,002,AB
203849,001,AB
203849,002,AB
203849,003,AB
203849,004,AB
203849,005,AB
075407,001,AB
074862,001,AB
074862,002,AB
074862,003,AB
074769,001,AB
074769,002,AB
076412,001,AB
076412,002,AB
076412,003,AB
076438,001,AB
076438,002,AB
075295,001,AB
075295,002,AB
075295,003,AB
075295,004,AB
075295,005,AB
078761,001,AB
078761,002,AB
078761,003,AB
078761,004,AB
078761,005,AB
019516,003,AB
019516,001,AB
019516,002,AB
019516,004,AB
019516,005,AB
202611,001,AB
202611,002,AB
020353,001,AB
020353,002,AB
020353,003,AB
075416,002,AB
075416,001,AB
075416,003,AB
206879,001,AB
205651,001,AB
203411,001,AB
203578,002,AB
203578,001,AB
204178,001,AB
209236,003,AB
209236,001,AB
209236,002,AB
076250,001,AB
076378,001,AB
076378,002,AB
090446,001,AB
090860,001,AB
090892,001,AB
213090,003,AB
213090,001,AB
213090,002,AB
203899,002,AB
203899,001,AB
204934,002,AB
204934,001,AB
207726,003,AB
207726,001,AB
207726,002,AB
200484,002,AB
200484,001,AB
201273,001,AB
203285,003,AB
203285,001,AB
203285,002,AB
216896,001,AB2
216896,002,AB2
216896,003,AB2
216067,001,AB2
216067,002,AB2
216067,003,AB2
213361,001,AB1
213361,002,AB1
213361,003,AB1
212016,001,AB2
202987,001,AB1
210614,001,AB2
202987,002,AB1
210614,002,AB2
202987,003,AB1
210614,003,AB2
077127,001,AB2
077127,002,AB2
077127,003,AB2
210838,001,AB2
210838,002,AB2
210838,003,AB2
203126,001,AB2
203126,002,AB2
203126,003,AB2
075269,001,AB1
075289,002,AB2
075269,002,AB1
075289,001,AB2
076070,001,AB1
210012,001,AB2
210184,001,AB1
210012,002,AB2
210184,002,AB1
210012,003,AB2
210184,003,AB1
091001,001,AB
091001,002,AB
091001,004,AB
040284,001,AB
040249,001,AB
040327,001,AB
091158,001,AB
217659,001,AB
217659,002,AB
217659,003,AB
213369,001,AB
213369,002,AB
213369,003,AB
215796,001,AB
215796,002,AB
215796,003,AB
202810,001,AB
202810,002,AB
202810,003,AB
207138,001,AB
207138,002,AB
207138,003,AB
211655,001,AB
211655,002,AB
211655,003,AB
204010,001,AB
204010,002,AB
204010,003,AB
210717,001,AB
210717,002,AB
210717,003,AB
078503,001,AB
078503,002,AB
078503,003,AB
214415,001,AB
214415,002,AB
214415,003,AB
206121,001,AB
206121,002,AB
206121,003,AB
202332,001,AB
202332,002,AB
202332,003,AB
218514,001,AB
218330,001,AB
218330,002,AB
218330,003,AB
218330,004,AB
204707,001,AB
204707,002,AB
204707,003,AB
204707,004,AB
216174,001,AB
216174,002,AB
216174,003,AB
216174,004,AB
212807,001,AB
212807,002,AB
212807,003,AB
212807,004,AB
205559,001,AB
205559,002,AB
205559,003,AB
204452,001,AB
204452,002,AB
204452,003,AB
204452,004,AB
208643,001,BX
208643,002,BX
208643,003,BX
208643,004,BX
203802,001,AB
203802,002,AB
203802,003,AB
203802,004,AB
205618,001,AB
205618,002,AB
205618,003,AB
205618,004,AB
217445,001,AB
217445,002,AB
217445,003,AB
217445,004,AB
077873,001,AB
077873,002,AB
091427,001,AB
212645,001,AB
212645,002,AB
212645,003,AB
213485,001,AB
213485,002,AB
213485,003,AB
204744,001,AB
204744,002,AB
204744,003,AB
204134,001,AB
204134,002,AB
204134,003,AB
209748,001,AB
209748,002,AB
209293,001,AB
209293,002,AB
209293,003,AB
020936,001,AB
020936,002,AB
020936,003,AB
074878,001,AB
075191,001,AB
074425,001,AB
075028,001,AB
075604,001,AB1
075604,002,AB1
076368,002,AB1
076368,001,AB1
212861,001,AB1
212861,003,AB1
214422,001,AB1
214422,002,AB1
214422,003,AB1
210921,001,AB2
210921,002,AB2
203562,001,AB1
203562,002,AB1
211797,001,AB2
211797,002,AB2
214452,001,AB1
214452,002,AB1
214395,001,AB1
214395,002,AB1
212987,001,AB2
212987,002,AB2
216269,001,AB1
216269,002,AB1
216269,003,AB1
204662,001,AB2
204662,002,AB2
206759,001,AB2
206347,001,AB1
206759,002,AB2
206347,002,AB1
205993,001,AB2
205993,002,AB2
209922,001,AB1
209922,002,AB1
209922,003,AB1
217412,001,AB2
217412,002,AB2
215725,001,AB3
216321,001,AB1
216321,002,AB1
215725,002,AB3
216321,003,AB1
210733,001,AB2
210733,002,AB2
218979,001,AB2
209688,001,AB3
218979,002,AB2
209688,002,AB3
209314,001,AB2
209314,002,AB2
212561,001,AB3
212561,002,AB3
210395,001,AB1
210395,002,AB1
212779,001,AB
212779,002,AB
214420,001,AB
214420,002,AB
214420,003,AB
212799,001,AB
212799,002,AB
214426,001,AB
214426,002,AB
214426,003,AB
077440,001,AB
077440,002,AB
206813,001,AB
206813,002,AB
206813,003,AB
209758,001,AB
209758,002,AB
209758,003,AB
203546,001,AB
203546,002,AB
203546,003,AB
201963,001,AB
201963,002,AB
201963,003,AB
203615,001,AB
201963,004,AB
203615,002,AB
201963,005,AB
204518,001,AB
204518,002,AB
204518,003,AB
204518,004,AB
204518,005,AB
204518,006,AB
204518,007,AB
202353,001,AB
202353,002,AB
202353,003,AB
202353,004,AB
202353,005,AB
203354,001,AB
203354,002,AB
203354,003,AB
203354,004,AB
203354,005,AB
206156,001,AB
206156,002,AB
206156,003,AB
206156,004,AB
206156,005,AB
206156,007,AB
206156,006,AB
213444,001,AB
213444,002,AB
213444,003,AB
213444,004,AB
213444,005,AB
213444,006,AB
213444,007,AB
212797,001,AB
212797,002,AB
202891,001,AB
202891,002,AB
202891,003,AB
202891,004,AB
202891,005,AB
202891,006,AB
202891,007,AB
214496,001,AB
214496,002,AB
214496,003,AB
217857,001,AB
213226,001,AB
213226,002,AB
213226,003,AB
215249,001,AB
215249,002,AB
215249,003,AB
021992,003,AB
021992,001,AB
021992,002,AB
019684,001,AB2
019684,002,AB2
019684,003,AB2
204737,001,AB
203184,001,AB
205464,001,AB
206252,001,AB
090681,001,AB
090681,002,AB
090681,003,AB
090681,004,AB
209497,001,AB
209497,002,AB
207655,001,AB
207655,002,AB
207655,003,AB
207655,004,AB
207655,005,AB
211144,001,AB
211144,002,AB
211144,003,AB
211144,004,AB
211144,005,AB
204203,001,AB
204203,002,AB
204203,003,AB
204203,004,AB
204203,005,AB
204253,001,AB
204253,002,AB
204253,003,AB
204253,004,AB
202939,001,AB
202939,002,AB
202939,003,AB
202939,004,AB
202939,005,AB
208947,001,AB
208947,002,AB
208947,003,AB
208947,004,AB
208947,005,AB
208781,001,AB
208781,002,AB
208781,003,AB
208781,004,AB
208781,005,AB
209635,005,AB
209635,001,AB
209635,002,AB
209635,003,AB
209635,004,AB
215478,001,AB
215478,002,AB
215478,003,AB
215478,004,AB
215478,005,AB
212589,001,AB
089338,001,AB
208862,002,AB
208862,001,AB
210054,002,AB
210054,001,AB
209953,002,AB
209953,001,AB
212781,002,AB
212781,001,AB
209081,002,AB
209081,001,AB
210188,002,AB
210188,001,AB
201046,001,AB
201046,002,AB
211082,002,AB
211082,001,AB
212788,002,AB
212788,001,AB
213517,002,AB
213517,001,AB
211361,002,AB
211361,001,AB
212284,002,AB
212284,001,AB
211745,002,AB
211745,001,AB
210668,002,AB
210668,001,AB
212889,002,AB
212889,001,AB
211829,002,AB
211829,001,AB
211865,002,AB
211865,001,AB
213083,002,AB
213083,001,AB
214035,002,AB
214035,001,AB
090869,001,AB
090869,002,AB
090869,003,AB
090869,004,AB
090869,005,AB
202786,001,AB
202786,002,AB
202786,003,AB
202786,004,AB
202786,005,AB
091395,001,AB
091395,002,AB
091395,003,AB
091395,004,AB
091395,005,AB
201576,001,AB
201576,002,AB
201576,003,AB
201576,004,AB
201576,005,AB
204413,001,AB
204413,002,AB
204413,003,AB
204413,004,AB
204413,005,AB
201047,001,AB
201047,003,AB
201047,004,AB
201047,005,AB
201047,006,AB
207678,001,AB
207678,002,AB
207678,003,AB
205981,002,AB
205981,003,AB
205981,001,AB
022047,001,AB
022047,005,AB
022047,002,AB
022047,003,AB
022047,004,AB
020356,008,AB
020356,007,AB
020356,005,AB
020234,001,AB
020234,002,AB
020234,003,AB
090430,001,AB
090430,002,AB
216276,001,AB
216276,002,AB
217422,001,AB
217422,002,AB
216300,001,AB
216300,002,AB
212184,001,AB
090355,001,AB
212184,002,AB
090355,002,AB
214806,001,AB
214806,002,AB
089763,001,AB
081236,001,AB
040560,003,AB
040560,002,AB
087400,002,AB
087400,005,AB
040086,002,AB
215312,001,AB
215312,002,AB
216961,001,AB
216961,002,AB
214950,001,AB
214950,002,AB
218063,001,AB
218063,002,AB
019962,004,AB
019962,001,AB
019962,002,AB
019962,003,AB
022030,001,AB
022030,002,AB
200503,001,AB1
200503,002,AB1
200503,003,AB1
209404,001,AB1
209404,002,AB1
209404,003,AB1
203634,001,AB
019071,001,AB
019071,002,AB
019071,003,AB
021287,001,AB
217841,001,AB
217841,002,AB
214691,001,AB
214691,002,AB
214691,003,AB
214691,004,AB
214127,001,AB
214127,002,AB
214127,003,AB
214127,004,AB
214609,001,AB
214609,002,AB
214419,001,AB
214419,002,AB
214419,003,AB
214419,004,AB
211323,001,AB
211323,002,AB
211323,003,AB
213927,001,AB
209193,001,AB
209193,002,AB
205468,002,AB
205468,003,AB
022104,001,AB
022104,002,AB
022104,003,AB
022104,004,AB
216044,001,AB
216044,002,AB
216044,003,AB
216044,004,AB
215622,001,AB
215622,002,AB
215622,003,AB
215622,004,AB
206173,003,AB
206173,001,AB
206173,002,AB
090700,001,AB
090700,002,AB
078906,001,AB
075072,001,AB
075072,003,AB
020358,002,AB1
020358,003,AB1
020358,004,AB1
021515,001,AB3
021515,002,AB3
021434,001,AB
021434,002,AB
021434,003,AB
021434,004,AB
211390,001,AB
215742,001,AB
204929,001,AB
212670,001,AB
078970,001,AB
078970,002,AB
090107,001,AB
090107,002,AB
204170,001,AB
204170,002,AB
203985,001,AB
203985,002,AB
203985,003,AB
213154,001,AB
022562,001,AB
213395,001,AB
213729,001,AB
203560,001,AB
203560,002,AB
203560,003,AB
210060,001,AB
210060,002,AB
210060,003,AB
210519,001,AB
210519,002,AB
210519,003,AB
210920,001,AB
210920,002,AB
210920,003,AB
209433,001,AB
209433,002,AB
209433,003,AB
209878,001,AB
209878,002,AB
209878,003,AB
209782,001,AB
209782,002,AB
209782,003,AB
207124,001,AB
207124,002,AB
207124,003,AB
218863,001,AB
218863,002,AB
218863,003,AB
210130,001,AB
210130,002,AB
210130,003,AB
217640,001,AB
217640,002,AB
217640,003,AB
021882,001,AB
021882,002,AB
021882,003,AB
020764,004,AB
020764,001,AB
020764,002,AB
201168,001,AB
201168,002,AB
090401,002,AB
090401,003,AB
076701,001,AB
076701,002,AB
079099,001,AB
079099,002,AB
079204,001,AB
079204,002,AB
076928,001,AB
076928,002,AB
076928,003,AB
078009,002,AB
078009,003,AB
017058,001,AA
077142,001,AA
075082,001,AA
074184,001,AA
209279,001,AB
207167,001,AB
207167,002,AB
210465,001,AB
210465,002,AB
202396,001,AB
202396,002,AB
208784,001,AB
208784,002,AB
200816,001,AB
200816,002,AB
021428,001,AB
021428,002,AB
204326,001,AB
204326,002,AB
204326,003,AB
204326,004,AB
204326,005,AB
204326,006,AB
209253,001,AB
209253,002,AB
209253,003,AB
209253,004,AB
209253,005,AB
209253,006,AB
078561,001,AB
078561,002,AB
078561,003,AB
078561,004,AB
078088,001,AB
078088,002,AB
078088,003,AB
078088,004,AB
202102,001,AB
202102,002,AB
202547,001,AB
202547,002,AB
207240,001,AB
207240,002,AB
090165,001,AB
090165,002,AB
211033,001,AB
211033,002,AB
211033,003,AB
211033,004,AB
211033,005,AB
077194,001,AB
077194,002,AB
077194,003,AB
077194,004,AB
077194,005,AB
077171,001,AB
077171,002,AB
077171,003,AB
077171,004,AB
077171,005,AB
212923,001,AB
212923,002,AB
212923,003,AB
212923,004,AB
212923,005,AB
090308,003,AB
090308,001,AB
090308,002,AB
090308,004,AB
090308,005,AB
201824,002,AB
201824,003,AB
201824,004,AB
201824,005,AB
205269,001,AB
205269,002,AB
201787,001,AB
201787,002,AB
022251,001,AB
022251,002,AB
022251,003,AB
022251,004,AB
213271,001,AB
213271,002,AB
213271,003,AB
213271,004,AB
214124,001,AB
214124,002,AB
214124,003,AB
214124,004,AB
200828,001,AB
200828,002,AB
200828,003,AB
200828,004,AB
204158,001,AB
204158,002,AB
204158,003,AB
204158,004,AB
206382,001,AB
206382,002,AB
206382,003,AB
206382,004,AB
020865,002,AB
077376,002,AB
077376,003,AB
077376,004,AB
205798,001,AB
205798,002,AB
205798,003,AB
091265,001,AB
091265,002,AB
091265,003,AB
091265,004,AB
203708,001,AB
203708,002,AB
203708,003,AB
203708,004,AB
077243,001,AB
077243,002,AB
077243,003,AB
077243,004,AB
203456,001,AB
203456,002,AB
203456,003,AB
203456,004,AB
076534,001,AB
076534,002,AB
076534,003,AB
076534,004,AB
208146,001,AB
208146,002,AB
208146,003,AB
208146,004,AB
206892,001,AB
206892,002,AB
206892,003,AB
206892,004,AB
200221,001,AB
200221,002,AB
200221,003,AB
200221,004,AB
203044,001,AB
203044,002,AB
203044,003,AB
203044,004,AB
202937,001,AB
202937,002,AB
202937,003,AB
202937,004,AB
202285,001,AB
202285,002,AB
202285,003,AB
202285,004,AB
078109,001,AB
078109,002,AB
078109,003,AB
078109,004,AB
091415,001,AB
091415,002,AB
091415,003,AB
091415,004,AB
090469,001,AB
090469,002,AB
077406,003,AB
077406,004,AB
078152,001,AB
078152,002,AB
209389,001,AB
209389,002,AB
078050,001,AB
078050,002,AB
077557,001,AB
077557,002,AB
021208,001,AB
021208,002,AB
021208,003,AB
090839,001,AB
090839,002,AB
090839,003,AB
090839,004,AB
090839,005,AB
077494,002,AB
077494,003,AB
077494,004,AB
077494,005,AB
077494,006,AB
078116,001,AB
078116,002,AB
078116,003,AB
078116,004,AB
078116,005,AB
077328,001,AB
077328,002,AB
077328,003,AB
077328,004,AB
077328,005,AB
077542,001,AB
077542,002,AB
077542,003,AB
078474,001,AB
078474,002,AB
078516,001,AB
078516,003,AB
203062,001,AB
203062,002,AB
203146,001,AB
203146,002,AB
204722,001,AB
204722,002,AB
208324,001,AB
205988,001,AB
205074,001,AB
205074,002,AB
202560,001,AB
202560,002,AB
202956,001,AB
202956,002,AB
202890,001,AB
202890,002,AB
021086,001,AB
021086,002,AB
021086,003,AB
021086,004,AB
077844,001,AB
091050,001,AB
078119,001,AB
091560,001,AB
091294,001,AB
090159,001,AB
204990,001,AB
091144,001,AB
205412,001,AB
216332,001,AB
021436,006,AB
021436,005,AB
021436,001,AB
021436,002,AB
021436,003,AB
021436,004,AB
208327,001,AB
208327,002,AB
208453,001,AB
208416,001,AB
208416,002,AB
215086,001,AB
209227,001,AB
209227,002,AB
208339,001,AB
210686,001,AB
210686,002,AB
208446,001,AB
208446,002,AB
215947,001,AB
215947,002,AB
212462,001,AB
212462,002,AB
208371,001,AB
208380,001,AB
202271,001,AB
202271,002,AB
202271,003,AB
078470,001,AB
078470,002,AB
078470,003,AB
078441,001,AB
078441,002,AB
078441,003,AB
091343,001,AB
091343,002,AB
091343,003,AB
090912,001,AB
090912,002,AB
090912,003,AB
077532,001,AB
077532,002,AB
077532,003,AB
020547,003,AB
020547,001,AB
040779,001,AA
202800,001,AA
202800,002,AA
202800,003,AA
212418,001,AA
212418,002,AA
212418,003,AA
040419,001,AA
040419,002,AA
040419,003,AA
089990,001,AA
089805,001,AA
089828,001,AA
087083,001,AA
211610,001,AA
211610,002,AA
211610,003,AA
211372,001,AB
211372,002,AB
212089,001,AB
212089,002,AB
084840,001,AB
218023,001,AB
218023,002,AB
205530,001,AB
205530,002,AB
211556,001,BX
211556,002,BX
214282,001,AB
214282,002,AB
217197,001,AB
217197,002,AB
210588,001,AB
210588,002,AB
215101,001,AB
215101,002,AB
209734,001,AB
209734,002,AB
040195,001,AB
040195,002,AB
211069,001,AB
211069,002,AB
205931,001,AB
205931,002,AB
020907,001,AB
020835,003,AB
020835,005,AB
021842,002,AB
021073,001,AB
021073,002,AB
021073,003,AB
077309,001,AB
077309,002,AB
202168,001,AB
202168,002,AB
075382,001,AB
075382,002,AB
074891,001,AB
074891,002,AB
203834,001,AB
203834,002,AB
209366,001,AB
209366,002,AB
074946,001,AB
074946,002,AB
074556,002,AB
074556,003,AB
210401,001,AB
210401,002,AB
204314,001,AB
204314,002,AB
022332,001,AB2
205459,001,AB
202051,001,AB
204819,001,AB
204819,002,AB
204819,003,AB
204819,004,AB
204819,005,AB
085128,001,AA
022334,003,AB
022334,001,AB
022334,004,AB
022334,002,AB
208094,001,AB
215652,001,AB
211034,001,AB
211117,001,AB
213435,001,AB
208979,001,AB
211397,001,AB
211397,002,AB
210948,001,BX
210948,002,BX
208804,001,AB
208804,002,AB
072894,002,AB
072894,001,AB
207046,001,AB
207046,002,AB
072637,002,AB
072637,001,AB
208884,001,AB
208884,002,AB
012616,004,AB
012151,009,AB
012151,008,AB
012151,010,AB
090124,001,AB
090124,002,AB
090124,003,AB
076768,001,AB
076768,002,AB
076768,003,AB
076768,004,AB
076768,005,AB
090258,001,AB
090258,002,AB
090258,003,AB
090258,004,AB
206387,001,AB
206387,002,AB
206387,003,AB
206387,004,AB
090022,001,AB
090022,002,AB
090022,003,AB
090022,004,AB
076984,001,AB
076984,002,AB
076984,003,AB
206665,001,AB
206665,002,AB
203154,001,AB
203154,002,AB
215091,001,AB
215091,002,AB
077353,001,AB
077353,002,AB
214443,001,AB
214443,003,AB
214443,002,AB
217748,001,AB
217748,002,AB
204467,001,AB
204467,003,AB
204467,002,AB
018659,001,AB
018659,002,AB
078253,001,AB
078253,002,AB
075798,001,AB
075798,002,AB
071450,002,AB
071450,001,AB
211820,001,AB
211820,002,AB
018832,002,AB
018877,001,AB
210117,001,AB
210117,003,AB
210117,002,AB
203484,001,AA
205523,001,AB
205523,002,AB
205171,001,AB
205171,002,AB
078027,001,AB
078027,002,AB
206647,001,AB
206647,002,AB
213614,001,AB
213614,002,AB
209180,001,AB
209180,002,AB
074342,001,AB
074342,002,AB
074342,003,AB
074342,004,AB
203346,001,AB
203346,002,AB
203346,003,AB
203346,004,AB
207507,001,AB
207507,002,AB
207507,003,AB
207507,004,AB
200739,001,AB
200739,002,AB
200739,003,AB
200739,004,AB
074174,001,AB
074174,002,AB
074174,003,AB
074174,004,AB
074112,001,AB
074112,002,AB
074112,003,AB
074909,001,AB
090248,001,AB
090248,002,AB
090248,003,AB
090248,004,AB
216932,001,AB2
209942,001,AB2
203339,001,BX
203339,002,BX
214284,001,AB
210215,001,AB
209035,001,AB
076186,001,AB
208096,001,AB
218598,001,AB
019908,001,AB
019908,002,AB
210701,001,AB
210701,002,AB
216531,001,AB
216531,002,AB
210715,001,AB
210715,002,AB
208441,001,AB
208441,002,AB
208354,001,AB
208354,002,AB
210784,001,AB
210784,002,AB
208252,001,AB
208252,002,AB
210058,001,AB
210058,002,AB
015197,002,AB
015197,001,AB
070346,001,AB
079133,001,AB
071111,001,AB
073209,001,AB
212492,001,AB
213944,002,AB
213944,001,AB
213928,002,AB
213928,001,AB
212938,002,AB
212938,001,AB
209060,002,AB
209060,001,AB
204742,001,AB
077069,003,AB
077069,001,AB
077069,002,AB
075389,002,AB
075389,001,AB
075389,003,AB
078578,002,AB
078578,001,AB
078578,003,AB
075424,002,AB
075424,001,AB
076362,001,AB
074739,001,AB
213446,001,AB
079029,002,AB
079029,001,AB
079029,003,AB
202446,001,AB
202446,002,AB
202446,003,AB
202446,004,AB
202446,005,AB
202446,006,AB
212654,002,AB
212654,001,AB
212654,003,AB
212654,004,AB
212654,005,AB
212654,006,AB
216243,001,AB
216243,002,AB
216243,003,AB
216243,004,AB
216243,005,AB
216243,006,AB
213999,001,AB
213999,002,AB
213999,003,AB
213999,004,AB
213999,005,AB
213999,006,AB
217411,001,AB
217411,002,AB
217411,003,AB
217411,004,AB
217411,005,AB
217411,006,AB
215376,001,BX
215376,002,BX
215376,003,BX
215376,004,BX
215376,005,BX
215376,006,BX
085968,004,AB
085968,002,AB
085968,001,AB
085968,006,AB
085968,003,AB
085968,005,AB
089399,002,AB
089399,001,AB
089399,003,AB
089399,004,AB
089399,005,AB
089399,006,AB
214548,001,AB
214548,002,AB
214548,003,AB
214548,004,AB
214548,005,AB
214548,006,AB
218389,001,AB
218389,002,AB
218389,003,AB
218389,004,AB
218389,005,AB
218389,006,AB
210086,001,AB
210086,002,AB
210086,003,AB
210086,004,AB
210086,005,AB
210086,006,AB
207216,001,AB
207216,002,AB
207216,003,AB
207216,004,AB
207073,001,AB
207073,002,AB
207073,003,AB
207073,004,AB
209042,001,AB
209042,002,AB
209042,003,AB
209042,004,AB
206906,001,AB
206906,002,AB
206906,003,AB
206906,004,AB
209591,001,AB
209591,002,AB
209591,003,AB
209591,004,AB
206884,001,AB
206884,003,AB
206884,002,AB
206884,004,AB
207435,001,AB
207435,002,AB
207435,003,AB
207435,004,AB
209010,001,AB
209010,002,AB
209010,003,AB
209010,004,AB
207771,001,AB
207771,002,AB
207771,003,AB
207771,004,AB
202553,001,AB
202553,002,AB
202553,003,AB
078925,001,AB
078925,002,AB
078925,003,AB
078021,001,AB
078021,002,AB
078021,003,AB
076692,001,AB
076692,002,AB
076692,003,AB
090752,003,AB
090752,001,AB
090752,002,AB
077073,001,AB
077073,002,AB
077073,003,AB
076719,001,AB
076719,002,AB
076719,003,AB
078552,001,AB
078552,002,AB
078552,003,AB
077955,001,AB
206367,001,AB
077955,002,AB
206367,002,AB
077955,003,AB
206367,003,AB
078043,001,AB
078043,002,AB
078043,003,AB
078453,001,AB
078453,002,AB
078453,003,AB
078414,001,AB
078414,002,AB
078414,003,AB
207821,001,AB
207821,002,AB
207821,003,AB
077516,001,AB
077516,002,AB
077516,003,AB
076846,001,AB
076846,002,AB
076846,003,AB
203245,001,AB
203245,002,AB
203245,003,AB
078226,001,AB
078226,002,AB
078226,003,AB
217279,001,AB
217279,002,AB
217279,003,AB
217279,004,AB
217279,005,AB
217279,006,AB
217279,007,AB
217279,008,AB
217279,009,AB
217279,010,AB
217279,011,AB
207762,001,AB
207762,002,AB
207762,003,AB
207762,004,AB
207762,005,AB
207762,006,AB
207762,007,AB
207762,008,AB
207762,009,AB
207762,010,AB
207762,011,AB
205199,001,AB
205199,002,AB
205199,003,AB
205199,004,AB
205199,005,AB
205199,006,AB
205199,007,AB
205199,008,AB
203874,001,AB
203874,002,AB
203874,003,AB
203874,004,AB
203874,005,AB
203874,006,AB
203874,007,AB
203874,008,AB
203874,009,AB
203874,010,AB
203874,011,AB
200465,004,AB
200465,005,AB
200465,006,AB
200465,007,AB
200465,008,AB
200465,009,AB
200465,010,AB
200465,011,AB
202713,001,AB
202713,003,AB
202713,002,AB
202713,004,AB
206512,001,AB
206512,002,AB
206512,003,AB
206512,004,AB
205137,001,AB
205137,003,AB
205137,002,AB
205137,004,AB
090245,001,AB
090245,003,AB
090245,002,AB
090245,004,AB
207292,001,AB
207292,003,AB
207292,002,AB
207292,004,AB
090483,001,AB
090483,003,AB
090483,002,AB
090483,004,AB
202829,001,AB
202829,003,AB
202829,002,AB
202829,004,AB
090011,001,AB
090011,003,AB
090011,002,AB
090011,004,AB
206180,001,AB
206180,002,AB
206180,003,AB
206180,004,AB
206180,005,AB
200797,001,AB
200797,002,AB
200797,003,AB
200797,004,AB
200797,005,AB
207299,001,AB
207299,002,AB
207299,003,AB
207299,004,AB
207299,005,AB
201087,001,AB
201087,002,AB
201087,003,AB
201087,004,AB
201087,005,AB
072879,002,AB
072879,003,AB
072879,004,AB
072879,001,AB
072691,002,AB
072691,003,AB
072691,004,AB
072691,001,AB
065256,001,AB
065256,002,AB
065255,001,AB
065228,001,AB
065228,002,AB
065056,001,AB
065056,002,AB
091569,001,AB
091569,002,AB
091568,001,AB
209992,001,AB
209991,001,AB
203824,001,AB
205707,001,AB
205707,002,AB
204755,003,AB
065189,001,AB
065064,001,AB
065063,001,AB
065093,001,AB
065101,001,AB
065096,001,AB
213720,001,AA
213720,002,AA
211139,001,AA
211139,002,AA
211639,001,AA
211639,002,AA
212919,001,AA
212919,002,AA
213980,001,AA
213980,002,AA
212619,001,AA
212619,002,AA
211861,001,AA
211861,002,AA
212582,001,AA
212582,002,AA
212901,001,AA
212901,002,AA
213583,001,AA
213583,002,AA
018164,003,AB
090568,001,AB
206037,001,AB
091164,001,AB
212434,001,AB
078944,001,AB
079220,001,AB
078058,001,AB
078921,001,AB
040409,001,AA
040405,001,AA
010721,006,AA
010721,004,AA
010721,001,AA
217113,001,AB
210180,001,AB
210180,002,AB
209898,001,AB
209898,002,AB
211761,001,AB
211761,002,AB
211761,003,AB
211878,001,AB
211878,002,AB
211878,003,AB
211734,001,AB
211734,002,AB
211734,003,AB
211887,001,AB
211887,002,AB
211887,003,AB
211774,001,AB
211774,002,AB
211774,003,AB
022416,001,AB
022416,002,AB
022416,003,AB
022416,004,AB
020905,001,AB
020905,002,AB
020690,002,AB
020690,001,AB
022568,001,AB
020541,001,AB
206251,001,AB
206251,002,AB
206251,003,AB
206251,004,AB
206251,005,AB
206251,006,AB
206174,001,AB
206174,002,AB
206174,003,AB
206174,004,AB
206174,005,AB
206174,006,AB
202101,001,AB
202101,002,AB
202101,003,AB
202101,004,AB
202101,005,AB
202101,006,AB
207105,001,AB
207105,002,AB
207105,003,AB
207105,004,AB
207105,005,AB
207105,006,AB
204838,001,AB
204838,002,AB
204838,003,AB
204838,004,AB
204838,005,AB
204838,006,AB
078583,001,AB
078583,002,AB
078583,003,AB
078583,004,AB
078583,005,AB
078583,006,AB
203908,001,AB
203908,002,AB
203908,003,AB
203908,004,AB
203908,005,AB
203908,006,AB
205064,001,AB
205064,002,AB
205064,003,AB
205064,004,AB
205064,005,AB
205064,006,AB
205589,001,AB
205589,002,AB
205589,003,AB
205589,004,AB
205589,005,AB
205589,006,AB
204111,001,AB
204111,002,AB
204111,003,AB
204111,004,AB
204111,005,AB
204111,006,AB
202683,001,AB
202683,002,AB
202683,003,AB
202683,004,AB
202683,005,AB
202683,006,AB
205363,001,AB
205363,002,AB
205363,003,AB
205363,004,AB
205363,005,AB
205363,006,AB
206383,001,AB
206383,002,AB
206383,003,AB
206383,004,AB
206383,005,AB
206383,006,AB
213037,001,AB
213037,002,AB
213037,003,AB
201519,001,AB
201519,003,AB
201519,002,AB
201519,004,AB
201519,005,AB
201519,006,AB
203025,001,AB
203025,002,AB
203025,003,AB
203025,004,AB
203025,005,AB
203025,006,AB
206069,001,AB
206069,002,AB
206069,004,AB
206069,003,AB
200751,001,AB
200751,003,AB
200751,004,AB
200751,005,AB
200043,001,AB
200043,004,AB
200043,002,AB
200043,005,AB
200043,003,AB
202768,001,AB
202768,004,AB
202768,002,AB
202768,005,AB
202768,003,AB
020753,001,AB
203163,001,AB
020838,001,AB
020838,002,AB
020838,003,AB
020838,004,AB
021093,001,AB
021093,002,AB
021093,003,AB
072304,002,AB
072304,003,AB
072304,001,AB
078512,001,AB
078512,002,AB
078512,003,AB
073026,002,AB
073026,003,AB
073026,001,AB
073457,002,AB
073457,003,AB
073457,001,AB
074056,003,AB
074056,001,AB
074056,002,AB
213136,001,AB
213136,002,AB
213136,003,AB
077443,001,AB
077443,002,AB
077443,003,AB
076900,001,AB
076900,002,AB
076900,003,AB
072302,002,AB
072302,001,AB
215560,001,AB
215560,002,AB
213302,001,AB
213302,002,AB
073665,001,AB
073665,002,AB
210028,001,AB
210028,002,AB
017794,001,AB
017794,002,AB
017794,003,AB
207687,001,AB
207687,002,AB
207687,003,AB
207687,004,AB
209288,001,AB
209288,002,AB
209288,003,AB
209288,004,AB
214969,001,AB
214969,002,AB
214969,003,AB
214969,004,AB
090548,001,AB
090548,002,AB
090548,003,AB
090548,004,AB
217118,001,AB
217118,002,AB
217118,003,AB
217118,004,AB
216436,001,AB
216436,002,AB
216436,003,AB
216436,004,AB
077575,001,AB
077575,002,AB
077575,003,AB
077575,004,AB
214659,001,AB
214659,002,AB
214659,003,AB
214659,004,AB
091650,001,AB
091650,002,AB
091650,003,AB
202357,001,AB
209912,001,AB
209912,002,AB
209912,003,AB
209912,004,AB
214344,001,AB
214344,002,AB
214344,003,AB
214344,004,AB
091624,001,AB
091624,002,AB
091624,003,AB
091624,004,AB
214513,001,AB
214513,002,AB
214513,003,AB
214513,004,AB
208480,001,AB
208480,002,AB
208480,003,AB
208480,004,AB
217081,001,AB
217081,002,AB
217081,003,AB
217081,004,AB
205945,001,AB
205945,002,AB
205945,003,AB
205945,004,AB
211933,001,AB
211933,002,AB
211933,003,AB
211933,004,AB
091226,001,AB
091226,002,AB
091226,003,AB
091226,004,AB
205519,001,AB
205519,002,AB
205519,003,AB
205519,004,AB
211886,001,AB
211886,002,AB
211886,003,AB
211886,004,AB
205300,001,AB
205300,002,AB
205300,003,AB
205300,004,AB
213853,001,BX
213853,002,BX
213853,003,BX
213853,004,BX
206536,001,AB
206536,002,AB
206536,003,AB
206536,004,AB
091211,002,AB
091211,001,AB
202362,001,AB
202362,002,AB
202992,001,AB
202992,002,AB
050720,001,AB
207504,001,AB
020758,002,AB
020758,003,AB
209266,001,AB
209266,002,AB
209266,003,AB
020757,002,AB
020757,003,AB
075252,002,AB
075252,001,AB
075252,003,AB
075252,004,AB
208687,001,AB
208687,002,AB
208687,003,AB
208687,004,AB
074069,001,AB
074069,002,AB
074069,003,AB
075568,001,AB
077621,002,AB
077621,001,AB
077621,003,AB
077621,004,AB
021641,001,AB
021641,002,AB
217490,001,AB
217490,002,AB
211791,001,AB
211792,001,AB
211793,001,AB
207370,001,AB
207398,001,AB
210000,001,AB
210001,001,AB
209999,001,AB
065404,001,AB
065405,001,AB
065302,003,AB
208250,001,AB
208249,001,AB
207566,001,AB
065398,001,AB
065399,001,AB
065400,001,AB
065225,001,AB
065223,001,AB
065218,001,AB
065211,001,AB
065212,001,AB
065209,001,AB
215772,001,AB
215773,001,AB
209045,001,AB
209044,001,AB
209043,001,AB
065193,001,AB
211068,001,AB
022100,001,AB
022100,002,AB
022100,003,AB
022100,004,AB
007073,001,AB
212378,003,AB
212378,001,AB
212378,002,AB
090334,003,AB
214099,001,AB
214099,002,AB
214114,003,AB
214114,001,AB
214114,002,AB
217788,003,AB
217788,001,AB
217788,002,AB
211555,003,BX
211555,001,BX
211555,002,BX
072234,001,AB
072235,001,AB
077241,003,AB
077241,002,AB
077241,001,AB
215885,001,AB
215885,002,AB
215885,003,AB
217687,001,AB
217687,002,AB
217687,003,AB
078401,002,AB
078401,001,AB
077088,002,AB
077088,001,AB
077068,002,AB
077068,001,AB
214374,001,AB
214374,002,AB
214374,003,AB
209102,001,AB
209102,002,AB
209102,004,AB
209102,003,AB
212067,003,AB
212067,001,AB
212067,002,AB
074584,001,AB
074584,002,AB
211659,003,AB
211659,001,AB
211659,004,AB
211659,002,AB
017377,001,AB
017377,002,AB
208612,001,AB3
021911,002,AB
021911,003,AB
021797,001,AB
021797,002,AB
076820,001,AB
076820,002,AB
076820,003,AB
076820,004,AB
076333,001,AB
076333,002,AB
076333,003,AB
076333,004,AB
078212,001,AB
078212,002,AB
078212,003,AB
076402,001,AB
076402,002,AB
076402,003,AB
076402,004,AB
077128,001,AB
077128,002,AB
077128,003,AB
077128,004,AB
076267,001,AB
076267,002,AB
076267,003,AB
076267,004,AB
076118,001,AB
076118,002,AB
076118,003,AB
076118,004,AB
076344,001,AB
076344,002,AB
076344,003,AB
076344,004,AB
076211,001,AB
076211,002,AB
076211,003,AB
076211,004,AB
078848,001,AB
078848,002,AB
078848,003,AB
078848,004,AB
076342,001,AB
076342,002,AB
076342,003,AB
076342,004,AB
078794,001,AB
078794,002,AB
078794,003,AB
078794,004,AB
076631,001,AB
076631,002,AB
076631,003,AB
076631,004,AB
021286,001,AB
021286,003,AB
021286,004,AB
021532,002,AB
021532,003,AB
021532,005,AB
090473,002,AA
090346,001,AA
090968,001,AA
040103,001,AA
040103,002,AA
040103,003,AA
081265,003,AA
081265,002,AA
081265,001,AA
072264,001,AA
072265,001,AA
072266,001,AA
090168,001,AA
090168,002,AA
090168,003,AA
204713,001,AA
204713,002,AA
204713,003,AA
040715,001,AA
040715,002,AA
040715,003,AA
089058,001,AA
089059,001,AA
089060,001,AA
212694,001,AA
212694,002,AA
212694,003,AA
019865,001,AB
019865,005,AB
019865,002,AB
019865,003,AB
021151,001,AB
021151,002,AB
021151,003,AB
075541,001,AB
075541,002,AB
078962,001,AB
078962,002,AB
040855,001,AA
040855,002,AA
040855,003,AA
040855,004,AA
040728,002,AA
040728,003,AA
040728,004,AA
040728,001,AA
091256,001,AA
091256,002,AA
091256,003,AA
091256,004,AA
040633,001,AA
040634,001,AA
040635,001,AA
040636,001,AA
022532,001,AB
078917,001,AB
079089,001,AB
091011,001,AB
078575,001,AB
079110,001,AB
078634,001,AB
020727,001,AB
204891,001,AB
204891,002,AB
077910,001,AB
077910,002,AB
217617,001,AB
217617,002,AB
215563,001,AB
215563,002,AB
217368,001,AB
217368,002,AB
075643,001,AB
075643,002,AB
075474,001,AB
075474,002,AB
078635,001,AB
078635,002,AB
219044,001,AB
219044,002,AB
215680,001,AB
215680,002,AB
215666,001,AB
215666,002,AB
215666,003,AB
212678,001,AB
212678,002,AB
212678,003,AB
075579,001,AB
075579,002,AB
075579,003,AB
215995,001,AB
215995,002,AB
215995,003,AB
075768,001,AB
075768,002,AB
075768,003,AB
215562,001,AB
215562,002,AB
215562,003,AB
079106,001,AB
079106,002,AB
079106,003,AB
091398,001,AB
085272,001,AA
209324,001,AB
209324,002,AB
207110,001,AB
207110,002,AB
207760,001,AB
207760,002,AB
203341,001,AB
203341,002,AB
209543,001,AB
209543,002,AB
017849,001,AB
017849,002,AB
213683,001,AB
213683,002,AB
213683,003,AB
213683,004,AB
213683,005,AB
213683,006,AB
022433,002,AB
022433,001,AB
077646,001,AB
074631,001,AB
209724,001,AB
209724,002,AB
209724,003,AB
212931,001,AB
212931,002,AB
212931,003,AB
074225,001,AB
074225,002,AB
074225,003,AB
212470,001,AB
212470,002,AB
212470,003,AB
219291,001,AB
219291,002,AB
219291,003,AB
212019,001,AB
212019,002,AB
212019,003,AB
213942,001,AB
213942,002,AB
213942,003,AB
074700,001,AB
074700,002,AB
074700,003,AB
213458,001,AB
213458,002,AB
213458,003,AB
209916,001,AB
209916,002,AB
209916,003,AB
202900,001,AB
202900,002,AB
202900,003,AB
018225,002,AB
018225,001,AB
018225,003,AB
020572,001,AB
203013,001,AB
203013,002,AB
075584,001,AB
075584,002,AB
076143,001,AB
076143,002,AB
075491,001,AB
075491,002,AB
208606,001,AB
208606,002,AB
206975,001,AB
206975,002,AB
207403,001,AB
207403,002,AB
202557,001,AB
202557,002,AB
202557,003,AB
202557,004,AB
202557,005,AB
202087,001,AB
202087,005,AB
202087,002,AB
202087,003,AB
202087,004,AB
078246,001,AB
078246,005,AB
078246,002,AB
078246,003,AB
078246,004,AB
208972,001,BX
208972,002,BX
208972,003,BX
208972,004,BX
208972,005,BX
204582,001,AB
204582,002,AB
204582,003,AB
204582,004,AB
074253,001,AB
074253,002,AB
074253,003,AB
209696,001,BX
209696,002,BX
209696,003,BX
209696,004,BX
209696,005,BX
076008,003,AB
076008,002,AB
076008,004,AB
076008,005,AB
076008,001,AB
075388,001,AB
075388,002,AB
075388,003,AB
078302,001,AB
075521,001,AB
075521,004,AB
075521,002,AB
075521,003,AB
075521,005,AB
202330,001,AB
202330,005,AB
202330,002,AB
202330,003,AB
202330,004,AB
075022,001,AB
075022,002,AB
075022,003,AB
075022,004,AB
210907,001,AB
210907,002,AB
210907,003,AB
210907,004,AB
078888,001,AB
078888,005,AB
078888,002,AB
078888,003,AB
078888,004,AB
203484,002,AA
090956,001,AA
207386,001,AA
214955,001,AA
214305,001,AA
214291,001,AA
214088,001,AA
214088,002,AA
214088,003,AA
211106,001,AA
088616,001,AA
040864,001,AA
200243,001,AA
209587,001,AA
089175,001,AA
214287,001,AA
040511,001,AA
203647,001,AA
089987,001,AA
021742,002,AB
021742,003,AB
021742,004,AB
021742,005,AB
204735,001,AB
077750,001,AB
218618,001,AB
218109,001,AB
076310,001,AB
021540,009,AB
021540,010,AB
021540,011,AB
021540,001,AB
021540,002,AB
021540,003,AB
021540,004,AB
021540,005,AB
021540,006,AB
021540,007,AB
021540,008,AB
202420,001,AB
202885,001,AB
091561,001,AB
210302,001,AB
210302,002,AB
210302,003,AB
209119,001,AB
203813,001,AB
203813,002,AB
203813,003,AB
203813,004,AB
078702,001,AB
078702,002,AB
078702,003,AB
078702,004,AB
206233,001,AB
206233,002,AB
206233,003,AB
091390,001,AB
091390,002,AB
091390,003,AB
091390,004,AB
204100,001,AB
204100,002,AB
204100,003,AB
090704,001,AB
090704,002,AB
090704,003,AB
207455,001,AB
207455,002,AB
207455,003,AB
202965,001,AB
202965,002,AB
202965,003,AB
203466,001,AB
203466,002,AB
203466,003,AB
202593,001,AB
202593,002,AB
207652,001,AB
207652,002,AB
204345,001,AB
204345,002,AB
210604,001,AB
210604,002,AB
210203,001,AB
210203,002,AB
209365,001,AB
209365,002,AB
211724,001,AB
211724,002,AB
090943,001,AB
090943,002,AB
207456,001,AB
207456,002,AB
091649,001,AB
091649,002,AB
217237,001,BX
217237,002,BX
214442,001,AB
214442,002,AB
214442,003,AB
214442,004,AB
212809,001,AB
212809,002,AB
212809,003,AB
212809,004,AB
074677,004,AB
074677,002,AB
074677,001,AB
074677,003,AB
074737,001,AB
074737,002,AB
074737,003,AB
074737,004,AB
074505,001,AB
074505,002,AB
074505,003,AB
074505,004,AB
074477,001,AB
074477,002,AB
074477,003,AB
074477,004,AB
074532,001,AB
074532,002,AB
074532,003,AB
074532,004,AB
018333,001,AB
216623,001,AB
075948,001,AB
218221,001,AB
074649,001,AB
077272,002,AB
207798,001,BX
207798,002,BX
213284,001,AB
204291,001,AB
211055,001,AB
217961,001,AB
205304,001,AB
204763,001,AB
209910,001,AB
074260,001,AB
074260,002,AB
074260,003,AB
218939,001,AB
218939,002,AB
218939,003,AB
216537,001,AB
216537,002,AB
216537,003,AB
073618,001,AB
073589,001,AB
073607,001,AB
090324,002,AB
216505,001,AB
216505,002,AB
216505,003,AB
214092,001,AB
214092,002,AB
214092,003,AB
078536,001,AB
078536,002,AB
078536,003,AB
214495,001,AB
214495,002,AB
214495,003,AB
214495,004,AB
214495,005,AB
214495,006,AB
213212,001,AB
213212,002,AB
213212,003,AB
213212,004,AB
213212,005,AB
213212,006,AB
040442,001,AA
215476,001,AA
207484,001,AA
090756,001,AA
018602,001,AB
018602,002,AB
018602,003,AB
018602,004,AB
019668,001,AB
019668,002,AB
019668,003,AB
019668,004,AB
040576,001,AA
040792,002,AB
040792,001,AA
040245,001,AA
081025,001,AA
205126,001,AB
205126,002,AA
207237,001,AB
207237,002,AA
090988,001,AA
040823,001,AA
205085,001,AA
040188,001,AA
211789,001,AA
203374,001,AA
087499,001,AA
018948,001,AB
078332,001,AB
078332,002,AB
078332,003,AB
078332,004,AB
078384,001,AB
078384,002,AB
078384,003,AB
078384,004,AB
077474,001,AB
077474,002,AB
077474,003,AB
077474,004,AB
078251,001,AB
078251,002,AB
078251,003,AB
078251,004,AB
076649,001,AB
076649,002,AB
076649,003,AB
076649,004,AB
078217,001,AB
078217,002,AB
078217,003,AB
078217,004,AB
078786,001,AB
078786,002,AB
078786,003,AB
078786,004,AB
078165,001,AB
078165,002,AB
078165,003,AB
078165,004,AB
078227,001,AB
078227,002,AB
078227,003,AB
078227,004,AB
077780,001,AB
077780,002,AB
077780,003,AB
077780,004,AB
076373,001,AB
076373,002,AB
076373,003,AB
076373,004,AB
077614,004,AB
077614,001,AB
077614,002,AB
077614,003,AB
020498,001,AB
076561,002,AB
076561,001,AB
210568,001,AB
210568,002,AB
065388,001,AB
065388,002,AB
065370,001,AB
065370,002,AB
065462,001,AB
065462,002,AB
090857,001,AB
090857,002,AB
065340,001,AB
065340,002,AB
065235,001,AB
065235,002,AB
065276,001,AB
065276,002,AB
065208,001,AB
065208,002,AB
065496,001,AB
065496,002,AB
065359,001,AB
065359,002,AB
065359,003,AB
065308,001,AB
065308,002,AB
065308,003,AB
065166,001,AB
065166,002,AB
065166,003,AB
065135,001,AB
065135,002,AB
020822,001,AB
020822,002,AB
020822,003,AB
050723,001,AB
218947,001,AB
218947,002,AB
218817,001,AB
218817,002,AB
080880,001,AA
040516,001,AA
091621,001,AA
090612,001,AA
214756,001,AA
217350,001,AB
217350,002,AB
217350,003,AB
217350,004,AB
217350,005,AB
209755,001,AB
209755,002,AB
209755,003,AB
209755,004,AB
209755,005,AB
213590,001,AB
213590,002,AB
213590,003,AB
213590,004,AB
213590,005,AB
216788,001,AB
216788,002,AB
216788,003,AB
216788,004,AB
216788,005,AB
212144,001,AB
212144,002,AB
212144,003,AB
212144,004,AB
212144,005,AB
212996,001,AB
212996,002,AB
212996,003,AB
212996,004,AB
212996,005,AB
213327,001,AB
213327,002,AB
213327,003,AB
213327,004,AB
213327,005,AB
214827,001,AB
214827,002,AB
214827,003,AB
214827,004,AB
215659,001,AB
215659,002,AB
215659,003,AB
215659,004,AB
215659,005,AB
083386,001,AB
084112,001,AB
084113,001,AB
084114,001,AB
084115,001,AB
212630,001,AB
212630,002,AB
212630,003,AB
212630,004,AB
212630,005,AB
213368,001,AB
213368,002,AB
213368,003,AB
213368,004,AB
213368,005,AB
214129,001,AB
214129,002,AB
216262,001,AB
216262,002,AB
213412,001,AB
213412,002,AB
207204,001,AB
207204,002,AB
210742,001,AB
210742,002,AB
211063,001,AB
211063,002,AB
211320,001,AB
211320,002,AB
209162,001,AB
209162,002,AB
215587,001,AB
215587,002,AB
086831,002,AB
086831,001,AB
206904,001,AB
206904,002,AB
212878,001,AB
212875,001,AB
089286,002,AB
089286,001,AB
207222,001,AB
207222,002,AB
211627,001,AB
211627,002,AB
207813,001,AB
207813,002,AB
215540,001,AA
212047,001,AB
212047,002,AB
089853,002,AB
089853,001,AA
089853,003,AB
214702,001,AA
214941,001,AB
214941,002,AA
214941,003,AB
211849,001,AB
211849,002,AA
211849,003,AB
207483,001,AA
040861,001,AB
040861,002,AB
212253,001,AB
212254,001,AA
212253,002,AB
212743,002,AB
212743,001,AB
216925,001,AA
213126,001,AB
213126,002,AB
213126,003,AB
215158,001,AA
210961,001,AA
089859,001,AA
021368,001,AB1
021368,002,AB1
021368,003,AB1
077030,001,AB
077030,002,AB
077831,002,AB
077831,001,AB
077022,002,AB
077022,001,AB
077208,002,AB
077208,001,AB
077027,001,AB
077027,002,AB
218997,001,AB
218997,002,AB
218997,003,AB
218997,004,AB
218220,001,AB
218220,002,AB
218220,003,AB
218220,004,AB
074329,002,AB
074329,003,AB
074329,004,AB
074329,001,AB
074246,001,AB
074246,002,AB
074246,003,AB
074246,004,AB
074151,001,AB
074151,002,AB
074151,003,AB
074463,001,AB
211892,001,AB
211892,002,AB
211892,003,AB
210570,001,AB
210570,002,AB
210570,003,AB
206125,001,AB
206125,002,AB
206125,003,AB
213325,001,AB
213325,002,AB
213325,003,AB
208915,001,AB
208915,002,AB
208915,003,AB
208368,001,AB
208368,002,AB
208368,003,AB
209403,001,AB
209403,002,AB
209403,003,AB
210207,001,AB
210207,002,AB
210207,003,AB
209226,001,AB
209226,002,AB
209226,003,AB
207008,002,AB
204377,001,AB
204377,002,AB
204377,003,AB
019537,002,AB
019537,003,AB
076593,002,AB
076593,003,AB
076593,004,AB
075939,002,AB
075939,003,AB
075939,004,AB
077859,001,AB
077859,002,AB
077859,003,AB
076126,002,AB
076126,003,AB
076126,004,AB
076896,001,AB
076896,002,AB
076896,003,AB
075593,003,AB
075593,004,AB
075593,001,AB
076558,002,AB
076558,003,AB
076558,004,AB
076089,002,AB
076089,003,AB
076089,004,AB
075817,003,AB
076639,001,AB
076639,002,AB
076639,003,AB
076794,002,AB
076794,003,AB
076794,004,AB
208921,001,AB
208921,002,AB
077289,001,AB
077289,002,AB
077289,003,AB
077031,001,AB
077031,002,AB
077031,003,AB
077044,001,AB
077044,002,AB
077044,003,AB
077038,001,AB
077038,002,AB
077038,003,AB
077045,003,AB
077045,002,AB
077045,001,AB
077654,001,AB
077654,002,AB
077654,003,AB
077534,001,AB
077534,002,AB
077534,003,AB
077042,001,AB
077042,002,AB
077042,003,AB
078216,001,AB
078216,002,AB
078216,003,AB
021165,001,AB
210459,001,AB
210459,002,AB
065489,001,AB
065489,002,AB
065384,001,AB
065384,002,AB
202710,001,AB
202710,002,AB
203584,001,AB
203584,002,AB
065144,001,AB
065136,001,AB
212714,001,AB
212714,002,AB
209718,001,AB
209718,002,AB
208825,001,AB
208825,002,AB
209795,001,AB
209795,002,AB
210545,001,AB
210545,002,AB
211711,001,AB
211711,002,AB
213404,001,AB
213404,002,AB
209808,001,AB
209808,002,AB
209687,001,AB
209687,002,AB
211449,001,AB
211449,002,AB
216739,001,AB
075528,001,AB
216545,001,AB
077147,001,AB
077147,002,AB
077147,003,AB
074869,001,AB
074869,002,AB
074869,003,AB
075150,001,AB
075150,002,AB
075150,003,AB
077856,001,AB
077856,002,AB
077856,003,AB
075468,001,AB
075468,002,AB
075468,003,AB
074979,001,AB
074979,002,AB
074979,003,AB
074569,001,AB
074569,002,AB
074569,003,AB
070974,001,AB
070975,001,AB
070976,001,AB
091368,001,AB
091368,002,AB
091368,003,AB
070886,002,AB
070886,001,AB
070886,003,AB
071785,002,AB
071785,003,AB
071785,001,AB
078099,001,AB
078099,002,AB
078099,003,AB
077901,001,AB
077901,002,AB
077901,003,AB
070923,003,AB
070923,002,AB
070923,001,AB
078895,001,AB
078895,002,AB
078895,003,AB
202297,001,AB
202297,002,AB
202297,003,AB
078004,001,AB
203632,001,AB
203751,001,AB
076274,001,AB
076274,002,AB
090540,001,AB
076273,001,AB
091023,002,AB
091023,001,AB
205345,001,AB
205345,002,AB
202928,001,AB
215388,001,AB
213351,001,AB
213351,002,AB
206376,001,AB
206376,002,AB
204359,001,AB
204165,001,AB
204165,002,AB
076999,001,AB
090844,001,AB
071858,002,AB
071858,003,AB
071858,001,AB
215566,001,AB
215566,002,AB
215566,003,AB
213730,001,AB
213730,002,AB
213730,003,AB
075731,003,AB
075731,002,AB
075731,001,AB
202873,001,AB
202873,002,AB
206433,001,AB
206433,002,AB
206433,003,AB
206433,004,AB
074949,001,AB
074949,004,AB
076809,003,AB
074949,002,AB
076809,002,AB
076809,001,AB
075417,001,AB
075417,004,AB
075417,002,AB
075417,005,AB
019758,001,AB
019758,002,AB
022402,001,AB
022402,002,AB
022402,003,AB
203046,001,AB
203046,002,AB
203046,003,AB
084279,001,AB
211250,001,AB
204711,001,AB
215444,001,AB
209876,001,AB
210425,001,AB
208993,001,AB
209470,001,AB
203976,001,AB
209173,001,AB
204461,001,AB
211519,001,AB
209038,001,AB
206036,001,AB
208670,001,AB
210889,001,AB
203480,001,AB
091600,001,AB
212050,001,AB
209946,001,AB
207765,001,AB
020222,001,AB
216517,001,AB
217667,001,AB
077510,001,AB
217462,001,AB
215223,001,AB
202123,001,AB
020796,001,AB
020297,004,AB
020297,003,AB
020297,002,AB
020297,001,AB
206143,001,AB
206143,002,AB
008697,003,AB
008697,001,AB
008697,002,AB
020386,001,AB
020386,002,AB
020386,003,AB
021366,002,AB
021366,003,AB
021366,004,AB
021366,005,AB
071611,002,AB
071611,003,AB
071611,001,AB
073541,002,AB
073541,001,AB
078643,001,AB
078643,002,AB
078218,002,AB
078218,003,AB
078218,001,AB
218936,001,AB
218936,002,AB
218936,003,AB
090478,001,AB
090478,002,AB
077563,001,AB
077563,003,AB
077563,002,AB
078048,001,AB
078048,002,AB
077209,002,AB
077209,001,AB
077797,001,AB
077797,002,AB
208170,001,AB
208170,002,AB
208170,003,AB
078722,001,AB
078722,002,AB
078722,003,AB
213324,001,AB
213324,002,AB
213324,003,AB
206553,001,AA
206676,001,AA
088212,001,AA
040644,001,AA
040537,001,AA
205087,001,AA
212491,001,AA
207555,001,AA
209172,001,AA
208938,001,AA
010379,001,AB
010379,002,AB
010379,003,AB
019268,003,AB
019268,001,AB
022522,002,AB
022522,001,AB
204380,001,AB
204380,002,AB
086841,001,AB
086842,001,AB
206505,001,AB
206505,002,AB
207165,002,AB
207165,001,AB
203887,001,AB
203887,002,AB
008578,001,AB
212493,001,AB
212493,002,AB
216168,001,AB
216168,002,AB
210677,001,AB
210677,002,AB
206288,001,AB
206288,002,AB
211578,001,AB
211578,002,AB
202083,001,AB
202083,002,AB
202073,001,AB
202073,002,AB
215389,001,AB
215389,002,AB
202136,001,AB
202136,002,AB
202136,004,AB
202136,005,AB
214085,001,AB
214085,002,AB
202103,001,AB
202103,002,AB
202103,003,AB
203180,001,AB
202103,004,AB
203180,002,AB
217217,001,AB
217217,002,AB
217217,003,AB
217217,004,AB
217217,005,AB
217217,006,AB
213383,001,AB
213383,002,AB
213383,003,AB
213383,004,AB
213383,005,AB
213383,006,AB
216547,001,AB
216547,002,AB
216547,003,AB
216547,004,AB
216547,005,AB
216547,006,AB
218719,001,AB
218719,002,AB
218719,003,AB
218719,004,AB
218719,005,AB
218719,006,AB
018841,004,AB
091467,001,AB
019955,001,AB
019955,002,AB
208697,001,AB
208697,002,AB
208697,003,AB
211824,001,AB
211824,003,AB
211824,002,AB
210555,001,AB
210555,003,AB
210555,002,AB
214341,001,AB
214341,002,AB
214341,003,AB
214474,001,AB
214474,002,AB
214474,003,AB
212669,001,AB
212669,002,AB
212669,003,AB
211660,001,AB
211660,002,AB
211660,003,AB
210945,001,AB
210945,003,AB
210945,002,AB
211395,001,AB
211395,002,AB
211395,003,AB
212995,001,AB
212995,003,AB
212995,002,AB
211383,001,AB
211383,003,AB
211383,002,AB
213239,002,AB
213239,001,AB
208800,002,AB
208800,001,AB
217123,001,AB
217123,002,AB
217123,003,AB
217123,004,AB
217741,001,AB
217741,002,AB
217741,003,AB
217741,004,AB
216720,001,AB
216720,002,AB
216720,003,AB
216720,004,AB
065425,001,AB
065425,002,AB
065389,001,AB
065447,001,AB
065389,002,AB
065447,002,AB
019854,001,AB
208215,001,AB
074430,001,AB
071601,001,AB
071588,001,AB
071602,001,AB
071766,001,AB
074430,002,AB
209785,001,AB
209785,002,AB
209785,003,AB
209785,004,AB
209785,005,AB
209785,006,AB
208105,001,AB
208105,002,AB
208105,003,AB
208105,004,AB
208105,005,AB
208105,006,AB
072103,002,AB
072103,003,AB
072103,004,AB
072103,005,AB
072103,001,AB
072103,006,AB
207433,001,AB
207433,002,AB
207433,003,AB
207433,004,AB
207433,005,AB
207433,006,AB
204963,001,AB
204963,002,AB
204963,003,AB
204963,004,AB
204963,005,AB
204963,006,AB
078355,001,AB
078365,001,AB
078352,001,AB
078357,001,AB
210371,001,AB
210371,002,AB
077414,001,AB
077414,002,AB
213095,001,AB
213095,002,AB
207880,001,AB
207880,002,AB
208357,001,AB
208357,002,AB
005378,002,AA
020771,001,AB
020771,002,AB
088481,002,BP
088481,003,BP
088481,004,AB
088481,001,AB
216295,001,AB
215106,001,AB
215106,002,AB
217695,001,AB
217695,002,AB
217695,003,AB
217695,004,AB
217695,005,AB
217695,006,AB
217695,007,AB
217538,001,AB
217001,001,AB
217001,002,AB
218372,001,AB
218372,002,AB
218372,003,AB
218372,004,AB
218372,005,AB
218372,006,AB
218372,007,AB
084612,002,AB
084612,003,AB
084612,004,AB
084612,005,AB
084612,006,AB
084612,001,AB
084612,007,AB
201270,001,AB
215604,004,AB
215604,005,AB
215604,001,AB
217696,001,AB
215604,002,AB
215604,003,AB
080399,002,AB
216282,001,AB
216282,002,AB
216284,001,AB
216282,003,AB
216283,001,AB
216282,004,AB
216282,005,AB
206931,001,AB
206931,002,AB
206931,003,AB
212631,001,AB
212631,002,AB
212631,003,AB
209211,001,AB
209211,002,AB
204534,001,AB
204534,002,AB
204534,003,AB
201231,001,AB
201231,002,AB
201231,003,AB
207901,001,AB
207901,002,AB
207901,003,AB
206340,001,AB
206340,002,AB
206340,003,AB
206340,004,AB
206340,005,AB
206340,006,AB
206340,007,AB
217787,001,AB
217787,002,AB
217787,003,AB
217787,004,AB
217787,005,AB
217787,006,AB
217787,007,AB
207388,001,AB
207388,002,AB
207388,003,AB
207388,004,AB
207388,005,AB
207388,006,AB
207388,007,AB
213709,001,AB
213709,002,AB
213709,003,AB
213709,004,AB
213709,005,AB
213709,006,AB
213709,007,AB
202424,001,AB
202424,002,AB
202424,003,AB
202424,004,AB
202424,005,AB
202424,006,AB
202424,007,AB
040422,001,AB
040422,005,AB
040422,002,AB
040422,006,AB
040422,007,AB
040422,003,AB
040422,004,AB
210754,001,AB
210754,002,AB
210754,003,AB
210754,004,AB
210754,005,AB
211352,001,AB
211352,002,AB
211352,003,AB
211352,004,AB
211352,005,AB
211352,006,AB
211352,007,AB
040444,001,AB
040444,005,AB
040444,002,AB
040444,006,AB
040444,007,AB
040444,003,AB
040444,004,AB
215771,001,AB
215771,002,AB
215771,003,AB
215771,004,AB
215771,005,AB
215771,006,AB
215771,007,AB
215565,001,AB
215565,002,AB
215565,003,AB
215565,004,AB
215565,005,AB
215565,006,AB
215565,007,AB
209799,001,AB
209799,002,AB
209799,003,AB
209799,004,AB
209799,005,AB
209799,006,AB
209799,007,AB
210293,001,AB
210293,002,AB
210293,003,AB
210293,004,AB
210293,005,AB
210293,006,AB
213111,001,AB
213111,002,AB
213111,003,AB
213111,004,AB
213111,005,AB
213111,006,AB
213111,007,AB
040439,004,AB
040439,001,AB
040439,002,AB
040439,003,AB
040440,001,AB
040440,002,AB
040440,003,AB
040440,004,AB
040440,005,AB
040440,006,AB
040440,007,AB
040480,001,AB
040480,002,AB
040480,003,AB
040480,004,AB
040480,005,AB
040480,006,AB
040480,007,AB
207340,001,AB
207340,002,AB
207340,003,AB
207340,004,AB
207340,005,AB
207340,006,AB
207340,007,AB
202893,001,AA
202893,002,AA
203548,001,AA
203548,002,AA
090533,001,AA
090533,002,AA
090533,003,AA
090533,004,AA
090533,005,AA
090533,006,AA
090533,007,AA
040361,001,AA
040361,002,AA
204330,001,AA
204330,002,AA
210059,001,AA
210059,002,AA
040436,001,AA
040436,002,AA
212160,001,AA
212160,002,AA
212160,003,AA
212160,004,AA
212160,005,AA
212160,006,AA
212160,007,AA
017532,001,AB2
017532,002,AB2
017532,003,AB2
217843,001,AB
217843,002,AB
217843,003,AB
071134,001,AB
071135,001,AB
071136,001,AB
071307,001,AB
071321,001,AB
071322,001,AB
070325,002,AB
070325,003,AB
070325,001,AB
070464,002,AB
070464,003,AB
070464,001,AB
077749,001,AB
077749,002,AB
077749,003,AB
215585,001,AB
075463,001,AB
075229,002,AB
075229,001,AB
215787,002,AB
215787,001,AB
075219,001,AB
215750,002,AB
215750,001,AB
217566,001,AB
040317,001,AB
217916,001,AB
216760,001,AB
040161,001,AB
040230,001,AB
218310,001,AB
218952,001,AB
216736,001,AB
216782,001,AB
085223,001,AB
201212,001,AA
200177,001,AA
201699,001,AB
019949,001,AB
019949,002,AB
019949,004,AB
019949,003,AB
202845,001,AB
073673,001,AB
203547,001,AB
214982,001,AB
214982,002,AB
214982,003,AB
077002,002,AB
077002,001,AB
215307,003,AB
215307,001,AB
215307,002,AB
040282,001,AB
040282,002,AB
076268,001,AB
076268,002,AB
076363,001,AB
076363,002,AB
019892,003,AB
019892,002,AB
019892,001,AB
216521,001,AB
216521,002,AB
216521,003,AB
216521,004,AB
074185,001,AB
074185,002,AB
074185,003,AB
074185,004,AB
021283,004,AB
021283,001,AB
021283,002,AB
021283,003,AB
020818,001,AB
020818,002,AB
020818,004,AB
020818,003,AB
020818,005,AB
207128,001,AA
085372,001,AA
213413,001,AA
213335,001,AA
210819,001,AA
211362,001,AA
087184,001,AB
087716,001,AB
087717,001,AB
040782,001,AB
040782,002,AB
040782,003,AB
040542,001,AB
040542,002,AB
040542,003,AB
040733,001,AB
040733,002,AB
040733,003,AB
040874,001,AB
040874,002,AB
040874,003,AB
091681,001,AB
091563,001,AB
091563,002,AB
091619,001,AB
091619,002,AB
091692,001,AB
201724,001,AB
201724,002,AB
090056,001,AB
090056,002,AB
204609,001,AB
204609,002,AB
090425,001,AB
090425,002,AB
077518,001,AB
077518,002,AB
203713,001,AB
202723,001,AB
201001,001,AB
201001,002,AB
090551,001,AB
090551,002,AB
203034,001,AB
203034,002,AB
090768,001,AB
090768,002,AB
202782,001,AB
201146,001,AB
201146,002,AB
202631,001,AB
200292,001,AB
200292,002,AB
202114,001,AB
202114,002,AB
203907,001,AB
203907,002,AB
078662,001,AB
078662,002,AB
090686,001,AB
090686,002,AB
203104,001,AB
090100,001,AB
090100,002,AB
203162,001,AB
202824,001,AB
202824,002,AB
202824,003,AB
202824,004,AB
075580,001,AB
075580,002,AB
075580,003,AB
075580,004,AB
209013,001,AB
209013,002,AB
209013,003,AB
209013,004,AB
075509,001,AB
075509,002,AB
075509,003,AB
075509,004,AB
205210,001,AB
205210,002,AB
205210,003,AB
205210,004,AB
212727,001,AB
212727,002,AB
212727,003,AB
212727,004,AB
075536,001,AB
075536,002,AB
075536,003,AB
075536,004,AB
212329,001,AB
212329,002,AB
212329,003,AB
212329,004,AB
208719,001,AB
208719,002,AB
208719,003,AB
208719,004,AB
201951,001,AB
201951,002,AB
216041,001,AB
216041,002,AB
214823,001,BX
214823,002,BX
202337,001,AB
202337,002,AB
202510,001,AB
202510,002,AB
219058,001,AB
219058,002,AB
202761,001,AB
202761,002,AB
091605,001,AB
091605,002,AB
091605,003,AB
091605,004,AB
065285,001,AB
065285,003,AB
065285,002,AB
065285,004,AB
065070,001,AB
065070,003,AB
065070,002,AB
065070,004,AB
065356,001,AB
065356,002,AB
065356,003,AB
065356,004,AB
209582,001,AB
209582,002,AB
209582,003,AB
209582,004,AB
210664,001,AB
062421,001,AB
211584,001,AB
211584,002,AB
210537,001,AB
210536,002,AB
211744,001,AB
211744,002,AB
209243,001,AB
209243,002,AB
211343,001,AB
062505,002,AB
062505,001,AB
065277,001,AB
208765,001,AB
208765,002,AB
065182,001,AB
062269,003,AB
214207,001,AB
062269,002,AB
214207,002,AB
065095,001,AB
065287,001,AB
208818,001,AB
208818,002,AB
207558,001,AB
065134,001,AB
062677,001,AB
207773,001,AB
205904,001,AB
204296,001,AB
211944,001,AB
203291,001,AB
078833,001,AB
202594,001,AB
205947,001,AB
203593,001,AB
203594,001,AB
021925,001,AB
021925,002,AB
086262,001,AA
086263,001,AA
085882,003,AA
061905,002,BX
202331,001,AB
202331,002,AB
016092,001,AB
077673,001,AB
204766,001,AB
078886,001,AB
091579,001,AB
204869,001,AB
203041,001,AB
206894,001,AB
203053,001,AB
213541,001,AB
204287,001,AB
091215,001,AB
213038,001,AB
212786,001,AB
022307,001,AB
022307,002,AB
219143,001,AB
219143,002,AB
210708,001,AB
210708,002,AB
215467,001,AB
215467,002,AB
205186,001,AB
205186,002,AB
205152,001,AB
205152,002,AB
202040,001,AB
202040,002,AB
206409,001,AB
206409,002,AB
202155,001,AB
202155,002,AB
022474,001,AB
206788,001,AB
206788,002,AB
206788,003,AB
206788,004,AB
213522,001,AB
213522,002,AB
208684,001,AB
208684,002,AB
208684,003,AB
208684,004,AB
201806,001,AB
213926,001,AB
209721,001,AB
209721,002,AB
209721,003,AB
209721,004,AB
090513,001,AB
211640,001,AB
211640,002,AB
211640,003,AB
204131,001,AB
201806,002,AB
201806,003,AB
201806,004,AB
212114,001,AB
203442,001,AB
206436,001,AB
091055,001,AB
090894,001,AB
212689,002,AB
212689,003,AB
212689,004,AB
212689,001,AB
208452,001,AB
075178,002,AB
075178,001,AB
075178,003,AB
075178,004,AB
075479,001,AB
075479,002,AB
075479,003,AB
075479,004,AB
213273,001,AB
213273,002,AB
213273,003,AB
213273,004,AB
075496,001,AB
075496,002,AB
075459,001,AB
075459,002,AB
075483,001,AB
075483,002,AB
075483,003,AB
075483,004,AB
075657,001,AB
075657,002,AB
075657,003,AB
075657,004,AB
218531,001,AB
218531,002,AB
218531,003,AB
218531,004,AB
075909,001,AB
075909,002,AB
075788,001,AB
075788,002,AB
205792,001,AB
212601,001,AB
203437,001,AB
207210,001,AB
090690,001,AB
206669,001,AB
078941,001,AB
206652,001,AB
206652,002,AB
206217,001,AB
206217,002,AB
212126,001,AB
212126,002,AB
206872,001,AB
206872,002,AB
216857,001,AB
216857,002,AB
205740,001,AB
205740,002,AB
208195,001,AB
208195,002,AB
206745,001,AB
206745,002,AB
207620,001,AB
207620,002,AB
207620,003,AB
070541,001,AB
020564,001,AB
020564,003,AB
206922,001,AB
206922,002,AB
212765,001,AB
212765,002,AB
213812,001,AB
213812,002,AB
208283,001,AB
208283,002,AB
078482,001,AB
078482,002,AB
214663,001,AB
214663,002,AB
078510,001,AB
078510,002,AB
207842,001,AB
207842,002,AB
210951,001,AB
214719,001,AB
214719,002,AB
214719,003,AB
203843,001,AB
203843,002,AB
209267,001,AB
209267,002,AB
209267,003,AB
214366,001,AB
214366,002,AB
214366,003,AB
208488,002,AB
091002,001,AB
091002,002,AB
091002,003,AB
211960,001,AB
211960,002,AB
211960,003,AB
091059,001,AB
091059,002,AB
091059,003,AB
213065,001,AB
213065,002,AB
213065,003,AB
215661,001,AB
215661,002,AB
216066,001,AB
216066,002,AB
213628,001,AB
213628,002,AB
061621,001,AB
061621,002,AB
214549,001,AB
214549,002,AB
212015,001,AB
212015,002,AB
212693,001,AB
212693,002,AB
061904,001,BX
208780,001,AB
208780,003,AB
202389,001,AB
202389,002,AB
202389,003,AB
205619,001,AB
205619,002,AB
205619,003,AB
215177,001,AB
215177,002,AB
215177,003,AB
090432,001,AB
090432,002,AB
090432,003,AB
078169,001,AB
078169,002,AB
078169,003,AB
078777,001,AB
078777,002,AB
078777,003,AB
078604,001,AB
078604,002,AB
078604,003,AB
202280,001,AB
202280,002,AB
202280,003,AB
202210,001,AB
202210,002,AB
202210,003,AB
078032,001,AB
078032,002,AB
078032,003,AB
090939,001,AB
090939,002,AB
090939,003,AB
077734,001,AB
077734,002,AB
077734,003,AB
211199,001,AB
211199,002,AB
211199,003,AB
211199,004,AB
211236,001,AB
211236,002,AB
211236,003,AB
211236,004,AB
211238,001,AB
211238,002,AB
211238,003,AB
211238,004,AB
211186,001,AB
211186,002,AB
211186,003,AB
211186,004,AB
211219,001,AB
211219,002,AB
211219,003,AB
211219,004,AB
211246,001,AB
211246,002,AB
211246,003,AB
211246,004,AB
211227,001,AB
211227,002,AB
211227,003,AB
211227,004,AB
074921,001,AB
074921,002,AB
074826,001,AB
074826,002,AB
074818,001,AB
074818,002,AB
040197,001,AB
040197,002,AB
040197,003,AB
040275,001,AB
040275,002,AB
040275,003,AB
217334,001,AB
217334,002,AB
217334,003,AB
079193,001,AB
078324,002,AB
078324,001,AB
210233,001,AB
210612,001,AB
210612,002,AB
207261,001,AB
207261,002,AB
208451,001,AB
208451,002,AB
208451,003,AB
091024,001,AB
091024,002,AB
091024,003,AB
091166,001,AB
091166,002,AB
091166,003,AB
205504,001,AB
205504,002,AB
205504,003,AB
091124,001,AB
091124,002,AB
091124,003,AB
202929,001,AB
202929,002,AB
202929,003,AB
091151,001,AB
091151,002,AB
091151,003,AB
091113,001,AB
091113,002,AB
091113,003,AB
091103,001,AB
091103,002,AB
091103,003,AB
091169,001,AB
091169,002,AB
091169,003,AB
205609,001,AB
211809,001,AB
208805,001,AB
213240,001,AB
211719,001,AB
211232,001,AB
212417,001,AB
075095,001,AB
075095,002,AB
078939,001,AB
078939,002,AB
209888,001,AB
209888,002,AB
208834,001,AB
208834,002,AB
076004,001,AB
076004,002,AB
204729,001,AB
204729,002,AB
074903,001,AB
074903,002,AB
075074,001,AB
075074,002,AB
210704,001,AB
210704,002,AB
214196,002,AB
214196,003,AB
215402,001,AB
215402,002,AB
021292,001,AB2
021292,002,AB2
021292,003,AB2
021292,004,AB2
021292,005,AB2
021292,006,AB2
021292,007,AB2
021292,008,AB2
021292,009,AB2
021292,010,AB2
021292,011,AB2
200166,001,AA
200166,002,AA
214138,001,AB
214138,002,AB
214138,003,AB
214138,004,AB
216140,001,AB
216140,002,AB
216140,003,AB
216140,004,AB
214182,001,AB
214182,002,AB
214182,003,AB
214182,004,AB
205432,001,AB
205432,002,AB
205432,003,AB
205426,001,AB
205426,002,AB
205426,003,AB
205426,004,AB
206133,001,AB
206133,002,AB
206133,003,AB
206133,004,AB
207486,001,AB
207486,002,AB
207486,003,AB
207486,004,AB
205775,001,AB
205775,002,AB
205775,003,AB
205775,004,AB
207934,001,AB
207934,002,AB
207934,003,AB
207934,004,AB
210050,001,AB
210050,002,AB
210050,003,AB
210050,004,AB
020815,001,AB
211031,001,AB
210323,001,AB
216454,001,AB
077431,001,AB
213547,001,AB
203315,001,AB
209208,001,AB
202602,001,AB
021990,002,AB
021990,004,AB
021990,003,AB
021990,005,AB
022314,001,AB
022314,002,AB
022314,003,AB
022314,004,AB
022314,005,AB
211550,001,AB
209234,001,AB
208803,001,AB
209838,001,AB
078560,001,AB
210859,001,AB
207311,001,AB
215693,001,AB
203931,001,AB
210673,001,AB
200831,001,AB
204331,001,AB
209222,001,AB
209222,002,AB
209222,003,AB
209222,004,AB
200082,001,AB
200082,002,AB
200082,003,AB
200082,004,AB
200909,001,AB
200909,002,AB
200909,003,AB
200909,004,AB
208699,001,AB
208699,002,AB
208699,003,AB
208699,004,AB
202968,001,AB
202968,002,AB
202968,003,AB
202968,004,AB
091480,001,AB
091480,002,AB
091480,003,AB
091114,001,AB
091114,002,AB
091114,003,AB
202438,001,AB
202438,002,AB
202438,003,AB
201022,001,AB
201022,002,AB
201022,003,AB
077487,001,AB
077487,002,AB
077487,003,AB
078916,001,AB
078916,002,AB
215630,001,AB
217375,001,AB
215630,002,AB
217375,002,AB
215767,001,AB
215767,002,AB
215689,001,AB
215689,002,AB
206530,001,AB
206530,002,AB
218631,001,AB
218631,002,AB
075805,001,AB
075805,002,AB
075786,001,AB
075786,002,AB
217669,001,AB
217669,002,AB
075718,001,AB
075718,002,AB
075511,001,AB
075511,002,AB
075302,001,AB
075302,002,AB
217400,001,AB
217400,002,AB
218181,001,AB
218181,002,AB
216441,001,AB
216441,002,AB
205421,001,AB
205421,002,AB
212924,001,AB
212924,002,AB
210741,001,AB
210741,002,AB
205374,001,AB
205374,002,AB
205414,001,AB
205414,002,AB
210292,001,AB
210292,002,AB
207293,001,AB
207293,002,AB
210461,001,AB
210461,002,AB
206266,001,AB
206266,002,AB
205467,001,AB
205467,002,AB
213069,001,AB
213069,002,AB
205443,001,AB
205443,002,AB
201680,001,AB
201680,002,AB
202284,001,AB
202284,002,AB
207093,001,AB
207093,002,AB
208970,001,AB
208970,002,AB
020189,001,AB
020189,002,AB
020726,001,AB
210138,001,AB
210138,002,AB
210476,001,AB
210476,002,AB
209951,001,AB
209950,001,AB
209951,002,AB
209950,002,AB
205118,001,AB
216798,001,AB
205118,002,AB
216798,002,AB
208476,001,AB
207803,001,AB
208476,002,AB
207803,002,AB
209660,001,AB
209660,002,AB
208709,001,AB
208709,002,AB
217732,001,AB
217732,002,AB
210670,001,AB
210670,002,AB
204598,001,AB
204598,002,AB
076509,001,AB
076509,002,AB
090856,001,AB
204019,001,AB
090856,002,AB
204019,002,AB
210248,001,AB
210248,002,AB
213864,001,AB
213864,002,AB
204475,001,AB
202856,001,AB
204475,002,AB
202856,002,AB
211080,001,AB
211080,002,AB
076433,001,AB
076433,002,AB
211122,001,AB
210606,001,AB
211122,002,AB
210606,002,AB
090715,001,AB
090715,002,AB
218548,001,AB
218548,002,AB
021825,002,AB
021825,001,AB
076502,001,AB
076502,002,AB
076502,003,AB
077081,003,AB
077081,001,AB
076447,001,AB
076447,002,AB
076447,003,AB
208443,001,AB
091643,001,AB
090121,001,AB
207750,001,AB
204304,001,AB
078341,001,AB
203687,001,AB
076436,001,AB
076437,001,AB
090060,001,AB
090061,001,AB
090508,001,AB
090507,001,AB
076511,001,AB
078900,001,AB
210087,001,AB
076835,001,AB
076831,001,AB
075442,001,AB
075442,002,AB
075442,003,AB
075882,001,AB
075882,002,AB
075882,003,AB
202821,001,AB
202821,002,AB
202821,003,AB
210683,001,AB
210683,002,AB
210683,003,AB
076278,001,AB
076278,002,AB
076278,003,AB
076421,001,AB
076421,002,AB
076421,003,AB
215599,001,AB
215599,002,AB
215599,003,AB
078423,001,AB
078423,002,AB
078423,003,AB
078423,004,AB
077731,001,AB
077731,002,AB
077731,003,AB
077731,004,AB
076665,001,AB
076665,002,AB
076665,003,AB
076665,004,AB
076658,001,AB
076658,002,AB
076658,003,AB
076658,004,AB
077253,001,AB
077253,002,AB
077253,003,AB
077253,004,AB
076507,001,AB
076507,002,AB
076507,003,AB
076507,004,AB
076957,001,AB
076957,002,AB
076957,004,AB
076957,003,AB
208963,001,AB
208963,002,AB
208963,003,AB
208963,004,AB
040425,001,AB
040431,001,AB
215279,001,AB
219251,001,AB
208698,001,AB
208698,002,AB
211477,001,AB
213286,001,AB
213286,002,AB
213265,001,AB
076006,001,AB
076006,002,AB
211721,001,AB
209695,001,AB
211653,001,AB
211653,002,AB
211632,001,AB
203836,001,AB
203836,002,AB
209419,001,AB
210935,001,AB
210935,002,AB
211282,001,AB
212684,001,AB
212684,002,AB
212683,001,AB
217410,001,AB
217410,002,AB
217410,003,AB
217410,004,AB
218173,001,AB
218173,002,AB
218173,003,AB
218173,004,AB
213647,001,AB
213647,002,AB
213647,003,AB
213647,004,AB
216649,001,AB
216649,002,AB
216649,003,AB
216649,004,AB
218055,001,AB
218055,002,AB
218055,003,AB
218055,004,AB
216891,001,AB
216891,002,AB
216891,003,AB
216891,004,AB
214534,001,AB
214534,002,AB
214534,003,AB
214534,004,AB
216350,001,AB
216350,002,AB
216350,003,AB
216350,004,AB
089743,002,AB
089743,003,AB
089743,004,AB
089743,001,AB
217189,001,AB
217189,002,AB
217189,003,AB
217189,004,AB
214674,001,AB
214674,002,AB
214674,003,AB
214674,004,AB
218283,001,AB
218283,002,AB
218283,003,AB
218283,004,AB
215674,001,AB
215674,002,AB
215674,003,AB
215674,004,AB
213784,001,AB
213784,002,AB
213784,003,AB
213784,004,AB
215141,001,AB
215141,002,AB
215141,003,AB
215141,004,AB
214552,001,AB
214552,002,AB
214552,003,AB
214552,004,AB
075888,001,AB
075888,002,AB
075888,003,AB
075902,001,AB
075902,002,AB
075902,003,AB
217917,001,AB
217917,002,AB
217917,003,AB
021278,001,AB
021278,002,AB
021278,003,AB
091145,001,AA
040625,001,AA
211064,001,AA
202437,001,AA
090035,001,AA
040796,001,AA
204418,001,AA
080680,001,AA
020560,005,AB
204060,001,AB
204024,001,AB
091163,001,AB
091163,002,AB
091163,003,AB
076483,001,AB
076483,002,AB
076483,003,AB
077222,001,AB
077222,002,AB
077222,003,AB
205670,001,AB
205670,002,AB
205670,003,AB
076139,001,AB
076139,002,AB
076139,003,AB
079245,001,AB
079245,002,AB
090228,001,AB
090228,002,AB
076961,001,AB
076961,002,AB
021006,001,AB
211292,001,AB
204730,001,AB
216998,001,AB
213891,001,AB
061996,001,AB
061996,002,AB
060569,002,AB
060569,001,AB
218831,001,AB
218831,002,AB
218831,003,AB
018569,002,AB
018569,001,AB
018569,005,AB
216629,001,AB
216629,002,AB
216629,003,AB
018823,001,AB
018823,002,AB
070086,001,AB
078010,001,AB
078010,002,AB
078010,003,AB
077293,001,AB
077293,002,AB
077293,003,AB
076796,001,AB
076796,002,AB
076796,003,AB
204213,002,AB
204213,001,AB
202834,001,AB
202834,002,AB
202834,003,AB
202834,004,AB
202834,005,AB
202834,006,AB
203643,001,AB2
206402,001,AB1
206402,002,AB1
218075,001,AB2
218075,002,AB2
214957,001,AB1
214957,002,AB1
200651,001,AB1
200651,002,AB1
207057,001,AB1
207057,002,AB1
077662,001,AB1
077662,002,AB1
217116,001,AB1
217116,002,AB1
216252,001,AB2
216252,002,AB2
076017,001,AB1
076017,003,AB1
217965,001,AB1
217965,002,AB1
217995,001,AB1
217995,002,AB1
077661,004,AB1
077661,005,AB1
205101,001,AB1
205101,002,AB1
211313,003,AB1
211313,004,AB1
203244,002,AB1
211313,001,AB1
203244,001,AB1
211313,002,AB1
203934,001,AB2
203934,002,AB2
078926,001,AB1
078926,002,AB1
020646,005,AB
020646,001,AB
020646,002,AB
020646,003,AB
090957,001,AB
090957,002,AB
090957,003,AB
077605,001,AB
077605,002,AB
077605,003,AB
077589,001,AB
077589,002,AB
077589,003,AB
077593,001,AB
077593,002,AB
077593,003,AB
077604,001,AB
077604,002,AB
077604,003,AB
078898,001,AB
078898,002,AB
078898,003,AB
208913,001,AB
209532,001,AB
211826,001,AB
212827,001,AB
211591,001,AB
214603,001,AB
202726,001,AB
203266,001,AB
074270,001,AB
078012,001,AB
078207,001,AB
077836,001,AB
079072,001,AB
090293,001,AB
021588,001,AB
021588,002,AB
078181,001,AB
078181,002,AB
078181,003,AB
202759,001,AB
202759,002,AB
202759,003,AB
077911,001,AB
077911,002,AB
077911,003,AB
077295,001,AB
077295,002,AB
077295,003,AB
077091,001,AB
077091,002,AB
077091,003,AB
202112,001,AB
202112,002,AB
202112,003,AB
091220,001,AB
091220,002,AB
091220,004,AB
091220,006,AB
077370,001,AB
077370,002,AB
077370,003,AB
077370,004,AB
074497,001,AB
074497,002,AB
075795,001,AB
075795,002,AB
074226,001,AB
074226,002,AB
074378,001,AB
074378,002,AB
214874,002,AB
214874,003,AB
074223,001,AB
074223,002,AB
077507,001,AB
077507,002,AB
077507,003,AB
078728,001,AB
078728,002,AB
078728,003,AB
077270,001,AB
077270,002,AB
077270,003,AB
078905,001,AB
078905,002,AB
078905,003,AB
203379,001,AB1
203379,002,AB1
203379,003,AB1
076257,001,AB1
076257,002,AB1
076257,003,AB1
090937,001,AB1
090937,002,AB1
090937,003,AB1
206079,001,AB2
206079,002,AB2
206079,003,AB2
206483,001,AB1
206483,002,AB1
206483,003,AB1
074388,001,AB1
074388,002,AB1
074388,003,AB1
206749,001,AB1
206749,002,AB1
206749,003,AB1
074686,001,AB
074686,002,AB
074686,004,AB
076716,001,AB
076716,002,AB
076716,003,AB
077870,001,AB
077870,002,AB
077870,003,AB
079009,001,AB
079009,002,AB
079009,003,AB
076345,001,AB
076345,002,AB
076345,003,AB
206748,001,AB
206748,002,AB
206748,003,AB
091182,001,AA
091182,002,AA
203657,001,AA
203657,002,AA
207201,001,AA
207201,002,AA
202675,001,AA
202675,002,AA
040847,001,AA
040847,002,AA
091413,001,AA
091413,002,AA
090020,001,AA
090020,002,AA
040653,001,AA
040653,002,AA
212696,001,AA
212696,002,AA
040821,001,AA
040821,002,AA
040844,001,AA
040844,002,AA
090195,001,AA
090195,002,AA
020051,001,AB
020051,002,AB
020051,004,AB
020682,001,AB
020682,002,AB
020682,003,AB
022544,001,AB2
022544,002,AB2
078037,001,AB
078846,001,AB
078969,001,AB
078678,001,AB
090817,001,AB
050475,001,AB
050475,002,AB
091592,001,AB
091592,002,AB
202482,001,AB
204371,001,AB
204371,002,AB
202805,001,AB
202805,002,AB
202545,001,AB
202545,002,AB
216399,001,AB
216399,002,AB
217293,001,AB
217293,002,AB
075109,001,AB
075109,002,AB
074796,001,AB
074796,002,AB
074673,001,AB
074673,002,AB
216828,001,AB
216828,002,AB
216762,001,BX
216762,002,BX
214689,001,AB
214689,002,AB
074145,001,AB
074145,002,AB
218326,001,AB
218326,002,AB
204847,001,AB
017892,003,AB
017892,001,AB
071130,001,AB
071130,002,AB
071130,003,AB
211061,001,AB
211061,002,AB
211061,003,AB
211061,004,AB
211061,005,AB
211061,006,AB
218789,001,AB
218789,002,AB
218789,003,AB
218789,004,AB
218789,005,AB
218789,006,AB
071209,002,AB
071209,003,AB
071209,001,AB
071210,001,AB
071211,001,AB
071173,002,AB
071173,003,AB
071173,004,AB
071173,005,AB
071173,001,AB
071173,006,AB
216918,001,AB
216918,002,AB
216918,003,AB
216918,004,AB
216918,005,AB
216918,006,AB
216004,001,AB
216004,002,AB
216004,003,AB
216004,004,AB
216004,005,AB
216004,006,AB
070278,006,AB
070278,004,AB
070278,001,AB
070278,005,AB
070278,002,AB
070278,003,AB
077580,001,AB
077580,002,AB
077580,006,AB
077580,003,AB
077580,004,AB
077580,005,AB
017681,001,AB
207176,001,AA
005213,001,AA
200737,001,AA
200737,002,AA
200737,003,AA
200737,004,AA
203845,001,AA
203845,002,AA
203845,003,AA
090527,001,AA
090527,002,AA
090527,003,AA
090527,004,AA
086242,001,AA
086242,003,AA
086242,002,AA
086242,004,AA
040858,001,AA
040858,002,AA
040858,003,AA
040858,004,AA
040901,001,AA
040901,002,AA
040901,003,AA
040901,004,AA
089097,001,AA
088467,001,AA
088468,001,AA
089098,001,AA
205236,001,AA
205236,002,AA
205236,003,AA
205236,004,AA
087836,001,AA
086961,002,AA
200770,001,AA
086962,001,AA
200770,002,AA
088391,001,AA
200770,003,AA
202556,001,AB
202556,002,AB
202556,003,AB
040707,001,AB
040780,001,AB
040780,002,AB
085182,003,AB
085182,002,AB
085182,001,AB
083177,003,AB
083177,001,AB
083177,002,AB
040702,003,AB
040702,001,AB
040702,002,AB
087059,001,AB
087068,001,AB
203018,001,AB
203018,002,AB
040907,003,AB
040907,001,AB
040907,002,AB
207037,001,AB
207037,002,AB
207037,003,AB
209199,001,AB
209199,002,AB
209199,003,AB
209036,001,AA
209036,002,AA
209036,003,AA
209037,001,AA
209037,002,AA
209037,003,AA
040736,001,AA
040746,002,AA
040746,001,AA
211487,001,AA
211487,002,AA
211487,003,AA
211487,004,AA
207709,001,AA
207709,002,AA
207709,003,AA
201013,001,AA
201013,002,AA
201013,003,AA
209924,001,AA
209924,002,AA
209924,003,AA
209924,004,AA
203863,001,AA
203863,002,AA
203863,003,AA
211729,001,AA
211729,002,AA
211729,003,AA
202991,001,AA
202991,002,AA
202991,003,AA
206718,001,AA
206718,002,AA
206718,003,AA
040400,001,AA
040655,001,AA
202935,002,AA
040656,001,AA
202935,003,AA
040355,001,AA
202935,004,AA
202214,004,AA
202214,005,AA
202214,006,AA
202214,001,AA
202214,002,AA
202214,003,AA
207509,001,AA
207509,002,AA
207509,003,AA
210211,001,AA
210211,002,AA
210211,003,AA
076604,001,AB
076642,001,AB
204575,001,AB
214649,001,AB
214649,002,AB
214649,003,AB
217160,001,AB
217160,002,AB
217160,003,AB
040646,001,AB
040646,002,AB
040646,003,AB
217881,001,AB
217881,002,AB
217881,003,AB
207029,001,AB
207029,002,AB
207029,003,AB
210506,001,AB
210506,002,AB
210506,003,AB
205814,001,AB
205814,002,AB
205814,003,AB
076855,002,AB
076855,003,AB
076855,001,AB
213342,002,AB
213342,001,AB
213342,003,AB
213342,004,AB
201691,001,AB
210577,001,AB
210441,002,AB
210441,001,AB
210441,003,AB
210441,004,AB
040274,001,AB
210543,001,AB
040150,001,AB
040766,001,AB
210959,001,AB
040104,001,AB
212902,001,AB
040081,001,AB
040657,001,AB
040808,001,AB
040808,002,AB
040808,003,AB
087871,002,AB
087871,003,AB
087871,001,AB
040804,001,AB
040804,002,AB
040804,003,AB
040604,002,AB
040604,003,AB
040604,001,AB
217652,001,AB
217652,002,AB
217652,003,AB
204279,001,AB
204279,002,AB
204279,003,AB
040805,001,AB
040805,002,AB
040805,003,AB
040786,001,AB
040786,002,AB
040786,003,AB
040840,002,AB
040840,003,AB
040840,001,AB
207121,002,AB
207121,001,AB
207121,003,AB
088617,001,AB
088618,001,AB
088619,001,AB
040580,003,AB
040580,002,AB
040580,001,AB
020387,001,AB
020387,003,AB
020387,002,AB
078948,001,AB
204502,001,AB
078997,001,AB
206887,001,AB
078998,001,AB
214699,001,AB
214699,002,AB
214699,003,AB
071334,001,AB
078558,001,AB
071335,001,AB
078558,002,AB
071935,001,AB
078558,003,AB
213794,001,AB
213794,002,AB
213794,003,AB
071268,002,AB
071268,001,AB
071268,003,AB
075682,001,AB
075682,002,AB
075682,003,AB
076112,001,AB
076112,002,AB
076112,003,AB
091625,001,AB
091625,002,AB
091625,003,AB
090796,001,AB
090796,002,AB
090796,003,AB
202413,001,AB
202413,002,AB
202413,003,AB
078329,001,AB
078329,002,AB
078329,003,AB
215318,001,AB
215318,002,AB
215318,003,AB
211890,001,AB
216814,001,AB
219538,001,AB
203658,001,AB
211278,001,AB
218684,001,AB
206850,001,AB
079179,001,AB
079179,002,AB
208429,001,AB
208429,002,AB
212193,001,AB
212193,002,AB
206547,001,AB
206547,002,AB
212773,001,AB
212773,002,AB
212975,001,AB
212975,002,AB
204644,001,AB
204644,002,AB
207818,001,AB
207818,002,AB
212135,001,AB
212135,002,AB
208302,001,AB
208302,002,AB
078340,001,AB
078340,002,AB
204285,001,AB
204285,002,AB
210658,001,AB
210658,002,AB
040903,001,AB
040903,002,AB
040903,003,AB
040751,003,AB
040751,002,AB
040751,001,AB
084936,002,AB
083745,001,AB
084937,001,AB
088292,001,AB
088262,001,AB
088276,001,AB
081049,001,AB
081050,001,AB
020132,002,AB
020132,003,AB
020132,001,AB
016324,001,AB
074722,001,AB
074722,002,AB
074299,002,AB
074299,001,AB
074461,002,AB
074461,001,AB
021437,001,AB
021437,002,AB
022187,001,AB
022187,002,AB
079064,001,AB
091236,001,AB
091236,002,AB
091236,003,AB
204740,001,AB
204740,002,AB
204740,003,AB
203081,001,AB
203081,002,AB
203081,003,AB
077205,001,AB
077205,002,AB
077205,003,AB
202910,001,AB
202910,002,AB
202910,003,AB
206194,001,AB
206194,002,AB
206194,003,AB
203534,001,AB
203534,002,AB
203534,003,AB
201531,001,AB
201531,002,AB
201531,003,AB
202254,001,AB
202254,002,AB
202254,003,AB
203071,001,AB
203071,002,AB
203071,003,AB
077466,001,AB
077466,002,AB
077466,003,AB
204774,001,AB
204774,002,AB
204774,003,AB
077159,001,AB
077159,002,AB
077159,003,AB
203020,001,AB
203020,002,AB
203020,003,AB
079213,001,AB
079213,002,AB
079213,003,AB
091370,001,AB
091370,002,AB
091370,003,AB
203630,001,AB
203630,002,AB
203630,003,AB
203500,001,AB
203500,002,AB
090351,001,AB
090351,002,AB
090351,003,AB
207896,001,AB
207896,002,AB
201524,001,AB
201524,002,AB
202414,001,AB
202414,002,AB
203072,001,AB
203072,002,AB
077446,001,AB
077446,002,AB
077369,001,AB
077369,002,AB
206995,001,AB
022145,002,AB
080936,001,AA
080937,002,AA
040090,001,AA
040090,002,AA
202610,001,AA
202610,002,AA
012093,007,AB
012093,001,AB
088088,003,AB
088088,002,AB
088088,001,AB
086923,001,AB
086925,001,AB
087537,001,AB
087946,001,AB
211290,001,AB
215723,001,AB
215723,002,AB
215723,003,AB
215723,004,AB
215723,005,AB
086221,001,AB
086223,001,AB
089367,001,AB
213057,001,AB
213057,002,AB
213057,003,AB
213057,004,AB
213057,005,AB
215988,001,AB
215586,001,AB
075037,002,AB
075037,001,AB
215238,001,AB
215238,002,AB
213366,001,AB
213366,002,AB
213276,001,AB
213276,002,AB
214051,001,AB
214051,002,AB
213483,001,AB
213483,002,AB
213442,001,AB
213442,002,AB
204154,001,AB
215922,001,AB
218324,001,AB
206910,001,AB
206910,002,AB
206910,003,AB
203770,001,AB
040416,001,AB
040416,002,AB
040416,003,AB
040416,004,AB
040416,005,AB
040416,006,AB
040416,007,AB
040416,008,AB
040416,009,AB
219254,001,AB
219254,002,AB
219254,003,AB
219254,004,AB
201281,003,AB
201281,001,AB
201281,002,AB
204441,001,AB2
204441,002,AB2
204441,003,AB
204441,004,AB2
204441,005,AB
021906,002,AB
021906,001,AB
021035,004,AB
021035,001,AB
021035,002,AB
021035,003,AB
219129,001,AB
075912,001,AB
210457,001,AB
075319,001,AB
216407,001,AB
216759,001,AB
210616,001,AB
216651,001,AB
215745,001,AB
074761,001,AB
215788,001,AB
074754,001,AB
217038,001,AB
011366,002,AB
017533,001,AB
017533,002,AB
017533,003,AB
202107,001,AB
022181,001,AB
075215,001,AB
075215,002,AB
075215,003,AB
209603,001,AB
209603,002,AB
209603,003,AB
211325,001,AB
211325,002,AB
211325,003,AB
212990,001,AB
212990,002,AB
212990,003,AB
074787,001,AB
074787,002,AB
074787,003,AB
207863,001,AB
207863,002,AB
207863,003,AB
200908,001,AB
200908,002,AB
200908,003,AB
211953,001,AB
211953,002,AB
211953,003,AB
075113,001,AB
075113,002,AB
075113,003,AB
075133,001,AB
075133,002,AB
075133,003,AB
207743,001,AB
207743,002,AB
207743,003,AB
204974,001,AB
204974,002,AB
204974,003,AB
204974,004,AB
214695,001,AB
214695,002,AB
214695,003,AB
214695,004,AB
204994,001,AB
204994,002,AB
204994,003,AB
204994,004,AB
205006,001,AB
205006,002,AB
205006,003,AB
205006,004,AB
204787,001,AB
204787,002,AB
204787,003,AB
204787,004,AB
208308,001,AB
208308,002,AB
208308,003,AB
208308,004,AB
218014,001,AB
218014,002,AB
218014,003,AB
218014,004,AB
208466,001,AB
208466,002,AB
208466,003,AB
208466,004,AB
204921,001,AB
204921,002,AB
204921,003,AB
204921,004,AB
205237,001,AB
205237,002,AB
205237,003,AB
205237,004,AB
205031,001,AB
205031,002,AB
205031,003,AB
205031,004,AB
213109,001,AB
213109,002,AB
213109,003,AB
213109,004,AB
020241,005,AB
020241,001,AB
020241,002,AB
020241,003,AB
211306,001,AB
202941,001,AB
091606,001,AB
091606,002,AB
206974,001,AB
206974,002,AB
077464,001,AB
077464,002,AB
203586,001,AB
077221,001,AB
077221,002,AB
203260,001,AB
203277,001,AB
203277,002,AB
205217,001,AB
205217,002,AB
090198,001,AB
090198,002,AB
090457,001,AB
090457,002,AB
077558,001,AB
077411,001,AB
206375,001,AB
079124,001,AB
203259,001,AB
090246,001,AB
090679,001,AB
079128,001,AB
090607,001,AB
090607,002,AB
090607,003,AB
090607,004,AB
200694,001,AB
200694,002,AB
200694,003,AB
200694,004,AB
078956,001,AB
078956,002,AB
078956,003,AB
078956,004,AB
076708,001,AB
076708,002,AB
076708,003,AB
076708,004,AB
090169,001,AB
090169,002,AB
090169,003,AB
090169,004,AB
204499,001,AB
204499,002,AB
204499,003,AB
204499,004,AB
079132,001,AB
079132,002,AB
079132,003,AB
079132,004,AB
078691,001,AB
078691,002,AB
078691,003,AB
078691,004,AB
078625,001,AB
078625,002,AB
078625,003,AB
078625,004,AB
078525,001,AB
078525,002,AB
078525,003,AB
078525,004,AB
078947,001,AB
078947,002,AB
078947,003,AB
078947,004,AB
090170,001,AB
090170,002,AB
090170,003,AB
090170,004,AB
077633,001,AB
077633,003,AB
077633,004,AB
077633,005,AB
020405,001,AB
020405,002,AB
020405,004,AB
203007,001,AB
217968,001,AB
202994,001,AB
016273,002,AB
016273,001,AB
016273,003,AB
200603,003,AB
200603,001,AB
200603,005,AB
200603,002,AB
200603,004,AB
212453,001,AB
212453,002,AB
213497,001,AB
213497,002,AB
091369,001,AB
091369,002,AB
077090,001,AB
077090,002,AB
213652,001,AB
213652,002,AB
077087,001,AB
077087,002,AB
077086,001,AB
077086,002,AB
211863,001,AB
211863,002,AB
212308,001,AB
212308,002,AB
203435,002,AB
203435,001,AB
022081,001,AB
022081,002,AB
090934,001,AB
205869,001,AB
211717,001,AB
200161,001,AB
090289,001,AB
071198,001,AB
071199,001,AB
074544,001,AB
074544,003,AB
074544,004,AB
074544,002,AB
072733,001,AB
072734,001,AB
072735,001,AB
072736,001,AB
213929,001,AB
213929,002,AB
213929,003,AB
213929,004,AB
211132,001,AB
211132,002,AB
211132,003,AB
211132,004,AB
216375,004,AB
216375,001,AB
216375,002,AB
216375,003,AB
078993,004,AB
078993,001,AB
078993,002,AB
078993,003,AB
201293,004,AB
201293,001,AB
201293,002,AB
201293,003,AB
090515,004,AB
090515,001,AB
090515,002,AB
090515,003,AB
079042,004,AB
079042,001,AB
079042,002,AB
079042,003,AB
090025,001,AB
078154,001,AB
078154,002,AB
078154,003,AB
214815,004,AB
214815,001,AB
214815,002,AB
214815,003,AB
090261,001,AB
076919,002,AB
076919,003,AB
090484,001,AB
078526,001,AB
078526,002,AB
078526,003,AB
077319,001,AB
077319,002,AB
077319,003,AB
078106,004,AB
078106,001,AB
078106,002,AB
078106,003,AB
090767,004,AB
090767,001,AB
090767,002,AB
090767,003,AB
215069,002,AB
215069,003,AB
215069,004,AB
215069,001,AB
078904,001,AB
076920,001,AB
076920,002,AB
076920,003,AB
078042,004,AB
078042,001,AB
078042,002,AB
078042,003,AB
078960,001,AB
078960,004,AB
078960,003,AB
078960,002,AB
078858,004,AB
078858,001,AB
078858,002,AB
078858,003,AB
078869,004,AB
078869,001,AB
078869,002,AB
078869,003,AB
091491,004,AB
091491,001,AB
091491,002,AB
091491,003,AB
078918,002,AB
078918,001,AB
021342,001,AB1
021342,001,AB2
021342,001,AB3
021342,002,AB1
021342,002,AB2
021342,002,AB3
021342,003,AB1
021342,003,AB2
021342,003,AB3
021342,004,AB1
021342,004,AB2
021342,004,AB3
021342,005,AB1
021342,005,AB2
021342,005,AB3
021342,006,AB1
021342,006,AB2
021342,006,AB3
021342,007,AB1
021342,007,AB2
021342,007,AB3
021342,012,AB1
021342,012,AB2
021342,012,AB3
021342,008,AB1
021342,008,AB2
021342,008,AB3
021342,009,AB1
021342,009,AB2
021342,009,AB3
021342,010,AB1
021342,010,AB2
021342,010,AB3
021342,011,AB1
021342,011,AB2
021342,011,AB3
216384,001,AB
076858,001,AB
090392,001,AB
090385,001,AB
091264,001,AB
205564,001,AB
202046,001,AB
203646,001,AB
090362,001,AB
090229,001,AB
090199,001,AB
201043,001,AB
201043,002,AB
201043,003,AB
076890,001,AB
076890,002,AB
076890,003,AB
076710,001,AB
076710,002,AB
076710,003,AB
200250,001,AB
200250,002,AB
200250,003,AB
204968,001,AB
204968,002,AB
204968,003,AB
202801,001,AB
202801,002,AB
202801,003,AB
078424,001,AB
078424,002,AB
078424,003,AB
200839,001,AB
200839,002,AB
200839,003,AB
202200,001,AB
202200,002,AB
202200,003,AB
076361,001,AB
076361,002,AB
076361,003,AB
077652,001,AB
077652,002,AB
077652,003,AB
021137,001,AB1
021137,001,AB2
021137,001,AB3
021137,001,AB4
021137,002,AB1
021137,002,AB2
021137,002,AB3
021137,002,AB4
021137,003,AB1
021137,003,AB2
021137,003,AB3
021137,003,AB4
021137,004,AB1
021137,004,AB2
021137,004,AB3
021137,004,AB4
021137,005,AB1
021137,005,AB2
021137,005,AB3
021137,005,AB4
021137,006,AB1
021137,006,AB2
021137,006,AB3
021137,006,AB4
021137,007,AB1
021137,007,AB2
021137,007,AB3
021137,007,AB4
021137,008,AB1
021137,008,AB2
021137,008,AB3
021137,008,AB4
021137,009,AB1
021137,009,AB2
021137,009,AB3
021137,009,AB4
021137,010,AB1
021137,010,AB2
021137,010,AB3
021137,010,AB4
021137,011,AB1
021137,011,AB2
021137,011,AB3
021137,011,AB4
021137,012,AB1
021137,012,AB2
021137,012,AB3
021137,012,AB4
203871,001,AB
203872,001,AB
202791,001,AB
203164,001,AB
091440,001,AB
079218,001,AB
200490,001,AB
078834,001,AB
091674,001,AB
206053,001,AB
200493,001,AB
205131,001,AB
200492,001,AB
214640,001,AB3
211484,001,AB
074278,001,AB
213479,003,BX
213479,001,BX
213479,002,BX
212024,001,AB
213906,001,AB
212399,001,AB1
212399,001,AB2
212399,001,AB3
212399,001,AB4
212399,002,AB1
212399,002,AB2
212399,002,AB3
212399,002,AB4
212399,003,AB1
212399,003,AB2
212399,003,AB3
212399,003,AB4
212399,004,AB1
212399,004,AB2
212399,004,AB3
212399,004,AB4
212399,005,AB1
212399,005,AB2
212399,005,AB3
212399,005,AB4
212399,006,AB1
212399,006,AB2
212399,006,AB3
212399,006,AB4
212399,007,AB1
212399,007,AB2
212399,007,AB3
212399,007,AB4
212399,008,AB1
212399,008,AB2
212399,008,AB3
212399,008,AB4
212399,009,AB1
212399,009,AB2
212399,009,AB3
212399,009,AB4
212399,010,AB1
212399,010,AB2
212399,010,AB3
212399,010,AB4
212399,011,AB1
212399,011,AB2
212399,011,AB3
212399,011,AB4
212399,012,AB1
212399,012,AB2
212399,012,AB3
212399,012,AB4
215259,001,AB4
215259,002,AB4
215259,003,AB4
215259,004,AB4
215259,005,AB4
215259,006,AB4
215259,007,AB4
215259,008,AB4
215259,009,AB4
215259,010,AB4
215259,011,AB4
215259,012,AB4
209713,001,AB1
209713,001,AB2
209713,001,AB3
209713,002,AB1
209713,002,AB2
209713,002,AB3
209713,003,AB1
209713,003,AB2
209713,003,AB3
209713,004,AB1
209713,004,AB2
209713,004,AB3
209713,005,AB1
209713,005,AB2
209713,005,AB3
209713,006,AB1
209713,006,AB2
209713,006,AB3
209713,007,AB1
209713,007,AB2
209713,007,AB3
209713,008,AB1
209713,008,AB2
209713,008,AB3
209713,009,AB1
209713,009,AB2
209713,009,AB3
209713,010,AB1
209713,010,AB2
209713,010,AB3
209713,011,AB1
209713,011,AB2
209713,011,AB3
209713,012,AB1
209713,012,AB2
209713,012,AB3
211417,001,AB1
211417,001,AB2
211417,001,AB3
211417,001,AB4
211417,002,AB1
211417,002,AB2
211417,002,AB3
211417,002,AB4
211417,003,AB1
211417,003,AB2
211417,003,AB3
211417,003,AB4
211417,004,AB1
211417,004,AB2
211417,004,AB3
211417,004,AB4
211417,005,AB1
211417,005,AB2
211417,005,AB3
211417,005,AB4
211417,006,AB1
211417,006,AB2
211417,006,AB3
211417,006,AB4
211417,007,AB1
211417,007,AB2
211417,007,AB3
211417,007,AB4
211417,008,AB1
211417,008,AB2
211417,008,AB3
211417,008,AB4
211417,009,AB1
211417,009,AB2
211417,009,AB3
211417,009,AB4
211417,010,AB1
211417,010,AB2
211417,010,AB3
211417,010,AB4
211417,011,AB1
211417,011,AB2
211417,011,AB3
211417,011,AB4
211417,012,AB1
211417,012,AB2
211417,012,AB3
211417,012,AB4
076187,001,AB1
076187,001,AB2
076187,001,AB3
076187,001,AB4
076187,002,AB1
076187,002,AB2
076187,002,AB3
076187,002,AB4
076187,003,AB1
076187,003,AB2
076187,003,AB3
076187,003,AB4
076187,004,AB1
076187,004,AB2
076187,004,AB3
076187,004,AB4
076187,005,AB1
076187,005,AB2
076187,005,AB3
076187,005,AB4
076187,006,AB1
076187,006,AB2
076187,006,AB3
076187,006,AB4
076187,007,AB1
076187,007,AB2
076187,007,AB3
076187,007,AB4
076187,012,AB1
076187,012,AB2
076187,012,AB3
076187,012,AB4
076187,008,AB1
076187,008,AB2
076187,008,AB3
076187,008,AB4
076187,009,AB1
076187,009,AB2
076187,009,AB3
076187,009,AB4
076187,010,AB1
076187,010,AB2
076187,010,AB3
076187,010,AB4
076187,011,AB1
076187,011,AB2
076187,011,AB3
076187,011,AB4
207588,001,AB1
207588,001,AB2
207588,001,AB3
207588,001,AB4
207588,002,AB1
207588,002,AB2
207588,002,AB3
207588,002,AB4
207588,003,AB1
207588,003,AB2
207588,003,AB3
207588,003,AB4
207588,004,AB1
207588,004,AB2
207588,004,AB3
207588,004,AB4
207588,005,AB1
207588,005,AB2
207588,005,AB3
207588,005,AB4
207588,006,AB1
207588,006,AB2
207588,006,AB3
207588,006,AB4
207588,007,AB1
207588,007,AB2
207588,007,AB3
207588,007,AB4
207588,008,AB1
207588,008,AB2
207588,008,AB3
207588,008,AB4
207588,009,AB1
207588,009,AB2
207588,009,AB3
207588,009,AB4
207588,010,AB1
207588,010,AB2
207588,010,AB3
207588,010,AB4
207588,011,AB1
207588,011,AB2
207588,011,AB3
207588,011,AB4
207588,012,AB1
207588,012,AB2
207588,012,AB3
207588,012,AB4
021301,001,AB1
021301,001,AB3
021301,002,AB1
021301,002,AB3
021301,003,AB1
021301,003,AB3
021301,004,AB1
021301,004,AB3
021301,005,AB1
021301,005,AB3
021301,006,AB1
021301,006,AB3
021301,007,AB1
021301,007,AB3
021301,008,AB1
021301,008,AB3
021301,009,AB1
021301,009,AB3
021301,010,AB1
021301,010,AB3
021301,011,AB1
021301,011,AB3
021323,001,AB
021323,002,AB
021323,003,AB
208423,001,AB
208335,001,AB
208336,003,AB
208336,001,AB
208336,002,AB
205233,001,AB
205517,001,AB
210702,001,AB
078987,001,AB
204239,001,AB
207526,001,AB
078845,001,AB
206097,001,AB
218070,001,AB
218070,002,AB
218070,003,AB
090097,001,AB
090097,002,AB
090097,003,AB
200295,001,AB
200295,002,AB
200295,003,AB
091382,001,AB
091382,002,AB
091382,003,AB
211510,001,AB
211510,002,AB
211510,003,AB
214803,001,AB
214803,002,AB
214803,003,AB
020702,001,AB
020702,002,AB
020702,003,AB
020702,004,AB
075903,001,AB
075903,002,AB
075903,003,AB
075903,004,AB
075903,005,AB
075903,006,AB
077622,001,AB
077622,002,AB
077622,003,AB
077622,004,AB
077622,005,AB
077622,006,AB
075994,001,AB
075994,002,AB
075994,003,AB
075994,004,AB
075994,005,AB
075994,006,AB
076102,001,AB
076102,002,AB
076102,003,AB
076102,004,AB
076102,005,AB
076102,006,AB
203508,001,AB
203508,002,AB
203508,003,AB
203508,004,AB
203508,005,AB
203508,006,AB
077321,001,AB
077321,002,AB
077321,003,AB
077321,004,AB
077321,005,AB
077321,006,AB
075743,001,AB
076164,004,AB
075743,002,AB
076164,005,AB
075743,003,AB
076164,006,AB
075743,004,AB
076164,001,AB
075743,005,AB
076164,002,AB
075743,006,AB
076164,003,AB
212041,001,AB
212041,002,AB
212041,003,AB
208920,001,AB
208920,002,AB
208920,003,AB
075944,001,AB
075944,002,AB
075944,003,AB
075944,004,AB
075944,006,AB
075944,005,AB
076059,001,AB
076059,002,AB
076059,003,AB
076059,004,AB
076059,005,AB
076059,006,AB
078402,001,AB
078402,002,AB
078402,003,AB
078402,004,AB
078402,005,AB
078402,006,AB
077606,001,AB
077606,002,AB
077606,003,AB
076674,001,AB
076674,002,AB
076674,003,AB
204058,001,AB
204058,002,AB
204058,003,AB
077912,001,AB
077912,002,AB
077912,003,AB
076230,001,AB
076230,002,AB
076230,003,AB
076262,001,AB
076262,002,AB
076262,003,AB
076007,001,AB
076007,002,AB
076007,003,AB
076194,003,AB
076194,001,AB
076194,002,AB
018558,001,AB
091027,001,AB
022363,001,AB
022363,002,AB
022363,003,AB
206852,001,AB
209632,001,AB
017830,001,AB
218613,001,AB
218699,001,AB
207952,001,AB
203495,001,AA
012462,001,AA
207981,001,AB
207981,002,AB
018422,003,AB
091677,001,AB
091677,002,AB
213857,001,AB
213857,002,AB
204739,001,AB
204739,002,AB
079074,001,AB
079074,002,AB
017963,001,AB
017963,002,AB
018303,001,AB
071586,001,AB
071587,001,AB
077396,001,AB
077396,002,AB
077396,003,AB
203572,001,AB
203572,002,AB
203572,003,AB
218597,001,AB
218597,002,AB
218597,003,AB
078203,001,AB
078203,002,AB
078203,003,AB
077754,001,AB
077754,002,AB
077754,003,AB
071141,002,AB
071141,003,AB
071141,001,AB
076045,001,AB
076045,002,AB
076045,003,AB
072926,001,AB
072927,001,AB
072928,001,AB
079221,001,AB
090544,001,AB
090544,002,AB
090544,003,AB
090428,001,AB
090428,002,AB
090428,003,AB
090083,001,AB
090083,002,AB
090083,003,AB
077424,001,AB
077424,002,AB
077424,003,AB
215959,001,AB
215959,002,AB
215959,003,AB
203835,001,AB
203835,002,AB
203835,003,AB
201170,001,AB
201170,002,AB
201170,003,AB
078232,001,AB
078232,002,AB
078232,003,AB
202230,001,AB
202230,002,AB
202230,003,AB
091541,001,AB
091541,002,AB
091541,003,AB
217396,001,AB
217396,002,AB
217396,003,AB
091497,001,AB
091497,002,AB
091497,003,AB
090382,001,AB
090382,002,AB
090382,003,AB
203030,001,AB
203030,002,AB
203030,003,AB
091129,001,AB
091129,002,AB
091129,003,AB
078243,001,AB
078243,002,AB
078243,003,AB
091617,001,AB
091617,002,AB
091617,003,AB
091629,001,AB
091629,002,AB
091629,003,AB
077948,001,AB
077948,003,AB
077948,002,AB
201845,001,AB
201845,002,AB
201845,003,AB
078245,001,AB
078245,002,AB
078245,003,AB
202289,001,AB
202289,002,AB
202289,003,AB
204901,001,AB
204901,002,AB
204901,003,AB
077157,001,AB
077157,002,AB
077157,003,AB
204832,001,AB
204832,002,AB
204832,003,AB
078385,001,AB
078385,002,AB
022262,001,AB
019851,002,AB
019851,003,AB
019851,004,AB
020033,002,AB
020033,004,AB
020033,003,AB
021107,002,AB
021107,001,AB
075828,001,AB
075828,002,AB
075828,003,AB
075991,001,AB
075991,002,AB
075991,003,AB
075300,001,AB
075300,002,AB
075300,003,AB
077748,001,AB
077748,002,AB
077748,003,AB
075636,001,AB
075636,002,AB
075636,003,AB
078296,001,AB
078296,002,AB
078296,003,AB
075551,003,AB
075551,002,AB
075551,001,AB
209229,001,AB
021476,001,AB
021476,002,AB
021476,003,AB
208049,001,AB
208049,002,AB
208049,003,AB
208049,004,AB
208049,005,AB
213248,001,AB
213248,002,AB
213248,003,AB
213248,004,AB
213248,005,AB
212244,001,AB
212244,002,AB
212244,003,AB
212244,004,AB
212244,005,AB
208002,001,AB
208002,002,AB
208002,003,AB
208002,004,AB
208002,005,AB
218174,001,AB
218174,002,AB
218174,003,AB
218174,004,AB
218174,005,AB
208045,001,AB
208045,002,AB
208045,003,AB
208045,004,AB
208045,005,AB
212091,001,AB
212091,002,AB
212091,003,AB
212091,004,AB
212091,005,AB
208047,001,AB
208047,002,AB
208047,003,AB
208047,004,AB
208058,001,AB
208058,002,AB
208058,003,AB
208058,004,AB
208058,005,AB
208028,001,AB
208028,002,AB
208028,003,AB
208028,004,AB
208028,005,AB
210388,001,AB
210388,002,AB
210388,003,AB
210388,004,AB
210388,005,AB
208031,001,AB
208031,002,AB
208031,003,AB
208031,004,AB
208031,005,AB
212124,001,AB
212124,002,AB
212124,003,AB
212124,004,AB
212124,005,AB
208037,001,AB
208037,002,AB
208037,003,AB
208037,004,AB
208037,005,AB
208066,001,AB
208066,002,AB
208066,003,AB
208066,004,AB
208066,005,AB
208055,001,AB
208055,002,AB
208055,005,AB
208055,003,AB
208055,004,AB
208052,001,AB
208052,002,AB
208052,003,AB
208052,004,AB
208052,005,AB
021519,001,AB
021519,002,AB
021519,003,AB
022430,001,AB
021078,001,AB
021078,002,AB
203347,001,AB
203347,002,AB
217114,001,AB
217114,002,AB
217880,001,AB
217880,002,AB
020864,002,AB
019129,001,AB
019129,003,AB
084092,003,AA
201451,001,AA
201451,002,AA
201451,003,AA
087128,002,AA
087128,001,AA
202640,001,AA
202640,002,AA
202640,003,AA
203003,001,AA
203003,002,AA
203003,003,AA
200294,001,AA
200294,002,AA
040659,001,AA
040659,002,AA
084843,002,AA
213957,001,AA
213957,002,AA
011153,001,AB
011153,004,AB
011153,003,AB
011153,006,AB
040159,001,AB
040159,002,AB
040159,003,AB
076392,001,AB
076175,001,AB
076523,001,AB
074621,002,AB
074621,001,AB
072422,001,AB
072423,001,AB
202016,001,AB
077920,001,AB
077920,002,AB
217579,001,AB
217579,002,AB
078008,001,AB
078008,002,AB
077929,001,AB
077929,002,AB
077882,001,AB
077882,002,AB
077928,001,AB
077928,002,AB
077932,001,AB
077932,002,AB
077931,001,AB
077931,002,AB
077944,001,AB
077944,002,AB
077938,001,AB
077938,002,AB
078102,001,AB
078102,002,AB
077927,001,AB
077927,002,AB
077918,001,AB
077918,002,AB
077921,001,AB
077921,002,AB
206528,001,AB
206528,002,AB
200891,001,AB
200891,002,AB
090041,001,AB
090041,002,AB
203175,001,AB
203175,002,AB
090048,001,AB
090048,002,AB
204389,001,AB
204389,002,AB
090051,001,AB
090051,002,AB
202840,001,AB
202840,002,AB
210587,001,AB
210587,002,AB
206855,001,AB
206855,002,AB
209527,001,AB
209527,002,AB
202350,001,AB
202350,002,AB
090058,001,AB
090058,002,AB
200022,001,AB
200022,002,AB
090043,001,AB
090043,002,AB
212947,001,AB
212947,002,AB
090961,001,AB
090961,002,AB
040331,001,AA
040893,001,AA
090122,001,AA
090122,002,AA
040797,001,AA
040797,002,AA
040461,001,AB
040528,001,AB
040594,001,AB
218871,001,AB
020855,001,AB
009829,002,AB
203695,001,AB
203399,001,AB
204770,001,AB
040486,001,AB
040445,001,AB
207466,002,AB
207466,001,AB
091184,003,AB
091184,001,AB
091184,002,AB
076033,003,AB
076033,001,AB
076033,002,AB
077095,003,AB
077095,001,AB
077095,002,AB
075972,003,AB
075972,001,AB
075972,002,AB
205096,003,AB
205096,001,AB
205096,002,AB
077787,003,AB
077787,001,AB
077787,002,AB
075965,003,AB
075965,001,AB
075965,002,AB
078170,003,AB
078170,001,AB
078170,002,AB
090564,003,AB
090564,001,AB
090564,002,AB
213320,003,AB
213320,001,AB
213320,002,AB
209882,003,AB
209882,001,AB
209882,002,AB
090888,003,AB
090888,001,AB
090888,002,AB
075973,003,AB
075973,001,AB
075973,002,AB
203769,001,AB
203769,002,AB
203769,003,AB
203686,003,AB
203686,001,AB
203686,002,AB
077064,003,AB
077064,001,AB
077064,002,AB
211228,001,AA
211228,002,AA
203502,001,AA
203502,002,AA
210484,001,AA
210484,002,AA
090065,001,AA
090065,002,AA
088109,002,AA
088109,001,AA
040517,001,AA
040517,002,AA
090635,002,AA
090635,001,AA
040241,002,AA
204166,001,AA
091189,001,AA
203846,001,AA
040001,001,AB
040001,002,AB
207438,001,AB
207438,002,AB
040036,001,AB
040036,002,AB
040062,001,AB
040062,002,AB
215615,001,AB
215615,002,AB
205661,001,AB
217675,001,AB
212172,001,AB
210068,001,AB
219661,001,AB
040547,001,AB
040547,002,AB
218149,001,AB
218149,002,AB
040411,001,AB
040411,002,AB
040734,001,AB
040734,002,AB
209827,001,AB
209827,002,AB
040350,001,AB
040350,002,AB
202068,001,AB
202068,002,AB
213967,002,AA
213967,001,AA
208507,001,AA
208507,002,AA
200958,003,AB
200958,001,AA
200958,002,AA
209312,001,AA
209312,002,AA
090200,001,AA
090200,002,AA
203550,001,AA
203550,002,AA
212707,001,AB
040489,001,AA
040489,002,AA
212623,001,AA
212623,002,AA
086988,002,AA
086988,001,AA
213343,001,AB
217552,001,AB
081099,001,AB
213362,001,AB
216453,001,AB
210454,001,AB
040054,001,AB
081235,001,AB
201749,001,AB
207812,001,AB
040642,001,AA
040642,002,AA
216786,001,AA
216786,002,AA
200602,001,AA
200602,002,AA
211483,001,AB
091577,001,AB
210424,001,AB
211919,001,AB
211455,001,AB
212233,001,AB
206932,001,AB
206932,002,AB
206932,003,AB
213936,001,AB
213936,002,AB
213936,003,AB
211779,001,AB
211779,002,AB
211779,003,AB
207416,001,AB
207416,002,AB
207416,003,AB
209753,001,AB
209753,002,AB
209753,003,AB
208737,001,AB
208737,002,AB
208737,003,AB
091159,001,AB
091159,002,AB
091159,003,AB
207884,001,AB
207884,002,AB
207884,003,AB
202892,001,AB
202892,002,AB
202892,003,AB
212697,001,AB
212697,002,AB
212697,003,AB
040300,001,AB
040300,002,AB
040300,003,AB
090710,001,AB
090710,002,AB
090710,003,AB
040189,001,AB
040189,002,AB
040189,003,AB
040189,004,AB
040183,001,AB
040194,001,AB
204072,001,AB
040232,001,AB
206751,001,AB
206751,002,AB
206751,003,AB
206751,004,AB
080767,002,BP
072215,002,AB
072215,001,AB
078807,001,AB
078807,002,AB
077878,001,AB
070581,001,AB
077878,002,AB
072801,001,AB
070184,001,AB
213251,001,AB
213251,002,AB
213251,003,AB
213827,001,AB
213827,002,AB
213827,003,AB
218606,001,AB
218606,002,AB
218606,003,AB
217563,001,AB
217563,002,AB
217563,003,AB
076698,001,AB
076698,002,AB
076698,003,AB
216216,001,AB
216216,002,AB
216216,003,AB
215616,001,AB
215616,002,AB
215616,003,AB
215184,001,AB
215184,002,AB
215184,003,AB
076732,001,AB
076466,001,AB
076466,002,AB
214799,001,AB
214799,002,AB
214799,003,AB
202871,001,AB
202871,002,AB
202871,003,AB
077739,001,AB
077739,004,AB
077739,002,AB
077739,005,AB
077739,003,AB
078459,001,AB
078459,002,AB
078459,003,AB
076704,001,AB
076704,004,AB
076704,002,AB
076704,005,AB
076704,003,AB
074453,001,AB
074453,002,AB
200981,001,AB
200981,004,AB
200981,002,AB
200981,005,AB
200981,003,AB
208955,001,AB
208955,002,AB
208955,003,AB
074644,001,AB
074644,002,AB
202870,001,AB
202870,002,AB
202870,003,AB
076792,001,AB
076792,002,AB
076792,003,AB
215789,001,AB
215789,002,AB
208681,001,AB
208681,002,AB
079067,001,AB
079067,002,AB
205245,001,AB
205245,002,AB
203974,001,AB
203974,002,AB
206560,001,AB
206560,002,AB
209794,001,AB
209794,002,AB
208162,001,AB
208162,002,AB
070772,001,AB
070772,002,AB
209096,001,AB
209096,002,AB
070033,001,AB
070040,001,AB
070039,001,AB
070027,001,AB
203458,001,AB
203458,002,AB
070035,001,AB
070044,001,AB
206287,001,AB
020850,003,AB
020850,001,AB
021162,001,AB
021162,002,AB
021162,003,AB
018200,001,AB
214734,001,AB
214734,002,AB
214734,003,AB
077746,001,AB
077746,002,AB
077746,003,AB
212774,001,AB
212774,002,AB
212774,003,AB
076449,001,AB
076449,002,AB
076449,003,AB
217271,001,AB
217271,002,AB
217271,003,AB
076577,001,AB
076577,002,AB
076577,003,AB
211973,001,AB
211973,002,AB
211973,003,AB
207169,001,AB
207169,002,AB
207169,003,AB
212543,001,AB
212543,002,AB
212543,003,AB
207613,001,AB
207613,002,AB
207613,003,AB
207849,001,AB
207849,002,AB
207849,003,AB
213055,001,AB
213055,002,AB
213055,003,AB
020687,001,AB
091178,001,AB
211436,001,AB
203965,001,AB
203965,002,AB
203965,003,AB
213662,001,AB
213662,002,AB
213662,003,AB
215466,001,AB
215466,002,AB
215466,003,AB
065436,001,AB
065436,002,AB
065436,003,AB
065131,001,AB
065131,002,AB
065131,003,AB
065156,001,AB
065156,002,AB
065156,003,AB
071826,001,AB
071839,001,AB
072709,002,AB
072709,001,AB
071344,001,AB
071345,001,AB
217087,001,AB3
077666,001,AB
077666,002,AB
077666,003,AB
076921,001,AB
076921,002,AB
076921,003,AB
076921,004,AB
076219,001,AB
076219,002,AB
076219,003,AB
076122,001,AB
076122,002,AB
076122,003,AB
216751,001,AB
216751,002,AB
216751,003,AB
216751,004,AB
076541,004,AB
076541,001,AB
076541,002,AB
076541,003,AB
076119,001,AB
076119,002,AB
076119,003,AB
210201,001,AB
210201,002,AB
076095,001,AB
076095,002,AB
216872,001,AB
216872,002,AB
202700,001,AB
202700,002,AB
077667,001,AB
077667,002,AB
207196,001,AB
207196,002,AB
202566,001,AB
202566,002,AB
209966,001,AB
209966,002,AB
078963,001,AB
078963,002,AB
077536,001,AB
077536,002,AB
090416,001,AB
090416,002,AB
076204,001,AB
076204,002,AB
090718,001,AB
090718,002,AB
090718,003,AB
076980,001,AB
076980,003,AB
076980,002,AB
020215,002,AB
020215,001,AB
202717,001,AB
204604,001,AB
205683,001,AB
202468,001,AB
201522,001,AB
207463,001,AB
201582,001,AB
090926,001,AB
202843,001,AB
203366,001,AB
209012,001,AB
078605,001,AB
201515,001,AB
204290,001,AB
202859,001,AB
212451,001,AB
212451,002,AB
022207,001,AB
022207,002,AB
215194,001,AB
215194,002,AB
210610,001,AB
210610,002,AB
210166,001,AB
210166,002,AB
202632,001,AB
207285,001,AB
205348,001,AB
076938,001,AB
204836,001,AB
208682,001,AB
077437,001,AB
022425,001,AB
016320,001,AB
016320,003,AB
065416,001,AB
091249,001,AB
217937,001,AB
212087,001,AB
208119,001,AB
065413,001,AB
065521,001,AB
065451,001,AB
090456,001,AB
204076,001,AB
009170,003,AB
009170,002,AB
090445,001,AB
090445,002,AB
076009,001,AB
076009,002,AB
075280,001,AB
075280,002,AB
078671,001,AB
078671,002,AB
203166,001,AB
203166,002,AB
219118,001,AB
219118,002,AB
078420,001,AB
078420,002,AB
091083,001,AB
091083,002,AB
211763,001,AB
211763,002,AB
211763,003,AB
208832,001,AB
208832,002,AB
208832,003,AB
201893,003,AB
201893,001,AB
201893,002,AB
210955,001,AB
210955,002,AB
210955,003,AB
209309,001,AB
209309,002,AB
209309,003,AB
203455,001,AB
203455,002,AB
203455,003,AB
074172,001,AB
074172,002,AB
074172,003,AB
212856,001,AB
212856,002,AB
212856,003,AB
074501,001,AB
074501,002,AB
074501,003,AB
207761,001,AB
207761,002,AB
207761,003,AB
075735,001,AB
075523,001,AB
074736,001,AB
091205,001,AB
074918,001,AB
207905,001,AB
075274,001,AB
076264,002,AB
090356,001,AB
021487,001,AB
021487,002,AB
017581,004,AB
091416,001,AB
091416,002,AB
091416,003,AB
075927,001,AB
075927,002,AB
075927,003,AB
200429,001,AB
200429,002,AB
200429,003,AB
078250,001,AB
078250,002,AB
078250,003,AB
074140,001,AB
074140,002,AB
074140,003,AB
212517,001,AB
212517,002,AB
212517,003,AB
074201,001,AB
074201,002,AB
074201,003,AB
078620,001,AB
078620,002,AB
078620,003,AB
200629,001,AB
200629,002,AB
078486,001,AB
078486,002,AB
078314,001,AB
078314,002,AB
212199,001,AB
212199,002,AB
200502,001,AB
200502,002,AB
090381,001,AB
090381,002,AB
091441,001,AB
091441,002,AB
091326,001,AB
091326,002,AB
011909,002,AB
206432,001,AB
206432,002,AB
077461,001,AB
077461,002,AB
205544,001,AB
205544,002,AB
077463,001,AB
077463,002,AB
077462,001,AB
077462,002,AB
205248,001,AB
205248,002,AB
203659,001,AB
203659,002,AB
203659,003,AB
203659,004,AB
211053,001,AB
211053,002,AB
211053,003,AB
211053,004,AB
216568,001,AB
216568,002,AB
216568,003,AB
216568,004,AB
208717,001,AB
208717,002,AB
208717,003,AB
208717,004,AB
203821,001,AB
203821,002,AB
203821,003,AB
203821,004,AB
203825,001,AB
203825,002,AB
203825,003,AB
203825,004,AB
203828,001,AB
203828,002,AB
203828,003,AB
203828,004,AB
212661,001,AB
212661,002,AB
212661,003,AB
212661,004,AB
216172,001,AB
216172,002,AB
216172,003,AB
216172,004,AB
217397,001,AB
217397,002,AB
217397,003,AB
217397,004,AB
212682,001,AB
212682,002,AB
212682,003,AB
212682,004,AB
212917,001,AB
212917,002,AB
212917,003,AB
212917,004,AB
203966,001,AB
203966,002,AB
203966,003,AB
203966,004,AB
213830,001,AB
213830,002,AB
213830,003,AB
213830,004,AB
065220,001,AA
060304,001,AA
020882,001,AB1
020882,002,AB1
077521,001,AB
077956,001,AB
078584,001,AB
090688,001,AB
203080,001,AB
202523,001,AB
078195,001,AB
021923,001,AB
207535,001,AB
201661,001,AB
020169,002,AB
207631,001,AB
214844,001,AB
218701,001,AB
213820,001,AB
200275,001,AB
075951,001,AB
091090,001,AB
206490,001,AB
205278,001,AB
076221,001,AB
203038,001,AB
203038,002,AB
090938,001,AB
210369,001,AB
209609,001,AB
078892,001,AB
078965,001,AB
091332,001,AB
207066,001,AB
202086,001,AB
014399,007,AB
014399,001,AB
014399,003,AB
014399,004,AB
014399,005,AB
014399,006,AB
019787,001,AB
019787,002,AB
019787,003,AB
022417,001,AB
021875,001,AB
021875,003,AB
021875,005,AB
021875,004,AB
062474,001,AA
062506,001,AA
091656,001,AB
091656,002,AB
091656,003,AB
076093,003,AB
077098,001,AB
077098,002,AB
077098,003,AB
076182,001,AB
076182,002,AB
076182,003,AB
202295,001,AB
202295,002,AB
202295,003,AB
202295,004,AB
202295,005,AB
202295,006,AB
090798,001,AB
090798,002,AB
090798,003,AB
090798,004,AB
090798,005,AB
090798,006,AB
202050,001,AB
202050,002,AB
202050,003,AB
202050,004,AB
202050,005,AB
202050,006,AB
210022,001,AB
210022,002,AB
210022,003,AB
210022,004,AB
210022,005,AB
210022,006,AB
203333,001,AB
203333,002,AB
203333,003,AB
203333,004,AB
203333,005,AB
203333,006,AB
076255,001,AB
076255,002,AB
076255,003,AB
076255,004,AB
076133,001,AB
076133,002,AB
202862,001,AB
202862,002,AB
202862,003,AB
202862,004,AB
202862,005,AB
202862,006,AB
202287,001,AB
202287,002,AB
202287,003,AB
202287,004,AB
202287,005,AB
202287,006,AB
204319,001,AB
204319,002,AB
204319,003,AB
204319,004,AB
204319,005,AB
204319,006,AB
090459,001,AB
090459,002,AB
090459,003,AB
090459,004,AB
090459,005,AB
090459,006,AB
207662,001,AB
207662,002,AB
207662,003,AB
203012,001,AB
203012,002,AB
203012,003,AB
206763,001,AB
206763,002,AB
206763,003,AB
204798,001,AB
204798,002,AB
204798,003,AB
210682,001,AB
210682,002,AB
210682,003,AB
206227,001,AB
206227,002,AB
206227,003,AB
203281,001,AB
203281,002,AB
203281,003,AB
205499,001,AB
205499,002,AB
205499,003,AB
208659,001,AB
208659,002,AB
208659,003,AB
205482,001,AB
205482,002,AB
205482,003,AB
204814,001,AB
204814,002,AB
204814,003,AB
206372,001,AB
206372,002,AB
206372,003,AB
217399,001,AB
217399,002,AB
217399,003,AB
206720,001,AB
206720,002,AB
206720,003,AB
210552,001,AB
210552,002,AB
210552,003,AB
208130,001,AB
208130,002,AB
208130,003,AB
211049,001,AB
211049,002,AB
211049,003,AB
207135,001,AB
207135,002,AB
207135,003,AB
205192,001,AB
205192,002,AB
205192,003,AB
209281,001,AB
209281,002,AB
209281,003,AB
204233,001,AB
204233,002,AB
204233,003,AB
205391,001,AB
205391,002,AB
205391,003,AB
204801,001,AB
204801,002,AB
204801,003,AB
207804,001,AB
207804,002,AB
207804,003,AB
208847,001,AB
208847,003,AB
208847,002,AB
207088,001,AB
207088,002,AB
207088,003,AB
207088,004,AB
207088,005,AB
206137,001,AB
206137,002,AB
206137,003,AB
206137,004,AB
206137,005,AB
210718,001,AB
210718,002,AB
210718,003,AB
210718,004,AB
210718,005,AB
202491,001,AB
202491,002,AB
202491,003,AB
202491,004,AB
202491,005,AB
203580,002,AB
203580,003,AB
078539,001,AB
078539,002,AB
077303,001,AB
077303,002,AB
076183,003,AB
076183,002,AB
077535,001,AB
077535,002,AB
203761,001,AB
203761,002,AB
077851,001,AB
077851,002,AB
202067,002,AB
202067,003,AB
215924,001,AB
076725,001,AB
076725,002,AB
076725,003,AB
205437,001,AB
205437,002,AB
205437,003,AB
208633,001,AB
075987,001,AB
075855,001,AB
075845,001,AB
078005,001,AB
078005,002,AB
078005,003,AB
215939,001,AB
215939,002,AB
215939,003,AB
078069,001,AB
078069,002,AB
078069,003,AB
077802,001,AB
077802,002,AB
077802,003,AB
077747,001,AB
207717,001,AB
077747,002,AB
207717,002,AB
077747,003,AB
207717,003,AB
077794,001,AB
077794,002,AB
077794,003,AB
077801,001,AB
077801,002,AB
077801,003,AB
209335,001,AB
074625,001,AB
213550,001,AB
212798,001,AB
210611,001,AB
209823,001,AB
209025,001,AB
075079,001,AB
208165,001,AB
071655,001,AB
210125,001,AB
087463,001,AA
210644,001,AA
210644,002,AA
210644,003,AA
210644,004,AA
201447,001,AA
201447,002,AA
201447,003,AA
201447,004,AA
202677,003,AA
202677,001,AA
202677,002,AA
040777,001,AA
040778,002,AA
040778,001,AA
207419,001,AA
207419,002,AA
207419,003,AA
207419,004,AA
201972,001,AA
201972,002,AA
201972,003,AA
201972,004,AA
209385,001,AA
209385,002,AA
209385,003,AA
203864,001,AA
203864,002,AA
203864,003,AA
211708,001,AA
211708,002,AA
211708,003,AA
211708,004,AA
204407,001,AA
204407,002,AA
204407,003,AA
204407,004,AA
201278,001,AA
201278,002,AA
201278,003,AA
040545,001,AA
040545,002,AA
207510,001,AA
207510,002,AA
207510,003,AA
040910,001,AA
202116,001,AB
202116,002,AB
202116,003,AB
203638,001,AB
203638,002,AB
203638,003,AB
203638,004,AB
203638,005,AB
207418,001,AB
207418,002,AB
202160,001,AB
202160,002,AB
202160,003,AB
091393,001,AB
091393,002,AB
091393,003,AB
091393,004,AB
091393,005,AB
090895,001,AB
202662,001,AB
202662,002,AB
090895,002,AB
202662,003,AB
202662,005,AB
090895,003,AB
202662,004,AB
207119,001,AB
207119,002,AB
207119,003,AB
207119,004,AB
207119,005,AB
091490,001,AB
091490,002,AB
091490,003,AB
091490,004,AB
091490,005,AB
076758,003,AB
076758,004,AB
076758,001,AB
076758,005,AB
076758,002,AB
077712,003,AB
077712,004,AB
077712,001,AB
077712,005,AB
077712,002,AB
210175,001,AB
210175,002,AB
204459,001,AB
204459,002,AB
203601,001,AB
203601,002,AB
201187,001,AB
201187,002,AB
090964,001,AB
090964,002,AB
091443,002,AB
091443,001,AB
075135,002,AB
075135,001,AB
075135,003,AB
017962,001,AB
012342,003,AB
203854,001,AB
203854,002,AB
203854,003,AB
203854,004,AB
075356,001,AB
075356,002,AB
075356,003,AB
075356,004,AB
078406,001,AB
078406,002,AB
078406,003,AB
078406,004,AB
076618,001,AB
076618,002,AB
076618,003,AB
076618,004,AB
078902,001,AB
078902,002,AB
078902,003,AB
078902,004,AB
076968,001,AB
076968,002,AB
076968,003,AB
076968,004,AB
211248,001,AB
211248,002,AB
211248,003,AB
211248,004,AB
077584,001,AB
077584,002,AB
077584,003,AB
077584,004,AB
020031,001,AB
020031,002,AB
020031,003,AB
020031,005,AB
217713,001,AB
219034,001,AB
218231,001,AB
215837,001,AB
217517,001,AB
212933,001,AB
211196,001,AB
065435,001,AB
065435,002,AB
062936,001,AB
062935,001,AB
090549,001,AB
090549,002,AB
060711,002,AB
060711,003,AB
209801,001,AB
209801,002,AB
209801,003,AB
209801,004,AB
209801,005,AB
209801,006,AB
040330,001,AA
040330,002,AA
040330,003,AA
040330,004,AA
007337,007,AA
210163,001,AB
210163,002,AB
210163,003,AB
210163,004,AB
213694,001,AB
213694,002,AB
213694,003,AB
213694,004,AB
212545,001,AB
212545,002,AB
212545,003,AB
212545,004,AB
040226,001,AB
040226,002,AB
040226,003,AB
040226,004,AB
205056,001,AB
205056,002,AB
205056,003,AB
205056,004,AB
089685,002,AB
089685,003,AB
089685,001,AB
089685,004,AB
207582,001,AB
207582,002,AB
207582,003,AB
207582,004,AB
205973,001,AB
205973,002,AB
205973,003,AB
205973,004,AB
205232,001,AB
205232,002,AB
205232,003,AB
205232,004,AB
085588,001,AA
089452,001,AA
040762,001,AA
091042,001,AA
200181,001,AB
203068,001,AA
200272,001,AA
040190,001,AA
040876,001,AA
203436,001,AA
206342,001,AA
205008,001,AA
040377,001,AA
040526,001,AA
213336,001,AB
209373,001,AB
213329,001,AB
210189,001,AB
212377,001,AB
212377,002,AB
077248,001,AB
077248,002,AB
076963,001,AB
076963,002,AB
077220,001,AB
077220,002,AB
076746,001,AB
073609,002,AB
073609,001,AB
074019,001,AB
074019,002,AB
205415,001,AB
205415,002,AB
074063,001,AB
074063,002,AB
211712,001,AB
211712,002,AB
200044,001,AB
200044,002,AB
200044,003,AB
204133,001,AB
204133,002,AB
204133,003,AB
200268,001,AB
200268,002,AB
200268,003,AB
076798,001,AB
076798,002,AB
076798,003,AB
210165,001,AB
210165,002,AB
210165,003,AB
202467,001,AB
202467,002,AB
202467,003,AB
207806,001,AB
207806,002,AB
207806,003,AB
206738,001,AB
206738,002,AB
206738,003,AB
078670,001,AB
078670,002,AB
078670,003,AB
077210,001,AB
077210,002,AB
077210,003,AB
202456,001,AB
202456,002,AB
202456,003,AB
201049,001,AB
201049,002,AB
200823,001,AB
200823,002,AB
204802,001,AB
204802,002,AB
091155,001,AB
091155,002,AB
202001,001,AB
202001,002,AB
212730,001,AB
212730,002,AB
212747,001,AB
212747,002,AB
212747,003,AB
212708,001,AB
212708,002,AB
212570,001,AB
212570,002,AB
212709,001,AB
212709,002,AB
212674,001,AB
212674,002,AB
212722,001,AB
212722,002,AB
212722,003,AB
212680,001,AB
212680,002,AB
212772,001,AB
212772,002,AB
212560,001,AB
212560,002,AB
212078,001,AB
212078,002,AB
212759,001,AB
212759,002,AB
205961,001,AB
205961,002,AB
205961,003,AB
206015,001,AB
206015,002,AB
206015,003,AB
205977,001,AB
205977,002,AB
205977,003,AB
206029,001,AB
206029,002,AB
206029,003,AB
206070,001,AB
206070,002,AB
206070,003,AB
205932,001,AB
205932,002,AB
205932,003,AB
205955,001,AB
205955,002,AB
205955,003,AB
206047,001,AB
206047,002,AB
206047,003,AB
009768,001,AB
020839,001,AB
020839,002,AB
202633,001,AB
202633,002,AB
202633,003,AB
202633,004,AB
202633,005,AB
202633,006,AB
090781,001,AB
090781,002,AB
090781,003,AB
090781,006,AB
090781,004,AB
090781,005,AB
211088,001,AB
211088,002,AB
211088,003,AB
211088,004,AB
211088,005,AB
203855,001,AB
203855,002,AB
203855,003,AB
203855,004,AB
203855,005,AB
203855,006,AB
202702,001,AB
202702,002,AB
202702,003,AB
202702,004,AB
202702,005,AB
202702,006,AB
090865,001,AB
090865,002,AB
090865,003,AB
090865,004,AB
090865,005,AB
090865,006,AB
090151,001,AB
090151,002,AB
090151,003,AB
090151,006,AB
090151,004,AB
090151,005,AB
078920,001,AB
078920,002,AB
078920,003,AB
078920,006,AB
078920,004,AB
078920,005,AB
205987,001,AB
205987,002,AB
205913,001,AB
205913,002,AB
205888,001,AB
205888,002,AB
206021,001,AB
206021,002,AB
205927,001,AB
205927,002,AB
205897,001,AB
205897,002,AB
213315,001,AB
213315,002,AB
207068,001,AB
207068,002,AB
207068,003,AB
207068,004,AB
077491,002,AB
077491,003,AB
077491,004,AB
077491,001,AB
076341,001,AB
076341,002,AB
076341,003,AB
076341,004,AB
203367,001,AB
203367,002,AB
203367,003,AB
203367,004,AB
076056,001,AB
076056,002,AB
076056,003,AB
077793,001,AB
209869,001,AB
209869,002,AB
209869,003,AB
209869,004,AB
077917,001,AB
077917,002,AB
077917,003,AB
077917,004,AB
077904,001,AB
077904,002,AB
077904,003,AB
077904,004,AB
076714,001,AB
076714,002,AB
076714,003,AB
076714,004,AB
077987,001,AB
077987,002,AB
077987,003,AB
077987,004,AB
076939,004,AB
076939,003,AB
076939,002,AB
076939,001,AB
077751,002,AB
077751,003,AB
077751,004,AB
215673,001,AB
080531,002,BX
080354,001,AB
218083,001,AB
213385,001,AB
213385,002,AB
213386,001,AB
213386,002,AB
215671,001,AB
215672,001,AB
215672,002,AB
215672,003,AB
215672,004,AB
215672,005,AB
084275,001,BX
080352,002,AB
080352,003,AB
080352,001,AB
080352,004,AB
080352,005,AB
080352,006,AB
040611,001,AB
040362,004,AB
040362,002,AB
040362,001,AB
040362,003,AB
040362,005,AB
080292,001,AB
088832,001,AB
083677,001,AB
215246,001,AB
211575,001,AB
211575,002,AB
211575,003,AB
211575,004,AB
211575,005,AB
040584,001,AB
040581,001,AB
040256,001,AB
040256,002,AB
040392,001,AB
212629,001,AB
212629,002,AB
212629,003,AB
210785,001,AB
208412,004,AB
208412,005,AB
208412,001,AB
208412,002,AB
208412,003,AB
089247,002,AB
089247,003,AB
089247,001,AB
080356,001,AB
085162,001,AB
085161,001,AB
021976,004,AB
021976,005,AB
021976,002,AB
021976,006,AB
008316,001,AB
206043,001,AB
204476,001,AB
040866,001,AB
040866,002,AB
040626,001,AB
040626,002,AB
218366,001,AB
218366,002,AB
084903,002,AB
084903,001,AB
040586,001,AB
040586,002,AB
214896,001,AB
214896,002,AB
083551,001,AB
080966,001,AB
217020,001,AB
084442,004,AB
040618,001,AB
217030,001,AB
218515,001,AB
218515,002,AB
216598,001,AB
216598,002,AB
217478,001,AB
217478,002,AB
217847,001,AB
217847,002,AB
216595,001,AB
216595,002,AB
218912,001,AB
218912,002,AB
216202,001,AB
216202,002,AB
216495,001,AB
216495,002,AB
040268,001,AB
040268,002,AB
022291,004,AB
022291,001,AB
022291,002,AB
022291,003,AB
091179,001,AB
091179,002,AB
091179,003,AB
040712,002,AB
040712,001,AB
040712,003,AB
040622,001,AB
040622,002,AB
040622,003,AB
040673,001,AB
040673,002,AB
040673,003,AB
084176,003,AB
084176,001,AB
209177,001,AB
209177,002,AB
209177,003,AB
083426,001,AB
083711,001,AB
040596,001,AB
040596,002,AB
040596,003,AB
076550,001,AB
076550,002,AB
076550,003,AB
202445,001,AB
202445,002,AB
202445,003,AB
075938,001,AB
075938,002,AB
075938,003,AB
075203,001,AB
075203,002,AB
020788,001,AB
071972,001,AB
071972,002,AB
071972,003,AB
071976,002,AB
071976,001,AB
070322,002,AB
070322,003,AB
070322,004,AB
070322,005,AB
070322,001,AB
078955,001,AB
078955,002,AB
078955,003,AB
078955,004,AB
078955,005,AB
070213,002,AB
070213,003,AB
070213,001,AB
070213,005,AB
070213,004,AB
078213,001,AB
078213,002,AB
078213,003,AB
078213,004,AB
078213,005,AB
070221,002,AB
070221,003,AB
070221,004,AB
070221,005,AB
070221,001,AB
070175,001,AB
070176,001,AB
070177,001,AB
070178,001,AB
080172,001,BD
006188,001,AB
208867,001,AB
080154,001,BD
020180,001,AB
202220,001,AB
202220,002,AB
090462,001,AB
090462,002,AB
011839,001,AB
011839,003,AB
011839,004,AB
020717,001,AB
020717,002,AB
219193,001,AB
219193,002,AB
218295,001,AB
218295,002,AB
219160,001,AB
219160,002,AB
218977,001,AB
218977,002,AB
218963,001,AB
218963,002,AB
219216,001,AB
219216,002,AB
217662,001,AB
217662,002,AB
218847,001,AB
218847,002,AB
218177,001,AB
218177,002,AB
218492,001,AB
218492,002,AB
218812,001,AB
218812,002,AB
219078,001,AB
219078,002,AB
218795,001,AB
218795,002,AB
009053,002,AB
081319,001,AB
212541,001,AB
080157,001,AB
040512,001,AB
040502,002,AB
040502,001,AB
211181,002,AB
211181,001,AB
205650,001,AB
216983,001,AB
207127,001,AB
215506,001,AB
204061,001,AB
077101,001,AB
202152,001,AB
202152,002,AB
202152,003,AB
202152,004,AB
202152,005,AB
202152,006,AB
201504,001,AB
201504,002,AB
201504,003,AB
201504,004,AB
201504,005,AB
201504,006,AB
201504,007,AB
091388,001,AB
091388,002,AB
091388,003,AB
091388,004,AB
091388,005,AB
091388,006,AB
091388,007,AB
077380,001,AB
077380,002,AB
077380,003,AB
077380,004,AB
077380,005,AB
077380,006,AB
077380,007,AB
204316,001,AB
204316,002,AB
204316,003,AB
204316,004,AB
204316,005,AB
204316,006,AB
090120,001,AB
090749,001,AB
090749,002,AB
090749,003,AB
090749,004,AB
090749,005,AB
201109,001,AB
201109,002,AB
201109,003,AB
201109,004,AB
201109,005,AB
201109,006,AB
203359,001,AB
203359,002,AB
203359,003,AB
203359,004,AB
203359,005,AB
203359,006,AB
206954,001,AB
206954,002,AB
206954,003,AB
206954,004,AB
206954,005,AB
206954,006,AB
090960,001,AB
090960,002,AB
090960,003,AB
090960,004,AB
090960,005,AB
090960,006,AB
201190,001,AB
201190,002,AB
201190,003,AB
201190,004,AB
201190,005,AB
201190,006,AB
077745,001,AB
077745,002,AB
077745,003,AB
077745,004,AB
077745,005,AB
077745,006,AB
077745,007,AB
202674,001,AB
202674,002,AB
202674,003,AB
202674,004,AB
202674,005,AB
202674,006,AB
202725,001,AB
202725,002,AB
202725,003,AB
202725,004,AB
076803,001,AB
076803,002,AB
076803,003,AB
076803,004,AB
077690,001,AB
077690,002,AB
077690,003,AB
077690,004,AB
205823,001,AB
205823,002,AB
205823,003,AB
205823,004,AB
078450,001,AB
078450,002,AB
078450,003,AB
076374,001,AB
076374,002,AB
076374,003,AB
208206,001,AB
204310,001,AB
211324,001,AB
204491,001,AB
090842,001,AB
206384,001,AB
078193,001,AB
200825,001,AB
217990,001,AB
091610,001,AB
215435,001,AB
213815,001,AB
215972,001,BX
091693,001,AB
213186,001,AB
212650,001,BX
215243,001,AB
216209,001,BX
211567,001,AB
076705,001,AB
076705,002,AB
078542,001,AB
078542,002,AB
074467,001,AB
074467,002,AB
211289,001,AB
211289,002,AB
021110,004,AB
021110,001,AB
021110,002,AB
201889,001,AB
201889,002,AB
201971,001,AB
201971,002,AB
201892,001,AB
201892,002,AB
206153,001,AB
206153,002,AB
208866,001,AB
208866,002,AB
207004,001,AB
207004,002,AB
201970,001,AB
201970,002,AB
218163,001,AB
218163,002,AB
210150,001,AB
210150,002,AB
017854,002,AB
017854,001,AB
021016,001,AB
021016,002,AB
020415,001,AB
020415,002,AB
021179,001,AB
021179,002,AB
022127,001,AB
203820,001,AB
203820,002,AB
203820,003,AB
078555,001,AB
078555,002,AB
078555,003,AB
207209,001,AB
207209,002,AB
207209,003,AB
201189,001,AB
201189,002,AB
201189,003,AB
021845,001,AB
205422,001,AB
205422,002,AB
205422,003,AB
205422,004,AB
205422,005,AB
205422,006,AB
079111,001,AB
077743,001,AB
077094,001,AB
204048,001,AB
091394,001,AB
076173,001,AB
206045,001,AB
203042,001,AB
211135,001,AB
211135,002,AB
211135,003,AB
211135,004,AB
211135,005,AB
090877,001,AB
090877,002,AB
090877,003,AB
206768,001,BX
200296,001,AB
200296,002,AB
200296,003,AB
203533,001,AB
203533,002,AB
203533,003,AB
205280,001,AB
205280,002,AB
090886,001,AB
090886,002,AB
090886,003,AB
090886,004,AB
090886,005,AB
077132,001,AB
077132,002,AB
077132,003,AB
079215,001,AB
020272,008,AB
020272,007,AB
020272,001,AB
020272,002,AB
020272,003,AB
020272,004,AB
201003,001,AB
201003,002,AB
201003,003,AB
201003,004,AB
201003,005,AB
201003,006,AB
078071,001,AB
078071,002,AB
078071,003,AB
078071,004,AB
078071,005,AB
078071,006,AB
077543,001,AB
077543,002,AB
077543,003,AB
077543,004,AB
077543,005,AB
077543,006,AB
076879,001,AB
076879,002,AB
076879,003,AB
076879,004,AB
076879,005,AB
076879,006,AB
078871,001,AB
078871,002,AB
078871,003,AB
078871,004,AB
078871,005,AB
078871,006,AB
205104,001,AB
205104,002,AB
205104,003,AB
205104,004,AB
205104,005,AB
205104,006,AB
077493,001,AB
077493,002,AB
077493,003,AB
077493,004,AB
077493,005,AB
077493,006,AB
078707,001,AB
078707,002,AB
078707,003,AB
078707,004,AB
078707,005,AB
078707,006,AB
078269,001,AB
078269,002,AB
078269,003,AB
078269,004,AB
078269,005,AB
078269,006,AB
078528,001,AB
078528,002,AB
078528,003,AB
078528,004,AB
078528,005,AB
078528,006,AB
079088,001,AB
079088,002,AB
079088,003,AB
079088,004,AB
079088,005,AB
079088,006,AB
078040,001,AB
078040,002,AB
078040,003,AB
078040,004,AB
078040,005,AB
078040,006,AB
010187,003,AB
010187,006,AB
010187,010,AB
208890,001,AB
206614,001,AB
202573,001,AB
203759,001,AB
204587,001,AB
210301,001,AB
210301,002,AB
210301,003,AB
210301,004,AB
217810,001,AB
219332,001,AB
219332,002,AB
219332,003,AB
219332,004,AB
208544,001,AB
208544,002,AB
208544,003,AB
208544,004,AB
218107,001,AB
218107,002,AB
218107,003,AB
218107,004,AB
208220,001,AB
208220,002,AB
208220,003,AB
216995,001,AB
216995,002,AB
216995,003,AB
208534,001,AB
208534,002,AB
208534,003,AB
208534,004,AB
208543,001,AB
208543,002,AB
208543,003,AB
208555,001,AB
208555,002,AB
208555,003,AB
208555,004,AB
213114,001,AB
213114,002,AB
213114,003,AB
213114,004,AB
218117,001,AB
218117,002,AB
218117,003,AB
218117,004,AB
213348,001,AB
213348,002,AB
213348,003,AB
208557,001,AB
203269,001,AB
203269,002,AB
202490,001,AB
202490,002,AB
077526,001,AB
077526,002,AB
202047,001,AB
202047,002,AB
203147,001,AB
203147,002,AB
201993,001,AB
201993,002,AB
077263,001,AB
077263,002,AB
012827,001,AA
012827,002,AA
212490,001,AB
212490,002,AB
213298,002,AB
213298,001,AB
208213,002,AB
208213,001,AB
208180,002,AB
208180,001,AB
208256,001,AB
208256,002,AB
208257,001,AB
208299,001,AB
208247,002,AB
208247,001,AB
208272,002,AB
208303,002,AB
208303,001,AB
204022,001,AB
204022,002,AB
204022,003,AB
204022,004,AB
204022,005,AB
204022,006,AB
204022,007,AB
090429,001,AB
090429,002,AB
090429,003,AB
090429,004,AB
090429,005,AB
090429,006,AB
090429,007,AB
079050,001,AB
079050,002,AB
079050,003,AB
079050,004,AB
079050,005,AB
079050,006,AB
079050,007,AB
090135,001,AB
090135,002,AB
090135,003,AB
090135,004,AB
090135,005,AB
090135,006,AB
090135,007,AB
079165,001,AB
079165,002,AB
079165,003,AB
079165,004,AB
079165,005,AB
079165,006,AB
079165,007,AB
079229,001,AB
079229,002,AB
079229,003,AB
079229,004,AB
079229,005,AB
079229,006,AB
079229,007,AB
078110,001,AB
078110,002,AB
078110,003,AB
078110,004,AB
078110,005,AB
078110,006,AB
078110,007,AB
090411,001,AB
090411,002,AB
090411,003,AB
090411,004,AB
090411,005,AB
090411,006,AB
090411,007,AB
206434,001,AB
206434,002,AB
206434,003,AB
206434,004,AB
206465,001,AB
206465,002,AB
206465,003,AB
206465,004,AB
079170,001,AB
079170,002,AB
079170,003,AB
079170,004,AB
207752,001,AB
207752,002,AB
207752,003,AB
207752,004,AB
207453,001,AB
207453,002,AB
207453,003,AB
207453,004,AB
207408,001,AB
207408,002,AB
207408,003,AB
207408,004,AB
079168,001,AB
079168,002,AB
079168,003,AB
079168,004,AB
079172,001,AB
079172,002,AB
079172,003,AB
079172,004,AB
207616,001,AB
207616,002,AB
207616,003,AB
207616,004,AB
205587,001,AB
205587,002,AB
205587,003,AB
205587,004,AB
206603,001,AB
206603,002,AB
206603,003,AB
206603,004,AB
208898,001,AB
208898,002,AB
208898,003,AB
208898,004,AB
207062,001,AB
207062,002,AB
207062,003,AB
207062,004,AB
206381,001,AB
206381,002,AB
206381,003,AB
206381,004,AB
207375,001,AB
207375,002,AB
207375,003,AB
207375,004,AB
201619,001,AB
201619,002,AB
201619,003,AB
201619,004,AB
207626,001,AB
207626,002,AB
207626,003,AB
207626,004,AB
079167,001,AB
079167,002,AB
079167,003,AB
079167,004,AB
206513,001,AB
206513,002,AB
206513,003,AB
206513,004,AB
212059,001,AB
212059,002,AB
212059,003,AB
212059,004,AB
021011,003,AB
021011,001,AB
021011,002,AB
021782,001,AB
217230,001,AB
217230,002,AB
205075,001,AB
205075,002,AB
204993,001,AB
204993,002,AB
204988,001,AB
204988,002,AB
204964,002,AB
204964,003,AB
216688,001,AB
216688,002,AB
205095,001,AB
205095,002,AB
020427,001,AB
213682,001,AB
213682,002,AB
213682,003,AB
213764,001,AB
213764,002,AB
213764,003,AB
213680,001,AB
213680,002,AB
213680,003,AB
213605,001,AB
213605,002,AB
213605,003,AB
213627,001,AB
213627,002,AB
213627,003,AB
213668,001,AB
213668,002,AB
213668,003,AB
213676,001,AB
213676,002,AB
213676,003,AB
213808,001,AB
213808,002,AB
213808,003,AB
213728,001,AB
213728,002,AB
213728,003,AB
213748,001,AB
213748,002,AB
213748,003,AB
213611,001,AB
213611,002,AB
213611,003,AB
213604,001,AB
213604,002,AB
213604,003,AB
213719,001,AB
213719,002,AB
213719,003,AB
215978,001,AB
215978,002,AB
215739,001,AB
215739,002,AB
215913,001,AB
215913,002,AB
022574,001,AB
020237,001,AB
020237,002,AB
022275,001,AB1
022275,002,AB1
215534,001,AB
216797,001,AB
207685,001,AB
207200,001,AB
218797,001,AB
205972,001,AB
205972,002,AB
205994,001,AB
205994,002,AB
205980,001,AB
205980,002,AB
021544,001,AB
021840,001,AB
074871,001,AB
074672,001,AB
214414,001,AB
214414,002,AB
214414,003,AB
214414,004,AB
214414,005,AB
214414,006,AB
022128,001,AB
022128,002,AB
017376,001,AB
017376,002,AB
020639,001,AB
020639,007,AB
020639,002,AB
020639,003,AB
020639,005,AB
020639,006,AB
202825,001,AB
202825,002,AB
202825,003,AB
214790,001,AB
214790,002,AB
214790,003,AB
077206,001,AB
077206,002,AB
077206,003,AB
078403,001,AB
078403,002,AB
078403,003,AB
076465,001,AB
076465,002,AB
076465,003,AB
077397,001,AB
077397,002,AB
077397,003,AB
077670,001,AB
077670,002,AB
077670,003,AB
078175,001,AB
078175,002,AB
078175,003,AB
078677,001,AB
078677,002,AB
078677,003,AB
076442,001,AB
076442,002,AB
076442,003,AB
076881,001,AB
076881,002,AB
076881,003,AB
076882,001,AB
076882,002,AB
076882,003,AB
090716,001,AB
207288,001,AB
200959,001,AB
207179,001,AB
206094,001,AB
203860,001,AB
206100,001,AB
215537,001,AB
204451,001,AB
215998,001,AB
211915,001,AB
207759,001,AB
212599,001,BX
212599,002,BX
204724,001,AB
204724,002,AB
213145,001,AB
213145,002,AB
206883,001,AB
206883,002,AB
218966,001,AB
210394,001,AB
206401,001,AB
206401,002,AB
206401,003,AB
202025,001,AB
202023,001,AB
202023,002,AB
202023,003,AB
207178,001,AB
207178,002,AB
207178,003,AB
203963,001,AB
203962,001,AB
203962,002,AB
203962,003,AB
218045,001,AB
218045,002,AB
218045,003,AB
202598,001,AB
212051,001,AB
212051,002,AB
212051,003,AB
203623,001,AB
202659,001,AB
202659,002,AB
202659,003,AB
202954,001,AB
201156,001,AB
201156,002,AB
201156,003,AB
203814,001,AB
202255,001,AB
202255,002,AB
202255,003,AB
201171,001,AB
201171,002,AB
201171,003,AB
216383,001,AB
216383,002,AB
216383,003,AB
208494,001,AB
208494,002,AB
208494,003,AB
204883,001,AB
204882,001,AB
204882,002,AB
204882,003,AB
213032,001,AB
213032,002,AB
213032,003,AB
077342,001,AB
077342,002,AB
077342,003,AB
078380,001,AB
091448,001,AB
091448,002,AB
091448,003,AB
091479,001,AB
209302,003,BX
209302,001,BX
209302,002,BX
202503,001,AB
022036,001,AB
022036,002,AB
206851,001,AB
078155,005,AB
078155,002,AB
078155,003,AB
078155,004,AB
078155,001,AB
077691,001,AB
077691,002,AB
077691,003,AB
077691,004,AB
077691,005,AB
078034,001,AB
078034,002,AB
078034,003,AB
078034,004,AB
078034,005,AB
077752,005,AB
077752,001,AB
077752,002,AB
077752,003,AB
077752,004,AB
200895,001,AB
200895,002,AB
200895,003,AB
200895,004,AB
200895,005,AB
206557,001,AB
206557,002,AB
206557,003,AB
206557,004,AB
078103,005,AB
078103,001,AB
078103,002,AB
078103,003,AB
078103,004,AB
090383,001,AB
090383,002,AB
090383,003,AB
090383,004,AB
090383,005,AB
078735,001,AB
078735,002,AB
078735,003,AB
078735,004,AB
078735,005,AB
211394,001,AB
211394,002,AB
211394,003,AB
211394,004,AB
077837,001,AB
077837,002,AB
077837,003,AB
077837,004,AB
077837,005,AB
017555,001,AB
017555,003,AB
017555,002,AB
020829,002,AB
214753,001,AB
214753,002,AB
214753,003,AB
201578,001,AB
201578,002,AB
208691,001,AB
208691,002,AB
208691,003,AB
201676,001,AB
201676,002,AB
201676,003,AB
216462,001,AB
204395,001,AB
205575,001,AB
205575,002,AB
210224,001,AB
210224,002,AB
215761,001,AB
215761,002,AB
206817,001,AB
206817,002,AB
210281,001,AB
210281,002,AB
210582,001,AB
210582,002,AB
212214,001,AB
212214,002,AB
209239,001,AB
209239,002,AB
205484,001,AB
205484,002,AB
204374,001,AB
204374,002,AB
210688,001,AB
210688,002,AB
209333,001,AB
209333,002,AB
211423,001,AB
211423,002,AB
211657,001,AB
211657,002,AB
091464,001,AB
091464,002,AB
211701,001,AB
211701,002,AB
202551,001,AB
202551,002,AB
011792,004,AB
011792,001,AA
216073,001,AB
207012,001,AB
209567,001,AB
217095,001,AB
209050,001,AB
075500,001,AB
075500,004,AB
075500,002,AB
075500,003,AB
076140,001,AB
076214,001,AB
076140,002,AB
076214,002,AB
076140,003,AB
076214,003,AB
076140,004,AB
077616,001,AB
077616,002,AB
077616,003,AB
207428,001,AB
207429,001,AB
207428,002,AB
207429,002,AB
207428,003,AB
207429,003,AB
077070,001,AB
077070,002,AB
077070,003,AB
075563,001,AB
075563,002,AB
075563,003,AB
075563,004,AB
075429,001,AB
075429,002,AB
075429,003,AB
075429,004,AB
203512,001,AB
203512,002,AB
203512,003,AB
091426,001,AB
091426,002,AB
091426,003,AB
217761,001,AB
217761,002,AB
217761,003,AB
202187,001,AB
202187,002,AB
202187,003,AB
219494,001,AB
219494,002,AB
219494,003,AB
203253,001,AB
203253,002,AB
203253,003,AB
040424,001,AB
040424,002,AB
040424,003,AB
040750,001,AB
040750,002,AB
040750,003,AB
089424,001,AB
089424,002,AB
089424,003,AB
205936,001,AB
205936,002,AB
205936,003,AB
086513,001,AB
089534,001,AB
021986,001,AB
021986,002,AB
021986,003,AB
021986,005,AB
021986,004,AB
021986,006,AB
021485,002,AB
021485,006,AB
021485,003,AB
021485,004,AB
021485,001,AB
021485,005,AB
202276,001,AB
202276,002,AB
202276,003,AB
050742,002,AB
215576,001,AB
074415,001,AB
070848,001,AB
215705,001,AB
076899,001,AB
076899,002,AB
090624,001,AB
090624,002,AB
078060,002,AB
078060,001,AB
090828,002,AB
090828,001,AB
071017,002,AB
071017,001,AB
076817,001,AB
076817,002,AB
080197,001,AB
040349,001,AB
085828,001,AB
072711,002,AB
072711,001,AB
072050,001,AB
072051,001,AB
071891,001,AB
071795,001,AB
207457,001,AB
090872,001,AB
202803,001,AB
078327,001,AB
078327,002,AB
078327,003,AB
200263,001,AB
200263,002,AB
200263,003,AB
076847,001,AB
076847,002,AB
076847,003,AB
206019,001,AB
206019,002,AB
206019,003,AB
077744,001,AB
077744,002,AB
077744,003,AB
078284,001,AB
078284,002,AB
078284,003,AB
219036,001,AB
219036,002,AB
219036,003,AB
076933,001,AB
076933,002,AB
076933,003,AB
022142,001,AB
208255,001,AB
021402,001,AB1
021402,001,AB2
021402,002,AB1
021402,002,AB2
021402,003,AB1
021402,003,AB2
021402,004,AB1
021402,004,AB2
021402,005,AB1
021402,005,AB2
021402,006,AB1
021402,006,AB2
021402,007,AB1
021402,007,AB2
021402,008,AB1
021402,008,AB2
021402,009,AB1
021402,009,AB2
021402,010,AB1
021402,010,AB2
021402,012,AB1
021402,012,AB2
021402,011,AB1
021402,011,AB2
209167,001,AB1
209167,002,AB1
209167,003,AB1
209167,004,AB1
209654,001,AB1
209654,002,AB1
209654,003,AB1
209654,004,AB1
210392,001,AB2
204809,001,AB1
204809,002,AB1
204809,003,AB1
204809,004,AB1
209744,001,AB1
209744,002,AB1
209744,003,AB1
209744,004,AB1
206285,001,AB1
206285,002,AB1
206285,003,AB1
206285,004,AB1
206286,001,AB2
210572,001,AB2
209539,001,AB1
209539,002,AB1
209539,003,AB1
209539,004,AB1
210255,001,AB2
210069,001,AB1
210069,002,AB1
210069,003,AB1
210069,004,AB1
210145,001,AB2
217606,001,AB1
217606,002,AB1
217606,003,AB1
217606,004,AB1
208824,001,AB1
208824,002,AB1
208824,003,AB1
208824,004,AB1
209908,001,AB1
209908,002,AB1
209908,003,AB1
209907,001,AB2
209908,004,AB1
210567,001,AB1
210567,002,AB1
210567,003,AB1
210567,004,AB1
207244,001,AB1
207244,002,AB1
207244,003,AB1
207244,004,AB1
207290,001,AB2
215949,001,AB1
215949,002,AB1
215949,003,AB1
210609,001,AB1
210609,002,AB1
210609,003,AB1
210608,001,AB2
210609,004,AB1
210420,001,AB1
210420,002,AB1
210420,003,AB1
210420,004,AB1
216279,002,AB1
216279,003,AB1
216279,004,AB1
216279,001,AB1
208934,001,AB1
208934,002,AB1
208934,003,AB1
208934,004,AB1
211335,001,AB1
211335,002,AB1
211335,003,AB1
211335,004,AB1
213496,001,AB2
090141,001,AB1
090141,002,AB1
090141,003,AB1
090141,004,AB1
211839,001,AB1
211839,002,AB1
211839,003,AB1
211839,004,AB1
212062,001,AB2
211298,001,BX
211298,002,BX
211298,003,BX
211298,004,BX
209250,001,AB1
209250,002,AB1
209250,003,AB1
209250,004,AB1
215556,001,AB1
215556,002,AB1
215556,003,AB1
215556,004,AB1
205885,001,AB1
205885,002,AB1
205885,003,AB1
205885,004,AB1
206693,001,AB1
206693,002,AB1
206693,003,AB1
206693,004,AB1
070929,001,AB
070929,002,AB
075797,001,AB
075797,002,AB
213358,001,AB
213358,002,AB
074732,002,AB
074732,001,AB
206694,001,AB
206694,002,AB
020697,001,AB
016608,001,AB
021985,001,AB
021985,002,AB
202130,001,AB
202130,002,AB
202130,003,AB
204415,001,AB
204415,002,AB
204415,003,AB
206511,001,AB
206511,002,AB
206511,003,AB
208605,001,AB
208605,002,AB
208605,003,AB
078710,001,AB
078710,002,AB
078710,003,AB
090032,001,AB
090032,002,AB
090032,003,AB
205901,001,AB
205901,002,AB
205901,003,AB
205150,001,AB
205150,002,AB
205150,003,AB
203986,001,AB
203986,002,AB
203986,003,AB
218157,001,AB
218157,002,AB
218157,003,AB
207016,001,AB
207016,002,AB
207016,003,AB
202397,001,AB
202397,002,AB
202397,003,AB
207882,001,AB
207882,002,AB
207882,003,AB
203867,001,AB
203867,002,AB
203867,003,AB
203325,001,AB
203325,002,AB
203325,003,AB
201586,001,AB
201586,003,AB
201586,002,AB
201586,004,AB
202516,001,AB
202516,003,AB
202516,002,AB
202516,004,AB
203010,001,AB
203010,002,AB
203010,003,AB
208727,001,AB
208727,002,AB
208727,003,AB
202544,001,AB
202544,002,AB
202544,003,AB
091351,001,AB
091351,002,AB
091351,003,AB
218406,001,AB
218406,002,AB
218406,003,AB
209028,001,AB
209028,002,AB
209028,003,AB
204221,001,AB
204221,002,AB
204221,003,AB
214226,001,AB
090647,001,AB
090647,002,AB
090647,003,AB
090647,004,AB
206481,001,AB
078800,001,AB
090636,001,AB
203232,001,AB
079071,001,AB
209498,001,AB
209498,002,AB
209498,003,AB
211337,001,AB
090742,001,AB
091612,002,AB
091612,003,AB
091612,004,AB
091612,001,AB
018760,001,AB
018760,002,AB
018240,004,AB
018240,001,AB
018240,002,AB
078297,001,AB
078199,001,AB
077919,001,AB
078157,001,AB
077533,001,AB
078163,001,AB
076390,001,AB
075877,001,AB
075877,002,AB
077152,001,AB
077152,002,AB
211832,001,AB
211832,002,AB
209690,001,AB
209690,002,AB
209572,001,AB
209572,002,AB
209638,001,AB
209638,002,AB
209639,001,AB
209639,002,AB
218663,001,AB
218663,002,AB
209663,001,AB
209663,002,AB
209598,001,AB
209598,002,AB
209623,001,AB
209623,002,AB
209555,001,AB
209555,002,AB
209710,001,AB
209710,002,AB
209677,002,AB
209677,001,AB
209700,001,AB
209700,002,AB
209668,001,AB
209668,002,AB
206686,001,AB
213316,001,AB
213316,002,AB
206093,001,AB
206093,002,AB
208826,001,AB
208826,002,AB
210544,001,AB
210544,002,AB
209284,001,AB
209284,002,AB
204574,001,AB
204574,002,AB
207682,001,AB
207682,002,AB
019574,002,BX
019569,001,AB
021116,001,AB1
021116,001,AB2
021116,001,AB3
021116,001,AB4
021116,002,AB1
021116,002,AB2
021116,002,AB3
021116,002,AB4
021116,003,AB1
021116,003,AB2
021116,003,AB3
021116,003,AB4
021116,010,AB1
021116,010,AB2
021116,010,AB3
021116,010,AB4
021116,004,AB1
021116,004,AB2
021116,004,AB3
021116,004,AB4
021116,011,AB1
021116,011,AB2
021116,011,AB3
021116,011,AB4
021116,005,AB1
021116,005,AB2
021116,005,AB3
021116,005,AB4
021116,012,AB1
021116,012,AB2
021116,012,AB3
021116,012,AB4
021116,006,AB1
021116,006,AB2
021116,006,AB3
021116,006,AB4
021116,007,AB1
021116,007,AB2
021116,007,AB3
021116,007,AB4
021116,008,AB1
021116,008,AB2
021116,008,AB3
021116,008,AB4
021116,009,AB1
021116,009,AB2
021116,009,AB3
021116,009,AB4
214816,001,AB
214816,002,AB
214816,003,AB
214816,004,AB
208576,001,AB
208567,001,AB
208584,001,AB
208541,001,AB
208575,001,AB
208537,001,AB
208596,001,AB
208597,001,AB
208597,002,AB
208599,001,AB
208508,001,AB
208390,001,AB
208390,002,AB
072668,002,AB
072668,003,AB
072668,001,AB
207556,001,AB
207556,002,AB
207556,003,AB
021618,001,AB
021618,002,AB
202044,001,AB
202044,002,AB
203808,001,AB
203808,002,AB
202489,001,AB
202489,002,AB
214326,001,AB
214024,001,AB
214024,002,AB
214008,001,AB
214008,002,AB
211798,001,AB
211798,002,AB
076533,001,AB
076533,002,AB
208187,001,AB
208187,002,AB
076286,001,AB
076286,002,AB
076347,001,AB
076347,002,AB
218920,002,AB
218920,001,AB
076281,001,AB
076281,002,AB
076416,001,AB
076416,002,AB
091283,001,AB
091283,002,AB
208937,001,AB
204397,001,AB
204397,002,AB
077006,001,AB
077006,002,AB
203409,001,AB
203409,002,AB
204721,001,AB
204721,002,AB
210775,001,AB
210775,002,AB
205399,001,AB
205399,002,AB
211891,003,AB1
211891,001,AB1
207605,002,AB1
207605,001,AB1
205646,002,AB1
205646,001,AB1
216063,001,AB2
216063,002,AB2
216063,003,AB
216063,004,AB2
216063,005,AB
216949,001,AB1
216949,002,AB1
206119,001,AB1
206119,002,AB1
020505,004,AB
020505,005,AB
020505,001,AB
020505,002,AB
076311,001,AB
076311,002,AB
076311,003,AB
076311,004,AB
215414,001,AB
215414,002,AB
215414,003,AB
215414,004,AB
078462,001,AB
078462,002,AB
078462,003,AB
078462,004,AB
076343,001,AB
076343,002,AB
076343,003,AB
076343,004,AB
077627,001,AB
077627,002,AB
077627,003,AB
077627,004,AB
079162,001,AB
079162,002,AB
079162,003,AB
079162,004,AB
090278,001,AB
090278,002,AB
090278,003,AB
090162,001,AB
090162,002,AB
090162,003,AB
090162,004,AB
077733,001,AB
077733,002,AB
077733,003,AB
077733,004,AB
078235,001,AB
078235,002,AB
078235,003,AB
078235,004,AB
212818,001,AB
208813,001,AB
078249,001,AB
078249,002,AB
078249,003,AB
078249,004,AB
076894,001,AB
076894,002,AB
076894,003,AB
076894,004,AB
079234,001,AB
079234,002,AB
079234,003,AB
079234,004,AB
076943,001,AB
076943,002,AB
076943,003,AB
076346,001,AB
076346,002,AB
076346,003,AB
076346,004,AB
076226,001,AB
090613,001,AB
076226,002,AB
090613,002,AB
076226,003,AB
090613,003,AB
076226,004,AB
090613,004,AB
021290,001,AB
021290,002,AB
201280,001,AB
076003,001,AB
203494,001,AB
091498,001,AB
075968,002,AB
208708,001,AB
208708,002,AB
090404,001,AB
202075,001,AB
075964,001,AB
075977,001,AB
211825,001,AB
202076,001,AB
090485,001,AB
207152,001,AB
201952,001,AB
077858,001,AB
090460,001,AB
078438,001,AB
078438,002,AB
078438,003,AB
078508,003,AB
078508,001,AB
078508,002,AB
077522,001,AB
077522,002,AB
077522,003,AB
202093,001,AB
203256,001,AB
218729,001,AB
205133,001,AB
218320,001,AB
017105,007,AB
213503,001,AB
206856,001,AB
040640,001,AB
206923,001,AB
206923,002,AB
206923,003,AB
206923,004,AB
071258,001,AB
071196,001,AB
071196,002,AB
071196,003,AB
204852,001,AB
204852,002,AB
204852,003,AB
204852,004,AB
211116,001,AB
211116,002,AB
211116,003,AB
211116,004,AB
218988,001,AB
218988,002,AB
218988,003,AB
218988,004,AB
217740,001,AB
217740,002,AB
217740,003,AB
217740,004,AB
072192,001,AB
072193,001,AB
071525,001,AB
073137,002,AB
073137,001,AB
073137,003,AB
071523,001,AB
071524,001,AB
202180,001,AB
202180,002,AB
202180,003,AB
202180,004,AB
205253,001,AB
205253,002,AB
205253,003,AB
205253,004,AB
021926,001,AB
071251,002,AB
071251,001,AB
072011,001,AB
216211,001,AB
216211,002,AB
073281,001,AB
073449,001,AB
071851,001,AB
208360,001,AB
208360,002,AB
216890,001,AB
216890,002,AB
214219,001,AB
214219,002,AB
213003,001,AB
213003,002,AB
200175,001,AB
200175,002,AB
200175,003,AB
200175,004,AB
200175,005,AB
040209,001,AB
040209,002,AB
040209,003,AB
040209,004,AB
085785,001,AB
085786,001,AB
085789,001,AB
085788,001,AB
091630,001,AA
091630,002,AA
040254,001,AA
040254,002,AA
084363,001,AA
084364,001,AA
021014,001,AB
021014,002,AB
021014,003,AB
018679,001,AB
091437,001,AB
216393,001,AB
070049,001,AB
091513,001,AB
091575,001,AB
204945,001,AB
091688,001,AB
206472,001,AB
091573,001,AB
215781,001,AB
021752,002,AB
021752,003,AB
021752,004,AB
021752,001,AB
205948,001,AB
022059,001,AB
021856,001,AB
021856,002,AB
021210,001,AB1
021210,001,AB2
021210,001,AB3
021210,002,AB1
021210,002,AB2
021210,002,AB3
021210,003,AB1
021210,003,AB2
021210,003,AB3
021210,004,AB1
021210,004,AB2
021210,004,AB3
021210,005,AB1
021210,005,AB2
021210,005,AB3
021210,006,AB1
021210,006,AB2
021210,006,AB3
021210,007,AB1
021210,007,AB2
021210,007,AB3
021210,012,AB1
021210,012,AB2
021210,012,AB3
021210,008,AB1
021210,008,AB2
021210,008,AB3
021210,009,AB1
021210,009,AB2
021210,009,AB3
021210,010,AB1
021210,010,AB2
021210,010,AB3
021210,011,AB1
021210,011,AB2
021210,011,AB3
207947,001,AB
207947,002,AB
207947,003,AB
207947,004,AB
207947,007,AB
207947,008,AB
016151,001,AB
214717,001,AB
214717,002,AB
090801,001,AB
090801,002,AB
202540,001,AB
202540,002,AB
213504,001,AB
213504,002,AB
211145,001,AB
211145,002,AB
090682,002,AB
090682,001,AB
090216,002,AB
090216,001,AB
079012,002,AB
079012,001,AB
203047,002,AB
203047,001,AB
201506,002,AB
201506,001,AB
078518,002,AB
078518,001,AB
076588,002,AB
076588,001,AB
209553,002,AB
209553,001,AB
079137,002,AB
079137,001,AB
021304,001,AB
212234,001,AB
204750,001,AB
203511,001,AB
206876,001,AB
205166,001,AB
212876,001,AB
218027,001,AB
200790,001,AB
013263,002,AB
013263,004,AB
013263,006,AB
091367,001,AB
091367,002,AB
091367,003,AB
091367,004,AB
205536,001,AB
205536,002,AB
205536,003,AB
205536,004,AB
204011,001,AB
204011,002,AB
204011,003,AB
204011,004,AB
202223,001,AB
202223,002,AB
202223,003,AB
202223,004,AB
201618,001,AB
201618,002,AB
201618,003,AB
201618,004,AB
203311,001,AB
203311,002,AB
203311,003,AB
203311,004,AB
203536,001,AB
203536,002,AB
203536,003,AB
203536,004,AB
201677,001,AB
201677,002,AB
201677,003,AB
201677,004,AB
202696,001,AB
202696,002,AB
202696,003,AB
202696,004,AB
090866,001,AB
090866,002,AB
090866,003,AB
090866,004,AB
077492,001,AB
077492,002,AB
077492,003,AB
077492,004,AB
204821,001,AB
204821,002,AB
204821,003,AB
204821,004,AB
204038,001,AB
204038,002,AB
204038,003,AB
204038,004,AB
205347,001,AB
205347,002,AB
205347,003,AB
205347,004,AB
218991,001,AB
218991,002,AB
218991,003,AB
218991,004,AB
201662,001,AB
201662,002,AB
201662,003,AB
201662,004,AB
201662,005,AB
204382,001,AB
204382,002,AB
204382,004,AB
204382,003,AB
204382,005,AB
202519,001,AB
202519,002,AB
202519,003,AB
202519,004,AB
202519,005,AB
078946,003,AB
078946,004,AB
078946,001,AB
078946,005,AB
078946,002,AB
203145,001,AB
203145,002,AB
203145,003,AB
203145,004,AB
203145,005,AB
078020,001,AB
078020,002,AB
078020,004,AB
078020,003,AB
078020,005,AB
206083,001,AB
206083,002,AB
206083,003,AB
206083,004,AB
206083,005,AB
020487,002,AB
020487,001,AB
214031,001,AB
214031,002,AB
214031,003,AB
214031,004,AB
209057,001,AB
209057,002,AB
209057,003,AB
209057,004,AB
204632,001,AB
204632,002,AB
204632,003,AB
204632,004,AB
091347,001,AB
091347,002,AB
091347,003,AB
091347,004,AB
208960,001,AB
208960,002,AB
208960,003,AB
208960,004,AB
213019,001,AB
213019,002,AB
214557,001,AB
214557,002,AB
201962,001,AB
201962,002,AB
214595,001,AB
214595,002,AB
215931,001,AB
215931,002,AB
214571,001,AB
214571,002,AB
219106,001,AB
219106,002,AB
211862,001,AB
211862,002,AB
215048,001,AB
215048,002,AB
214255,001,AB
214255,002,AB
217151,001,AB
217151,002,AB
217283,001,AB
217283,002,AB
201785,001,AB
201785,002,AB
202019,001,AB
202019,002,AB
213268,001,AB
213268,002,AB
216615,001,AB
216615,002,AB
212879,001,AB
212879,002,AB
216723,001,AB
216723,002,AB
019221,003,AB
019221,001,AB
018998,005,AB
018998,001,AB
018998,002,AB
018998,003,AB
208464,001,AB
078932,001,AB
078932,002,AB
078932,003,AB
078932,004,AB
078932,005,AB
090555,001,AB
090555,002,AB
090555,003,AB
090555,004,AB
090555,005,AB
206250,001,AB
206250,002,AB
206250,003,AB
206250,004,AB
206250,005,AB
078301,001,AB
078301,002,AB
078301,003,AB
078301,004,AB
078301,005,AB
078554,001,AB
078554,002,AB
078554,003,AB
078554,004,AB
078554,005,AB
078627,001,AB
078627,002,AB
078627,003,AB
078627,004,AB
078627,005,AB
076690,001,AB
076690,002,AB
076690,003,AB
076690,004,AB
076690,005,AB
202036,001,AB
202036,002,AB
202036,003,AB
202036,004,AB
202036,005,AB
077653,001,AB
077653,002,AB
077653,003,AB
077653,004,AB
077653,005,AB
071881,002,AB
071881,003,AB
071881,001,AB
072924,001,AB
070995,001,AB
070994,001,AB
021518,001,AB
021518,002,AB
021266,001,AB
021266,002,AB
020895,001,AB
020895,002,AB
020895,003,AB
206940,001,AB
206940,002,AB
215601,001,AB
215109,001,AB
211539,001,AB
213104,001,AB
209822,001,AB
214749,001,AB
215707,001,AB
022567,001,AB
022567,002,AB
022567,003,AB
208209,001,AB
208209,002,AB
208209,003,AB
208202,001,AB
208202,002,AB
208202,003,AB
208228,001,AB
208228,002,AB
208228,003,AB
208200,001,AB
208200,003,AB
208200,002,AB
208212,001,AB
208212,002,AB
208212,003,AB
022253,001,AB
022253,002,AB
022253,003,AB
022253,004,AB
021356,002,AB
021356,003,AB
021356,004,AB
021356,001,AB
206181,001,AB
206181,002,AB
206837,001,AB
206837,002,AB
206747,001,AB
206747,002,AB
207371,001,AB
207371,002,AB
207049,001,AB
207049,002,AB
203503,001,AB
203503,002,AB
090547,001,AB
090547,002,AB
206654,001,AB
206654,002,AB
206762,001,AB
206762,002,AB
200265,001,AB
200265,002,AB
022465,001,AB
021687,001,AB
021687,002,AB
021687,003,AB
021687,004,AB
202202,001,AB
202202,002,AB
202202,003,AB
202202,004,AB
202202,005,AB
202202,006,AB
202202,007,AB
202202,008,AB
202202,009,AB
090935,001,AB
090935,002,AB
090935,003,AB
090935,004,AB
090935,005,AB
090935,006,AB
090935,007,AB
090935,008,AB
090935,009,AB
040616,009,AB
040616,001,AB
040616,002,AB
040616,003,AB
040616,004,AB
040616,005,AB
040616,006,AB
040616,007,AB
040616,008,AB
040301,002,AB
040301,003,AB
040301,004,AB
040301,005,AB
040301,006,AB
040301,007,AB
040301,008,AB
040301,009,AB
040301,001,AB
040663,001,AB
040663,002,AB
040663,003,AB
040663,004,AB
040663,005,AB
040663,006,AB
040663,007,AB
040663,008,AB
040663,009,AB
021176,001,AB
207145,001,AB
207145,002,AB
018276,001,AB
018276,002,AB
018276,003,AB
018276,004,AB
022406,004,AB
022406,001,AB
022406,002,AB
022406,003,AB
020896,001,AB
020896,002,AB
021894,001,AB
021894,002,AB
021676,001,AB
212475,001,AB
212475,002,AB
213163,001,AB
213163,002,AB
090372,001,AB
090372,002,AB
204928,001,AB
204928,002,AB
020397,001,AB
019888,003,AB
019888,001,AB
019888,002,AB
019777,005,AB
019777,001,AB
019777,002,AB
019777,003,AB
019777,006,AB
019777,004,AB
021445,001,AB
020186,003,AB
020186,001,AB
020186,002,AB
077267,001,AB
090561,001,AB
090092,001,AB
050711,001,AB
050784,001,AB
019766,001,AB
019766,002,AB
019766,003,AB
019766,004,AB
204041,001,AB
204041,002,AB
204232,001,AB
204232,002,AB
207021,001,AB
207021,002,AB
201779,001,AB
201779,002,AB
202279,001,AB
202279,002,AB
203726,001,AB
203726,002,AB
207867,001,AB
207867,002,AB
206973,001,AB
206973,002,AB
203019,001,AB
203019,002,AB
019839,005,AB
019839,001,AB
019839,002,AB
077214,001,AB
077214,002,AB
078413,001,AB
078413,002,AB
077388,001,AB
077388,002,AB
077322,001,AB
077322,002,AB
076410,001,AB
076410,002,AB
077903,001,AB
077903,002,AB
021560,001,AB
021560,002,AB
021560,003,AB
021560,004,AB
016084,001,AB
016084,003,AB
016084,002,AB
020592,001,AB
020592,002,AB
020592,003,AB
020592,004,AB
020592,005,AB
020592,006,AB
202379,001,AB
202379,002,AB
021130,002,AB
207581,001,AB
207506,001,AB
075840,001,AB
209297,001,AB
076381,001,AB
076380,001,AB
202996,001,AB
202995,001,AB
206969,001,AB
202771,001,AB
202770,001,AB
072693,001,AB
206886,001,AB1
079102,001,AB
091634,001,AB
091636,001,AB
076783,001,AB
207580,001,AB
207505,001,AB
218933,002,AB
075796,001,AB1
206866,001,AB
076238,001,AB
202226,001,AB
201585,001,AB
201584,001,AB
090538,001,AB
076177,001,AB1
202962,001,AB
075840,002,AB
021090,001,AB
207055,001,AB
090948,001,AB
090946,001,AB
075256,002,AB
209170,001,AB
207067,001,AB
091234,001,AB
076915,001,AB
202296,001,AB
090081,001,AB
204848,001,AB
213034,001,AB
201663,001,AB
207245,001,AB
202131,001,AB
091105,001,AB
216796,001,AB2
075809,002,AB
201887,001,AB
076225,001,AB2
090794,001,AB
204703,001,AB
204704,001,AB
090721,001,AB1
078376,001,AB
209031,001,AB
206597,001,AB
090454,001,AB1
207304,001,AB1
202789,001,AB
091323,001,AB2
076064,001,AB
076081,001,AB
207081,001,AB
075863,001,AB
076785,001,AB
091408,001,AB
091453,001,AB
091454,001,AB
075803,002,AB2
090719,001,AB
076625,001,AB1
077681,001,AB2
212298,001,AB1
091425,001,AB1
200248,001,AB
207065,001,AB1
207033,001,AB
200245,001,AB1
091663,001,AB
073594,001,AB
209548,001,AB
075288,002,AB
209547,001,AB
091452,001,AB
205449,001,AB
090523,001,AB
077502,001,AB
017060,001,AB1
091209,001,AB2
091325,001,AB1
206807,001,AB1
200961,001,AB2
202014,001,AB1
200980,001,AB2
201483,001,AB1
202772,001,AB
205069,001,AB
202741,001,AB
206864,001,AB
078323,001,AB
070687,001,AB
203873,001,AB
200494,001,AB
200538,001,AB
204057,001,AB
205588,001,AB
205630,001,AB
200541,001,AB
200383,001,AB
200384,001,AB
072695,001,AB
072696,001,AB
075478,002,AB
207056,001,AB
207054,001,AB
090947,001,AB
091247,001,AB
075866,002,AB
076334,001,AB
206853,001,AB
075804,001,AB
090114,001,AB
076784,001,AB
090793,001,AB
076105,001,AB
090524,001,AB
091232,001,AB
090541,001,AB
205762,001,AB
205441,001,AB
018977,002,AB
075808,001,AB
074538,002,AB
202980,001,AB
076455,001,AB
201088,001,AB1
091346,001,AB
202689,001,AB
201886,001,AB
091204,001,AB
202015,001,AB
021098,001,AB
072723,001,AB
209407,001,AB
206098,003,AB
206098,001,AB
206098,002,AB
205960,001,AB
205960,003,AB
205960,002,AB
206107,001,AB
206107,002,AB
090819,001,AB
090819,002,AB
090622,001,AB
090622,002,AB
078633,001,AB
078633,002,AB
207276,001,AB
207276,002,AB
090279,001,AB
090279,002,AB
201760,001,AB
201760,002,AB
091422,001,AB
091422,002,AB
214930,001,AB
214930,002,AB
203136,001,AB
203136,002,AB
204431,001,AB
204431,002,AB
203326,001,AB
203326,002,AB
205022,001,AB
205022,002,AB
205601,001,AB
205601,002,AB
207000,001,AB
207000,002,AB
201633,001,AB
201633,002,AB
209069,001,AB
209069,002,AB
021997,001,AB
021997,002,AB
217879,001,AB
217879,002,AB
217879,003,AB
208191,001,AB
208191,002,AB
208191,003,AB
206391,001,AB
206391,002,AB
206391,003,AB
217970,001,AB
217970,002,AB
217970,003,AB
211604,001,AB
211604,002,AB
211604,003,AB
209779,001,AB
209779,002,AB
209779,003,AB
218583,001,AB
218583,002,AB
218583,003,AB
021134,001,AB
021134,002,AB
021134,003,AB
022117,003,AB
022117,001,AB
022117,002,AB
204503,001,AB
204503,002,AB
204299,001,AB
204299,002,AB
204229,001,AB
204229,002,AB
201509,001,AB
201509,002,AB
205256,001,AB
216550,001,AB
210264,001,AB
206388,001,AB
020908,002,AB
076387,001,AB
076763,001,AB
215641,001,AB
