ApplNo,ProductNo,PatentNo,PatentExpiration,DrugSubstanceFlag,DrugProductFlag,PatentUseCode,DelistRequested,PediatricExtension,FileDate
020610,001,7625884,,,,U-141,,,
018613,001,7560445,,Y,Y,U-986,,,
019734,002,8455524,,,,U-1029,,,
019734,005,8455524,,,,U-1029,,,
020832,007,7422388,,,Y,U-1397,,,
020845,002,8431163,,,,U-1286,,,
020845,003,8282966,,,,U-1286,,,
020845,003,8293284,,,,U-1286,,,
021038,002,8455527,,,,U-421,,,
021038,003,8455527,,,,U-421,,,
021400,003,8273876,,,,U-1288,,,
021528,001,8008338,,Y,Y,U-1181,,,
021539,001,8399445,,,,U-1373,,,
021572,002,8003673,,,,U-1180,,,
021223,002,8324189,,,,U-1308,,,
021223,003,8324189,,,,U-1308,,,
021633,002,7572779,,,,U-904,,,
208351,001,9296769,,Y,Y,U-257,,,
021660,001,8034375,,,,U-1290,,,
021669,001,7935093,,,Y,U-1022,,,
021688,001,7829595,,,Y,U-1098,,,
021688,002,7829595,,,Y,U-1098,,,
202880,001,9326982,,,,U-1810,,,
202880,003,9326982,,,,U-1810,,,
202880,004,9326982,,,,U-1810,,,
202880,005,9326982,,,,U-1810,,,
021695,005,9314447,,,Y,U-1447,,,
208251,001,8932610,,,Y,U-1578,,,
021829,001,8246979,,,Y,U-1272,,,
021829,004,8246979,,,Y,U-1272,,,
021829,005,8246979,,,Y,U-1273,,,
021829,006,8246979,,,Y,U-1273,,,
021856,002,8372872,,,,U-1346,,,
021862,001,7834059,,,,U-1095,,,
021897,001,7919499,,,,U-1124,,,
021897,001,7919499,,,,U-1123,,,
021902,001,7858662,,,Y,U-172,,,
022108,002,7569610,,,,U-997,,,
022184,001,8309605,,,,U-1293,,,
022202,001,7884095,,,,U-1111,,,
022202,001,8110606,,,,U-980,,,
022249,002,8445524,,Y,Y,U-1402,,,
022252,001,8153616,,,,U-1240,,,
022256,001,7994220,,,,U-819,,,
022256,002,7994220,,,,U-819,,,
022256,003,7994220,,,,U-819,,,
022256,004,7994220,,,,U-819,,,
022271,001,7807689,,Y,Y,U-1337,,,
022271,003,7807689,,Y,Y,U-1337,,,
203510,002,8859623,,,,U-1594,,,
022287,001,8173158,,,,U-951,,,
022287,001,8173158,,,,U-949,,,
022287,002,8173158,,,,U-951,,,
022287,002,8173158,,,,U-950,,,
022287,002,8173158,,,,U-949,,,
203093,001,7635704,,Y,Y,U-257,,,
203093,002,7635704,,Y,Y,U-257,,,
201699,001,8859510,,,,U-319,,,
050819,002,8288434,,,Y,U-818,,,
050819,002,8288434,,,Y,U-124,,,
022249,004,8791270,,,Y,U-1542,,,
050819,002,8288434,,,Y,U-134,,,
203565,001,8895612,,,,U-1620,,,
022304,002,7994364,,Y,Y,U-931,,,
022309,002,8466137,,,,U-1103,,,
022320,001,8080537,,,,U-1078,,,
022320,001,8129362,,,,U-1078,,,
022328,001,7658945,,,Y,U-1194,,,
022352,001,7619004,,,,U-1020,,,
022352,001,7820681,,,,U-1020,,,
022352,001,7915269,,,,U-1007,,,
022352,001,7964647,,,,U-1007,,,
022352,001,8093297,,,,U-1161,,,
022352,001,8097655,,,,U-1020,,,
022352,001,8415396,,,,U-1007,,,
022352,001,8440722,,,,U-1020,,,
021964,001,8420663,,,,U-1185,,,
021964,002,8420663,,,,U-1185,,,
021964,003,8420663,,,,U-1185,,,
207533,002,9452131,,,,U-2402,,,
203100,001,8633219,,,Y,U-257,,,
207533,003,9452131,,,,U-2402,,,
202834,001,6949571,,Y,Y,U-2429,,,
202834,001,6949571,,Y,Y,U-2428,,,
202834,002,6949571,,Y,Y,U-2088,,,
202834,002,6949571,,Y,Y,U-2089,,,
202834,003,6949571,,Y,Y,U-2088,,,
202834,003,6949571,,Y,Y,U-106,,,
202834,003,6949571,,Y,Y,U-2429,,,
202834,003,6949571,,Y,Y,U-2428,,,
202834,004,6949571,,Y,Y,U-2428,,,
202834,004,6949571,,Y,Y,U-2089,,,
211288,001,8623883,,,,U-1403,,,
209305,001,10098910,,,Y,U-2205,,,
211288,003,8623883,,,,U-1403,,,
210365,001,9956186,,,,U-2426,,,
202834,005,6949571,,Y,Y,U-2428,,,
202834,005,6949571,,Y,Y,U-2088,,,
202834,005,6949571,,Y,Y,U-2429,,,
202834,005,6949571,,Y,Y,U-2089,,,
210365,001,10092525,,,,U-2427,,,
210365,001,9956183,,,,U-2422,,,
210365,001,9949937,,,,U-2421,,,
202834,006,6949571,,Y,Y,U-2088,,,
202834,006,6949571,,Y,Y,U-2089,,,
202834,006,6949571,,Y,Y,U-106,,,
206073,001,9173859,,,Y,U-1772,,,
203634,001,9192581,,,Y,U-1325,,,
207533,003,9193685,,,Y,U-543,,,
022030,001,8088398,,,Y,U-913,,,
207533,001,9193685,,,Y,U-543,,,
022044,001,8414921,,,Y,U-1036,,,
022048,001,8211880,,,,U-1258,,,
022067,001,7799331,,,Y,U-1068,,,
022067,002,7799331,,,Y,U-139,,,
022399,002,8114909,,,,U-1231,,,
022410,002,8475832,,,Y,U-1411,,,
022411,001,7829120,,,Y,U-796,,,
022418,001,7569612,,,,U-1000,,,
022418,001,7741374,,,,U-1061,,,
022418,002,7741373,,,,U-1059,,,
022418,002,7741374,,,,U-1061,,,
022418,002,7915247,,,,U-1000,,,
022425,001,8410167,,,,U-1387,,,
022426,001,8173663,,,,U-1338,,,
022426,002,8173663,,,,U-1338,,,
022426,003,8173663,,,,U-1338,,,
022426,004,7807689,,Y,Y,U-1337,,,
022426,004,8173663,,,,U-1338,,,
022426,005,8173663,,,,U-1338,,,
022426,006,7807689,,Y,Y,U-1337,,,
022426,006,8173663,,,,U-1338,,,
022430,001,8022106,,,,U-1182,,,
022430,001,8273795,,,,U-1182,,,
022434,001,7687516,,,Y,U-1164,,,
022468,001,8299078,,,,U-1004,,,
022468,002,7622470,,,,U-1015,,,
022468,002,8299078,,,,U-1004,,,
022483,001,8236816,,,,U-68,,,
022483,002,8222270,,,,U-68,,,
022502,001,7998467,,,Y,U-1078,,,
022519,001,8067451,,,Y,U-1196,,,
050805,001,8206740,,,Y,U-925,,,
050808,002,7541347,,,,U-917,,,
050808,002,7919483,,,,U-1078,,,
050808,002,8252776,,,,U-124,,,
050808,003,8268804,,,,U-1078,,,
050808,004,7790705,,,,U-1078,,,
050808,004,8252776,,,,U-124,,,
050808,005,7919483,,,,U-1078,,,
050808,006,7919483,,,,U-1078,,,
050808,007,7790705,,,,U-1078,,,
050808,007,8252776,,,,U-124,,,
050808,008,8268804,,,,U-1078,,,
050818,001,7795316,,,Y,U-1082,,,
200327,002,8247400,,,Y,U-282,,,
200533,002,7994364,,Y,Y,U-1178,,,
200533,003,7994364,,Y,Y,U-1276,,,
200533,004,7994364,,Y,Y,U-1276,,,
200533,004,7994364,,Y,Y,U-1178,,,
201699,001,7906489,,,,U-319,,,
201917,001,8431615,,,,U-1398,,,
201922,001,8268804,,,,U-124,,,
201922,003,7541347,,,,U-917,,,
201922,003,7919483,,,,U-124,,,
201922,005,7541347,,,,U-917,,,
201922,005,7790705,,,,U-124,,,
201922,005,7919483,,,,U-124,,,
201922,005,8268804,,,,U-124,,,
202020,003,8168218,,,Y,U-1269,,,
202057,001,8431560,,,,U-1287,,,
202100,001,8465765,,,Y,U-1415,,,
202258,001,7772178,,,Y,U-1128,,,
022430,001,8487005,,,Y,U-1182,,,
201444,001,8496973,,Y,Y,U-1419,,,
204168,001,8481598,,,,U-839,,,
204168,002,RE43879,,,,U-839,,,
204168,002,8481598,,,,U-839,,,
204168,003,8481598,,,,U-839,,,
022184,001,8586630,,,,U-1458,,,
203858,001,8618135,,,,U-1316,,,
203858,002,8618135,,,,U-1316,,,
022399,002,8686034,,,,U-1231,,,
205382,001,8183257,,,,U-1476,,,
202100,001,8778390,,,Y,U-1543,,,
022321,004,8685443,,,,U-1508,,,
022321,005,8685443,,,,U-1508,,,
022399,002,8686034,,,,U-1247,,,
022421,003,8679533,,,Y,U-219,,,
206256,001,6888027,,Y,Y,U-1544,,,
022421,004,8679533,,,Y,U-219,,,
022430,001,8791160,,,Y,U-1182,,,
022399,001,8795725,,,Y,U-1231,,,
022399,002,8795725,,,Y,U-1231,,,
020845,002,8776795,,,Y,U-1226,,,
204569,003,7951797,,Y,Y,U-620,,,
202278,001,7973058,,,,U-1328,,,
202278,001,8155737,,,,U-1328,,,
202278,001,8366600,,,,U-1327,,,
202278,001,8470853,,,,U-1328,,,
202331,001,7572920,,,Y,U-3,,,
202331,002,7572920,,,Y,U-3,,,
202343,001,7326708,,Y,Y,U-1188,,,
202343,002,7326708,,Y,Y,U-1188,,,
202343,003,7326708,,Y,Y,U-1188,,,
202343,004,7326708,,Y,Y,U-1188,,,
202343,005,7326708,,Y,Y,U-1188,,,
202714,001,7491704,,,,U-1260,,,
202799,002,7550433,,,,U-1238,,,
202799,002,7919461,,,,U-1238,,,
202799,004,7919461,,,,U-1238,,,
202799,005,7919461,,,,U-1238,,,
202799,007,7550433,,,,U-1238,,,
202799,008,7550433,,,,U-1238,,,
203100,001,7635704,,Y,Y,U-257,,,
203414,001,7807689,,Y,Y,U-1337,,,
203414,002,7807689,,Y,Y,U-1337,,,
203858,002,7932268,,,,U-1316,,,
204061,001,8450299,,,,U-1,,,
202057,001,8501225,,,,U-1287,,,
202317,001,7872050,,,,U-1427,,,
022519,001,8501228,,,,U-1196,,,
202057,001,8524698,,,,U-1287,,,
204708,001,8053427,,,Y,U-1428,,,
204708,001,8513247,,,Y,U-1428,,,
204708,001,8426410,,,,U-1428,,,
204708,001,8513249,,,Y,U-1428,,,
022184,001,8524777,,,,U-1235,,,
020866,001,8431155,,,Y,U-976,,,
207932,002,9901539,,,,U-1556,,,
207932,003,9901539,,,,U-1556,,,
202833,002,8536163,,,,U-1440,,,
204824,003,8480631,,,Y,U-1442,,,
204410,001,8268847,,,,U-1446,,,
021695,004,8026281,,,,U-1448,,,
204824,004,8579865,,,Y,U-1442,,,
208745,001,9919024,,,,U-2230,,,
205123,001,8349869,,Y,Y,U-1467,,,
022581,001,8592480,,,,U-1469,,,
021272,001,8653137,,,,U-1437,,,
021272,004,8653137,,,,U-1437,,,
022450,001,9399012,,,,U-2262,,,
201635,002,9622983,,,Y,U-1992,,,
201635,003,9622983,,,Y,U-1992,,,
202057,001,8546372,,,,U-1287,,,
021272,001,8658694,,,,U-1437,,,
021272,004,8658694,,,,U-1437,,,
201635,003,9622983,,,Y,U-1675,,,
201635,004,9622983,,,Y,U-1992,,,
021445,001,7612058,,,,U-1173,,,
205410,001,8338489,,,,U-1496,,,
204031,001,8668929,,,,U-1499,,,
204031,001,8377453,,,Y,U-1499,,,
050808,007,8722650,,,,U-1078,,,
022266,002,9597288,,,Y,U-767,,,
050808,008,8722650,,,,U-1078,,,
202833,002,8716271,,,,U-1440,,,
204485,002,9375478,,,,U-1857,,,
022266,003,9597288,,,Y,U-767,,,
022266,004,9597288,,,Y,U-767,,,
202833,001,8716271,,,,U-1440,,,
050808,006,8722650,,,,U-1078,,,
202788,001,8486973,,,,U-55,,,
202788,003,8486973,,,,U-55,,,
205060,001,8383678,,,Y,U-1511,,,
204623,001,8741956,,,,U-1435,,,
202788,005,8486973,,,,U-55,,,
204141,001,8715624,,,Y,U-1408,,,
202788,006,8486973,,,,U-55,,,
204141,001,8277780,,,Y,U-1408,,,
203567,001,7214506,,,,U-281,,,
022525,003,8039009,,,,U-539,,,
022525,004,8039009,,,,U-539,,,
205637,002,8147866,,,Y,U-1521,,,
021272,003,7999007,,,Y,U-1437,,,
209115,001,8859562,,,,U-2012,,,
209115,001,8143241,,,,U-2012,,,
204623,001,8546450,,,,U-1435,,,
204623,001,8618164,,,,U-1477,,,
022321,004,7682633,,,,U-1510,,,
205123,001,8754106,,Y,,U-1467,,,
022321,001,8158156,,,,U-1510,,,
022321,002,7682633,,,,U-1510,,,
022321,003,8158156,,,,U-1510,,,
022321,005,7682633,,,,U-1510,,,
022321,006,8158156,,,,U-1510,,,
208780,002,7910610,,,,U-2048,,,
202293,001,8685934,,,,U-1522,,,
205123,001,8741926,,Y,,U-1467,,,
205435,001,8426389,,Y,Y,U-282,,,
205436,001,8426389,,Y,Y,U-282,,,
021361,001,8741904,,Y,,U-1526,,,
021729,003,8759350,,,,U-1529,,,
204399,002,8785426,,,Y,U-1531,,,
208780,002,8778947,,,,U-2044,,,
021436,001,8759350,,,,U-1529,,,
208780,002,8420674,,,,U-2079,,,
208780,002,7635707,,,,U-2083,,,
208780,002,7635707,,,,U-2072,,,
208780,002,7635707,,,,U-2073,,,
208780,002,8609701,,,,U-2069,,,
208780,002,8609701,,,,U-2064,,,
208780,002,8609701,,,,U-2067,,,
208780,002,8609701,,,,U-2065,,,
208780,002,8084475,,,,U-2268,,,
208780,002,8318780,,,,U-2046,,,
208780,002,8754109,,,,U-2053,,,
208780,002,8592462,,,,U-2060,,,
203108,001,8034809,,,,U-1547,,,
203108,001,7220742,,Y,Y,U-1547,,,
205776,004,8664231,,,,U-1442,,,
205776,005,8664231,,,,U-1442,,,
205776,008,8664231,,,,U-1442,,,
205776,009,8664231,,,,U-1442,,,
205776,010,8664231,,,,U-1442,,,
020845,002,8795741,,,,U-1286,,,
022272,003,8808741,,,,U-1556,,,
022272,004,8808741,,,,U-1556,,,
022272,007,8808741,,,,U-1556,,,
022272,001,8808741,,,,U-1556,,,
205874,001,8093423,,,,U-1577,,,
022192,002,8586610,,,,U-1625,,,
022192,003,8586610,,,,U-1625,,,
203094,001,8148374,,Y,Y,U-1279,,,
204242,003,8658198,,,Y,U-1494,,,
204677,001,7807135,,Y,Y,U-1497,,,
206829,001,7129232,,Y,Y,U-36,,,
022192,001,8586610,,,,U-1625,,,
022192,005,8586610,,,,U-1625,,,
022192,006,8586610,,,,U-1625,,,
206829,001,8685957,,Y,,U-36,,,
021964,002,8822490,,,Y,U-1185,,,
206334,001,8420592,,,,U-1570,,,
200063,001,8722085,,,,U-1585,,,
021964,003,8822490,,,Y,U-1185,,,
202123,001,8841310,,,Y,U-257,,,
021923,001,8877933,,Y,Y,U-1624,,,
022249,002,8791270,,,Y,U-1542,,,
202788,007,8835460,,,Y,U-55,,,
201655,002,8808737,,,,U-1598,,,
022535,001,7988994,,,Y,U-1602,,,
201655,001,8808737,,,,U-1598,,,
201655,003,8808737,,,,U-1598,,,
201655,005,8808737,,,,U-1598,,,
201655,006,8808737,,,,U-1598,,,
022535,001,8013002,,,,U-1603,,,
022535,001,8778947,,,,U-1613,,,
022535,001,7767225,,,Y,U-1602,,,
022535,001,7767700,,,,U-1601,,,
022249,001,8883836,,,Y,U-1402,,,
021338,001,8428709,,,Y,U-736,,,
022291,004,8052994,,,Y,U-1714,,,
022535,001,8592462,,,,U-1609,,,
022535,001,8318780,,,,U-1606,,,
022535,001,8420674,,,Y,U-1608,,,
022535,001,7910610,,,,U-1604,,,
022535,001,8754109,,,,U-1612,,,
206627,002,8808740,,,Y,U-1556,,,
022535,001,8753679,,,Y,U-1602,,,
206627,006,8808740,,,Y,U-1556,,,
022192,001,9074256,,,,U-1674,,,
022192,001,9072742,,,,U-1674,,,
022192,002,9072742,,,,U-1674,,,
022192,003,9074256,,,,U-1674,,,
022291,003,8071129,,,Y,U-1714,,,
206843,001,8900566,,,,U-1725,,,
022291,005,7547719,,Y,Y,U-1575,,,
022291,005,7547719,,Y,Y,U-930,,,
206843,002,8900566,,,,U-1725,,,
206843,002,8900566,,,,U-1724,,,
206843,002,8642025,,Y,Y,U-1724,,,
204399,002,9662340,,,Y,U-1531,,,
208383,001,8557852,,,,U-1167,,,
204623,001,9132110,,,,U-1488,,,
021436,001,9125939,,,,U-1749,,,
206940,001,9115091,,Y,Y,U-1738,,,
021436,002,9125939,,,,U-1749,,,
021436,004,9125939,,,,U-1749,,,
021436,005,9125939,,,,U-1749,,,
021436,006,9125939,,,,U-1749,,,
207958,001,9339489,,,Y,U-1850,,,
206406,001,8664239,,,,U-1752,,,
202192,001,8822481,,,,U-1573,,,
202192,002,8822481,,,,U-1573,,,
202192,003,8822481,,,,U-1573,,,
202192,005,8822481,,,,U-1573,,,
204824,005,8480631,,,Y,U-1442,,,
208383,002,9555023,,,,U-1502,,,
203756,001,8877776,,Y,Y,U-1617,,,
202788,004,8835460,,,Y,U-55,,,
205649,001,6515117,,Y,Y,U-493,,,
205649,002,6515117,,Y,Y,U-493,,,
205649,003,8501698,,,Y,U-493,,,
205649,003,6515117,,Y,Y,U-493,,,
020845,003,8846112,,,,U-1286,,,
021537,001,8846650,,,Y,U-1578,,,
206406,003,8685998,,,Y,U-1752,,,
208383,002,8404724,,,Y,U-2034,,,
022184,001,9155716,,,Y,U-1528,,,
204824,005,8945063,,,Y,U-1442,,,
022004,001,8371292,,,,U-1356,,,
021658,002,8371292,,,,U-1355,,,
020517,003,8921326,,,Y,U-1666,,,
205858,002,8980901,,,,U-1678,,,
206947,001,9006256,,,,U-1695,,,
206439,002,8039009,,,,U-1641,,,
206756,001,7220742,,Y,Y,U-1703,,,
200063,001,9107837,,,,U-1639,,,
022192,005,9072742,,,,U-1674,,,
022192,005,9074256,,,,U-1674,,,
021856,001,9107912,,,,U-1346,,,
022192,006,9074256,,,,U-1674,,,
022192,006,9072742,,,,U-1674,,,
022192,007,9074255,,,,U-1674,,,
022192,007,9072742,,,,U-1674,,,
200063,001,9125868,,,,U-1585,,,
022192,001,9157121,,,,U-1674,,,
022192,003,9157121,,,,U-1674,,,
022192,005,9157121,,,,U-1674,,,
022192,007,9157121,,,,U-1674,,,
204592,001,9186328,,,,U-55,,,
022291,001,8052994,,,Y,U-1714,,,
204516,001,8946251,,Y,Y,U-904,,,
021997,001,9265720,,,,U-674,,,
022430,001,8957113,,,Y,U-1182,,,
021997,002,9265720,,,,U-674,,,
205837,001,6911461,,Y,Y,U-1815,,,
022088,001,8791097,,,,U-1551,,,
022504,001,8435944,,,,U-1390,,,
022334,003,9006224,,,,U-1681,,,
021937,001,9018192,,,,U-750,,,
205123,001,9040562,,Y,Y,U-1467,,,
204275,001,8511304,,,Y,U-1691,,,
020866,001,8877708,,,Y,U-1706,,,
203858,004,8618135,,,,U-1316,,,
203858,005,7932268,,,,U-1316,,,
203858,006,8618135,,,,U-1316,,,
202270,003,7326708,,Y,Y,U-1227,,,
022348,002,9114068,,,,U-1735,,,
022192,004,9138432,,,,U-1737,,,
021549,003,8258132,,,Y,U-901,,,
021549,003,8258132,,,Y,U-1743,,,
206500,001,8470842,,,,U-1741,,,
022192,001,9138432,,,,U-1737,,,
206619,001,9139536,,,,U-1753,,,
207988,001,8084483,,,,U-1801,,,
207988,001,8283369,,,,U-1804,,,
207988,001,8357713,,,Y,U-1801,,,
209022,001,7975690,,,,U-2133,,,
021549,002,8258132,,,Y,U-901,,,
021549,002,8258132,,,Y,U-1743,,,
021549,001,8258132,,,Y,U-1743,,,
021549,001,8258132,,,Y,U-901,,,
022512,001,9034822,,,,U-1759,,,
205552,001,9125889,,,,U-1745,,,
205060,001,9132112,,,Y,U-1511,,,
209482,001,8309572,,,,U-2129,,,
208079,001,9775851,,,Y,U-1858,,,
207533,003,9034867,,,Y,U-543,,,
207988,001,8357713,,,Y,U-1803,,,
021995,002,7326708,,Y,Y,U-802,,,
021995,003,7326708,,Y,Y,U-802,,,
022287,002,9233103,,,,U-1805,,,
202270,001,7326708,,Y,Y,U-1227,,,
206619,001,8466159,,,,U-1637,,,
206619,001,8501238,,Y,Y,U-1636,,,
022321,004,8623418,,,,U-1640,,,
201280,001,8853156,,,Y,U-1642,,,
201281,001,8673927,,,,U-1503,,,
201281,003,8673927,,,,U-1503,,,
201280,001,8673927,,,,U-1503,,,
022192,002,8999638,,,,U-1674,,,
022192,003,8999638,,,,U-1674,,,
022192,006,8999638,,,,U-1674,,,
204242,003,8470361,,,Y,U-1425,,,
203312,003,9089607,,,Y,U-1645,,,
203312,003,9089607,,,Y,U-1720,,,
205858,002,9149477,,,,U-1757,,,
203312,001,9089607,,,Y,U-1645,,,
022581,001,9089528,,,,U-1469,,,
021964,001,9180125,,,Y,U-1185,,,
021964,002,9180125,,,Y,U-1185,,,
021964,003,9180125,,,Y,U-1185,,,
207932,002,8147866,,,Y,U-1769,,,
205739,001,8216560,,,,U-1766,,,
205739,001,7556799,,,,U-1766,,,
205739,002,7556799,,,,U-1766,,,
205739,002,8216560,,,,U-1766,,,
205739,003,8337824,,Y,,U-1766,,,
205739,003,7556799,,,,U-1766,,,
207932,003,8147866,,,Y,U-1769,,,
022563,001,8629128,,,Y,U-1280,,,
208183,001,8962028,,,Y,U-1775,,,
207561,001,8148374,,Y,Y,U-1279,,,
207561,001,8754065,,Y,Y,U-257,,,
206333,001,7754230,,,,U-1690,,,
206333,001,8846066,,,,U-1690,,,
203469,002,9029533,,,,U-1283,,,
206099,001,8875704,,,Y,U-1809,,,
203469,002,9029533,,,,U-1700,,,
203469,003,9029533,,,,U-1701,,,
203469,003,9029533,,,,U-836,,,
205422,004,8618109,,,,U-543,,,
205422,006,8349840,,,Y,U-1529,,,
204623,001,9168305,,,,U-1488,,,
022036,002,9107898,,,,U-620,,,
205223,001,9198858,,,,U-1664,,,
204223,001,9192608,,,,U-43,,,
204223,005,9192608,,,,U-55,,,
202992,001,9186346,,,,U-1786,,,
022425,001,9107900,,,,U-1728,,,
202811,002,7304036,,Y,Y,U-1278,,,
022425,001,9107900,,,,U-1726,,,
022225,002,RE44733,,Y,Y,U-1794,,,
202091,001,9233112,,,Y,U-1676,,,
204447,001,9227946,,,,U-1668,,,
207916,001,8747894,,,Y,U-1373,,,
203858,002,9265758,,,,U-1316,,,
203858,005,9265758,,,,U-1316,,,
202880,004,9265760,,,,U-1810,,,
206099,001,8590530,,,Y,U-1809,,,
206099,001,7975690,,,Y,U-1809,,,
203858,001,9265758,,,,U-1316,,,
203858,006,9265758,,,,U-1316,,,
202880,006,9265760,,,,U-1810,,,
022044,001,7326708,,Y,Y,U-802,,,
022044,002,7326708,,Y,Y,U-802,,,
202278,001,8983594,,,Y,U-1328,,,
206829,001,8968753,,,,U-1673,,,
206829,001,8968753,,,,U-1672,,,
203312,001,8377474,,,Y,U-219,,,
203312,001,8377474,,,Y,U-1645,,,
203312,002,8377474,,,Y,U-219,,,
203312,003,8377474,,,Y,U-219,,,
203312,004,8377474,,,Y,U-1645,,,
021926,001,7332183,,,Y,U-867,,,
206627,002,9095614,,,,U-1556,,,
205060,001,9012501,,,Y,U-1511,,,
204153,001,9012484,,Y,Y,U-540,,,
022192,001,9074254,,,,U-1674,,,
022192,002,9074254,,,,U-1674,,,
022192,006,9074254,,,,U-1674,,,
206627,003,9095614,,,,U-1556,,,
206255,001,9233118,,,,U-1631,,,
205003,002,7846961,,Y,Y,U-3,,,
207947,001,9173881,,,,U-1798,,,
208159,001,7776838,,,,U-1791,,,
208194,001,9144568,,,,U-1542,,,
206030,001,9629797,,,,U-2004,,,
204308,001,8778366,,,,U-3,,,
204308,001,8778366,,,,U-71,,,
207947,003,9173881,,,,U-1798,,,
207947,004,7205302,,Y,Y,U-1797,,,
207947,005,7205302,,Y,Y,U-1797,,,
207947,006,7205302,,Y,Y,U-1797,,,
207947,008,9173881,,,,U-1798,,,
204410,001,9265762,,,Y,U-1820,,,
204308,001,8778366,,,,U-185,,,
022063,001,9173857,,,,U-2025,,,
205637,003,9655843,,,Y,U-2017,,,
207932,001,9655843,,,Y,U-1556,,,
207932,003,9655843,,,Y,U-1556,,,
202788,001,9642797,,,Y,U-55,,,
202788,002,9642797,,,Y,U-55,,,
202788,003,9642797,,,Y,U-55,,,
202788,005,9289387,,,Y,U-55,,,
202788,006,9289387,,,Y,U-55,,,
205637,001,9655843,,,Y,U-2017,,,
021038,004,8455527,,,,U-421,,,
021775,001,8946262,,,,U-1655,,,
202971,001,8338427,,,Y,U-543,,,
202971,002,8338427,,,Y,U-543,,,
202971,003,8338427,,,Y,U-1633,,,
203312,001,8454998,,,Y,U-1645,,,
203312,001,8454998,,,Y,U-1649,,,
203312,001,8454998,,,Y,U-1646,,,
203312,002,8454998,,,Y,U-1649,,,
203312,002,8454998,,,Y,U-219,,,
203312,002,8454998,,,Y,U-1647,,,
203312,003,8454998,,,Y,U-1645,,,
203312,003,8454998,,,Y,U-1647,,,
203312,003,8454998,,,Y,U-1649,,,
203312,003,8454998,,,Y,U-219,,,
203312,004,8454998,,,Y,U-1646,,,
203312,004,8454998,,,Y,U-219,,,
203312,004,8454998,,,Y,U-1645,,,
205552,001,8999999,,,,U-1684,,,
022192,004,8652776,,,,U-1685,,,
203312,002,8557283,,,Y,U-219,,,
203312,002,8557283,,,Y,U-1645,,,
022192,007,8652776,,,,U-1685,,,
022291,002,8071129,,,Y,U-1714,,,
205858,002,RE44599,,,,U-1615,,,
205858,001,8865730,,Y,Y,U-1615,,,
205858,001,RE44599,,,,U-1558,,,
204623,001,9066913,,,Y,U-1488,,,
205422,002,8618109,,,,U-543,,,
050444,001,9084802,,,,U-282,,,
022291,001,8052993,,,Y,U-1306,,,
022291,001,8052993,,,Y,U-2451,,,
022291,002,7547719,,Y,Y,U-1575,,,
022291,002,7547719,,Y,Y,U-2452,,,
022291,003,8062665,,,Y,U-1306,,,
022291,003,7547719,,Y,Y,U-2451,,,
022291,003,7547719,,Y,Y,U-1575,,,
022291,004,8071129,,,Y,U-2451,,,
022291,004,8071129,,,Y,U-930,,,
021196,001,10213400,,,,U-2499,,,
205787,001,10220158,,,Y,U-2500,,,
202810,002,10220042,,,,U-2501,,,
204623,001,9339551,,,,U-1488,,,
207958,003,9339489,,,Y,U-1850,,,
021923,001,9737488,,,Y,U-2107,,,
021923,001,9737488,,,Y,U-1480,,,
207958,004,9339489,,,Y,U-1850,,,
050795,008,9295652,,,Y,U-918,,,
208026,002,9173859,,,Y,U-1503,,,
202880,002,9421200,,,,U-1810,,,
202880,002,9433619,,,,U-1810,,,
202880,003,9433619,,,,U-1810,,,
202880,003,9421200,,,,U-1810,,,
202880,004,9421200,,,,U-1810,,,
202880,006,9433619,,,,U-1810,,,
202880,006,9421200,,,,U-1810,,,
207621,002,8685443,,,,U-1508,,,
207621,001,8685443,,,,U-1508,,,
207621,003,8685443,,,,U-1508,,,
207621,005,8685443,,,,U-1508,,,
207621,006,8685443,,,,U-1508,,,
022201,002,9415085,,,,U-1895,,,
202278,001,9427578,,,Y,U-1328,,,
207620,001,9388134,,,,U-1723,,,
207620,003,9388134,,,,U-1723,,,
204242,006,8658198,,,Y,U-1494,,,
203188,001,8324242,,,,U-1311,,,
204242,006,8470361,,,Y,U-1425,,,
205739,002,9492476,,,,U-1766,,,
206627,001,9545380,,,,U-1556,,,
206627,003,9545380,,,,U-1556,,,
205739,003,9492476,,,,U-1766,,,
206940,001,8772325,,,,U-1709,,,
021660,001,9511046,,,,U-1434,,,
206627,004,9545380,,,,U-1556,,,
209531,001,8110560,,,,U-1943,,,
209531,001,8110560,,,,U-1944,,,
208325,002,8999932,,Y,Y,U-2014,,,
206099,001,9649456,,,Y,U-1719,,,
208944,001,8895615,,,,U-2106,,,
208944,001,8389578,,,,U-2105,,,
208944,002,8741343,,,,U-2106,,,
208944,002,8895615,,,,U-2106,,,
202155,001,6967208,,Y,Y,U-1501,,,
202155,001,6967208,,Y,Y,U-1200,,,
202155,001,6967208,,Y,Y,U-1302,,,
202155,001,6967208,,Y,Y,U-1729,,,
202155,002,6967208,,Y,Y,U-1301,,,
202155,002,6967208,,Y,Y,U-1200,,,
208780,001,7767700,,,,U-2080,,,
022114,001,9370622,,,,U-1870,,,
201635,001,8298576,,,Y,U-106,,,
201635,001,8298576,,,Y,U-1992,,,
202714,002,8207127,,,,U-1260,,,
208010,001,8778373,,,,U-1873,,,
204824,003,9421333,,,Y,U-1442,,,
204824,005,9421333,,,Y,U-1442,,,
206843,002,9421192,,Y,,U-1725,,,
206843,002,9421192,,Y,,U-1724,,,
206843,003,9421192,,Y,,U-1725,,,
206038,001,8846718,,,,U-1717,,,
206038,002,8324242,,,,U-1911,,,
204824,007,9421333,,,Y,U-1442,,,
206038,002,8716338,,,Y,U-1910,,,
209862,001,9474869,,,Y,U-1907,,,
205787,001,9474869,,,Y,U-1907,,,
200533,001,8536130,,,,U-1276,,,
200533,002,8536130,,,,U-1276,,,
200533,003,8536130,,,,U-1276,,,
200533,005,8536130,,,,U-1276,,,
022271,001,8173663,,,,U-1338,,,
022271,002,8173663,,,,U-1338,,,
022271,003,8173663,,,,U-1338,,,
201635,001,8663683,,,Y,U-1992,,,
201635,001,8663683,,,Y,U-106,,,
201635,001,8992989,,,Y,U-1675,,,
208552,001,7812049,,,,U-1959,,,
201635,001,8889191,,,,U-106,,,
201635,001,9549940,,,Y,U-1992,,,
203585,001,6987103,,,,U-1300,,,
201635,001,8298580,,,Y,U-1992,,,
201635,001,8877248,,,Y,U-1992,,,
201635,001,8877248,,,Y,U-106,,,
203496,005,9393203,,,Y,U-1877,,,
201635,001,9555004,,,Y,U-1992,,,
201635,002,9549940,,,Y,U-1992,,,
201635,002,8877248,,,Y,U-1992,,,
201635,002,8889191,,,,U-106,,,
201635,002,8889191,,,,U-1992,,,
201635,002,8298576,,,Y,U-1992,,,
201635,003,8992989,,,Y,U-1992,,,
201635,003,9555004,,,Y,U-1992,,,
201635,003,8298580,,,Y,U-1992,,,
201635,003,8877248,,,Y,U-106,,,
201635,004,8298576,,,Y,U-1992,,,
201635,004,8663683,,,Y,U-1992,,,
201635,004,8663683,,,Y,U-106,,,
201635,004,8992989,,,Y,U-1675,,,
201635,004,8298580,,,Y,U-1992,,,
207145,002,8278485,,Y,,U-1993,,,
207145,002,8283380,,,,U-1993,,,
022196,001,8236285,,Y,Y,U-70,,,
208079,001,9364485,,,Y,U-1858,,,
206302,001,7838552,,,,U-185,,,
203697,001,9226892,,,,U-1733,,,
020845,003,9408993,,,Y,U-1824,,,
050819,002,9561208,,,Y,U-916,,,
205109,001,9561251,,,Y,U-1468,,,
208854,001,RE46375,,Y,Y,U-1185,,,
208079,001,9655907,,,Y,U-1858,,,
205474,001,9549907,,Y,Y,U-2023,,,
203923,001,9345724,,Y,Y,U-2015,,,
206619,001,9629841,,,Y,U-1753,,,
207958,001,9669009,,,,U-2021,,,
207958,002,9669009,,,,U-1850,,,
207958,003,9669009,,,,U-2021,,,
203188,001,9670163,,,Y,U-1311,,,
207958,003,9669009,,,,U-2022,,,
208610,001,8252813,,,Y,U-2028,,,
208610,001,8648093,,,Y,U-2028,,,
208325,002,9701712,,Y,Y,U-2014,,,
022410,001,9687454,,,Y,U-1464,,,
208611,001,8252813,,,Y,U-2028,,,
208611,001,9539250,,Y,Y,U-2028,,,
209195,001,8940718,,Y,Y,U-2039,,,
202057,002,8445013,,,,U-1287,,,
202057,002,8518929,,,,U-1287,,,
202057,002,8399446,,,,U-1287,,,
202057,002,8546372,,,,U-1287,,,
202057,002,8617594,,,,U-1287,,,
202057,002,8445003,,,,U-1287,,,
202057,002,8426399,,,,U-1287,,,
202057,002,8623406,,,,U-1287,,,
209195,001,8575135,,Y,Y,U-2040,,,
209195,001,8921341,,Y,Y,U-2040,,,
209195,001,8921341,,Y,Y,U-2039,,,
204114,002,8952018,,,,U-2020,,,
208780,001,7566729,,,,U-2078,,,
208780,001,8592462,,,,U-2060,,,
208780,001,8778947,,,,U-2044,,,
202811,001,9708371,,,Y,U-1515,,,
202811,001,7304036,,Y,Y,U-1278,,,
202811,002,9708371,,,Y,U-1515,,,
202811,003,9708371,,,Y,U-1516,,,
208780,001,8592462,,,,U-2063,,,
208780,001,8592462,,,,U-2056,,,
208780,001,8592462,,,,U-2058,,,
208780,001,8592462,,,,U-2057,,,
208780,001,7816383,,,,U-2042,,,
208780,001,7910610,,,,U-2049,,,
208780,001,8318780,,,,U-2046,,,
208780,001,8318780,,,,U-2081,,,
208780,001,7635707,,,,U-2083,,,
208780,001,7635707,,,,U-2074,,,
208780,001,8084475,,,,U-2052,,,
208780,001,8084475,,,,U-2054,,,
208780,001,8648098,,,,U-2051,,,
208780,001,8648098,,,,U-2052,,,
208780,001,8609701,,,,U-2065,,,
208780,001,8609701,,,,U-2069,,,
208780,001,8609701,,,,U-2066,,,
208780,001,8609701,,,,U-2067,,,
208780,001,8013002,,,,U-2047,,,
208780,003,8318780,,,,U-2081,,,
208780,003,8084475,,,,U-2052,,,
208780,003,7635707,,,,U-2075,,,
208780,003,7635707,,,,U-2083,,,
208780,003,7635707,,,,U-2073,,,
208215,001,9296769,,Y,Y,U-257,,,
202276,002,6656935,,Y,Y,U-155,,,
021539,001,9327028,,,,U-1839,,,
202880,002,9339499,,,,U-1810,,,
202880,005,9339499,,,,U-1810,,,
204516,001,9393237,,,,U-904,,,
204200,001,9295657,,,,U-1829,,,
202278,001,9327114,,,Y,U-1328,,,
202020,001,9504699,,,,U-1362,,,
208603,001,9549899,,,Y,U-1556,,,
208603,003,9549899,,,Y,U-1556,,,
202880,003,9486451,,,,U-55,,,
202880,004,9486451,,,,U-55,,,
202880,006,9486451,,,,U-55,,,
205677,001,9539234,,,,U-1934,,,
207533,004,8796276,,,,U-543,,,
207533,004,9193685,,,Y,U-543,,,
208051,001,7982043,,,,U-2043,,,
208051,001,8518446,,,Y,U-2043,,,
204275,001,7439393,,Y,Y,U-2099,,,
209936,001,9636344,,,,U-2124,,,
209606,001,9512107,,Y,Y,U-2087,,,
209606,002,9512107,,Y,Y,U-2087,,,
203469,001,9493470,,Y,Y,U-1700,,,
203469,002,9493470,,Y,Y,U-1948,,,
208026,001,9555001,,,Y,U-1967,,,
021937,001,9545414,,,Y,U-1170,,,
208026,002,9555001,,,Y,U-1968,,,
203567,001,9566272,,,,U-1969,,,
206038,001,7973038,,,,U-1973,,,
206038,002,7973038,,,,U-1973,,,
208194,001,9572797,,,,U-1971,,,
207078,001,9592253,,Y,,U-2312,,,
205838,001,6911461,,Y,Y,U-2295,,,
208082,001,9550780,,Y,Y,U-1995,,,
208082,002,9550780,,Y,Y,U-1995,,,
022416,001,9763954,,,,U-2123,,,
021064,001,9789210,,,,U-665,,,
205836,001,6911461,,Y,Y,U-2295,,,
022416,003,9763954,,,,U-2123,,,
205836,002,6911461,,Y,Y,U-2295,,,
207078,001,9844567,,,,U-2312,,,
207078,002,9861658,,,,U-2312,,,
209305,001,9980983,,,,U-2205,,,
203284,001,9962359,,,,U-1816,,,
205836,004,6911461,,Y,Y,U-2295,,,
205836,005,6911461,,Y,Y,U-2295,,,
207078,002,9592253,,Y,,U-2312,,,
022068,003,9061029,,Y,,U-1374,,,
202714,003,7491704,,,,U-2319,,,
202714,003,8207127,,,,U-2320,,,
202714,003,8129346,,,,U-2320,,,
202714,003,8129346,,,,U-2319,,,
022068,003,8389537,,,,U-1374,,,
205029,001,9283197,,,Y,U-1829,,,
208271,001,9180125,,,Y,U-1185,,,
206073,001,8551957,,,Y,U-1651,,,
206439,001,8058291,,,,U-1641,,,
206439,001,8338486,,,,U-1641,,,
206439,004,8058291,,,,U-1641,,,
206439,004,8283379,,,,U-1641,,,
206439,004,8338486,,,,U-1641,,,
209115,001,9861638,,,,U-2012,,,
022264,002,9439906,,,,U-543,,,
022264,002,9439906,,,,U-1901,,,
022264,003,9439906,,,,U-543,,,
022264,004,9439906,,,,U-1901,,,
203137,002,7270800,,Y,Y,U-336,,,
200603,002,9259423,,,,U-1822,,,
200603,003,9259423,,,,U-1822,,,
202880,003,9610286,,,,U-1810,,,
209115,002,9861638,,,,U-2012,,,
201281,001,8846695,,,,U-1503,,,
207916,002,9561204,,,,U-1373,,,
208401,001,9616096,,,,U-3,,,
021660,001,9393318,,,,U-1290,,,
209115,002,8859562,,,,U-2273,,,
201281,002,8846695,,,,U-1503,,,
021660,001,9597409,,,,U-1290,,,
201280,001,8846695,,,,U-1503,,,
209115,002,8143241,,,,U-2012,,,
209115,003,8143241,,,,U-2273,,,
209115,003,8143241,,,,U-2012,,,
209531,001,9717750,,,,U-1942,,,
205552,001,8476284,,,,U-1650,,,
209115,003,9861638,,,,U-2273,,,
209115,003,8859562,,,,U-2273,,,
205552,001,8497277,,,,U-1491,,,
205552,001,8497277,,,,U-1946,,,
204485,001,9744209,,,,U-1857,,,
205787,001,9724471,,,Y,U-2092,,,
021964,002,9492445,,,Y,U-1185,,,
205649,005,8501698,,,Y,U-493,,,
205649,005,8685934,,,,U-1522,,,
207793,001,9717724,,,,U-2091,,,
209531,001,9717750,,,,U-2094,,,
209531,001,9717750,,,,U-2093,,,
208271,001,9492445,,,Y,U-1185,,,
209862,001,9724471,,,Y,U-2092,,,
207561,001,9296769,,Y,Y,U-257,,,
202811,002,8748573,,,,U-1516,,,
202880,003,9333201,,,,U-1810,,,
202880,004,9333201,,,,U-1810,,,
204824,006,8945063,,,Y,U-1442,,,
202811,001,8748573,,,,U-1515,,,
204824,007,8945063,,,Y,U-1442,,,
022081,001,9474752,,,,U-1754,,,
205858,002,9492449,,,,U-1914,,,
022081,002,9474752,,,,U-1754,,,
204824,008,8480631,,,Y,U-1442,,,
207865,001,8258132,,,Y,U-1916,,,
207793,001,9492442,,,,U-1917,,,
206488,001,9506058,,,,U-1918,,,
205787,001,9517307,,,Y,U-1925,,,
021978,001,9492384,,,Y,U-1412,,,
209862,001,9517307,,,Y,U-1925,,,
202992,001,6794410,,,,U-1285,,,
205103,002,9539214,,,,U-1902,,,
202992,002,6794410,,,,U-1285,,,
208780,003,8609701,,,,U-2067,,,
208780,003,8609701,,,,U-2068,,,
208780,003,7566729,,,,U-2078,,,
208794,001,7709493,,Y,,U-1979,,,
208794,001,7968559,,,,U-1979,,,
207960,002,9545399,,,Y,U-1827,,,
022249,002,9533955,,,Y,U-1952,,,
022249,001,9533955,,,Y,U-1952,,,
208799,002,9066957,,,Y,U-645,,,
208603,002,9044402,,,Y,U-1556,,,
208780,003,8013002,,,,U-2082,,,
208780,003,7816383,,,,U-2050,,,
208780,003,7767700,,,,U-2080,,,
022406,003,9539218,,,,U-1955,,,
022406,003,9539218,,,,U-1954,,,
206500,001,8404702,,,,U-1741,,,
208780,003,8648098,,,,U-2052,,,
208780,003,8592462,,,,U-2062,,,
208780,003,8592462,,,,U-2057,,,
208780,003,8592462,,,,U-2058,,,
211962,001,10188697,,,Y,U-282,,,
205108,001,10206895,,,Y,U-2096,,,
210493,001,10208073,,,,U-2301,,,
212038,002,10111839,,,,U-2357,,,
211962,003,10039804,,,Y,U-282,,,
212038,003,10111839,,,,U-2357,,,
210132,001,10206932,,,,U-2439,,,
050819,002,10220049,,,Y,U-916,,,
209410,001,10213393,,,,U-20,,,
209410,001,10213394,,,,U-2497,,,
211962,003,10188697,,,Y,U-282,,,
209410,002,10213394,,,,U-2497,,,
203441,001,9060992,,,,U-1320,,,
209410,003,10213394,,,,U-2497,,,
209410,003,10213393,,,,U-20,,,
211962,004,10188697,,,Y,U-282,,,
211962,001,10039804,,,Y,U-282,,,
212038,006,10111839,,,,U-2357,,,
207960,001,9295642,,,Y,U-1827,,,
208090,002,9737530,,,Y,U-1556,,,
208341,001,8921341,,Y,Y,U-1470,,,
208341,001,8575135,,Y,Y,U-1470,,,
208341,001,8735372,,,,U-1470,,,
208624,001,9139536,,,,U-1753,,,
208624,001,9044480,,,,U-1638,,,
208010,001,9408858,,,,U-1888,,,
208624,001,8466159,,,,U-1637,,,
208624,001,9006387,,,,U-1687,,,
208624,001,8501238,,Y,Y,U-1636,,,
022272,001,9492393,,,,U-1556,,,
022272,002,9492393,,,,U-1556,,,
022272,004,9492393,,,,U-1556,,,
206627,002,9492391,,,,U-1556,,,
206627,003,9492390,,,,U-1556,,,
206627,006,9492390,,,,U-1556,,,
022117,001,7741358,,Y,Y,U-1960,,,
202020,003,9504699,,,,U-1362,,,
022036,002,9486437,,,,U-620,,,
022117,001,7741358,,Y,Y,U-1064,,,
022272,005,9492393,,,,U-1556,,,
022272,007,9492391,,,,U-1556,,,
022117,002,7741358,,Y,Y,U-1963,,,
022117,002,7741358,,Y,Y,U-1064,,,
022117,003,7741358,,Y,Y,U-1966,,,
022572,001,9649428,,,,U-2095,,,
205552,001,8952015,,,,U-1650,,,
205552,001,8952015,,,,U-1491,,,
208090,004,9737530,,,Y,U-1556,,,
209203,001,9216179,,,,U-2104,,,
209203,001,8546437,,,,U-2104,,,
202880,002,9713611,,,Y,U-55,,,
202880,006,9713611,,,Y,U-55,,,
203752,002,9730900,,,,U-2086,,,
208912,001,10028965,,,,U-2340,,,
205552,001,9801881,,,,U-1491,,,
208194,001,10052385,,,,U-1972,,,
209203,002,8357713,,,Y,U-2104,,,
209776,001,9694025,,,,U-2120,,,
020866,001,9352025,,,,U-2111,,,
020866,001,9352025,,,,U-2113,,,
020866,001,9352025,,,,U-2117,,,
021529,001,9757552,,,Y,U-1,,,
022416,002,9750747,,,,U-2121,,,
022416,003,9750747,,,,U-2121,,,
022416,001,9750747,,,,U-2041,,,
204958,001,10039780,,,,U-2260,,,
022535,001,8383150,,,Y,U-2361,,,
207793,001,9364473,,,,U-1856,,,
203858,002,9364470,,,,U-1851,,,
203858,003,9364470,,,,U-1851,,,
203858,006,9364470,,,,U-1851,,,
203284,001,9561197,,,,U-1383,,,
203858,001,9433617,,,,U-1316,,,
206940,001,9364489,,,,U-1709,,,
206940,002,9364489,,,,U-1709,,,
208073,001,8168655,,,,U-1880,,,
207947,002,9284280,,,,U-1831,,,
207947,003,9284280,,,,U-1831,,,
204640,001,9295657,,,,U-1829,,,
020845,003,9265911,,,Y,U-1824,,,
020845,003,9295802,,,Y,U-1226,,,
207947,001,9284280,,,,U-1831,,,
207947,005,9284280,,,,U-1831,,,
207947,006,9284280,,,,U-1831,,,
204623,001,9370501,,,,U-1614,,,
203858,005,9433617,,,,U-1316,,,
202022,001,7125879,,Y,Y,U-1740,,,
206038,001,9192606,,,Y,U-1912,,,
206038,001,8716338,,,Y,U-1718,,,
206038,001,8324242,,,,U-1311,,,
206038,001,8324242,,,,U-1911,,,
050819,002,9504704,,,Y,U-134,,,
208464,001,8754065,,Y,Y,U-999,,,
050819,002,9504704,,,Y,U-818,,,
050819,002,9504704,,,Y,U-916,,,
208090,003,9682075,,,Y,U-1556,,,
021514,001,9668981,,,,U-2024,,,
208194,001,9597399,,,,U-1972,,,
208194,001,9597399,,,,U-1971,,,
021514,002,9668981,,,,U-2024,,,
209806,002,9439902,,,,U-2214,,,
209806,003,8080580,,Y,Y,U-2214,,,
209803,001,8080580,,Y,Y,U-2214,,,
203389,001,9198882,,,,U-1399,,,
203389,001,9192590,,,,U-1399,,,
203389,001,8026284,,,,U-1399,,,
203389,002,8026284,,,,U-1399,,,
203389,002,9192590,,,,U-1399,,,
203389,002,9198882,,,,U-1399,,,
208944,001,9867792,,,,U-2106,,,
209819,001,9827241,,,Y,U-2206,,,
209819,001,9827241,,,Y,U-2211,,,
209805,001,7326708,,Y,Y,U-2214,,,
209819,001,9827241,,,Y,U-2181,,,
209819,001,9827241,,,Y,U-2210,,,
209819,001,9782402,,,Y,U-2180,,,
209819,001,9782402,,,Y,U-2176,,,
209819,001,9782402,,,Y,U-2208,,,
209819,001,9272044,,,,U-2176,,,
209819,001,9272044,,,,U-2209,,,
209819,001,9272044,,,,U-2178,,,
209819,001,8975270,,,Y,U-2206,,,
209819,001,8921387,,,Y,U-2174,,,
209819,002,9827241,,,Y,U-2181,,,
209819,002,9827241,,,Y,U-2206,,,
209819,002,9827241,,,Y,U-2211,,,
209805,002,8080580,,Y,Y,U-2214,,,
209805,002,7326708,,Y,Y,U-2214,,,
208944,001,9867791,,,,U-2106,,,
209819,002,9782402,,,Y,U-2208,,,
209819,002,9782402,,,Y,U-2207,,,
209819,002,9272044,,,,U-2209,,,
208944,002,9867791,,,,U-2106,,,
209806,001,9439902,,,,U-2214,,,
209806,004,8080580,,Y,Y,U-2214,,,
209819,002,9272044,,,,U-2178,,,
209819,002,8921387,,,Y,U-2173,,,
209819,002,9498432,,,Y,U-2179,,,
209819,002,8975270,,,Y,U-2206,,,
022406,001,9539218,,,,U-1957,,,
204447,001,9861630,,,,U-1668,,,
204447,002,9861630,,,,U-1668,,,
204447,004,9861630,,,,U-1668,,,
205677,001,9855241,,,,U-2149,,,
202293,001,8906851,,,,U-2139,,,
202293,001,8329648,,,,U-2213,,,
202293,001,8329648,,,,U-2139,,,
202293,001,8461105,,,,U-2139,,,
202293,002,8329648,,,,U-2139,,,
202293,002,8431685,,,,U-2139,,,
202293,002,8461105,,,,U-2139,,,
202293,002,7456254,,,,U-2139,,,
208780,002,8592462,,,,U-2057,,,
205123,001,9856265,,Y,Y,U-1467,,,
208780,002,8592462,,,,U-2062,,,
208780,002,8592462,,,,U-2056,,,
208780,002,8592462,,,,U-2058,,,
208780,002,8592462,,,,U-2055,,,
208780,002,7566729,,,,U-2269,,,
208780,002,8648098,,,,U-2052,,,
208780,002,8648098,,,,U-2051,,,
208780,002,7816383,,,,U-2050,,,
209203,002,9956205,,,,U-2104,,,
207988,001,9956205,,,,U-2311,,,
205718,001,9943515,,,,U-2293,,,
209203,001,9956205,,,,U-2104,,,
211109,001,8796245,,,,U-2380,,,
202880,003,10028946,,,,U-1810,,,
202880,005,10028946,,,,U-1810,,,
210655,001,9186413,,,,U-543,,,
210913,001,8980839,,,Y,U-1483,,,
210655,002,10058554,,,,U-2363,,,
204026,002,8198262,,,,U-1360,,,
209521,001,8513223,,,,U-2406,,,
209521,001,9481639,,,,U-2409,,,
209521,002,8318706,,Y,Y,U-2405,,,
209521,002,9481639,,,,U-2409,,,
209521,003,9481639,,,,U-2409,,,
208401,001,10039800,,,,U-8,,,
208401,001,10039800,,,,U-1864,,,
210045,002,9662315,,,Y,U-2410,,,
205552,001,9795604,,,,U-2150,,,
206940,001,9789125,,,Y,U-2152,,,
206940,002,9789125,,,Y,U-1709,,,
202293,001,6515117,,Y,Y,U-493,,,
202293,001,8361972,,,,U-2139,,,
210563,001,8476284,,,,U-1946,,,
210563,001,9801883,,,,U-2159,,,
210563,001,9801883,,,,U-2243,,,
202293,002,8361972,,,,U-2139,,,
210563,001,9125889,,,,U-1650,,,
210563,001,9801881,,,,U-1491,,,
210563,001,8497277,,,,U-2242,,,
210563,001,8497277,,,,U-1650,,,
202293,002,6515117,,Y,Y,U-2139,,,
208399,001,8470842,,,,U-1741,,,
208399,001,9101615,,,,U-1741,,,
202833,002,9820959,,,Y,U-1440,,,
208399,001,7981905,,,,U-1741,,,
208399,001,8404702,,,,U-1741,,,
210259,001,9796721,,Y,Y,U-2145,,,
210563,001,8703780,,,,U-1491,,,
210563,002,8497277,,,,U-1946,,,
210563,002,8497277,,,,U-2242,,,
210563,002,8497277,,,,U-1491,,,
210563,002,9801883,,,,U-2243,,,
210563,002,9801883,,,,U-2159,,,
210563,002,8703780,,,,U-2242,,,
210563,002,9125889,,,,U-1650,,,
210563,002,8999999,,,,U-2242,,,
210563,002,8999999,,,,U-2241,,,
210563,002,8999999,,,,U-1946,,,
210563,002,9801881,,,,U-1491,,,
210563,002,8952015,,,,U-1946,,,
210563,002,8952015,,,,U-2242,,,
210563,002,8952015,,,,U-2241,,,
210563,002,8476284,,,,U-2241,,,
210563,002,8476284,,,,U-1650,,,
210563,002,8476284,,,,U-1946,,,
210563,003,8999999,,,,U-2242,,,
210563,003,8999999,,,,U-2241,,,
210563,003,8999999,,,,U-1491,,,
210563,003,8497277,,,,U-2241,,,
210563,003,8497277,,,,U-1650,,,
210563,003,9801881,,,,U-2242,,,
210563,003,8952015,,,,U-2241,,,
210563,003,9125889,,,,U-1650,,,
210563,003,8476284,,,,U-2241,,,
210563,004,9125889,,,,U-1650,,,
210491,001,9670163,,,Y,U-2246,,,
210491,001,8629162,,,,U-2247,,,
210563,001,8952015,,,,U-1491,,,
210563,001,8952015,,,,U-2241,,,
210563,001,8952015,,,,U-2242,,,
210563,004,8952015,,,,U-1456,,,
210563,004,8952015,,,,U-1947,,,
210563,004,8703780,,,,U-1491,,,
210563,004,8497277,,,,U-2242,,,
210563,004,8497277,,,,U-1491,,,
210563,004,8476284,,,,U-1650,,,
210563,004,8476284,,,,U-1456,,,
210563,004,9801881,,,,U-1491,,,
210563,004,8999999,,,,U-1946,,,
210563,004,8999999,,,,U-1491,,,
204063,001,8399514,,,,U-1384,,,
209360,001,9220745,,,,U-2218,,,
209360,001,9220745,,,,U-2217,,,
209360,002,9220745,,,,U-2217,,,
209360,002,9220745,,,,U-2218,,,
208694,001,9993471,,,,U-1680,,,
206038,002,9931334,,,Y,U-2276,,,
207202,002,9125939,,,,U-1749,,,
207202,002,8759350,,,,U-1529,,,
207202,003,9125939,,,,U-1749,,,
207202,003,8759350,,,,U-1529,,,
207202,004,9125939,,,,U-1749,,,
207202,005,8759350,,,,U-1529,,,
207202,006,8759350,,,,U-1529,,,
208716,002,7855211,,Y,Y,U-2135,,,
205437,002,9872854,,,,U-2232,,,
205437,002,9872854,,,,U-2233,,,
205437,003,9872854,,,,U-2232,,,
209410,002,8574626,,,Y,U-20,,,
209410,003,8574626,,,Y,U-20,,,
208716,004,7855211,,Y,Y,U-1981,,,
209299,001,9283238,,,,U-2294,,,
209299,002,7989448,,Y,,U-2294,,,
209299,002,9266912,,,,U-2294,,,
209299,002,9283238,,,,U-2294,,,
210493,001,8895586,,,,U-2301,,,
202611,001,8772315,,,,U-2300,,,
205552,001,10004746,,,,U-2242,,,
205552,001,10004746,,,,U-2241,,,
205552,002,10004746,,,,U-2242,,,
205552,002,10004746,,,,U-1946,,,
210563,001,10004746,,,,U-1946,,,
210563,002,10004746,,,,U-1684,,,
210563,002,10004746,,,,U-2241,,,
210563,004,10004746,,,,U-1946,,,
210563,004,10004746,,,,U-2241,,,
210455,001,8754065,,Y,Y,U-2352,,,
205677,001,RE46604,,,,U-2147,,,
207795,001,8058467,,Y,,U-2144,,,
208745,001,9610321,,,,U-1999,,,
207960,002,9844544,,,Y,U-2203,,,
208944,001,9877933,,,,U-2224,,,
209637,001,8129343,,Y,Y,U-2202,,,
209360,001,9867863,,,,U-2231,,,
208254,001,8450344,,Y,Y,U-1524,,,
020866,001,9700555,,,Y,U-2190,,,
020866,001,9700555,,,Y,U-2194,,,
020866,001,9700555,,,Y,U-2188,,,
020866,001,9700555,,,Y,U-2184,,,
020866,001,9700555,,,Y,U-2191,,,
020866,001,9700555,,,Y,U-2187,,,
210251,001,9296769,,Y,Y,U-257,,,
210303,001,9688711,,Y,,U-2328,,,
209963,001,10016407,,,,U-2329,,,
205103,002,9987231,,,,U-2324,,,
206073,002,9949998,,,,U-2290,,,
022517,001,9974826,,,,U-2326,,,
201281,002,10022379,,,,U-2339,,,
208026,001,10022379,,,,U-2339,,,
205552,001,10016435,,,,U-1650,,,
208051,001,10035788,,,,U-2043,,,
022517,002,9974826,,,,U-2327,,,
205422,001,9839637,,,Y,U-1529,,,
205422,002,9839637,,,Y,U-543,,,
205422,003,9839637,,,Y,U-1529,,,
205422,003,9839637,,,Y,U-543,,,
205422,004,9839637,,,Y,U-1529,,,
205422,005,9839637,,,Y,U-543,,,
205422,006,9839637,,,Y,U-543,,,
211358,001,8324242,,,,U-2374,,,
209092,001,8962630,,,,U-1981,,,
209092,001,8962630,,,,U-2356,,,
209092,001,8962630,,,,U-2355,,,
209092,001,9868739,,,,U-2355,,,
209092,001,9868739,,,,U-2356,,,
209092,001,9416136,,,,U-2355,,,
209092,001,9416136,,,,U-2356,,,
208780,003,8383150,,,Y,U-2361,,,
204026,001,8198262,,,,U-2254,,,
211358,001,7973038,,,,U-2374,,,
211358,001,9931334,,,Y,U-2376,,,
211358,001,8741933,,,,U-2374,,,
208623,001,9987263,,,,U-2371,,,
204026,003,8198262,,,,U-2254,,,
204026,003,8198262,,,,U-1360,,,
211358,002,8716338,,,Y,U-2396,,,
211358,001,8846718,,,,U-2375,,,
211358,001,9150552,,,,U-2375,,,
211358,002,9670163,,,Y,U-2376,,,
208623,001,9480682,,,,U-2371,,,
209483,001,10064875,,,Y,U-88,,,
209483,001,10064875,,,Y,U-1858,,,
210361,001,10052267,,,Y,U-2398,,,
211358,001,8716338,,,Y,U-2396,,,
208623,001,9999618,,,,U-2373,,,
210361,001,8859610,,,Y,U-2398,,,
210498,001,9980944,,,,U-2334,,,
210498,001,10005761,,,,U-2331,,,
210498,001,9314464,,,,U-2332,,,
208780,001,8383150,,,Y,U-2361,,,
209311,002,9028868,,,,U-2357,,,
209311,002,9034902,,,,U-2357,,,
209311,004,8916588,,,,U-2357,,,
209311,004,9603809,,,,U-2357,,,
209311,005,9028868,,,,U-2357,,,
020866,001,9993474,,,,U-2393,,,
020866,001,9993474,,,,U-2385,,,
020866,001,9993474,,,,U-2391,,,
207233,001,9808468,,,,U-2165,,,
022036,001,9861607,,,,U-620,,,
200603,001,9827242,,,,U-2199,,,
203415,001,8183274,,,,U-1281,,,
210496,001,9314464,,,,U-2336,,,
200603,002,9827242,,,,U-2201,,,
203858,002,9861622,,,,U-1316,,,
202429,001,8470818,,,,U-2164,,,
200603,003,9827242,,,,U-2199,,,
200603,005,9827242,,,,U-2199,,,
207561,001,9891239,,,Y,U-257,,,
209963,001,9867815,,,,U-2225,,,
209963,001,9867815,,,,U-2226,,,
203858,006,9861622,,,,U-1316,,,
208010,001,9943530,,,,U-2274,,,
203312,002,9901640,,,Y,U-219,,,
020866,001,9895422,,,,U-2285,,,
208692,001,10039757,,,,U-1480,,,
205552,001,8563563,,,,U-1946,,,
205552,002,8563563,,,,U-2219,,,
205552,002,8563563,,,,U-1946,,,
205552,002,8563563,,,,U-1650,,,
210922,001,8802644,,,Y,U-2378,,,
210922,001,8822668,,,Y,U-2378,,,
210922,001,8158601,,,Y,U-2378,,,
210563,001,8563563,,,,U-1650,,,
205552,002,8952015,,,,U-1650,,,
205552,002,8952015,,,,U-1946,,,
205552,002,9801881,,,,U-1491,,,
205552,002,8497277,,,,U-1946,,,
205552,002,8497277,,,,U-1491,,,
205552,002,8999999,,,,U-2228,,,
205552,002,8999999,,,,U-1491,,,
210563,001,8563563,,,,U-1946,,,
205552,002,9540382,,,,U-1491,,,
205552,002,9540382,,,,U-1946,,,
205552,002,8703780,,,,U-1491,,,
205552,002,8476284,,,,U-1946,,,
205552,002,9801883,,,,U-2159,,,
205552,002,9125889,,,,U-1650,,,
203858,001,9861622,,,,U-1316,,,
210922,001,8168775,,Y,Y,U-2378,,,
210496,001,8541575,,Y,Y,U-2335,,,
210496,002,10005761,,,,U-2335,,,
020866,001,9895422,,,,U-2282,,,
203389,001,9925158,,Y,Y,U-1399,,,
205739,002,9925212,,,,U-1766,,,
020866,001,9895422,,,,U-2287,,,
020866,001,9895422,,,,U-2116,,,
203389,001,9925157,,Y,Y,U-1399,,,
204958,001,9925265,,,,U-2260,,,
020866,001,9895422,,,,U-2114,,,
020866,001,9895422,,,,U-2284,,,
020866,001,9895422,,,,U-2286,,,
209661,001,9937132,,,Y,U-1382,,,
205739,003,9925212,,,,U-1766,,,
203389,002,9925158,,Y,Y,U-1399,,,
208658,003,9949998,,,,U-2290,,,
204629,001,9949998,,,,U-2290,,,
204629,002,9949998,,,,U-2290,,,
204629,002,9949997,,,,U-2292,,,
203415,001,9126941,,,,U-2345,,,
203415,001,9126941,,,,U-1588,,,
205029,001,10039728,,,,U-1828,,,
210496,002,9314464,,,,U-2336,,,
210496,002,9763941,,,,U-2335,,,
210496,002,9850230,,,,U-2334,,,
210496,002,8541575,,Y,Y,U-2335,,,
208065,002,9732058,,Y,Y,U-1777,,,
208090,002,9968598,,,Y,U-1556,,,
208090,005,9968598,,,Y,U-1556,,,
208065,001,9732058,,Y,Y,U-1777,,,
210563,002,8563563,,,,U-1491,,,
210563,003,8563563,,,,U-2242,,,
210563,003,8563563,,,,U-1650,,,
208144,001,8293742,,,,U-2222,,,
204114,002,8835443,,,,U-2037,,,
022068,002,8389537,,,,U-1374,,,
022068,002,8415363,,Y,Y,U-1407,,,
204308,001,9968553,,,,U-71,,,
204308,001,9968553,,,,U-3,,,
204114,003,8835443,,,,U-2037,,,
204114,003,8835443,,,,U-1582,,,
204114,003,8835443,,,,U-2020,,,
204447,001,9125908,,,,U-2309,,,
204308,001,9968553,,,,U-1892,,,
204308,001,9968553,,,,U-185,,,
204114,003,8835443,,,,U-1581,,,
202806,001,8835443,,,,U-2027,,,
202806,001,8835443,,,,U-2298,,,
202806,001,8835443,,,,U-2026,,,
202806,001,9233956,,,,U-2032,,,
202806,001,9233956,,,,U-2296,,,
202806,001,7994185,,Y,Y,U-2296,,,
202806,001,7994185,,Y,Y,U-2032,,,
202806,001,7994185,,Y,Y,U-1406,,,
204447,003,9125908,,,,U-2309,,,
204447,003,9125909,,,,U-2309,,,
204447,004,9125909,,,,U-2309,,,
207202,001,8945005,,,Y,U-2167,,,
207202,001,8956288,,,Y,U-2167,,,
202806,001,8703781,,Y,Y,U-2296,,,
202806,001,8703781,,Y,Y,U-1713,,,
207202,001,8547248,,,Y,U-2167,,,
207202,002,8945005,,,Y,U-2167,,,
207202,002,9268909,,,Y,U-2168,,,
202806,001,8415345,,Y,Y,U-2032,,,
202806,001,8415345,,Y,Y,U-2031,,,
207202,002,8547248,,,Y,U-2167,,,
202806,001,8415345,,Y,Y,U-1406,,,
202806,002,8415345,,Y,Y,U-1406,,,
202806,002,8415345,,Y,Y,U-2031,,,
202806,002,8415345,,Y,Y,U-2032,,,
202806,002,8415345,,Y,Y,U-2296,,,
207202,002,8674825,,,Y,U-2170,,,
207202,003,8956288,,,Y,U-2167,,,
207202,003,8547248,,,Y,U-2167,,,
207202,003,8847766,,,Y,U-2167,,,
202806,002,8703781,,Y,Y,U-1713,,,
202806,002,8703781,,Y,Y,U-2298,,,
202806,002,8835443,,,,U-2027,,,
207202,003,9444503,,,Y,U-2169,,,
202806,002,8835443,,,,U-2298,,,
207202,004,8547248,,,Y,U-2167,,,
202806,002,8835443,,,,U-2026,,,
207202,004,9444503,,,Y,U-2169,,,
202806,002,9233956,,,,U-1811,,,
207202,004,8674825,,,Y,U-2170,,,
202806,002,9233956,,,,U-2296,,,
202806,002,7994185,,Y,Y,U-2296,,,
207202,004,9268909,,,Y,U-2168,,,
202806,002,7994185,,Y,Y,U-2032,,,
207202,005,8847766,,,Y,U-2167,,,
207202,005,8674825,,,Y,U-2170,,,
202806,002,7994185,,Y,Y,U-1406,,,
207202,005,9444503,,,Y,U-2169,,,
207202,005,8547248,,,Y,U-2167,,,
204114,001,8835443,,,,U-2305,,,
204114,001,8835443,,,,U-2302,,,
204114,001,8835443,,,,U-1582,,,
204114,001,8835443,,,,U-2037,,,
207202,006,8945005,,,Y,U-2167,,,
207202,006,8547248,,,Y,U-2167,,,
207202,006,8956288,,,Y,U-2167,,,
208686,001,9808442,,,,U-71,,,
208686,001,9808442,,,,U-1723,,,
208686,001,9808442,,,,U-185,,,
210563,004,8563563,,,,U-1491,,,
208065,001,8946235,,Y,Y,U-1777,,,
208010,001,9925147,,,Y,U-2258,,,
204447,002,9125910,,,,U-2309,,,
206333,001,9949986,,,,U-1940,,,
204447,001,9125910,,,,U-2309,,,
208090,002,10004729,,,Y,U-1556,,,
208090,001,10004729,,,Y,U-1556,,,
208090,003,10004729,,,Y,U-1556,,,
209483,001,9956231,,,Y,U-88,,,
209381,001,9326969,,,,U-2310,,,
209830,001,8796276,,,,U-543,,,
210563,003,8563563,,,,U-2241,,,
203858,002,10016404,,,,U-1316,,,
022450,001,9987238,,,,U-2261,,,
208623,001,10076514,,,,U-2371,,,
211155,001,9840505,,,,U-2413,,,
211155,002,9216982,,,,U-2413,,,
203858,005,10016404,,,,U-1316,,,
209360,001,10028995,,,,U-2338,,,
211155,002,9840505,,,,U-2412,,,
210563,002,10016435,,,,U-1650,,,
205580,001,9572796,,,Y,U-1971,,,
205580,001,9572796,,,Y,U-1972,,,
205580,001,8609707,,,Y,U-1971,,,
210563,004,10016435,,,,U-1650,,,
209241,002,10065952,,Y,Y,U-1995,,,
209863,001,9950125,,,Y,U-2418,,,
208341,001,10086011,,,,U-1470,,,
021196,001,9486426,,,,U-1532,,,
206099,001,10076615,,,,U-2011,,,
206099,001,10076615,,,,U-2010,,,
209863,003,9950125,,,Y,U-2418,,,
207356,001,7718189,,,Y,U-2415,,,
207356,001,8679532,,,,U-2415,,,
207356,001,9566234,,,Y,U-2415,,,
207356,001,8632804,,,,U-2416,,,
021196,001,9050302,,,,U-1532,,,
021196,001,8772306,,,,U-1532,,,
204671,001,7964580,,Y,Y,U-1470,,,
209606,001,10093654,,Y,Y,U-2087,,,
209606,002,10093654,,Y,Y,U-2087,,,
022468,001,7622470,,,,U-1015,,,
022474,001,8426392,,,,U-1389,,,
021539,001,8653061,,,,U-1373,,,
022321,003,8685443,,,,U-1508,,,
202293,002,8501698,,,Y,U-493,,,
208277,001,6949571,,Y,Y,U-2428,,,
208277,001,6949571,,Y,Y,U-2088,,,
208277,001,6949571,,Y,Y,U-2089,,,
208277,001,6949571,,Y,Y,U-106,,,
022348,002,8735452,,,,U-981,,,
205436,001,8420676,,Y,Y,U-282,,,
021964,001,8822490,,,Y,U-1185,,,
202788,001,8835460,,,Y,U-55,,,
022525,002,8039009,,,,U-539,,,
022249,001,8791270,,,Y,U-1542,,,
022272,002,8808741,,,,U-1556,,,
022272,006,8808741,,,,U-1556,,,
208686,001,10154987,,,,U-3,,,
208686,001,10154987,,,,U-1892,,,
208686,001,10154987,,,,U-185,,,
211651,001,9820985,,,,U-2437,,,
211651,002,9820985,,,,U-2437,,,
209816,001,10111890,,,,U-2444,,,
209128,001,8778393,,,,U-1351,,,
209128,001,9320710,,,,U-1351,,,
209128,001,8202535,,,,U-1351,,,
209128,001,8226978,,,Y,U-1351,,,
209128,001,8865743,,,,U-1351,,,
209128,001,8865211,,,,U-1351,,,
204447,002,7144884,,Y,Y,U-1439,,,
204447,003,7144884,,Y,Y,U-1439,,,
210365,001,10111840,,,,U-2443,,,
208658,002,10258637,,,,U-2290,,,
209819,001,10198218,,,,U-2489,,,
211243,001,8785500,,,,U-2502,,,
206940,001,10213415,,Y,,U-2152,,,
209819,002,10198218,,,,U-2489,,,
208400,001,10231927,,,,U-1699,,,
211243,001,9592207,,,,U-2502,,,
207981,001,RE46284,,,,U-2503,,,
207981,001,RE46284,,,,U-1751,,,
209115,001,10130636,,,,U-2273,,,
209115,001,10130636,,,,U-2101,,,
207946,002,10143693,,,,U-2457,,,
207946,002,10143693,,,,U-2458,,,
207981,002,RE46284,,,,U-1751,,,
207533,003,10226458,,,,U-543,,,
208653,002,9132125,,Y,Y,U-2249,,,
207533,004,10238651,,,,U-2402,,,
207533,004,10226458,,,,U-543,,,
206143,001,7867996,,Y,Y,U-1694,,,
206143,001,7361649,,Y,Y,U-1694,,,
206143,001,7879842,,Y,Y,U-1694,,,
206143,002,7361649,,Y,Y,U-1694,,,
206143,002,7879842,,Y,Y,U-1694,,,
207533,001,10238651,,,,U-2402,,,
212038,001,10292939,,,Y,U-2357,,,
212038,003,10292939,,,Y,U-2357,,,
208742,001,8563027,,,,U-2487,,,
212038,004,10292939,,,Y,U-2357,,,
206089,001,8492369,,,Y,U-2506,,,
022036,002,10238620,,,,U-620,,,
206089,002,8241664,,,Y,U-2506,,,
209884,002,8492441,,,,U-2511,,,
208658,004,10258637,,,,U-2290,,,
206111,004,10258637,,,,U-2290,,,
209115,002,10130636,,,,U-2101,,,
207027,001,7547719,,Y,Y,U-1575,,,
207027,001,7547719,,Y,Y,U-1736,,,
209964,001,7867996,,Y,Y,U-1694,,,
207027,002,7547719,,Y,Y,U-2452,,,
207027,002,7547719,,Y,Y,U-1736,,,
204629,001,10258637,,,,U-2290,,,
206073,001,10258637,,,,U-2290,,,
208944,001,10154971,,,,U-2459,,,
208944,002,10154971,,,,U-2459,,,
207946,001,10143693,,,,U-2458,,,
204114,001,8703781,,Y,Y,U-2305,,,
204114,002,8703781,,Y,Y,U-2302,,,
204114,003,8703781,,Y,Y,U-2037,,,
205060,001,10117844,,,,U-2447,,,
210598,001,7491736,,,,U-2440,,,
210598,001,7521041,,,,U-2440,,,
210598,001,10106503,,,,U-2440,,,
205787,001,10143972,,,,U-2476,,,
209935,001,8962630,,,,U-2505,,,
205677,001,10149829,,,,U-2477,,,
202107,001,10166243,,,,U-1643,,,
208558,001,8143241,,,,U-2482,,,
209935,001,9416136,,,,U-2505,,,
209091,002,8501698,,,Y,U-493,,,
203341,001,7417148,,,,U-1283,,,
203341,002,7417148,,,,U-1283,,,
208558,001,8143241,,,,U-2480,,,
208558,002,8859562,,,,U-2101,,,
208558,002,8859562,,,,U-2482,,,
209091,002,6515117,,Y,Y,U-493,,,
206494,001,7112592,,Y,Y,U-2508,,,
208558,002,8143241,,,,U-2480,,,
208558,002,8143241,,,,U-2482,,,
206494,001,7112592,,Y,Y,U-2244,,,
207356,001,10251900,,,,U-2414,,,
209091,002,8361972,,,,U-493,,,
210874,001,6515117,,Y,Y,U-493,,,
210874,002,6515117,,Y,Y,U-493,,,
210874,002,8501698,,,Y,U-493,,,
208558,001,8859562,,,,U-2101,,,
208558,001,8859562,,,,U-2483,,,
210874,003,8501698,,,Y,U-493,,,
210874,004,6515117,,Y,Y,U-493,,,
209091,001,8501698,,,Y,U-1976,,,
209091,001,8501698,,,Y,U-1977,,,
207925,001,8354427,,,,U-1311,,,
207925,001,8354427,,,,U-2528,,,
022561,001,7713947,,,,U-2520,,,
206185,001,9539262,,,,U-2400,,,
208573,002,9539251,,,,U-2538,,,
211192,001,9850277,,Y,Y,U-2534,,,
209394,001,10039754,,,,U-2141,,,
211192,001,9850277,,Y,Y,U-2350,,,
211192,001,9474779,,Y,Y,U-2534,,,
209394,001,8648037,,Y,Y,U-2141,,,
209091,001,8361972,,,,U-1977,,,
211192,001,9474779,,Y,Y,U-2533,,,
207925,001,8629162,,,,U-2529,,,
207925,001,8324242,,,,U-1906,,,
207925,001,9670163,,,Y,U-1311,,,
211321,001,9687495,,,Y,U-2526,,,
208573,003,9539251,,,,U-2538,,,
205787,001,10322239,,,,U-1907,,,
207925,002,8629162,,,,U-2234,,,
207925,002,8324242,,,,U-1311,,,
207925,002,8324242,,,,U-2527,,,
207925,003,8629162,,,,U-2234,,,
207925,003,8324242,,,,U-1311,,,
207925,003,8354427,,,,U-1311,,,
210326,001,9271990,,,Y,U-2540,,,
209311,003,10292937,,,,U-2357,,,
209311,001,10292937,,,,U-2357,,,
022433,002,10300065,,,,U-2541,,,
204370,001,7737142,,Y,Y,U-2544,,,
204370,001,7737142,,Y,Y,U-2545,,,
204370,001,RE47350,,,,U-1750,,,
204370,002,7737142,,Y,Y,U-2545,,,
204370,002,7737142,,Y,Y,U-2544,,,
204370,003,7737142,,Y,Y,U-1750,,,
204370,004,7737142,,Y,Y,U-2543,,,
205474,001,9808431,,Y,Y,U-2023,,,
210132,001,8846649,,,Y,U-2439,,,
210132,001,8846648,,,,U-2439,,,
210132,001,9114146,,,Y,U-2439,,,
207533,001,10112903,,Y,,U-543,,,
209830,001,10112903,,Y,,U-543,,,
207533,003,10112903,,Y,,U-543,,,
207533,004,10112903,,Y,,U-543,,,
209501,001,10022447,,,,U-2137,,,
209501,001,8945620,,,Y,U-2136,,,
209501,002,8945620,,,Y,U-2137,,,
209501,002,8945620,,,Y,U-2136,,,
209501,002,10022447,,,,U-2137,,,
209501,002,10022447,,,,U-2136,,,
209501,003,10022447,,,,U-2137,,,
208090,001,10188644,,,Y,U-1556,,,
208090,003,10188644,,,Y,U-1556,,,
208090,004,10188644,,,Y,U-1556,,,
208090,005,10188644,,,Y,U-1556,,,
203505,001,8236861,,,,U-905,,,
203505,001,8236861,,,,U-1369,,,
208079,001,10179137,,,Y,U-1858,,,
205410,001,8987262,,,,U-1988,,,
021880,004,8741929,,,,U-1983,,,
021880,005,8741929,,,,U-1983,,,
022291,001,8828430,,,Y,U-2451,,,
022291,001,7547719,,Y,Y,U-2451,,,
022291,001,7547719,,Y,Y,U-2452,,,
022291,003,8828430,,,Y,U-2451,,,
022291,004,8828430,,,Y,U-1306,,,
210884,001,9211282,,,Y,U-1719,,,
210565,001,9056057,,,Y,U-2491,,,
210884,001,8440631,,,Y,U-1719,,,
208564,001,10258630,,,,U-2316,,,
208564,002,10258630,,,,U-2316,,,
200063,001,10231964,,,,U-1583,,,
021978,001,8460641,,,Y,U-1412,,,
202450,001,10085974,,,Y,U-2513,,,
208462,001,8871745,,,,U-2434,,,
208462,001,9175017,,,,U-2434,,,
202880,002,10092559,,,,U-55,,,
202880,003,10092559,,,,U-55,,,
202880,005,10092559,,,,U-55,,,
202880,006,10092559,,,,U-55,,,
208462,001,8003819,,Y,Y,U-2434,,,
208462,002,7442830,,Y,Y,U-2434,,,
208462,002,8530694,,Y,Y,U-2434,,,
208462,003,8871745,,,,U-2434,,,
208462,003,9175017,,,,U-2434,,,
208462,003,8003819,,Y,Y,U-2434,,,
208462,003,7442830,,Y,Y,U-2434,,,
209817,001,10124014,,,,U-2449,,,
208259,001,9993470,,Y,Y,U-1524,,,
207071,001,10117812,,,Y,U-1796,,,
204353,001,7943582,,Y,Y,U-493,,,
204353,001,8513202,,Y,Y,U-2441,,,
204353,002,8513202,,Y,Y,U-493,,,
204353,002,8222219,,,,U-2441,,,
204353,002,7943582,,Y,Y,U-2441,,,
204353,003,8222219,,,,U-2441,,,
204353,003,8222219,,,,U-493,,,
204353,003,8513202,,Y,Y,U-493,,,
204353,003,7943582,,Y,Y,U-493,,,
204353,004,8222219,,,,U-493,,,
204353,004,7943582,,Y,Y,U-493,,,
204353,004,8513202,,Y,Y,U-493,,,
204353,004,8513202,,Y,Y,U-2441,,,
205879,001,8513202,,Y,Y,U-493,,,
205879,001,8513202,,Y,Y,U-2441,,,
205879,001,8222219,,,,U-2441,,,
205879,001,8222219,,,,U-493,,,
205879,001,7943582,,Y,Y,U-493,,,
205879,001,7943582,,Y,Y,U-2441,,,
205879,002,8513202,,Y,Y,U-2441,,,
205879,002,8222219,,,,U-2441,,,
204042,001,8513202,,Y,Y,U-493,,,
204042,001,8513202,,Y,Y,U-2441,,,
204042,001,8222219,,,,U-493,,,
204042,001,8222219,,,,U-2441,,,
204042,001,7943582,,Y,Y,U-2441,,,
204042,002,8222219,,,,U-493,,,
204042,002,7943582,,Y,Y,U-493,,,
204042,002,8513202,,Y,Y,U-493,,,
205879,003,8222219,,,,U-493,,,
205879,003,8513202,,Y,Y,U-493,,,
205879,003,8513202,,Y,Y,U-2441,,,
205879,003,7943582,,Y,Y,U-2441,,,
205879,003,7943582,,Y,Y,U-493,,,
205879,004,8222219,,,,U-493,,,
205879,004,7943582,,Y,Y,U-2441,,,
204353,001,8222219,,,,U-2441,,,
204353,001,8222219,,,,U-493,,,
206099,001,10124132,,,Y,U-2010,,,
208054,001,10124079,,,,U-2450,,,
204447,003,9278096,,,,U-2436,,,
204447,004,9278096,,,,U-2436,,,
202107,001,10151763,,,,U-1643,,,
210365,001,10137095,,,,U-2454,,,
209203,002,10183012,,,,U-2104,,,
207988,001,10183012,,,,U-2311,,,
203284,001,10183003,,,,U-1816,,,
203284,001,10183002,,,,U-1816,,,
203284,001,10183004,,,,U-1816,,,
022483,001,10238645,,,,U-172,,,
022483,001,10238645,,,,U-1455,,,
209862,001,10143792,,,,U-2476,,,
208259,001,9931336,,Y,Y,U-1524,,,
208065,002,10183020,,,Y,U-1777,,,
208692,002,10034873,,,,U-2488,,,
211580,001,8647605,,,,U-2468,,,
211580,001,9421280,,,,U-2466,,,
211580,001,8406860,,,,U-2463,,,
211710,001,10047097,,,,U-2474,,,
211710,001,8865698,,,,U-2469,,,
211710,001,10005783,,,,U-2472,,,
203389,002,10143665,,,,U-1399,,,
210861,001,10047097,,,,U-2474,,,
210861,002,9447104,,,,U-2470,,,
208692,003,10034873,,,,U-2488,,,
207078,002,9913860,,Y,,U-2312,,,
202810,002,9119791,,,,U-2041,,,
202810,003,7910131,,,,U-2041,,,
208259,001,10174017,,Y,Y,U-1524,,,
210259,001,10272083,,,,U-2519,,,
205934,001,9763880,,,,U-2560,,,
205934,001,9763880,,,,U-2564,,,
205934,001,9763880,,,,U-2559,,,
205934,001,9763880,,,,U-2558,,,
205934,002,9763880,,,,U-2561,,,
205934,002,9763880,,,,U-2562,,,
205934,002,9763880,,,,U-2564,,,
205934,002,9763880,,,,U-2560,,,
205934,002,9763880,,,,U-2563,,,
205934,003,9763880,,,,U-2563,,,
205934,003,9763880,,,,U-2559,,,
205934,003,9763880,,,,U-2558,,,
205934,003,9763880,,,,U-2562,,,
209449,002,10328029,,,Y,U-1836,,,
209360,001,9572856,,,,U-2221,,,
211929,001,9707182,,,Y,U-2554,,,
211929,002,10172802,,,,U-2554,,,
211929,002,9707182,,,Y,U-2554,,,
209449,003,10328029,,,Y,U-1836,,,
209360,001,10335451,,,,U-2581,,,
209531,001,10266822,,,,U-1944,,,
209531,001,10266822,,,,U-1942,,,
208573,001,9174982,,,,U-2537,,,
208573,001,9174982,,,,U-2445,,,
208573,001,9174982,,,,U-2323,,,
208573,002,9174982,,,,U-2323,,,
208573,002,9174982,,,,U-2537,,,
208573,002,9174982,,,,U-2446,,,
208573,003,9174982,,,,U-2537,,,
208573,003,9174982,,,,U-2445,,,
203565,001,7754702,,,,U-1432,,,
209195,001,7964580,,Y,Y,U-2039,,,
209195,001,7964580,,Y,Y,U-2040,,,
212306,001,9079865,,,,U-2584,,,
209195,001,8618076,,Y,Y,U-2040,,,
209195,001,9085573,,Y,Y,U-2040,,,
209195,001,9085573,,Y,Y,U-2039,,,
209195,001,8334270,,Y,Y,U-2040,,,
205122,002,10363224,,,,U-766,,,
205122,003,10363224,,,,U-766,,,
205122,004,10363224,,,,U-766,,,
204671,001,8334270,,Y,Y,U-1470,,,
204671,001,8618076,,Y,Y,U-1470,,,
204671,001,8633309,,Y,Y,U-1470,,,
204671,001,9085573,,Y,Y,U-1470,,,
204671,001,8580765,,Y,Y,U-1470,,,
205834,001,9511056,,,Y,U-1470,,,
205834,001,10039779,,Y,Y,U-2369,,,
205834,001,9393256,,,,U-1470,,,
205834,001,8841278,,,Y,U-1470,,,
205834,001,8822430,,Y,Y,U-1470,,,
205834,001,8633309,,Y,Y,U-1470,,,
205834,001,8580765,,Y,Y,U-1470,,,
205834,001,8889159,,,Y,U-1470,,,
205834,001,8735372,,,,U-1470,,,
205834,001,7964580,,Y,Y,U-1470,,,
208341,001,8889159,,,Y,U-1470,,,
208341,001,8633309,,Y,Y,U-1470,,,
208341,001,7964580,,Y,Y,U-1470,,,
209195,001,8889159,,Y,Y,U-2040,,,
209195,001,9284342,,Y,Y,U-2040,,,
209195,001,9284342,,Y,Y,U-2039,,,
209195,001,8580765,,Y,Y,U-2040,,,
209195,001,8580765,,Y,Y,U-2039,,,
020832,005,7422388,,,Y,U-1397,,,
203389,001,10328037,,,,U-1399,,,
211367,001,10179140,,,,U-2553,,,
207078,002,10300087,,Y,,U-2312,,,
201635,001,10314790,,,Y,U-1675,,,
201635,002,10314790,,,Y,U-1992,,,
201635,003,10314790,,,Y,U-1992,,,
201635,003,10314790,,,Y,U-1675,,,
201635,004,10314790,,,Y,U-1992,,,
207078,001,10300087,,Y,,U-2312,,,
210491,001,10239867,,Y,Y,U-2569,,,
210491,001,10022352,,,Y,U-2573,,,
210491,001,10022352,,,Y,U-2343,,,
210491,001,9974781,,,Y,U-2318,,,
210491,002,8598181,,,,U-2246,,,
210491,002,8324242,,,,U-2246,,,
210491,002,9670163,,,Y,U-2246,,,
210491,002,8415387,,,,U-2246,,,
210491,001,9931334,,,Y,U-2575,,,
210491,001,9931334,,,Y,U-2275,,,
020845,002,8282966,,,,U-1286,,,
020845,002,8293284,,,,U-1286,,,
020845,003,8291904,,,Y,U-1226,,,
201688,001,8664187,,,,U-909,,,
206829,001,9724353,,,,U-2565,,,
201688,001,8869794,,,Y,U-909,,,
206829,001,10028963,,,,U-2566,,,
209816,001,9724358,,,,U-1569,,,
208799,004,9415008,,,Y,U-645,,,
208799,005,9066957,,,Y,U-645,,,
211225,001,8703787,,,,U-1179,,,
210589,002,9629821,,,Y,U-2367,,,
013217,003,7122566,,,,U-915,,,
018708,001,7608616,,,,U-1012,,,
211230,001,8440715,,,,U-2548,,,
211230,001,9604917,,,,U-2548,,,
211230,002,9604917,,,,U-2548,,,
211230,002,8440715,,,,U-2548,,,
205874,001,10300039,,,,U-2549,,,
210557,001,9352013,,,,U-2568,,,
210491,002,9931334,,,Y,U-2575,,,
210491,002,9931334,,,Y,U-2275,,,
210491,002,10239867,,Y,Y,U-2512,,,
210491,002,10022352,,,Y,U-2343,,,
210607,001,10342791,,,,U-2582,,,
209363,001,10335390,,,Y,U-2583,,,
212819,001,8487093,,Y,Y,U-2587,,,
019734,003,7659291,,,,U-1029,,,
019734,004,7659291,,,,U-1029,,,
210598,001,10343995,,,,U-2440,,,
207589,001,9119781,,,Y,U-1761,,,
209091,001,6515117,,Y,Y,U-493,,,
020610,001,7452872,,,,U-141,,,
021223,002,8324189,,,,U-1309,,,
021223,003,8324189,,,,U-1309,,,
021223,003,8324189,,,,U-53,,,
021361,001,7928115,,,,U-1121,,,
021633,001,7572779,,,,U-904,,,
050444,001,9278105,,,,U-282,,,
204399,002,9295675,,,Y,U-1531,,,
021641,002,7815942,,Y,Y,U-219,,,
021660,001,8268348,,,,U-1290,,,
021669,001,7717889,,,Y,U-1022,,,
020947,001,8217078,,,,U-1248,,,
021400,002,8273876,,,,U-1288,,,
021400,004,8273876,,,,U-1288,,,
021879,001,7659282,,,,U-1093,,,
022108,001,7569610,,,,U-997,,,
022108,003,7569610,,,,U-997,,,
022165,001,8097651,,Y,Y,U-436,,,
022184,001,8309605,,,,U-1294,,,
022184,001,8338479,,,Y,U-1295,,,
022202,001,7662858,,,,U-1035,,,
022202,001,7939518,,,,U-980,,,
022205,001,7452872,,,,U-1229,,,
022249,001,8445524,,Y,Y,U-1402,,,
022252,001,8071577,,,Y,U-1,,,
202834,001,6949571,,Y,Y,U-2089,,,
206192,001,8362002,,,,U-1776,,,
022504,001,9180194,,,,U-1390,,,
022013,001,8460641,,,Y,U-1410,,,
022030,001,7807715,,,Y,U-913,,,
022030,002,8088398,,,Y,U-913,,,
022036,001,7915307,,,,U-620,,,
022044,002,8414921,,,Y,U-1036,,,
022410,001,8475832,,,Y,U-1411,,,
022410,004,8475832,,,Y,U-1411,,,
022411,002,7829120,,,Y,U-796,,,
022418,001,7741373,,,,U-1059,,,
022418,001,7741374,,,,U-1060,,,
022418,001,7915247,,,,U-1061,,,
022418,002,7569612,,,,U-1000,,,
022418,002,7741374,,,,U-1060,,,
022418,002,7915247,,,,U-1059,,,
022425,001,8410167,,,,U-1388,,,
022426,001,7807689,,Y,Y,U-1337,,,
022426,002,7807689,,Y,Y,U-1337,,,
022426,003,7807689,,Y,Y,U-1337,,,
022483,001,8299109,,,,U-68,,,
022501,001,7704984,,,,U-1090,,,
022502,001,8435502,,,Y,U-1078,,,
022560,001,7645460,,,Y,U-662,,,
050805,001,7749532,,,Y,U-1063,,,
050808,001,7790705,,,,U-1078,,,
050808,001,8252776,,,,U-124,,,
050808,002,7790705,,,,U-1078,,,
050808,002,8268804,,,,U-1078,,,
050808,003,7790705,,,,U-1078,,,
050808,003,8252776,,,,U-124,,,
050808,004,7919483,,,,U-1078,,,
050808,004,8268804,,,,U-1078,,,
050808,005,7790705,,,,U-1078,,,
050808,005,8252776,,,,U-124,,,
050808,006,7790705,,,,U-1078,,,
050808,006,8252776,,,,U-124,,,
050808,007,7919483,,,,U-1078,,,
050808,007,8268804,,,,U-1078,,,
050808,008,7790705,,,,U-1078,,,
050808,008,8252776,,,,U-124,,,
050813,001,8299052,,,,U-1304,,,
050818,001,8101582,,,Y,U-1082,,,
050819,001,8288434,,,Y,U-124,,,
200533,001,7994364,,Y,Y,U-1276,,,
200533,003,7994364,,Y,Y,U-1178,,,
200533,005,7994364,,Y,Y,U-1276,,,
200796,001,7572920,,,Y,U-3,,,
200796,002,7572920,,,Y,U-3,,,
201152,001,8460704,,,,U-1409,,,
201922,001,7790705,,,,U-124,,,
201922,003,7790705,,,,U-124,,,
203858,003,8618135,,,,U-1316,,,
022202,001,8623920,,,,U-1482,,,
204242,001,8658198,,,Y,U-1494,,,
022219,001,8338395,,,,U-1500,,,
022262,001,7855190,,,,U-1,,,
022271,002,7807689,,Y,Y,U-1337,,,
050819,002,8288434,,,Y,U-1033,,,
022249,003,8791270,,,Y,U-1542,,,
050819,002,8288434,,,Y,U-921,,,
022304,001,7994364,,Y,Y,U-931,,,
022304,003,7994364,,Y,Y,U-931,,,
022309,001,8466138,,,,U-1103,,,
022309,002,8466138,,,,U-1103,,,
022320,001,8071644,,,Y,U-1078,,,
022328,001,7682628,,,,U-1194,,,
022328,002,7658945,,,Y,U-1194,,,
022328,002,8242131,,,,U-1266,,,
022352,001,7601758,,,,U-1007,,,
022352,001,7906519,,,,U-1116,,,
022352,001,7935731,,,,U-1116,,,
022352,001,8093296,,,,U-1007,,,
022352,001,8093298,,,,U-1116,,,
022352,001,8415395,,,,U-1007,,,
022352,001,8440721,,,,U-1007,,,
021964,001,8247425,,,,U-1185,,,
021964,002,8247425,,,,U-1185,,,
021964,003,8247425,,,,U-1185,,,
209022,001,10076615,,,,U-2133,,,
206073,002,9173859,,,Y,U-1772,,,
021688,003,7829595,,,Y,U-1098,,,
202880,002,9326982,,,,U-1810,,,
021695,005,8026281,,,,U-1447,,,
021829,002,8246979,,,Y,U-1272,,,
021829,003,8246979,,,Y,U-1272,,,
021829,004,8246979,,,Y,U-1273,,,
021829,005,8246979,,,Y,U-1272,,,
021829,006,8246979,,,Y,U-1272,,,
021840,001,7855190,,,,U-1,,,
021908,002,8748481,,,,U-1519,,,
208780,002,8778947,,,,U-2045,,,
021908,001,8748481,,,,U-1520,,,
204399,003,8785426,,,Y,U-1531,,,
021729,002,8759350,,,,U-1529,,,
021436,004,8759350,,,,U-1529,,,
021436,006,8759350,,,,U-1529,,,
201655,007,8808737,,,,U-1598,,,
022535,001,8084475,,,,U-1605,,,
022535,001,7566729,,,,U-1600,,,
022535,001,7635707,,,,U-1609,,,
022249,002,8669279,,,Y,U-1402,,,
022291,003,8052993,,,Y,U-1714,,,
022291,004,8062665,,,Y,U-1714,,,
021338,001,8428708,,,,U-736,,,
022535,001,8648098,,,,U-1611,,,
022535,001,8609701,,,,U-1610,,,
206627,003,8808740,,,Y,U-1556,,,
021338,001,8781571,,,Y,U-736,,,
204768,001,9089471,,,,U-55,,,
206627,001,8808740,,,Y,U-1556,,,
206627,005,8808740,,,Y,U-1556,,,
206627,007,8808740,,,Y,U-1556,,,
022192,001,9074255,,,,U-1674,,,
022192,003,9072742,,,,U-1674,,,
022192,003,9074255,,,,U-1674,,,
022192,004,9072742,,,,U-1674,,,
022291,003,8052994,,,Y,U-1714,,,
021660,001,9101543,,,,U-1434,,,
206843,001,8642025,,Y,Y,U-1724,,,
202788,003,8835460,,,Y,U-55,,,
205649,001,8501698,,,Y,U-493,,,
202788,005,8835460,,,Y,U-55,,,
205649,001,8685934,,,,U-1522,,,
205649,002,8501698,,,Y,U-493,,,
205649,002,8685934,,,,U-1522,,,
205649,003,8685934,,,,U-1522,,,
205649,004,6515117,,Y,Y,U-493,,,
020845,002,8846112,,,,U-1286,,,
204592,002,9180095,,,,U-55,,,
208383,002,8557852,,,,U-1167,,,
206406,001,8685998,,,Y,U-1752,,,
206406,002,8664239,,,,U-1752,,,
206406,002,8685998,,,Y,U-1752,,,
206406,003,8664239,,,,U-1752,,,
204592,001,9180095,,,,U-55,,,
204824,004,8945063,,,Y,U-1442,,,
202129,001,8371292,,,,U-1357,,,
204824,001,8945063,,,Y,U-1442,,,
021658,003,8371292,,,,U-1355,,,
202100,001,8956649,,,Y,U-1665,,,
206307,001,8536167,,,,U-1679,,,
022192,006,9157121,,,,U-1674,,,
204592,002,9186328,,,,U-55,,,
022291,001,8071129,,,Y,U-1714,,,
202107,001,8921348,,,,U-1643,,,
022204,001,8920392,,,,U-1644,,,
022308,001,8937062,,,,U-80,,,
021997,001,9597281,,,,U-674,,,
206317,001,7816404,,,Y,U-1656,,,
022192,002,9138432,,,,U-1737,,,
022334,002,9006224,,,,U-1681,,,
022334,001,9006224,,,,U-1681,,,
022334,004,9006224,,,,U-1681,,,
208261,001,8871759,,Y,Y,U-1813,,,
204275,001,8511304,,,Y,U-1424,,,
203858,004,7932268,,,,U-1316,,,
202270,002,7326708,,Y,Y,U-1227,,,
207533,002,9034867,,,Y,U-543,,,
206500,001,7981905,,,,U-1741,,,
207988,001,8546437,,,,U-1803,,,
022287,001,9233103,,,,U-1805,,,
020866,001,9192576,,,Y,U-976,,,
208261,001,7973040,,Y,Y,U-1813,,,
206162,001,8143241,,,,U-1634,,,
022321,002,8623418,,,,U-1640,,,
206439,002,8338486,,,,U-1641,,,
022321,001,8623418,,,,U-1640,,,
206619,001,8642538,,Y,Y,U-1638,,,
206619,001,8680106,,,,U-1637,,,
022321,006,8623418,,,,U-1640,,,
206439,002,8058291,,,,U-1641,,,
206255,001,9089587,,,,U-1631,,,
204447,002,8969355,,,,U-1668,,,
206439,002,8580858,,,,U-1641,,,
204447,004,8969355,,,,U-1668,,,
022535,001,7696236,,,,U-1601,,,
022192,004,8999638,,,,U-1674,,,
022192,007,8999638,,,,U-1674,,,
206619,001,9006387,,,,U-1687,,,
204242,002,8470361,,,Y,U-1425,,,
204242,004,8470361,,,Y,U-1425,,,
207931,001,8642538,,Y,Y,U-1638,,,
207931,001,9044480,,,,U-1638,,,
203312,002,9089607,,,Y,U-1645,,,
207931,001,9006387,,,,U-1687,,,
206843,002,8629171,,Y,Y,U-1724,,,
203312,004,9089607,,,Y,U-1645,,,
203312,001,9089607,,,Y,U-1720,,,
206843,001,8629171,,Y,Y,U-1724,,,
207932,005,8147866,,,Y,U-1769,,,
207932,006,8147866,,,Y,U-1769,,,
207932,007,8147866,,,Y,U-1769,,,
207561,001,8633219,,,Y,U-257,,,
206333,001,7622130,,,,U-1690,,,
205223,001,8658678,,,,U-1682,,,
203469,002,9029533,,,,U-1701,,,
206323,001,9066942,,,,U-1716,,,
203469,001,9029533,,,,U-1700,,,
203469,002,9029533,,,,U-836,,,
205422,003,8349840,,,Y,U-1529,,,
205422,003,8618109,,,,U-543,,,
205422,005,8349840,,,Y,U-1529,,,
205422,006,8618109,,,,U-543,,,
022512,003,9034822,,,,U-1759,,,
204223,001,9192608,,,,U-55,,,
204223,002,9192608,,,,U-43,,,
204223,004,9192608,,,,U-43,,,
204223,005,9192608,,,,U-43,,,
206940,002,9205076,,,,U-1709,,,
202811,002,7304036,,Y,Y,U-1516,,,
207986,001,8318817,,,,U-1792,,,
022198,001,7608282,,,Y,U-1011,,,
205934,002,8940786,,,Y,U-1789,,,
022036,001,8513299,,,,U-620,,,
207916,002,8747894,,,Y,U-1373,,,
204447,002,9227946,,,,U-1668,,,
204447,004,9227946,,,,U-1668,,,
203858,003,9265758,,,,U-1316,,,
203858,004,9265758,,,,U-1316,,,
202880,005,9265760,,,,U-1810,,,
022192,005,9074254,,,,U-1674,,,
022192,007,9074254,,,,U-1674,,,
206627,004,9095614,,,,U-1556,,,
205934,001,8940786,,,Y,U-1789,,,
022526,001,7151103,,,,U-1734,,,
205003,003,7846961,,Y,Y,U-3,,,
206627,001,9095614,,,,U-1556,,,
208194,001,9034908,,,,U-1542,,,
205003,001,7846961,,Y,Y,U-3,,,
207947,002,7205302,,Y,Y,U-1797,,,
208194,001,8609707,,,Y,U-1542,,,
206255,001,9233117,,,,U-1631,,,
204820,001,9555029,,,,U-1020,,,
207947,003,7205302,,Y,Y,U-1797,,,
202331,001,9387249,,,,U-3,,,
022321,002,8685443,,,,U-1508,,,
022321,001,8685443,,,,U-1508,,,
022321,006,8685443,,,,U-1508,,,
022399,001,8686034,,,,U-1247,,,
205382,001,8309572,,,,U-1476,,,
022421,002,8679533,,,Y,U-219,,,
205755,001,8377921,,,,U-1179,,,
021713,001,8759350,,,,U-1529,,,
022421,006,8679533,,,Y,U-219,,,
022421,007,8679533,,,Y,U-219,,,
022399,001,8795725,,,Y,U-1247,,,
020845,002,8776794,,,Y,U-1226,,,
020845,003,8776795,,,Y,U-1226,,,
204569,002,7951797,,Y,Y,U-620,,,
204569,004,7951797,,Y,Y,U-620,,,
022504,001,8807861,,,Y,U-1563,,,
202343,006,7326708,,Y,Y,U-1188,,,
202714,001,8207127,,,,U-1260,,,
202799,001,7919461,,,,U-1238,,,
202799,003,7550433,,,,U-1238,,,
202799,004,7550433,,,,U-1238,,,
202799,005,7550433,,,,U-1238,,,
202799,006,7919461,,,,U-1238,,,
202799,008,7919461,,,,U-1238,,,
203100,001,8148374,,Y,Y,U-1279,,,
203284,001,8404215,,,,U-1383,,,
203414,001,8173663,,,,U-1338,,,
203414,002,8173663,,,,U-1338,,,
203858,001,7932268,,,,U-1316,,,
203858,003,7932268,,,,U-1316,,,
204485,001,9375478,,,,U-1857,,,
020947,001,8546450,,,,U-1435,,,
022249,003,8344006,,,Y,U-1402,,,
207932,001,9901539,,,,U-1556,,,
202833,001,8536163,,,,U-1440,,,
207932,006,9901539,,,,U-1556,,,
204824,002,8480631,,,Y,U-1442,,,
204824,004,8480631,,,Y,U-1442,,,
207932,007,9901539,,,,U-1556,,,
022247,001,7683051,,Y,Y,U-594,,,
204824,002,8579865,,,Y,U-1442,,,
204824,003,8579865,,,Y,U-1442,,,
021695,004,8026281,,,,U-1447,,,
020845,003,8573210,,,Y,U-1453,,,
205123,001,8148399,,Y,Y,U-1467,,,
022425,001,8602215,,,,U-1473,,,
203975,001,8309572,,,,U-1476,,,
020947,001,8618164,,,,U-1477,,,
021272,003,8653137,,,,U-1437,,,
201635,001,9622983,,,Y,U-1992,,,
202788,002,8486973,,,,U-55,,,
202057,001,8617593,,,,U-1478,,,
022483,001,8598196,,,,U-172,,,
021272,002,8658694,,,,U-1437,,,
021272,003,8658694,,,,U-1437,,,
201635,004,9622983,,,Y,U-1675,,,
203284,001,8642012,,,,U-1383,,,
021445,001,7612058,,,,U-1027,,,
022266,001,9597288,,,Y,U-767,,,
204516,001,8658663,,Y,Y,U-904,,,
022525,001,8039009,,,,U-539,,,
207986,001,9603796,,Y,Y,U-2252,,,
204031,001,8741885,,,Y,U-1499,,,
209310,001,8025635,,,Y,U-2272,,,
022309,002,8741881,,,,U-1103,,,
021272,002,7999007,,,Y,U-1437,,,
021272,004,7999007,,,Y,U-1437,,,
202100,001,8563033,,,Y,U-1415,,,
202057,001,8617594,,,,U-1287,,,
204623,001,8217078,,,,U-1477,,,
204623,001,8252838,,,Y,U-1489,,,
204623,001,8546450,,,,U-1436,,,
022563,001,8263580,,,Y,U-1280,,,
022321,001,7682633,,,,U-1510,,,
022321,002,8158156,,,,U-1510,,,
202293,001,8501698,,,Y,U-493,,,
022502,001,8709392,,,Y,U-1078,,,
022321,004,8158156,,,,U-1510,,,
022321,006,7682633,,,,U-1510,,,
022221,001,8759401,,,Y,U-1523,,,
203791,001,8747896,,,Y,U-1460,,,
202293,002,8685934,,,,U-1522,,,
202833,001,8735375,,,,U-1440,,,
022184,001,8772338,,,Y,U-1528,,,
205123,001,9353103,,,,U-1467,,,
207958,002,9339489,,,Y,U-1850,,,
021923,001,9737488,,,Y,U-1696,,,
050795,007,9295652,,,Y,U-918,,,
209531,001,8110560,,,,U-1942,,,
205552,001,9540382,,,,U-1650,,,
203312,002,9533046,,,Y,U-219,,,
205552,001,9540382,,,,U-1946,,,
209661,001,9375404,,,Y,U-1382,,,
209661,001,9526703,,,Y,U-1382,,,
208325,001,8999932,,Y,Y,U-2014,,,
206099,001,9649456,,,Y,U-2011,,,
206099,001,9649456,,,Y,U-2010,,,
208325,003,8999932,,Y,Y,U-2014,,,
022348,002,9649284,,,,U-2018,,,
208944,001,8895616,,,,U-2106,,,
208944,001,8741343,,,,U-2106,,,
208944,001,8796337,,,,U-2106,,,
208944,002,8895616,,,,U-2106,,,
208944,002,8895617,,,,U-2106,,,
208944,002,8389578,,,,U-2105,,,
202155,001,6967208,,Y,Y,U-1730,,,
202155,001,6967208,,Y,Y,U-1301,,,
202155,001,6967208,,Y,Y,U-1167,,,
202155,002,6967208,,Y,Y,U-1302,,,
202155,002,6967208,,Y,Y,U-1323,,,
208780,001,8778947,,,,U-2045,,,
208351,001,8754065,,Y,Y,U-257,,,
208010,001,8207149,,,,U-1871,,,
022114,001,9358338,,,,U-1870,,,
206439,001,8039009,,,,U-1641,,,
206439,004,8039009,,,,U-1641,,,
202714,002,8129346,,,,U-1260,,,
204824,002,9421333,,,Y,U-1442,,,
204824,004,9421333,,,Y,U-1442,,,
206843,001,9421192,,Y,,U-1725,,,
206843,003,9421192,,Y,,U-1724,,,
207988,001,9216179,,,,U-1806,,,
206038,001,9150552,,,,U-1908,,,
201635,002,8298580,,,Y,U-106,,,
203100,001,7176220,,Y,Y,U-257,,,
201635,002,8992989,,,Y,U-1675,,,
201635,002,9549940,,,Y,U-1675,,,
202811,001,8748573,,,,U-1516,,,
204824,007,8579865,,,Y,U-1442,,,
204824,007,8480631,,,Y,U-1442,,,
201280,001,9486526,,,,U-1915,,,
205858,001,9492449,,,,U-1914,,,
206488,002,9506058,,,,U-1918,,,
206488,002,9506058,,,,U-1919,,,
206488,001,9506058,,,,U-1919,,,
204958,001,9427448,,,,U-1926,,,
208411,002,9480644,,,Y,U-1903,,,
205103,001,9539214,,,,U-1902,,,
208780,003,8609701,,,,U-2064,,,
208780,003,8609701,,,,U-2069,,,
208780,003,8609701,,,,U-2065,,,
020866,001,9522117,,,Y,U-1939,,,
022202,001,9561200,,,,U-1482,,,
208794,001,8653094,,,,U-1979,,,
022201,001,9579359,,,,U-1978,,,
022201,002,9579359,,,,U-1978,,,
022249,002,9533955,,,Y,U-1949,,,
207960,003,9545399,,,Y,U-1827,,,
022249,001,9533955,,,Y,U-1949,,,
208799,003,9066957,,,Y,U-645,,,
208603,001,9044402,,,Y,U-1556,,,
208603,003,9044402,,,Y,U-1556,,,
208780,003,7816383,,,,U-2042,,,
022406,002,9539218,,,,U-1953,,,
022406,003,9539218,,,,U-1953,,,
208780,003,8754109,,,,U-2053,,,
208780,003,8648098,,,,U-2051,,,
208780,003,8592462,,,,U-2063,,,
208780,003,8592462,,,,U-2056,,,
208780,003,8592462,,,,U-2055,,,
208780,003,8592462,,,,U-2061,,,
205786,001,7754731,,Y,Y,U-257,,,
206510,001,7754731,,Y,Y,U-1663,,,
022145,001,7754731,,Y,Y,U-257,,,
022145,002,7754731,,Y,Y,U-257,,,
208624,001,9333204,,,Y,U-1889,,,
208624,001,8642538,,Y,Y,U-1638,,,
208624,001,8685984,,,,U-1840,,,
022272,001,9492391,,,,U-1556,,,
022272,002,9492391,,,,U-1556,,,
022272,003,9492391,,,,U-1556,,,
206627,001,9492391,,,,U-1556,,,
206627,002,9492390,,,,U-1556,,,
206627,004,9492391,,,,U-1556,,,
206627,005,9492391,,,,U-1556,,,
206627,006,9492391,,,,U-1556,,,
204629,001,8551957,,,,U-1651,,,
201292,001,9539258,,,,U-1950,,,
022117,001,7741358,,Y,Y,U-1961,,,
022272,006,9492393,,,,U-1556,,,
022272,007,9492393,,,,U-1556,,,
206627,001,9492390,,,,U-1556,,,
022117,002,7741358,,Y,Y,U-1961,,,
022117,002,7741358,,Y,Y,U-1960,,,
205677,001,9730910,,,,U-2085,,,
208090,003,9737530,,,Y,U-1556,,,
208090,005,9737530,,,Y,U-1556,,,
208271,001,9724343,,,Y,U-1185,,,
021529,002,9757552,,,Y,U-1,,,
022572,001,9539241,,Y,Y,U-2095,,,
209203,001,8283369,,,,U-2104,,,
202880,001,9713611,,,Y,U-55,,,
202880,003,9713611,,,Y,U-55,,,
202880,005,9713611,,,Y,U-55,,,
206073,002,8673927,,,,U-1652,,,
203752,003,9730900,,,,U-2086,,,
203752,005,9730900,,,Y,U-2086,,,
210450,001,7419983,,Y,Y,U-2360,,,
210450,002,7419983,,Y,Y,U-2360,,,
209203,001,8084483,,,,U-2104,,,
205552,001,9801883,,,,U-2159,,,
208194,001,10052385,,,,U-1971,,,
209203,001,8357713,,,Y,U-2104,,,
209203,002,8084483,,,,U-2104,,,
203284,001,10045959,,,,U-1816,,,
020866,001,9352025,,,,U-2114,,,
020866,001,9352025,,,,U-2118,,,
020866,001,9352025,,,,U-2115,,,
022416,002,9750747,,,,U-2041,,,
022416,003,9750747,,,,U-2041,,,
204623,001,9375412,,,,U-1614,,,
203858,003,9433617,,,,U-1316,,,
203858,004,9433617,,,,U-1316,,,
203858,006,9433617,,,,U-1316,,,
202022,001,7125879,,Y,Y,U-1153,,,
206038,002,9192606,,,Y,U-1912,,,
206038,001,8716338,,,Y,U-1910,,,
050819,002,9504704,,,Y,U-124,,,
208090,002,9682075,,,Y,U-1556,,,
208090,004,9682075,,,Y,U-1556,,,
208194,001,9597397,,,,U-1972,,,
021514,003,9668981,,,,U-2024,,,
206255,001,9782425,,,,U-1631,,,
208780,002,7816383,,,,U-2042,,,
208780,002,8013002,,,,U-2047,,,
205718,001,8623826,,,,U-2293,,,
205718,001,9271975,,,,U-2293,,,
203284,001,9999608,,,,U-1816,,,
202880,002,10028946,,,,U-1810,,,
202880,004,10028946,,,,U-1810,,,
202880,006,10028946,,,,U-1810,,,
210913,001,9937225,,,Y,U-1483,,,
210655,001,10058554,,,,U-2363,,,
204026,002,8198262,,,,U-2254,,,
209521,001,9255068,,Y,Y,U-2407,,,
209521,001,8318706,,Y,Y,U-2405,,,
209521,002,8513223,,,,U-2406,,,
209521,002,9255068,,Y,Y,U-2408,,,
209521,003,8318706,,Y,Y,U-2405,,,
208401,001,10039800,,,,U-1991,,,
208401,001,10039800,,,,U-71,,,
208401,001,10039800,,,,U-1723,,,
210045,003,9662315,,,Y,U-2410,,,
208845,001,9555048,,,,U-2151,,,
206940,001,9789125,,,Y,U-1709,,,
206940,002,9789125,,,Y,U-2152,,,
204820,001,9789108,,,,U-1020,,,
210563,001,8999999,,,,U-2241,,,
202293,001,8361972,,,,U-493,,,
210563,001,8999999,,,,U-1491,,,
210563,003,8497277,,,,U-1491,,,
210563,003,9801883,,,,U-2159,,,
210563,003,9801881,,,,U-1491,,,
210563,003,8952015,,,,U-2242,,,
210563,003,8952015,,,,U-1491,,,
210563,003,8952015,,,,U-1650,,,
210563,003,8703780,,,,U-1491,,,
210563,004,8754090,,,,U-1456,,,
210491,001,8415387,,,,U-2246,,,
210491,001,8598181,,,,U-2246,,,
210491,001,8324242,,,,U-2246,,,
210563,001,8952015,,,,U-1650,,,
210563,004,8952015,,,,U-1491,,,
210563,004,8952015,,,,U-2242,,,
210563,004,8952015,,,,U-1946,,,
210563,004,8703780,,,,U-2242,,,
210563,004,8497277,,,,U-2241,,,
210563,004,8497277,,,,U-1947,,,
210563,004,8497277,,,,U-1650,,,
210563,004,8476284,,,,U-1947,,,
210563,004,8476284,,,,U-1946,,,
210563,004,9801881,,,,U-2242,,,
210563,004,8999999,,,,U-2241,,,
210563,004,9814721,,,,U-1947,,,
209305,001,9675639,,,Y,U-2205,,,
202833,002,9861603,,,,U-1440,,,
204063,002,8399514,,,,U-1384,,,
209299,001,8951504,,,,U-2294,,,
209299,001,8912170,,,,U-2294,,,
209299,001,7538108,,Y,,U-2294,,,
209299,002,7538108,,Y,,U-2294,,,
209299,002,8951504,,,,U-2294,,,
210493,001,9403772,,Y,,U-2301,,,
210493,001,9186357,,,,U-2301,,,
202611,002,8772315,,,,U-2300,,,
205552,001,10004746,,,,U-1946,,,
205552,001,10004746,,,,U-1684,,,
205552,002,10004746,,,,U-1684,,,
208627,001,7737168,,,,U-2346,,,
206229,001,10028858,,,Y,U-2348,,,
210563,001,10004746,,,,U-2242,,,
210563,001,10004746,,,,U-1684,,,
210563,002,10004746,,,,U-1946,,,
210563,002,10004746,,,,U-2242,,,
210563,003,10004746,,,,U-1684,,,
210563,004,10004746,,,,U-1684,,,
202107,001,9829495,,,,U-1643,,,
207795,001,7629345,,,Y,U-2144,,,
208745,001,9610321,,,,U-2230,,,
208944,002,9877933,,,,U-2224,,,
209360,002,9867863,,,,U-2231,,,
208254,001,9096569,,Y,Y,U-1524,,,
203188,001,8629162,,,,U-2234,,,
020866,001,9700555,,,Y,U-2183,,,
020866,001,9700555,,,Y,U-2193,,,
020866,001,9700555,,,Y,U-2189,,,
020866,001,9700555,,,Y,U-2198,,,
020866,001,9700555,,,Y,U-2192,,,
020866,001,9700555,,,Y,U-2186,,,
020866,001,9700555,,,Y,U-2185,,,
210251,001,8754065,,Y,Y,U-257,,,
210303,001,9266919,,,,U-2328,,,
205103,001,9987231,,,,U-2324,,,
206073,001,9949998,,,,U-2290,,,
208026,002,10022379,,,,U-2339,,,
205552,002,10016435,,,,U-1650,,,
204026,004,8198262,,,,U-1360,,,
209311,001,9603809,,,,U-2357,,,
208623,001,9000011,,,,U-2371,,,
211358,002,9931334,,,Y,U-2376,,,
208623,001,9095584,,,,U-2371,,,
211358,002,8741933,,,,U-2374,,,
209483,001,10064875,,,Y,U-193,,,
209483,001,10064875,,,Y,U-1408,,,
211358,002,9192606,,,Y,U-2397,,,
210361,001,9259414,,,,U-2398,,,
208623,001,9999618,,,,U-2372,,,
211358,001,9192606,,,Y,U-2397,,,
210498,001,9850229,,,,U-2333,,,
210498,001,9598376,,,,U-2330,,,
210951,001,10052314,,,,U-2381,,,
201635,002,9555004,,,Y,U-1992,,,
201635,002,8877248,,,Y,U-106,,,
201635,002,8298576,,,Y,U-106,,,
201635,002,8663683,,,Y,U-106,,,
201635,003,8992989,,,Y,U-1675,,,
201635,003,8889191,,,,U-1992,,,
201635,003,8663683,,,Y,U-106,,,
201635,003,8298576,,,Y,U-106,,,
201635,003,9549940,,,Y,U-1992,,,
201635,003,8298580,,,Y,U-106,,,
201635,003,8877248,,,Y,U-1992,,,
201635,004,8298576,,,Y,U-106,,,
201635,004,8889191,,,,U-106,,,
201635,004,8992989,,,Y,U-1992,,,
201635,004,9555004,,,Y,U-1675,,,
201635,004,8877248,,,Y,U-106,,,
201635,004,9549940,,,Y,U-1992,,,
207145,001,8076515,,Y,Y,U-1993,,,
207145,002,8076515,,Y,Y,U-1993,,,
207145,001,8278485,,Y,,U-1993,,,
202714,001,8129346,,,,U-1260,,,
208032,001,9308191,,,Y,U-1876,,,
203697,001,9226892,,,,U-1731,,,
208054,001,9387266,,,,U-1879,,,
208032,001,8580282,,,Y,U-1876,,,
203496,001,9393203,,,Y,U-1877,,,
200603,002,9555027,,,Y,U-543,,,
200603,003,9555027,,,Y,U-543,,,
200603,005,9555027,,,Y,U-543,,,
202057,002,8617593,,,,U-1287,,,
206038,002,9670163,,,Y,U-1911,,,
207958,001,9669009,,,,U-2022,,,
207958,002,9669009,,,,U-2022,,,
207958,002,9669009,,,,U-2021,,,
207958,003,9669009,,,,U-1850,,,
202806,001,8952018,,,,U-2027,,,
022410,002,9687454,,,Y,U-1464,,,
207958,004,9669009,,,,U-1850,,,
207958,004,9669009,,,,U-2021,,,
208610,001,8969569,,,Y,U-2028,,,
208610,001,9539250,,Y,Y,U-2028,,,
208325,001,9701712,,Y,Y,U-2014,,,
208780,003,7635707,,,,U-2072,,,
202276,001,6656935,,Y,Y,U-155,,,
202880,001,9339499,,,,U-1810,,,
202880,003,9339499,,,,U-1810,,,
202880,006,9339499,,,,U-1810,,,
208051,001,8790708,,,Y,U-2043,,,
203284,001,9326966,,,,U-1816,,,
202020,002,9504699,,,,U-1362,,,
208603,002,9549899,,,Y,U-1556,,,
208194,001,9572887,,,,U-1972,,,
208194,001,9572887,,,,U-1971,,,
202880,001,9486451,,,,U-55,,,
202880,005,9486451,,,,U-55,,,
203168,001,9517220,,,,U-1933,,,
208051,001,9211291,,,,U-2043,,,
208051,001,9630946,,,,U-2043,,,
204275,001,7439393,,Y,Y,U-1691,,,
204275,001,7439393,,Y,Y,U-2100,,,
204275,002,7439393,,Y,Y,U-2100,,,
208194,001,9572796,,,Y,U-1972,,,
208026,001,9555001,,,Y,U-1968,,,
203469,002,9493470,,Y,Y,U-1700,,,
208194,001,9572797,,,,U-1972,,,
205029,001,9283197,,,Y,U-1828,,,
208194,001,9579384,,,,U-1971,,,
206073,002,8551957,,,Y,U-1651,,,
208090,002,8758813,,,,U-1556,,,
208090,003,8758813,,,,U-1556,,,
208090,005,8758813,,,,U-1556,,,
208194,001,9579384,,,,U-1972,,,
206439,001,8580858,,,,U-1641,,,
206439,004,8362085,,,,U-1641,,,
202880,001,9452163,,,,U-55,,,
202880,002,9452163,,,,U-55,,,
202880,003,9452163,,,,U-55,,,
202880,004,9452163,,,,U-55,,,
202880,006,9452163,,,,U-55,,,
022264,001,9439906,,,,U-1901,,,
209115,001,8071579,,,,U-2273,,,
022264,003,9439906,,,,U-1901,,,
208079,001,9433630,,,Y,U-1858,,,
208073,001,9447077,,,,U-1900,,,
203312,002,9463246,,,Y,U-219,,,
203312,004,9463246,,,Y,U-219,,,
200603,001,9259423,,,,U-1822,,,
022036,001,9572814,,,,U-620,,,
022036,002,9572814,,,,U-620,,,
200603,004,9259423,,,,U-1822,,,
200603,005,9259423,,,,U-1822,,,
206307,001,9504691,,,Y,U-1679,,,
202880,002,9610286,,,,U-1810,,,
202880,004,9610286,,,,U-1810,,,
202880,005,9610286,,,,U-1810,,,
209115,002,9861638,,,,U-2273,,,
203469,003,9493470,,Y,Y,U-1700,,,
204384,001,7498343,,Y,Y,U-1321,,,
208401,001,9616096,,,,U-185,,,
209115,002,8859562,,,,U-2012,,,
206619,001,8685984,,,,U-1840,,,
206619,001,8492386,,,,U-1840,,,
204824,006,8579865,,,Y,U-1442,,,
202880,002,9333201,,,,U-1810,,,
207947,005,9173881,,,,U-1798,,,
207947,007,9173881,,,,U-1798,,,
207947,008,7205302,,Y,Y,U-1797,,,
206030,001,9629797,,,,U-2005,,,
202811,003,7304036,,Y,Y,U-1516,,,
022334,001,8410131,,,,U-1368,,,
022334,003,8410131,,,,U-1368,,,
022334,004,8410131,,,,U-1368,,,
022063,003,9173857,,,,U-2025,,,
207930,001,6878721,,Y,Y,U-1773,,,
205637,002,9655843,,,Y,U-2017,,,
207932,002,9655843,,,Y,U-1556,,,
202788,002,9289387,,,Y,U-55,,,
202788,003,9289387,,,Y,U-55,,,
202788,004,9289387,,,Y,U-55,,,
202788,005,9642797,,,Y,U-55,,,
202788,007,9642797,,,Y,U-55,,,
207932,005,9655843,,,Y,U-1556,,,
203312,001,8557283,,,Y,U-219,,,
022192,002,8652776,,,,U-1685,,,
205552,001,8999999,,,,U-1683,,,
022192,001,8652776,,,,U-1685,,,
022192,005,8652776,,,,U-1685,,,
022192,006,8652776,,,,U-1685,,,
022348,002,9012508,,,,U-981,,,
050813,001,8778924,,Y,Y,U-897,,,
022291,002,8062665,,,Y,U-1714,,,
203312,004,8557283,,,Y,U-1645,,,
206940,002,8691860,,Y,,U-1709,,,
206940,001,8691860,,Y,,U-1709,,,
205677,001,9060995,,,,U-1710,,,
205858,002,8865730,,Y,Y,U-1615,,,
205858,001,RE44599,,,,U-1615,,,
022291,002,8052993,,,Y,U-1714,,,
204242,005,8658198,,,Y,U-1494,,,
205060,001,9050308,,,,U-1511,,,
206619,001,9044480,,,,U-1638,,,
205422,001,8618109,,,,U-543,,,
205422,002,8349840,,,Y,U-1529,,,
211349,001,9487491,,,,U-2456,,,
022291,001,8052993,,,Y,U-930,,,
022291,002,8052994,,,Y,U-1306,,,
022291,002,8052994,,,Y,U-2451,,,
022291,002,7547719,,Y,Y,U-1306,,,
022291,002,7547719,,Y,Y,U-930,,,
022291,003,8062665,,,Y,U-2451,,,
022291,003,8062665,,,Y,U-930,,,
022291,003,7547719,,Y,Y,U-930,,,
022291,004,8071129,,,Y,U-1306,,,
208624,001,10201584,,,,U-1889,,,
209862,001,10220158,,,Y,U-2500,,,
202810,001,10220042,,,,U-2501,,,
022291,004,7547719,,Y,Y,U-2451,,,
021880,006,8741929,,,,U-1983,,,
210884,001,9974770,,,Y,U-1719,,,
210565,001,9532955,,,,U-2491,,,
210565,001,10058511,,,Y,U-2492,,,
208564,001,10258630,,,,U-2317,,,
211580,001,8185176,,,,U-2462,,,
211580,001,9421280,,,,U-2467,,,
211710,001,10045991,,,,U-2473,,,
211710,001,9782414,,,,U-2471,,,
211710,001,9447104,,,,U-2470,,,
208065,001,10183020,,,Y,U-1777,,,
210861,001,8865698,,,,U-2469,,,
210861,001,10005783,,,,U-2472,,,
210861,001,9782414,,,,U-2475,,,
210861,002,10005783,,,,U-2472,,,
210861,002,10047097,,,,U-2474,,,
210861,002,9676783,,,,U-2469,,,
202810,001,7910131,,,,U-2041,,,
202810,003,9119791,,,,U-2041,,,
208254,001,10174017,,Y,Y,U-1524,,,
208259,001,9096569,,Y,Y,U-1524,,,
209128,001,10245228,,,Y,U-1351,,,
206321,001,9968659,,,,U-2438,,,
208799,004,9066957,,,Y,U-645,,,
210589,001,9629821,,,Y,U-2367,,,
202331,002,9387249,,,,U-3,,,
022165,001,7759394,,Y,Y,U-436,,,
022309,001,8466137,,,,U-1103,,,
022328,002,7682628,,,,U-1194,,,
202834,004,6949571,,Y,Y,U-2429,,,
022036,002,7915307,,,,U-620,,,
022560,001,7645459,,,Y,U-662,,,
050808,006,8268804,,,,U-1078,,,
201922,003,8252776,,,,U-124,,,
202057,001,8445003,,,,U-1287,,,
022114,001,8540665,,,,U-1438,,,
022249,004,8344006,,,Y,U-1402,,,
022581,001,8591938,,,Y,U-1469,,,
204485,002,9937223,,,,U-1857,,,
205435,001,8420676,,Y,Y,U-282,,,
205776,003,8664231,,,,U-1442,,,
204242,004,8658198,,,Y,U-1494,,,
207793,001,8703181,,,,U-1434,,,
022192,005,9074255,,,,U-1674,,,
022192,002,9157121,,,,U-1674,,,
021997,002,9597281,,,,U-674,,,
207533,001,8796276,,,,U-543,,,
022321,005,8623418,,,,U-1640,,,
022563,001,8629128,,,Y,U-1767,,,
203469,001,9029533,,,,U-836,,,
204223,003,9192608,,,,U-55,,,
202811,003,8933030,,,Y,U-1516,,,
207932,004,9655843,,,Y,U-1556,,,
208026,002,8673927,,,,U-1503,,,
206038,002,8741933,,,,U-1909,,,
204824,008,9421333,,,Y,U-1442,,,
201635,001,8992989,,,Y,U-1992,,,
201635,002,8663683,,,Y,U-1992,,,
206038,001,9670163,,,Y,U-1911,,,
209195,001,8735372,,Y,Y,U-2040,,,
208780,001,8592462,,,,U-2059,,,
208780,003,8084475,,,,U-2054,,,
202880,002,9486451,,,,U-55,,,
209115,002,8143241,,,,U-2273,,,
204485,001,9744239,,,,U-1857,,,
203441,001,7847061,,,,U-1320,,,
206627,007,9492390,,,,U-1556,,,
206073,001,8673927,,,,U-1652,,,
020866,001,9352025,,,,U-2112,,,
208073,001,8367701,,,Y,U-1880,,,
209803,002,8080580,,Y,Y,U-2214,,,
209819,001,8921387,,,Y,U-2173,,,
209819,002,8921387,,,Y,U-2174,,,
202293,001,8329648,,,,U-2212,,,
208780,002,8013002,,,,U-2082,,,
202293,002,8361972,,,,U-493,,,
210563,002,8497277,,,,U-2241,,,
210563,004,8497277,,,,U-1946,,,
208716,004,7855211,,Y,Y,U-2135,,,
210563,004,10004746,,,,U-2242,,,
205422,006,9839637,,,Y,U-1529,,,
204026,004,8198262,,,,U-2254,,,
209311,003,8916588,,,,U-2357,,,
208692,003,10039757,,,,U-1480,,,
210563,001,8563563,,,,U-2242,,,
208658,004,9949998,,,,U-2290,,,
207202,001,8847766,,,Y,U-2167,,,
202806,002,8703781,,Y,Y,U-2032,,,
207202,004,8945005,,,Y,U-2167,,,
208010,001,9925147,,,Y,U-2255,,,
205580,001,9572797,,,,U-1972,,,
208686,001,10154987,,,,U-71,,,
210365,001,10111840,,,,U-2442,,,
207027,001,7547719,,Y,Y,U-2452,,,
204114,002,8703781,,Y,Y,U-2037,,,
208558,001,8859562,,,,U-2482,,,
211192,001,9850277,,Y,Y,U-2533,,,
204370,004,7737142,,Y,Y,U-1750,,,
210132,001,9114145,,,,U-2439,,,
203505,001,6245819,,,,U-905,,,
202880,001,10092559,,,,U-55,,,
204353,001,7943582,,Y,Y,U-2441,,,
205879,002,7943582,,Y,Y,U-2441,,,
208065,002,10183020,,,Y,U-2289,,,
208259,001,8450344,,Y,Y,U-1524,,,
211230,001,10351517,,,,U-2548,,,
211230,002,10351517,,,,U-2548,,,
209210,001,8501698,,,,U-2588,,,
209210,001,6515117,,Y,Y,U-2588,,,
209210,001,8361972,,,,U-2588,,,
209210,001,7456254,,,Y,U-2588,,,
209210,001,7456254,,,Y,U-2590,,,
209210,001,7456254,,,Y,U-2589,,,
209210,001,7612176,,,Y,U-2590,,,
209210,001,7612176,,,Y,U-2589,,,
209210,001,8329648,,,,U-2590,,,
209210,001,8329648,,,,U-2593,,,
209210,001,8329648,,,,U-2594,,,
209210,001,8329648,,,,U-2596,,,
209210,001,8329648,,,,U-2595,,,
209210,001,8329648,,,,U-2588,,,
209210,001,8329648,,,,U-2589,,,
209210,001,8906851,,,,U-2590,,,
209210,001,8906851,,,,U-2593,,,
209210,001,8906851,,,,U-2597,,,
209210,001,8906851,,,,U-2589,,,
209210,001,8431685,,,Y,U-2589,,,
209210,001,8431685,,,Y,U-2597,,,
209210,001,8431685,,,Y,U-2590,,,
209210,001,8461105,,,Y,U-2589,,,
209210,001,8461105,,,Y,U-2597,,,
209210,001,8461105,,,Y,U-2590,,,
209210,001,9884092,,,,U-2593,,,
209210,001,9884092,,,,U-2589,,,
209210,001,9884092,,,,U-2594,,,
209210,001,9884092,,,,U-2596,,,
209210,001,9884092,,,,U-2597,,,
209210,001,9884092,,,,U-2595,,,
209210,001,9884092,,,,U-2590,,,
209210,001,8895033,,,Y,U-2597,,,
209210,001,8895033,,,Y,U-2590,,,
209210,001,8895033,,,Y,U-2601,,,
209210,001,8895033,,,Y,U-2589,,,
209210,001,8895033,,,Y,U-2602,,,
212320,001,10179120,,,,U-2603,,,
212320,001,9802973,,Y,Y,U-2603,,,
212320,001,9248148,,,,U-2603,,,
209311,001,8916588,,,,U-2357,,,
209311,002,8916588,,,,U-2357,,,
209311,002,9603809,,,,U-2357,,,
209311,003,9034902,,,,U-2357,,,
209311,004,9028868,,,,U-2357,,,
209311,004,9034902,,,,U-2357,,,
209311,005,9603809,,,,U-2357,,,
209311,005,9034902,,,,U-2357,,,
020866,001,9993474,,,,U-2384,,,
020866,001,9993474,,,,U-2390,,,
020866,001,9993474,,,,U-2388,,,
020866,001,9993474,,,,U-2386,,,
020866,001,9993474,,,,U-2392,,,
207233,001,9808468,,,,U-2160,,,
202833,001,9789078,,,,U-2138,,,
207233,002,9808468,,,,U-2160,,,
018705,002,7872049,,,Y,U-2223,,,
205598,001,8192719,,,,U-2220,,,
022527,002,9592208,,,Y,U-2315,,,
203415,001,8183274,,,,U-1588,,,
205552,001,8563563,,,,U-2219,,,
209296,001,9808465,,,,U-2161,,,
200603,002,9827242,,,,U-2199,,,
202429,001,8470818,,,,U-1418,,,
200603,003,9827242,,,,U-2201,,,
200603,004,9827242,,,,U-2201,,,
200603,005,9827242,,,,U-2201,,,
210192,001,7125879,,Y,Y,U-257,,,
203567,001,9877955,,,,U-1969,,,
209963,001,9867815,,,,U-2227,,,
203858,003,9861622,,,,U-1316,,,
203858,005,9861622,,,,U-1316,,,
203312,001,9901640,,,Y,U-219,,,
208065,002,9732058,,Y,Y,U-2289,,,
208090,003,9968598,,,Y,U-1556,,,
208065,001,9732058,,Y,Y,U-2289,,,
210563,002,8563563,,,,U-2242,,,
210563,003,8563563,,,,U-1946,,,
210563,003,8563563,,,,U-1491,,,
204708,001,9861631,,,,U-1428,,,
204708,001,9861632,,,,U-1428,,,
208780,003,8420674,,,,U-2079,,,
210951,001,8802689,,,,U-2237,,,
210951,001,9884054,,,,U-2237,,,
022068,001,9061029,,Y,,U-1374,,,
022068,001,8415363,,Y,Y,U-1407,,,
022068,002,9061029,,Y,,U-1374,,,
204114,002,8835443,,,,U-1582,,,
204114,002,8835443,,,,U-1581,,,
204308,001,9968553,,,,U-1723,,,
204114,002,8835443,,,,U-2020,,,
207202,006,8847766,,,Y,U-2167,,,
207202,006,9444503,,,Y,U-2169,,,
207202,006,9268909,,,Y,U-2168,,,
208686,001,9808442,,,,U-1892,,,
208686,001,9808442,,,,U-3,,,
210563,004,8563563,,,,U-2241,,,
208065,001,8946235,,Y,Y,U-2289,,,
208552,001,9974773,,,,U-2306,,,
208010,001,9925147,,,Y,U-2256,,,
208010,001,8426391,,,,U-1872,,,
208065,002,8946235,,Y,Y,U-2289,,,
204447,003,9125910,,,,U-2309,,,
209483,001,9956231,,,Y,U-1408,,,
209483,001,9956231,,,Y,U-193,,,
209483,001,9956231,,,Y,U-742,,,
209483,001,9956231,,,Y,U-1858,,,
208090,005,10004729,,,Y,U-1556,,,
205029,001,10004700,,,Y,U-2325,,,
209381,001,9592252,,,Y,U-2310,,,
021920,001,10028925,,,Y,U-1731,,,
021920,001,10022344,,,Y,U-1731,,,
210563,004,8563563,,,,U-1946,,,
203858,001,10016404,,,,U-1316,,,
205580,001,9572797,,,,U-1971,,,
205437,001,10092541,,,,U-2403,,,
206038,001,10076513,,,Y,U-2411,,,
205437,003,10092541,,,,U-2403,,,
210793,001,7659285,,,,U-1844,,,
211155,001,9840505,,,,U-2412,,,
211155,002,9216982,,,,U-2412,,,
203858,004,10016404,,,,U-1316,,,
203858,006,10016404,,,,U-1316,,,
211155,002,9840505,,,,U-2413,,,
210563,001,10016435,,,,U-1650,,,
210563,003,10016435,,,,U-1650,,,
206089,001,8241664,,,Y,U-2506,,,
206089,002,8492369,,,Y,U-2506,,,
212038,005,10292939,,,Y,U-2357,,,
206089,003,8241664,,,Y,U-2506,,,
209884,001,8492441,,,,U-2511,,,
208551,001,7816404,,,,U-1656,,,
209115,002,10130636,,,,U-2273,,,
208658,003,10258637,,,,U-2290,,,
206111,001,10258637,,,,U-2290,,,
206111,003,10258637,,,,U-2290,,,
209115,003,10130636,,,,U-2101,,,
207027,001,7547719,,Y,Y,U-1306,,,
209964,001,7361650,,Y,Y,U-1694,,,
209964,001,7361649,,Y,Y,U-1694,,,
207027,002,7547719,,Y,Y,U-1575,,,
204629,002,10258637,,,,U-2290,,,
208623,001,10251873,,,,U-2371,,,
207946,001,10143693,,,,U-2457,,,
207946,003,10143693,,,,U-2458,,,
202292,001,9585868,,,,U-1319,,,
204114,001,8703781,,Y,Y,U-1712,,,
204114,001,8703781,,Y,Y,U-2020,,,
204114,002,8703781,,Y,Y,U-1712,,,
204114,002,8703781,,Y,Y,U-2305,,,
204114,002,8703781,,Y,Y,U-2020,,,
204114,003,8703781,,Y,Y,U-2305,,,
204114,003,8703781,,Y,Y,U-1712,,,
209091,001,8361972,,,,U-1976,,,
209091,001,8361972,,,,U-493,,,
211192,001,9968595,,,Y,U-2534,,,
211192,001,9968595,,,Y,U-2533,,,
210308,001,10292990,,,,U-2535,,,
207925,001,9670163,,,Y,U-2530,,,
211321,001,9289432,,,Y,U-2526,,,
211321,001,8217033,,,Y,U-2526,,,
210861,001,10285993,,,,U-2470,,,
022433,001,10300065,,,,U-2541,,,
200063,001,10307376,,,,U-1585,,,
207925,002,10272046,,,Y,U-2531,,,
207925,002,9670163,,,Y,U-2530,,,
207925,002,8354427,,,,U-1905,,,
207925,002,8629162,,,,U-2529,,,
207925,002,8324242,,,,U-1906,,,
207925,003,8324242,,,,U-1906,,,
207925,003,9670163,,,Y,U-1311,,,
207925,003,8354427,,,,U-1905,,,
210326,001,9833459,,,Y,U-2540,,,
022433,001,10300065,,,,U-2542,,,
209311,005,10292937,,,,U-2357,,,
204370,001,7737142,,Y,Y,U-2543,,,
204370,001,7737142,,Y,Y,U-1750,,,
204370,001,RE47350,,,,U-2543,,,
204370,002,7737142,,Y,Y,U-1750,,,
204370,003,7737142,,Y,Y,U-2543,,,
204370,003,7737142,,Y,Y,U-2544,,,
204370,004,7737142,,Y,Y,U-2544,,,
203505,001,6245819,,,,U-1370,,,
021880,002,8741929,,,,U-1983,,,
022291,001,8828430,,,Y,U-1306,,,
022291,001,7547719,,Y,Y,U-1575,,,
022291,002,8828430,,,Y,U-2451,,,
022291,003,8828430,,,Y,U-1306,,,
208623,001,10383864,,,,U-2371,,,
212480,001,8334270,,Y,Y,U-1470,,,
212480,001,8580765,,Y,Y,U-1470,,,
212480,001,7964580,,Y,Y,U-1470,,,
212480,002,7964580,,Y,Y,U-1470,,,
212480,002,8580765,,Y,Y,U-1470,,,
212480,002,8334270,,Y,Y,U-1470,,,
212480,001,8618076,,Y,Y,U-1470,,,
212480,001,9284342,,Y,Y,U-1470,,,
212480,001,9085573,,Y,Y,U-1470,,,
212480,001,8633309,,Y,Y,U-1470,,,
212480,001,8889159,,,Y,U-1470,,,
212480,002,8633309,,Y,Y,U-1470,,,
212480,002,9284342,,Y,Y,U-1470,,,
212480,002,8618076,,Y,Y,U-1470,,,
212480,002,8889159,,,Y,U-1470,,,
212480,002,9085573,,Y,Y,U-1470,,,
212477,001,8580765,,Y,Y,U-1470,,,
212477,001,8273341,,,,U-1470,,,
212477,001,7964580,,Y,Y,U-1470,,,
212477,001,8334270,,Y,Y,U-1470,,,
212477,002,8580765,,Y,Y,U-1470,,,
212477,002,8273341,,,,U-1470,,,
212477,002,7964580,,Y,Y,U-1470,,,
212477,002,8334270,,Y,Y,U-1470,,,
212477,001,8822430,,Y,Y,U-1470,,,
212477,001,8735372,,,,U-1470,,,
212477,001,8841278,,,Y,U-1470,,,
212477,001,8618076,,Y,Y,U-1470,,,
212477,001,8633309,,Y,Y,U-1470,,,
212477,002,8633309,,Y,Y,U-1470,,,
212477,002,8618076,,Y,Y,U-1470,,,
212477,002,8841278,,,Y,U-1470,,,
212477,002,8822430,,Y,Y,U-1470,,,
212477,002,8735372,,,,U-1470,,,
212477,001,9284342,,Y,Y,U-1470,,,
212477,001,9085573,,Y,Y,U-1470,,,
212477,001,9393256,,,,U-1470,,,
212477,001,8889159,,,Y,U-1470,,,
212477,001,9511056,,,,U-1470,,,
212477,002,8889159,,,Y,U-1470,,,
212477,002,9393256,,,,U-1470,,,
212477,002,9085573,,Y,Y,U-1470,,,
212477,002,9284342,,Y,Y,U-1470,,,
212477,002,9511056,,,,U-1470,,,
205834,002,7964580,,Y,Y,U-1470,,,
205834,002,8334270,,Y,Y,U-1470,,,
205834,002,8273341,,,,U-1470,,,
205834,002,8580765,,Y,Y,U-1470,,,
205834,002,8618076,,Y,Y,U-1470,,,
205834,002,8633309,,Y,Y,U-1470,,,
205834,002,8841278,,,Y,U-1470,,,
205834,002,8822430,,Y,Y,U-1470,,,
205834,002,8735372,,,,U-1470,,,
205834,002,8889159,,,Y,U-1470,,,
205834,002,10039779,,Y,Y,U-1470,,,
205834,002,9511056,,,,U-1470,,,
205834,002,9085573,,Y,Y,U-1470,,,
205834,002,9284342,,Y,Y,U-1470,,,
205834,002,9393256,,,,U-1470,,,
210806,001,8486975,,Y,Y,U-2630,,,
202880,001,10456393,,,,U-1810,,,
202880,002,10456393,,,,U-1810,,,
202880,003,10456393,,,,U-1810,,,
202880,004,10456393,,,,U-1810,,,
202880,005,10456393,,,,U-1810,,,
202880,006,10456393,,,,U-1810,,,
205677,001,10449176,,,,U-2149,,,
211855,001,9090558,,,,U-1384,,,
211855,001,10080733,,Y,Y,U-1384,,,
208447,001,8071579,,,,U-2655,,,
208447,001,8859562,,,,U-2655,,,
208447,001,8143241,,,,U-2655,,,
209355,001,10478502,,,Y,U-2625,,,
209354,001,10478502,,,Y,U-2625,,,
205437,001,10092541,,,,U-2659,,,
205437,002,10092541,,,,U-2659,,,
210951,001,8802689,,,,U-2624,,,
210951,001,8445507,,Y,Y,U-2624,,,
209816,001,10383884,,,,U-2576,,,
210807,001,8486975,,Y,Y,U-2629,,,
209963,001,10413505,,,,U-2479,,,
209531,001,10436802,,,,U-2094,,,
209531,001,10436802,,,,U-1943,,,
209531,001,10436802,,,,U-1941,,,
209531,001,10436802,,,,U-2093,,,
209531,001,10436802,,,,U-1944,,,
209531,001,10436802,,,,U-1942,,,
211527,001,8470871,,,,U-2639,,,
210797,001,8334265,,,,U-2638,,,
210797,001,10076555,,,,U-2638,,,
213004,001,9603806,,,Y,U-2660,,,
213004,001,9498445,,,Y,U-2660,,,
213004,001,9050263,,,Y,U-2660,,,
208901,001,10463740,,,Y,U-2453,,,
209310,001,10232152,,,Y,U-2272,,,
208623,001,10471053,,,,U-2371,,,
209128,001,10507180,,,Y,U-1351,,,
207318,002,10517860,,,,U-1974,,,
202057,001,9700537,,,,U-2707,,,
202057,001,9198892,,,,U-2706,,,
202057,002,9198892,,,,U-2706,,,
202057,002,9700537,,,,U-2707,,,
212614,001,9949998,,,,U-2731,,,
212614,002,9949998,,,,U-2731,,,
212614,003,9949998,,,,U-2731,,,
212614,004,9949998,,,,U-2731,,,
212614,001,10022379,,,Y,U-2732,,,
212614,002,10022379,,,Y,U-2732,,,
212614,003,10022379,,,Y,U-2732,,,
212614,004,10022379,,,Y,U-2732,,,
212614,001,10406172,,,Y,U-2733,,,
212614,001,10258637,,,,U-2731,,,
212614,002,10258637,,,,U-2731,,,
212614,002,10406172,,,Y,U-2733,,,
212614,003,10406172,,,Y,U-2733,,,
212614,003,10258637,,,,U-2731,,,
212614,004,10406172,,,Y,U-2733,,,
212614,004,10258637,,,,U-2731,,,
212097,001,9649364,,,Y,U-2742,,,
212097,002,9649364,,,Y,U-2742,,,
212097,003,9649364,,,Y,U-2742,,,
212097,004,9649364,,,Y,U-2742,,,
201699,001,8859510,,,,U-2741,,,
201699,001,7906489,,,,U-2741,,,
022200,002,6515117,,Y,Y,U-2588,,,
022200,002,8329648,,,,U-2596,,,
022200,002,8329648,,,,U-2595,,,
022200,002,8329648,,,,U-2589,,,
022200,002,8329648,,,,U-2588,,,
022200,002,8329648,,,,U-2590,,,
022200,002,8329648,,,,U-2593,,,
022200,002,8329648,,,,U-2594,,,
022200,002,7456254,,,Y,U-2590,,,
022200,002,7456254,,,Y,U-2588,,,
022200,002,7456254,,,Y,U-2589,,,
212728,001,11083724,,,Y,U-2718,,,
022200,002,7612176,,,Y,U-2590,,,
212728,001,11083724,,,Y,U-3142,,,
022200,002,7612176,,,Y,U-2588,,,
022200,002,7612176,,,Y,U-2589,,,
022200,002,8906851,,,,U-2588,,,
022200,002,8906851,,,,U-2589,,,
022200,002,8906851,,,,U-2593,,,
022200,002,8906851,,,,U-2590,,,
022200,002,8461105,,,Y,U-2588,,,
022200,002,8461105,,,Y,U-2589,,,
022200,002,8461105,,,Y,U-2590,,,
205580,001,11103483,,,Y,U-1971,,,
205580,001,11103483,,,Y,U-1972,,,
022200,002,8431685,,,Y,U-2590,,,
022200,002,8431685,,,Y,U-2588,,,
022200,002,8431685,,,Y,U-2589,,,
207078,001,10398730,,,,U-2312,,,
207078,002,10398730,,,,U-2312,,,
210192,001,10426780,,Y,Y,U-257,,,
211415,001,9180090,,,,U-2635,,,
211415,001,8314083,,,,U-2634,,,
211415,001,8513259,,,,U-2636,,,
211415,001,8263581,,,,U-2635,,,
211415,001,9119771,,,,U-2635,,,
022204,001,10449173,,,Y,U-2637,,,
208215,001,8754065,,Y,Y,U-1259,,,
208215,001,9296769,,Y,Y,U-1259,,,
212273,001,9012496,,,,U-2649,,,
212379,001,10137200,,,,U-2647,,,
212379,001,8865139,,,Y,U-2647,,,
212379,001,10398641,,,,U-2647,,,
212379,001,9675700,,,Y,U-2647,,,
212379,001,8992896,,,Y,U-2647,,,
212379,001,10086080,,,,U-2647,,,
212379,001,10213512,,,Y,U-2647,,,
212273,001,10022352,,,Y,U-2651,,,
210563,001,10463668,,,,U-2654,,,
210563,002,10463668,,,,U-2654,,,
210563,003,10463668,,,,U-2654,,,
210563,004,10463668,,,,U-2654,,,
211746,001,10765686,,,,U-3295,,,
211746,001,10758550,,,,U-3296,,,
211746,001,10646500,,,,U-3297,,,
211746,001,10548907,,,,U-3297,,,
205437,003,10092541,,,,U-2659,,,
213137,001,9248199,,,,U-2676,,,
210259,001,10167291,,,Y,U-2667,,,
210259,001,10167291,,,Y,U-2670,,,
210259,001,10167291,,,Y,U-2666,,,
210259,001,10167291,,,Y,U-2668,,,
210259,001,10167291,,,Y,U-2669,,,
210259,001,10167291,,,Y,U-2671,,,
210259,001,10272083,,,,U-2683,,,
210259,001,10272083,,,,U-2686,,,
210259,001,10272083,,,,U-2684,,,
210259,001,10272083,,,,U-2687,,,
210259,001,10272083,,,,U-2682,,,
210259,001,10272083,,,,U-2685,,,
202057,001,8410086,,,,U-2688,,,
202057,001,8454994,,,,U-2689,,,
202057,002,8410086,,,,U-2688,,,
202057,002,8454994,,,,U-2689,,,
202057,001,8455472,,,,U-2690,,,
202057,001,8617593,,,,U-2691,,,
202057,002,8617593,,,,U-2691,,,
202057,001,8618166,,,,U-2689,,,
202057,001,8623406,,,,U-2692,,,
202057,002,8623406,,,,U-2692,,,
202057,001,8642077,,,,U-2693,,,
202057,002,8642077,,,,U-2693,,,
202057,001,8669245,,,,U-2694,,,
202057,002,8669245,,,,U-2694,,,
202057,001,8680144,,,,U-2695,,,
202057,002,8680144,,,,U-2695,,,
202057,001,8703185,,,,U-2691,,,
202057,001,8691871,,,,U-2689,,,
202057,001,8709475,,,,U-2689,,,
202057,002,8703185,,,,U-2691,,,
202057,002,8709475,,,,U-2689,,,
202057,002,8691871,,,,U-2689,,,
202057,001,8710041,,,,U-2690,,,
202057,002,8710041,,,,U-2690,,,
202057,001,9603826,,,,U-2696,,,
202057,002,9603826,,,,U-2696,,,
202057,001,9610272,,,,U-2697,,,
202057,002,9610272,,,,U-2697,,,
212327,001,10391094,,,Y,U-2607,,,
022348,003,9072661,,,,U-2264,,,
022348,003,8871810,,,,U-981,,,
208564,001,10398708,,,,U-2317,,,
208564,002,10398708,,,,U-2317,,,
022348,003,9012508,,,,U-981,,,
022348,003,8735452,,,,U-981,,,
204671,002,8618076,,Y,Y,U-1470,,,
204671,002,8889159,,,Y,U-1470,,,
204671,002,8633309,,Y,Y,U-1470,,,
204671,002,8580765,,Y,Y,U-1470,,,
204671,002,8334270,,Y,Y,U-1470,,,
204671,002,9284342,,Y,Y,U-1470,,,
204671,002,9085573,,Y,Y,U-1470,,,
204671,002,7964580,,Y,Y,U-1470,,,
022075,001,7727993,,,Y,U-2623,,,
022075,002,7727993,,,Y,U-2623,,,
208623,001,10406143,,,,U-2371,,,
212725,001,9616059,,,,U-2618,,,
212725,002,9616059,,,,U-2618,,,
210655,001,10406160,,,Y,U-2608,,,
210655,002,10406160,,,Y,U-2608,,,
212725,001,10231965,,,,U-2618,,,
212725,001,9649306,,,,U-2618,,,
212725,001,8673893,,,,U-2618,,,
212725,001,9255087,,,,U-2618,,,
212725,002,9649306,,,,U-2618,,,
212725,002,10231965,,,,U-2618,,,
212725,002,9255087,,,,U-2618,,,
212725,002,8673893,,,,U-2618,,,
211801,001,9006281,,,,U-2626,,,
211801,001,9408840,,,,U-2626,,,
206192,001,10478400,,Y,Y,U-1776,,,
206488,001,RE47751,,,,U-1918,,,
206488,001,RE47751,,,,U-2664,,,
206488,001,RE47751,,,,U-2673,,,
206488,001,RE47751,,,,U-2674,,,
206488,002,RE47751,,,,U-1918,,,
206488,002,RE47751,,,,U-2673,,,
206488,002,RE47751,,,,U-2674,,,
206488,002,RE47751,,,,U-2664,,,
211970,001,10266827,,,,U-2675,,,
202057,001,9623001,,,,U-2698,,,
202057,001,9693984,,,,U-2697,,,
202057,002,9693984,,,,U-2697,,,
202057,002,9623001,,,,U-2698,,,
202057,001,9693985,,,,U-2696,,,
202057,001,9693986,,,,U-2698,,,
202057,002,9693985,,,,U-2696,,,
202057,002,9693986,,,,U-2698,,,
202057,001,10010517,,,,U-2690,,,
202057,001,9918954,,,,U-2699,,,
202057,002,10010517,,,,U-2690,,,
202057,002,9918954,,,,U-2699,,,
202057,001,10278935,,,,U-2701,,,
202057,001,10265287,,,,U-2700,,,
202057,002,10278935,,,,U-2701,,,
202057,002,10265287,,,,U-2700,,,
202057,001,10278937,,,,U-2703,,,
202057,001,10278936,,,,U-2702,,,
202057,002,10278936,,,,U-2702,,,
202057,002,10278937,,,,U-2703,,,
202057,001,10383840,,,,U-2704,,,
202057,002,10383840,,,,U-2704,,,
203567,001,10512640,,,,U-1969,,,
206829,001,7129232,,Y,Y,U-1676,,,
203415,001,9126941,,,,U-2708,,,
203415,001,8183274,,,,U-2708,,,
208558,001,8143241,,,,U-2716,,,
208558,002,8143241,,,,U-2716,,,
208558,001,8859562,,,,U-2716,,,
208558,002,8859562,,,,U-2716,,,
212535,001,10543186,,,,U-2722,,,
211765,001,8754096,,Y,Y,U-2717,,,
211765,002,8754096,,Y,Y,U-2717,,,
202971,003,10525057,,,,U-2723,,,
202971,003,10525057,,,,U-1632,,,
202971,003,10525057,,,,U-543,,,
211765,001,9499545,,Y,Y,U-2718,,,
211765,001,9833448,,,,U-2718,,,
211765,002,9833448,,,,U-2718,,,
211765,002,9499545,,Y,Y,U-2718,,,
202971,004,10525057,,,,U-1632,,,
202971,004,10525057,,,,U-543,,,
202971,004,10525057,,,,U-2723,,,
211810,001,9358235,,,,U-2606,,,
211810,001,8461169,,,,U-2606,,,
211810,001,10189833,,,,U-2606,,,
212327,001,8138199,,,,U-2607,,,
208791,001,8969412,,,Y,U-2609,,,
206829,001,10376496,,,,U-2611,,,
206829,001,10376496,,,,U-2610,,,
210251,001,10385067,,,,U-257,,,
209817,001,10383884,,,,U-2576,,,
209354,001,10426787,,,,U-2625,,,
207589,001,9119781,,,Y,U-2627,,,
213051,001,8536122,,Y,Y,U-2628,,,
213051,001,9278123,,,Y,U-2628,,,
213051,001,8129343,,Y,Y,U-2628,,,
213051,002,8536122,,Y,Y,U-2628,,,
213051,002,9278123,,,Y,U-2628,,,
213051,002,8129343,,Y,Y,U-2628,,,
213051,003,9278123,,,Y,U-2628,,,
213051,003,8129343,,Y,Y,U-2628,,,
213051,003,8536122,,Y,Y,U-2628,,,
213051,001,10278923,,,,U-2628,,,
213051,002,10278923,,,,U-2628,,,
213051,003,10278923,,,,U-2628,,,
022563,001,8629128,,,Y,U-2662,,,
022563,001,8263580,,,Y,U-2662,,,
212038,001,10512613,,,,U-2357,,,
212038,002,10512613,,,,U-2357,,,
212038,003,10512613,,,,U-2357,,,
212038,004,10512613,,,,U-2357,,,
212038,005,10512613,,,,U-2357,,,
212038,006,10512613,,,,U-2357,,,
212379,001,10517882,,,,U-2647,,,
208223,001,10537554,,,,U-72,,,
209500,001,9956227,,,,U-2714,,,
209500,001,9199995,,,,U-2713,,,
210450,001,10537572,,,,U-2735,,,
211723,001,9889138,,,,U-2736,,,
211723,001,10155002,,,,U-2736,,,
211723,001,10245269,,,,U-2737,,,
211723,001,9688665,,,,U-2736,,,
211723,001,9549931,,,,U-2736,,,
211723,001,9855275,,,,U-2736,,,
211723,001,10420775,,,,U-2736,,,
211723,001,10369155,,,,U-2736,,,
209360,001,10548943,,,,U-2740,,,
209360,001,10548943,,,,U-2739,,,
209360,002,10548943,,,,U-2740,,,
209360,002,10548943,,,,U-2739,,,
213138,001,7906489,,,,U-2741,,,
213138,001,8859510,,,,U-2741,,,
022200,001,6515117,,Y,Y,U-2588,,,
022200,001,7456254,,,Y,U-2589,,,
022200,001,8461105,,,Y,U-2589,,,
022200,001,7456254,,,Y,U-2588,,,
022200,001,7456254,,,Y,U-2590,,,
022200,001,7612176,,,Y,U-2590,,,
022200,001,7612176,,,Y,U-2589,,,
022200,001,7612176,,,Y,U-2588,,,
022200,001,8329648,,,,U-2590,,,
022200,001,8329648,,,,U-2589,,,
022200,001,8329648,,,,U-2595,,,
022200,001,8329648,,,,U-2593,,,
022200,001,8329648,,,,U-2596,,,
022200,001,8329648,,,,U-2588,,,
022200,001,8329648,,,,U-2594,,,
022200,001,8361972,,,,U-2588,,,
207960,001,11103495,,,Y,U-2993,,,
022200,001,8431685,,,Y,U-2588,,,
022200,001,8431685,,,Y,U-2590,,,
022200,001,8431685,,,Y,U-2589,,,
022200,001,8461105,,,Y,U-2590,,,
207960,002,11103495,,,Y,U-2993,,,
022200,001,8461105,,,Y,U-2588,,,
022200,001,8501698,,,Y,U-2588,,,
022200,001,8906851,,,,U-2593,,,
022200,001,8906851,,,,U-2589,,,
022200,001,8906851,,,,U-2588,,,
022200,001,8906851,,,,U-2590,,,
022200,001,9884092,,,,U-2593,,,
022200,001,9884092,,,,U-2594,,,
022200,001,9884092,,,,U-2595,,,
022200,001,9884092,,,,U-2596,,,
022200,001,9884092,,,,U-2590,,,
022200,001,9884092,,,,U-2588,,,
022200,001,9884092,,,,U-2589,,,
206426,001,10391075,,,,U-2622,,,
206426,001,8778997,,,,U-2622,,,
206829,001,10420841,,,,U-2631,,,
206829,001,10420841,,,,U-1672,,,
212038,001,10449159,,,,U-2357,,,
212038,002,10449159,,,,U-2357,,,
212038,003,10449159,,,,U-2357,,,
212038,004,10449159,,,,U-2357,,,
212038,005,10449159,,,,U-2357,,,
212038,006,10449159,,,,U-2357,,,
210259,001,9796721,,Y,Y,U-2669,,,
210259,001,9796721,,Y,Y,U-2671,,,
210259,001,9796721,,Y,Y,U-2670,,,
210259,001,9796721,,Y,Y,U-2668,,,
210259,001,9796721,,Y,Y,U-2666,,,
210259,001,9796721,,Y,Y,U-2667,,,
209310,001,10357640,,,,U-2272,,,
212038,001,10500162,,,,U-2357,,,
212038,002,10500162,,,,U-2357,,,
212038,003,10500162,,,,U-2357,,,
212038,004,10500162,,,,U-2357,,,
212038,005,10500162,,,,U-2357,,,
212038,006,10500162,,,,U-2357,,,
212194,001,9631193,,,,U-2672,,,
212194,001,10131907,,Y,Y,U-2672,,,
212194,001,10125364,,Y,Y,U-2672,,,
212194,001,8106022,,Y,Y,U-2672,,,
212194,001,10119143,,Y,Y,U-2672,,,
212194,001,9133461,,Y,Y,U-2672,,,
212194,001,8828956,,Y,Y,U-2672,,,
209410,001,10500171,,,,U-2497,,,
209410,001,10500172,,,,U-2497,,,
209410,001,10500170,,,,U-20,,,
209410,002,10500172,,,,U-2497,,,
209410,002,10500170,,,,U-20,,,
209410,002,10500171,,,,U-2497,,,
209410,003,10500170,,,,U-20,,,
209410,003,10500172,,,,U-2497,,,
209410,003,10500171,,,,U-2497,,,
208623,001,10525045,,,,U-2371,,,
209500,001,8598119,,,,U-543,,,
213137,001,9248199,,,,U-2715,,,
211230,001,10512609,,,,U-2548,,,
211230,002,10512609,,,,U-2548,,,
212306,001,10519139,,Y,Y,U-2584,,,
203567,001,10342875,,,Y,U-2720,,,
203567,001,10478601,,,Y,U-2721,,,
212608,001,9944651,,Y,Y,U-2726,,,
212608,001,9994575,,Y,Y,U-2726,,,
212608,001,9200002,,Y,Y,U-2726,,,
212608,002,9994575,,Y,Y,U-2726,,,
212608,002,9200002,,Y,Y,U-2726,,,
212608,002,9944651,,Y,Y,U-2726,,,
212608,003,9944651,,Y,Y,U-2726,,,
212608,003,9994575,,Y,Y,U-2726,,,
212608,003,9200002,,Y,Y,U-2726,,,
208171,001,8815301,,Y,Y,U-2734,,,
206089,001,10543219,,,,U-2506,,,
206089,002,10543219,,,,U-2506,,,
206089,003,10543219,,,,U-2506,,,
204353,001,7943582,,Y,Y,U-2632,,,
204353,002,7943582,,Y,Y,U-2632,,,
204353,003,7943582,,Y,Y,U-2632,,,
204353,004,7943582,,Y,Y,U-2632,,,
204353,001,8222219,,,,U-2632,,,
204353,002,8222219,,,,U-2632,,,
204353,003,8222219,,,,U-2632,,,
204353,004,8222219,,,,U-2632,,,
204353,001,8513202,,Y,Y,U-2632,,,
204353,002,8513202,,Y,Y,U-2632,,,
204353,003,8513202,,Y,Y,U-2632,,,
204353,004,8513202,,Y,Y,U-2632,,,
205879,001,7943582,,Y,Y,U-2632,,,
205879,002,7943582,,Y,Y,U-2632,,,
205879,003,7943582,,Y,Y,U-2632,,,
205879,004,7943582,,Y,Y,U-2632,,,
205879,001,8222219,,,,U-2632,,,
205879,002,8222219,,,,U-2632,,,
205879,003,8222219,,,,U-2632,,,
205879,004,8222219,,,,U-2632,,,
205879,001,8513202,,Y,Y,U-2632,,,
205879,002,8513202,,Y,Y,U-2632,,,
022348,002,8871810,,,,U-981,,,
204042,001,8513202,,Y,Y,U-2632,,,
204042,002,8513202,,Y,Y,U-2632,,,
204042,001,8222219,,,,U-2632,,,
204042,001,7943582,,Y,Y,U-2632,,,
204042,002,7943582,,Y,Y,U-2632,,,
204042,002,8222219,,,,U-2632,,,
205552,001,10463668,,,,U-2654,,,
205552,002,10463668,,,,U-2654,,,
213217,001,9447106,,Y,Y,U-2145,,,
208215,001,9296769,,Y,Y,U-1663,,,
208215,001,8754065,,Y,Y,U-1663,,,
208564,001,10471072,,,,U-2317,,,
208564,001,10471072,,,,U-2316,,,
208564,002,10471072,,,,U-2317,,,
208564,002,10471072,,,,U-2316,,,
209022,001,10478574,,,,U-2133,,,
206099,001,10478574,,,,U-2404,,,
209445,001,9238657,,Y,Y,U-282,,,
212279,001,9034300,,,Y,U-2663,,,
212279,001,9259494,,,Y,U-2663,,,
202107,001,10500216,,,,U-1643,,,
205552,002,10478439,,,,U-1684,,,
210563,001,10478439,,,,U-2242,,,
210563,001,10478439,,,,U-1650,,,
210563,001,10478439,,,,U-1946,,,
210563,001,10478439,,,,U-2665,,,
210563,001,10478439,,,,U-2241,,,
210563,002,10478439,,,,U-2665,,,
210563,002,10478439,,,,U-1946,,,
210563,002,10478439,,,,U-1650,,,
206406,001,8685998,,,Y,U-2678,,,
210563,002,10478439,,,,U-2242,,,
210563,002,10478439,,,,U-2241,,,
210563,003,10478439,,,,U-2241,,,
210563,003,10478439,,,,U-2665,,,
210563,003,10478439,,,,U-2242,,,
206406,001,8685998,,,Y,U-2677,,,
210563,003,10478439,,,,U-1946,,,
210563,003,10478439,,,,U-1650,,,
210563,004,10478439,,,,U-1650,,,
210563,004,10478439,,,,U-1947,,,
210563,004,10478439,,,,U-1456,,,
210563,004,10478439,,,,U-1946,,,
210563,004,10478439,,,,U-2241,,,
210563,004,10478439,,,,U-2665,,,
210563,004,10478439,,,,U-2242,,,
205552,001,10478439,,,,U-1946,,,
205552,001,10478439,,,,U-2665,,,
205552,001,10478439,,,,U-1650,,,
205552,001,10478439,,,,U-2241,,,
205552,001,10478439,,,,U-2242,,,
205552,002,10478439,,,,U-1650,,,
205552,002,10478439,,,,U-2241,,,
205552,002,10478439,,,,U-2665,,,
205552,002,10478439,,,,U-1946,,,
205552,002,10478439,,,,U-2242,,,
206406,002,8685998,,,Y,U-2678,,,
210563,001,10478439,,,,U-1684,,,
210563,002,10478439,,,,U-1684,,,
210563,003,10478439,,,,U-1684,,,
210563,004,10478439,,,,U-1684,,,
205552,001,10478439,,,,U-1684,,,
206406,002,8685998,,,Y,U-2677,,,
206406,003,8685998,,,Y,U-2677,,,
206406,003,8685998,,,Y,U-2678,,,
209360,001,10493124,,,,U-2679,,,
209360,001,10500247,,,,U-2681,,,
209360,001,10500247,,,,U-2680,,,
209360,002,10493124,,,,U-2679,,,
209360,002,10500247,,,,U-2681,,,
209360,002,10500247,,,,U-2680,,,
209410,001,10512617,,,,U-2497,,,
209410,002,10512617,,,,U-2497,,,
209410,003,10512617,,,,U-2497,,,
022527,001,10543179,,,,U-2719,,,
205879,003,8513202,,Y,Y,U-2632,,,
205879,004,8513202,,Y,Y,U-2632,,,
211280,001,7423050,,Y,Y,U-1719,,,
211280,002,7423050,,Y,Y,U-1719,,,
212306,001,10544108,,,,U-2584,,,
210134,001,10213487,,,Y,U-2604,,,
210655,001,10376590,,,,U-2608,,,
210655,002,10376590,,,,U-2608,,,
206488,001,10364431,,,,U-1919,,,
206488,001,10364431,,,,U-1918,,,
206488,002,10364431,,,,U-1919,,,
206488,002,10364431,,,,U-1918,,,
208564,001,10398708,,,,U-2614,,,
208564,002,10398708,,,,U-2614,,,
022348,003,9072710,,,,U-2266,,,
206488,001,10337003,,,,U-1918,,,
206488,002,10337003,,,,U-1918,,,
205677,001,10376487,,,,U-2615,,,
211150,001,8354430,,,,U-1101,,,
211150,001,8486947,,,,U-1101,,,
211150,002,8486947,,,,U-1101,,,
211150,002,8354430,,,,U-1101,,,
212725,001,8673893,,,,U-2617,,,
212725,001,10231965,,,,U-2617,,,
212725,001,9255087,,,,U-2617,,,
212725,001,9649306,,,,U-2617,,,
212725,002,9255087,,,,U-2617,,,
212725,002,9649306,,,,U-2617,,,
212725,002,10231965,,,,U-2617,,,
212725,002,8673893,,,,U-2617,,,
205832,001,10154990,,,,U-2620,,,
205832,002,10154990,,,,U-2620,,,
022450,001,10383834,,,,U-2262,,,
022450,001,10383834,,,,U-2621,,,
208401,001,10406199,,,,U-1864,,,
208401,001,10406199,,,,U-185,,,
208401,001,10406199,,,,U-1723,,,
208401,001,10406199,,,,U-71,,,
208401,001,10406199,,,,U-1991,,,
208401,001,10406199,,,,U-3,,,
208401,001,10406199,,,,U-8,,,
209963,001,10420760,,,,U-2478,,,
210868,001,10420749,,Y,Y,U-2633,,,
210868,002,10420749,,Y,Y,U-2633,,,
211527,001,9084778,,,Y,U-134,,,
211527,001,8227507,,,,U-818,,,
022406,001,9539218,,,,U-2641,,,
202107,001,10495650,,,,U-1643,,,
210259,001,10239883,,,,U-2668,,,
210259,001,10239883,,,,U-2666,,,
203496,001,8747897,,,Y,U-2725,,,
203496,001,8747897,,,Y,U-2724,,,
203496,002,8747897,,,Y,U-2725,,,
203496,002,8747897,,,Y,U-2724,,,
203496,003,8747897,,,Y,U-2724,,,
203496,003,8747897,,,Y,U-2725,,,
203496,004,8747897,,,Y,U-2725,,,
203496,004,8747897,,,Y,U-2724,,,
203496,005,8747897,,,Y,U-2725,,,
203496,005,8747897,,,Y,U-2724,,,
202971,001,10525057,,,,U-543,,,
202971,001,10525057,,,,U-1632,,,
202971,001,10525057,,,,U-2723,,,
202971,002,10525057,,,,U-2723,,,
202971,002,10525057,,,,U-1632,,,
202971,002,10525057,,,,U-543,,,
208564,001,10537581,,,Y,U-2316,,,
208564,001,10537581,,,Y,U-2317,,,
208564,002,10537581,,,Y,U-2317,,,
208564,002,10537581,,,Y,U-2316,,,
212614,001,8551957,,,Y,U-2730,,,
212614,002,8551957,,,Y,U-2730,,,
212614,003,8551957,,,Y,U-2730,,,
212614,004,8551957,,,Y,U-2730,,,
018708,003,7608616,,,,U-1012,,,
019734,003,8455524,,,,U-1029,,,
019734,005,7659291,,,,U-1029,,,
202799,001,7550433,,,,U-1238,,,
202799,003,7919461,,,,U-1238,,,
020845,003,8795741,,,,U-1286,,,
022352,001,7981938,,,,U-1166,,,
022383,001,6878721,,Y,Y,U-1168,,,
202799,006,7550433,,,,U-1238,,,
202834,001,6949571,,Y,Y,U-106,,,
202834,002,6949571,,Y,Y,U-2428,,,
202834,003,6949571,,Y,Y,U-2089,,,
202834,004,6949571,,Y,Y,U-106,,,
202834,005,6949571,,Y,Y,U-106,,,
202834,006,6949571,,Y,Y,U-2429,,,
022399,001,8114909,,,,U-1231,,,
022418,001,7915247,,,,U-1059,,,
022418,002,7915247,,,,U-1061,,,
201922,001,7541347,,,,U-917,,,
201922,003,8268804,,,,U-124,,,
201922,005,8252776,,,,U-124,,,
202057,001,8426399,,,,U-1287,,,
022205,001,7625884,,,,U-1229,,,
022426,005,7807689,,Y,Y,U-1337,,,
203923,001,8496973,,Y,Y,U-1419,,,
202317,001,8501819,,,,U-1427,,,
204708,001,7439241,,,,U-1428,,,
203794,001,7994364,,Y,Y,U-1289,,,
204824,001,8579865,,,Y,U-1442,,,
203791,001,8592434,,,Y,U-1460,,,
205098,001,7814943,,,Y,U-1461,,,
201655,004,8808737,,,,U-1598,,,
022249,001,8669279,,,Y,U-1402,,,
022434,001,7589106,,,Y,U-1163,,,
022200,002,8501698,,,Y,U-2588,,,
022200,002,8361972,,,,U-2588,,,
022200,002,9884092,,,,U-2588,,,
022200,002,9884092,,,,U-2594,,,
022200,002,9884092,,,,U-2590,,,
022200,002,9884092,,,,U-2596,,,
022200,002,9884092,,,,U-2589,,,
022200,002,9884092,,,,U-2595,,,
022200,002,9884092,,,,U-2593,,,
020832,002,7422388,,,Y,U-1397,,,
020845,002,8291904,,,Y,U-1226,,,
020845,003,8431163,,,,U-1286,,,
021223,002,8324189,,,,U-53,,,
021400,001,8273876,,,,U-1288,,,
021641,001,7815942,,Y,Y,U-219,,,
021829,003,8246979,,,Y,U-1273,,,
021856,001,8372872,,,,U-1346,,,
212038,001,10568841,,,Y,U-2357,,,
212038,002,10568841,,,Y,U-2357,,,
212038,003,10568841,,,Y,U-2357,,,
212038,004,10568841,,,Y,U-2357,,,
212038,005,10568841,,,Y,U-2357,,,
212038,006,10568841,,,Y,U-2357,,,
202057,001,10555925,,,,U-2744,,,
202057,001,10555924,,,,U-2743,,,
202057,002,10555924,,,,U-2743,,,
202057,002,10555925,,,,U-2744,,,
021991,001,7399787,,,,U-892,,,
022030,002,7807715,,,Y,U-913,,,
022184,001,8299118,,,,U-1295,,,
022067,002,7799331,,,Y,U-1068,,,
200533,001,7994364,,Y,Y,U-1178,,,
021695,005,8026281,,,,U-1448,,,
200533,005,7994364,,Y,Y,U-1178,,,
050808,001,8268804,,,,U-1078,,,
050808,003,7919483,,,,U-1078,,,
050808,005,8268804,,,,U-1078,,,
204886,001,7304078,,Y,Y,U-1512,,,
021026,001,8147852,,,,U-1426,,,
021539,001,8722738,,,,U-1373,,,
204384,001,8546428,,Y,Y,U-1321,,,
205776,001,8664231,,,,U-1442,,,
205776,007,8664231,,,,U-1442,,,
204031,001,7976870,,,,U-1498,,,
050819,002,8288434,,,Y,U-916,,,
203756,002,8877776,,Y,Y,U-1617,,,
204654,001,7704984,,,,U-1,,,
202788,004,8486973,,,,U-55,,,
022309,003,8741881,,,,U-1103,,,
202833,002,8735375,,,,U-1440,,,
204447,004,7144884,,Y,Y,U-1439,,,
204824,001,8480631,,,Y,U-1442,,,
022247,001,7683051,,Y,Y,U-904,,,
201635,001,8889191,,,,U-1992,,,
201635,003,8889191,,,,U-106,,,
022399,001,8686034,,,,U-1231,,,
202057,001,8551521,,,,U-1287,,,
203975,001,8183257,,,,U-1476,,,
021272,002,8653137,,,,U-1437,,,
022399,002,8795725,,,Y,U-1247,,,
204308,001,8778366,,,,U-1723,,,
022287,001,8173158,,,,U-950,,,
022291,001,8052993,,,Y,U-1575,,,
022291,002,8052994,,,Y,U-930,,,
022291,004,7547719,,Y,Y,U-1575,,,
022291,005,7547719,,Y,Y,U-1306,,,
205637,001,8147866,,,Y,U-1521,,,
205637,003,8147866,,,Y,U-1521,,,
204353,001,8513202,,Y,Y,U-493,,,
204353,002,7943582,,Y,Y,U-493,,,
204353,002,8513202,,Y,Y,U-2441,,,
204353,003,7943582,,Y,Y,U-2441,,,
204353,003,8513202,,Y,Y,U-2441,,,
204353,004,8222219,,,,U-2441,,,
202192,004,8822481,,,,U-1573,,,
022192,004,8586610,,,,U-1625,,,
020947,001,8546450,,,,U-1436,,,
022036,002,8513299,,,,U-620,,,
203093,001,7176220,,Y,Y,U-257,,,
203510,001,8859623,,,,U-1594,,,
201635,003,8298576,,,Y,U-1992,,,
201635,002,8298580,,,Y,U-1992,,,
202788,007,8486973,,,,U-55,,,
204824,003,8945063,,,Y,U-1442,,,
204447,003,8969355,,,,U-1668,,,
203312,002,9089607,,,Y,U-1720,,,
022291,001,8062665,,,Y,U-1714,,,
206619,001,8188104,,Y,Y,U-1636,,,
022321,003,8623418,,,,U-1640,,,
204592,001,8999387,,,,U-55,,,
050819,001,8895070,,,,U-124,,,
203312,004,9089607,,,Y,U-1720,,,
205834,001,9085573,,Y,Y,U-1470,,,
021856,002,9107912,,,,U-1346,,,
205739,001,8337824,,Y,,U-1766,,,
205739,003,8216560,,,,U-1766,,,
207932,001,8147866,,,Y,U-1769,,,
203188,001,8354427,,,,U-1905,,,
206353,001,8148374,,Y,Y,U-1279,,,
022474,001,8962603,,,,U-1657,,,
201635,002,8992989,,,Y,U-1992,,,
022504,001,8993520,,,,U-1390,,,
208462,001,7442830,,Y,Y,U-2434,,,
208462,002,8003819,,Y,Y,U-2434,,,
208462,003,8530694,,Y,Y,U-2434,,,
204223,002,9192608,,,,U-55,,,
202992,002,9186346,,,,U-1786,,,
022225,001,RE44733,,Y,Y,U-1794,,,
204447,003,9227946,,,,U-1668,,,
205858,001,8980901,,,,U-1678,,,
206500,001,7049320,,Y,Y,U-1741,,,
021729,002,9125939,,,,U-1749,,,
021436,003,9125939,,,,U-1749,,,
207932,004,8147866,,,Y,U-1769,,,
022184,001,9241918,,,Y,U-1814,,,
205836,003,6911461,,Y,Y,U-2295,,,
204629,001,9949997,,,,U-2292,,,
208010,001,9925147,,,Y,U-2257,,,
209936,001,RE46856,,Y,Y,U-2124,,,
210303,001,8383596,,Y,,U-2328,,,
209819,001,8975270,,,Y,U-2175,,,
209819,001,9272044,,,,U-2177,,,
209819,002,9272044,,,,U-2176,,,
209819,001,9498432,,,Y,U-2179,,,
209819,001,9782402,,,Y,U-2207,,,
209819,002,9782402,,,Y,U-2180,,,
209819,001,9827241,,,Y,U-2174,,,
209819,002,9827241,,,Y,U-2174,,,
207202,001,9125939,,,,U-1749,,,
207202,004,8759350,,,,U-1529,,,
207202,005,9125939,,,,U-1749,,,
207202,006,9125939,,,,U-1749,,,
210496,001,9850230,,,,U-2334,,,
210496,001,9763941,,,,U-2335,,,
210496,002,9850229,,,,U-2337,,,
202880,001,10028946,,,,U-1810,,,
203312,001,8454998,,,Y,U-1647,,,
203312,002,8454998,,,Y,U-1645,,,
203312,002,8454998,,,Y,U-1646,,,
203312,002,8377474,,,Y,U-1645,,,
203312,003,8557283,,,Y,U-1645,,,
203312,003,8454998,,,Y,U-1646,,,
203312,004,8377474,,,Y,U-219,,,
203312,004,8454998,,,Y,U-1649,,,
203312,004,8557283,,,Y,U-219,,,
205395,001,8148374,,Y,Y,U-1279,,,
205353,002,8883842,,,,U-1669,,,
206038,001,8741933,,,,U-1909,,,
205422,005,8618109,,,,U-543,,,
210455,001,9296769,,Y,Y,U-2352,,,
210455,001,8148374,,Y,Y,U-2353,,,
211172,001,9399774,,,,U-2430,,,
022192,003,9138432,,,,U-1737,,,
022192,007,9138432,,,,U-1737,,,
207561,001,7635704,,Y,Y,U-257,,,
210951,001,8445507,,Y,Y,U-2237,,,
210491,001,9012496,,,,U-2248,,,
022474,001,9283233,,,,U-1821,,,
020845,003,9279794,,,Y,U-1823,,,
208215,001,8754065,,Y,Y,U-257,,,
021695,005,9314447,,,Y,U-1448,,,
208573,001,9174982,,,,U-2446,,,
208573,002,9174982,,,,U-2445,,,
208573,003,9174982,,,,U-2446,,,
202880,006,9326982,,,,U-1810,,,
206356,001,9301932,,,Y,U-1836,,,
205422,001,8349840,,,Y,U-1529,,,
021926,002,7332183,,,Y,U-1719,,,
204768,002,9089471,,,,U-55,,,
022192,003,9074254,,,,U-1674,,,
022192,004,9074254,,,,U-1674,,,
022192,002,9074255,,,,U-1674,,,
022192,004,9074255,,,,U-1674,,,
022192,006,9074255,,,,U-1674,,,
022192,004,9074256,,,,U-1674,,,
206494,001,7112592,,Y,Y,U-282,,,
205934,003,8940786,,,Y,U-1789,,,
202880,001,9265760,,,,U-1810,,,
202880,002,9265760,,,,U-1810,,,
202806,001,9233956,,,,U-2031,,,
202806,001,9233956,,,,U-1811,,,
202806,002,9233956,,,,U-2031,,,
204623,001,9220784,,,,U-1488,,,
203388,001,9278961,,,,U-1825,,,
208351,001,7125879,,Y,Y,U-257,,,
203697,001,9226892,,,,U-1732,,,
205858,001,9149477,,,,U-1757,,,
208065,002,8946235,,Y,Y,U-1777,,,
208462,002,9175017,,,,U-2434,,,
206143,001,7361650,,Y,Y,U-1694,,,
206143,002,7361650,,Y,Y,U-1694,,,
208194,001,9000021,,,,U-1542,,,
207986,001,9205048,,,,U-1793,,,
207988,001,8357713,,,Y,U-1802,,,
207988,001,8283369,,,,U-1802,,,
022192,004,9157121,,,,U-1674,,,
201635,001,9549940,,,Y,U-1675,,,
201635,004,9549940,,,Y,U-1675,,,
207960,001,9545399,,,Y,U-1827,,,
208551,001,7857977,,,,U-1656,,,
209195,001,8334270,,Y,Y,U-2039,,,
209195,001,8575135,,Y,Y,U-2039,,,
209195,001,8618076,,Y,Y,U-2039,,,
209195,001,8735372,,Y,Y,U-2039,,,
209195,001,8633309,,Y,Y,U-2039,,,
209195,001,8889159,,Y,Y,U-2039,,,
208780,003,8778947,,,,U-2044,,,
208780,003,8318780,,,,U-2046,,,
208780,003,8013002,,,,U-2047,,,
208780,001,7910610,,,,U-2048,,,
208780,001,7816383,,,,U-2050,,,
208780,001,8754109,,,,U-2053,,,
208780,001,8592462,,,,U-2061,,,
208780,001,8592462,,,,U-2055,,,
208780,003,8592462,,,,U-2059,,,
208780,001,8609701,,,,U-2068,,,
208780,001,8609701,,,,U-2070,,,
208780,003,8609701,,,,U-2066,,,
202811,001,9708371,,,Y,U-1516,,,
208780,001,7635707,,,,U-2072,,,
208780,001,7635707,,,,U-2075,,,
208780,003,7635707,,,,U-2076,,,
208780,001,7566729,,,,U-2077,,,
208780,003,7566729,,,,U-2077,,,
208780,001,8420674,,,,U-2079,,,
021964,003,9492445,,,Y,U-1185,,,
205649,005,6515117,,Y,Y,U-493,,,
208799,001,9415008,,,Y,U-645,,,
204671,001,9549941,,,,U-1958,,,
022264,001,9439906,,,,U-543,,,
022264,004,9439906,,,,U-543,,,
203312,003,9463246,,,Y,U-219,,,
208026,002,9555001,,,Y,U-1967,,,
208194,001,9572796,,,Y,U-1971,,,
203858,004,9861622,,,,U-1316,,,
208079,001,9877974,,,Y,U-1858,,,
207078,002,9844567,,,,U-2312,,,
207078,002,8808750,,,,U-2312,,,
022341,001,9968659,,,,U-2313,,,
207533,004,9452131,,,,U-2402,,,
202057,002,8415335,,,,U-1287,,,
202057,002,8501225,,,,U-1287,,,
202057,002,8524698,,,,U-1287,,,
202057,002,8563608,,,,U-1287,,,
207958,001,9669009,,,,U-1850,,,
207958,004,9669009,,,,U-2022,,,
207916,001,9561204,,,,U-1373,,,
208558,001,8143241,,,,U-2483,,,
208558,001,8859562,,,,U-2480,,,
208558,002,8859562,,,,U-2483,,,
208558,002,8143241,,,,U-2483,,,
209203,002,8283369,,,,U-2104,,,
209241,002,8357697,,,,U-1995,,,
207981,002,RE46284,,,,U-2503,,,
205718,001,9186357,,,,U-2293,,,
208271,001,8420663,,,,U-1185,,,
206843,001,9421192,,Y,,U-1724,,,
209310,001,9585681,,,,U-2272,,,
209310,001,7544192,,,,U-2272,,,
208090,004,10004729,,,Y,U-1556,,,
205552,002,10004746,,,,U-2241,,,
202880,001,9433619,,,,U-1810,,,
202880,004,9433619,,,,U-1810,,,
205879,002,8222219,,,,U-493,,,
205879,004,8222219,,,,U-2441,,,
205879,002,8513202,,Y,Y,U-493,,,
205879,004,8513202,,Y,Y,U-493,,,
205879,002,7943582,,Y,Y,U-493,,,
205879,004,7943582,,Y,Y,U-493,,,
209531,001,9717750,,,,U-1943,,,
206843,001,8642025,,Y,Y,U-1725,,,
206843,002,8642025,,Y,Y,U-1725,,,
202714,002,7491704,,,,U-1260,,,
208624,001,8680106,,,,U-1637,,,
200603,004,9555027,,,Y,U-543,,,
208401,001,9616096,,,,U-1723,,,
208401,001,9616096,,,,U-1864,,,
208082,003,9550780,,Y,Y,U-1995,,,
209360,002,10028995,,,,U-2338,,,
211192,001,9968595,,,Y,U-2351,,,
211192,001,9474779,,Y,Y,U-2350,,,
209589,001,9827231,,,Y,U-2162,,,
209805,001,8080580,,Y,Y,U-2214,,,
209805,002,9439901,,,,U-2214,,,
208944,001,9867793,,,,U-2106,,,
208944,002,9867793,,,,U-2106,,,
207960,002,9295642,,,Y,U-1827,,,
204031,001,9468636,,,,U-1499,,,
207695,001,8501712,,,,U-1932,,,
207233,002,9808468,,,,U-2165,,,
207795,001,7273946,,Y,Y,U-2144,,,
207960,003,9844544,,,Y,U-2203,,,
205552,002,8497277,,,,U-1650,,,
208341,001,8940718,,Y,Y,U-1470,,,
208341,001,8334270,,Y,Y,U-1470,,,
208341,001,9085573,,Y,Y,U-1470,,,
022272,006,9492391,,,,U-1556,,,
022272,003,9492393,,,,U-1556,,,
206627,004,9492390,,,,U-1556,,,
206627,003,9492391,,,,U-1556,,,
202880,006,9610286,,,,U-1810,,,
208073,001,8592450,,,,U-1880,,,
022266,005,9597288,,,Y,U-767,,,
209092,001,9416136,,,,U-1981,,,
210589,002,9566260,,,Y,U-2366,,,
208623,001,8592362,,,,U-2371,,,
210951,001,10052314,,,,U-2382,,,
021937,001,9545414,,,Y,U-750,,,
204114,003,8952018,,,,U-2020,,,
203341,003,7417148,,,,U-1283,,,
202293,001,7456254,,,,U-2139,,,
202293,002,8329648,,,,U-2212,,,
202293,001,8431685,,,,U-2139,,,
205739,001,9492476,,,,U-1766,,,
208194,001,9597397,,,,U-1971,,,
209091,001,8501698,,,Y,U-493,,,
207932,006,9655843,,,Y,U-1556,,,
205552,002,8999999,,,,U-1946,,,
205552,002,9540382,,,,U-1650,,,
205552,001,8563563,,,,U-1650,,,
205552,002,8563563,,,,U-1491,,,
206627,002,9545380,,,,U-1556,,,
206627,005,9545380,,,,U-1556,,,
202880,004,9713611,,,Y,U-55,,,
209478,001,9757394,,,Y,U-2109,,,
022416,004,9750747,,,,U-2041,,,
209806,001,8080580,,Y,Y,U-2214,,,
209806,002,8080580,,Y,Y,U-2214,,,
209806,004,9439902,,,,U-2214,,,
206038,002,8846718,,,,U-1908,,,
205552,001,9540382,,,,U-1684,,,
022081,002,9549926,,,,U-1965,,,
020866,001,9993474,,,,U-2387,,,
209311,001,9028868,,,,U-2357,,,
203496,002,9393203,,,Y,U-1877,,,
203469,003,9493470,,Y,Y,U-1948,,,
202293,002,8906851,,,,U-2139,,,
209410,001,8574626,,,Y,U-20,,,
201635,002,9622983,,,Y,U-1675,,,
207145,001,8283380,,,,U-1993,,,
207695,001,9682092,,,,U-1932,,,
207202,001,8674825,,,Y,U-2170,,,
207202,003,8674825,,,Y,U-2170,,,
020866,001,9700555,,,Y,U-2195,,,
020866,001,9700555,,,Y,U-2197,,,
200603,001,9827242,,,,U-2201,,,
200603,004,9827242,,,,U-2199,,,
205422,002,9839637,,,Y,U-1529,,,
205422,004,9839637,,,Y,U-543,,,
205422,005,9839637,,,Y,U-1529,,,
209115,001,9861638,,,,U-2273,,,
209115,003,9861638,,,,U-2012,,,
205437,001,9872854,,,,U-2232,,,
205437,003,9872854,,,,U-2233,,,
203100,001,9891239,,,Y,U-257,,,
210563,001,8999999,,,,U-2242,,,
210563,001,8563563,,,,U-2241,,,
210563,001,8497277,,,,U-2241,,,
210563,001,8497277,,,,U-1946,,,
210563,002,8703780,,,,U-1491,,,
210563,002,8497277,,,,U-1650,,,
210563,002,8952015,,,,U-1650,,,
210563,002,8952015,,,,U-1491,,,
210563,002,8999999,,,,U-1491,,,
210563,002,8563563,,,,U-1650,,,
210563,003,8703780,,,,U-2242,,,
210563,003,8999999,,,,U-1946,,,
210563,003,8952015,,,,U-1946,,,
210563,004,8563563,,,,U-1650,,,
210563,004,8497277,,,,U-1456,,,
204447,001,9125909,,,,U-2309,,,
204447,002,9125908,,,,U-2309,,,
204447,004,9125908,,,,U-2309,,,
204447,004,9125910,,,,U-2309,,,
208401,001,10039800,,,,U-3,,,
202806,001,8835443,,,,U-2296,,,
202806,002,8835443,,,,U-2296,,,
208611,001,8648093,,,Y,U-2028,,,
207932,005,9901539,,,,U-1556,,,
208745,001,9919024,,,,U-1999,,,
209531,001,9926559,,,,U-1943,,,
208780,002,7910610,,,,U-2049,,,
208780,002,8084475,,,,U-2054,,,
208780,002,8383150,,,Y,U-2361,,,
208780,002,8609701,,,,U-2068,,,
208780,002,8609701,,,,U-2070,,,
208780,002,8592462,,,,U-2063,,,
208780,002,8592462,,,,U-2061,,,
208780,002,7635707,,,,U-2074,,,
208780,002,7635707,,,,U-2075,,,
208780,002,7566729,,,,U-2270,,,
022450,001,9610265,,,,U-2263,,,
208716,001,7855211,,Y,Y,U-2135,,,
208716,003,7855211,,Y,Y,U-2135,,,
207202,006,8674825,,,Y,U-2170,,,
207202,001,9444503,,,Y,U-2169,,,
207202,002,9444503,,,Y,U-2169,,,
207202,003,8945005,,,Y,U-2167,,,
207202,004,8956288,,,Y,U-2167,,,
207202,005,8945005,,,Y,U-2167,,,
022416,002,9763954,,,,U-2123,,,
210563,004,8952015,,,,U-1650,,,
210563,001,9801881,,,,U-2242,,,
210563,001,8476284,,,,U-1650,,,
210563,002,9801881,,,,U-2242,,,
210563,003,9801883,,,,U-2243,,,
210563,004,8476284,,,,U-2241,,,
208653,001,9132125,,Y,Y,U-2249,,,
209080,001,8765150,,,Y,U-2401,,,
209521,001,9255068,,Y,Y,U-2408,,,
209521,002,9255068,,Y,Y,U-2407,,,
209521,003,9255068,,Y,Y,U-2408,,,
209521,003,8513223,,,,U-2406,,,
211155,001,9216982,,,,U-2413,,,
210563,001,10004746,,,,U-2241,,,
210563,003,10004746,,,,U-2242,,,
209483,001,10064875,,,Y,U-742,,,
209311,003,9028868,,,,U-2357,,,
209311,005,8916588,,,,U-2357,,,
207947,007,7205302,,Y,Y,U-1797,,,
207947,004,9173881,,,,U-1798,,,
022205,001,9192616,,,,U-1229,,,
207202,003,9268909,,,Y,U-2168,,,
207202,005,9268909,,,Y,U-2168,,,
206038,001,9931334,,,Y,U-2276,,,
020866,001,9895422,,,,U-2281,,,
020866,001,9895422,,,,U-2283,,,
208658,001,9949998,,,,U-2290,,,
204569,001,7951797,,Y,Y,U-620,,,
201635,003,8663683,,,Y,U-1992,,,
022291,004,8828430,,,Y,U-2451,,,
204671,001,8889159,,,Y,U-1470,,,
204168,001,RE43879,,,,U-839,,,
204168,003,RE43879,,,,U-839,,,
022421,001,8679533,,,Y,U-219,,,
204242,002,8658198,,,Y,U-1494,,,
201281,003,8846695,,,,U-1503,,,
022301,001,8865688,,,,U-1310,,,
202057,001,8563608,,,,U-1287,,,
205858,002,RE44599,,,,U-1558,,,
205834,001,8618076,,Y,Y,U-1470,,,
205834,001,8273341,,,,U-1470,,,
202971,003,8338427,,,Y,U-543,,,
202971,004,8338427,,,Y,U-1633,,,
206627,004,8808740,,,Y,U-1556,,,
204824,005,8579865,,,Y,U-1442,,,
202123,001,7125879,,Y,Y,U-257,,,
202258,001,8119602,,,,U-1233,,,
022484,001,8486456,,,Y,U-1054,,,
202811,002,8748573,,,,U-1515,,,
202788,002,8835460,,,Y,U-55,,,
022203,001,8518919,,,,U-1430,,,
204042,002,8513202,,Y,Y,U-2441,,,
204114,001,8835443,,,,U-2020,,,
204114,003,8835443,,,,U-2302,,,
022308,001,8415342,,,,U-80,,,
207925,004,11147770,,,Y,U-3604,,,
207925,004,11564916,,,,U-3603,,,
207925,005,11564916,,,,U-3603,,,
207925,005,11147770,,,Y,U-3604,,,
207925,004,10272046,,,Y,U-3605,,,
207925,005,10272046,,,Y,U-3605,,,
207925,004,9670163,,,Y,U-3606,,,
207925,005,9670163,,,Y,U-3606,,,
215935,001,11896719,,,,U-3810,,,
217369,001,11884696,,,,U-2552,,,
217369,003,11884696,,,,U-2552,,,
217369,002,11884696,,,,U-2552,,,
215064,001,11266660,,,,U-3811,,,
215064,001,9827214,,,,U-3811,,,
215064,001,9352041,,,,U-3811,,,
212608,001,11999744,,,,U-3168,,,
212608,005,11999744,,,,U-3168,,,
212608,004,11999744,,,,U-3168,,,
212608,002,11999744,,,,U-3168,,,
212608,004,11999744,,,,U-3506,,,
217785,001,11986481,,,,U-3861,,,
217785,003,11986481,,,,U-3861,,,
217785,002,11986481,,,,U-3861,,,
215390,001,11998529,,,,U-3935,,,
215390,002,11998529,,,,U-3935,,,
214787,001,11975012,,,,U-3835,,,
214787,001,11975012,,,,U-3836,,,
214787,002,11975012,,,,U-3833,,,
214787,002,11975012,,,,U-3834,,,
217660,001,10081621,,,Y,U-4065,,,
217660,002,10081621,,,Y,U-4065,,,
217660,001,9974781,,,Y,U-4066,,,
217660,002,9974781,,,Y,U-4066,,,
217660,001,9931334,,,Y,U-4068,,,
217660,002,9931334,,,Y,U-4068,,,
217660,001,9670163,,,Y,U-4068,,,
217660,002,9670163,,,Y,U-4068,,,
217660,001,8629162,,,,U-4072,,,
217660,002,8629162,,,,U-4072,,,
217660,001,8598181,,,,U-4066,,,
217660,002,8598181,,,,U-4066,,,
212273,001,10081621,,,Y,U-4075,,,
212273,002,10081621,,,Y,U-4075,,,
212273,001,9931334,,,Y,U-4078,,,
212273,002,9931334,,,Y,U-4078,,,
212273,001,9670163,,,Y,U-4078,,,
212273,002,9670163,,,Y,U-4078,,,
212273,001,8629162,,,,U-4079,,,
212273,002,8629162,,,,U-4079,,,
212273,001,8415387,,,,U-4073,,,
212273,002,8415387,,,,U-4073,,,
212273,001,8324242,,,,U-4073,,,
212273,002,8324242,,,,U-4073,,,
218730,001,9670163,,,Y,U-4080,,,
218730,002,9670163,,,Y,U-4080,,,
218730,001,10022352,,,Y,U-4081,,,
218730,002,10022352,,,Y,U-4081,,,
218730,001,9974781,,,Y,U-4082,,,
218730,002,9974781,,,Y,U-4082,,,
218730,001,11873300,,Y,Y,U-4083,,,
218730,002,11873300,,Y,Y,U-4083,,,
218730,001,8415387,,,,U-4082,,,
218730,002,8415387,,,,U-4082,,,
218730,001,8629162,,,,U-4084,,,
218730,002,8629162,,,,U-4084,,,
215935,001,12171882,,,,U-4085,,,
215935,001,12171882,,,,U-4086,,,
218730,001,10081621,,,Y,U-4087,,,
218730,002,10081621,,,Y,U-4087,,,
218730,002,12186306,,,,U-4088,,,
218730,002,11951212,,,Y,U-4089,,,
218730,001,11866450,,,,U-4082,,,
218730,002,11866450,,,,U-4082,,,
218730,001,8598181,,,,U-4090,,,
218730,002,8598181,,,,U-4090,,,
218730,001,8354427,,,,U-4091,,,
218730,002,8354427,,,,U-4091,,,
218730,002,10206877,,,Y,U-4092,,,
218730,001,9181192,,Y,Y,U-4094,,,
218730,002,9181192,,Y,Y,U-4094,,,
218730,001,8324242,,,,U-4090,,,
218730,002,8324242,,,,U-4090,,,
218730,001,10239867,,Y,Y,U-4090,,,
218730,002,10239867,,Y,Y,U-4090,,,
218730,001,11564916,,,,U-4095,,,
218730,002,11564916,,,,U-4095,,,
218730,001,11639347,,Y,Y,U-4090,,,
218730,002,11639347,,Y,Y,U-4090,,,
218730,001,11578062,,,Y,U-4096,,,
218730,002,11578062,,,Y,U-4096,,,
218730,002,9012496,,,,U-4097,,,
218730,001,9512079,,Y,Y,U-4098,,,
218730,002,9512079,,Y,Y,U-4098,,,
218730,001,9931334,,,Y,U-4080,,,
212157,001,10722456,,,Y,U-2718,,,
202057,001,11369582,,,,U-2841,,,
202057,002,11369582,,,,U-2841,,,
215515,001,11401517,,Y,Y,U-3396,,,
212327,001,11400092,,,,U-3409,,,
213407,001,11478436,,,,U-3183,,,
203565,001,11478502,,,,U-3472,,,
203565,002,11478502,,,,U-3472,,,
203565,003,11478502,,,,U-3472,,,
203565,004,11478502,,,,U-3472,,,
203565,001,11478502,,,,U-3473,,,
203565,002,11478502,,,,U-3473,,,
203565,003,11478502,,,,U-3473,,,
203565,004,11478502,,,,U-3473,,,
203565,001,11478502,,,,U-3474,,,
203565,002,11478502,,,,U-3474,,,
203565,003,11478502,,,,U-3474,,,
203565,004,11478502,,,,U-3474,,,
207925,004,8629162,,,,U-3607,,,
207925,005,8629162,,,,U-3607,,,
207925,004,8354427,,,,U-3608,,,
207925,005,8354427,,,,U-3608,,,
207925,004,8324242,,,,U-3609,,,
207925,005,8324242,,,,U-3609,,,
209500,001,12122792,,,Y,U-4019,,,
209500,002,12122792,,,Y,U-4019,,,
209500,003,12122792,,,Y,U-4019,,,
209500,001,12122792,,,Y,U-4020,,,
209500,002,12122792,,,Y,U-4020,,,
209500,003,12122792,,,Y,U-4020,,,
208700,001,12168063,,,Y,U-4036,,,
208742,001,12144889,,,,U-1680,,,
208742,001,12150896,,,,U-1680,,,
208742,001,12150896,,,,U-3455,,,
213872,001,8518919,,,,U-3166,,,
208716,001,7855211,,Y,Y,U-3546,,,
208716,002,7855211,,Y,Y,U-3546,,,
208716,003,7855211,,Y,Y,U-3546,,,
209355,001,11986527,,,,U-2625,,,
217645,001,11918689,,,Y,U-3944,,,
206406,001,11123331,,,,U-2677,,,
206406,002,11123331,,,,U-2677,,,
206406,003,11123331,,,,U-2677,,,
204275,001,11116721,,,Y,U-1401,,,
214094,001,11117867,,,Y,U-3010,,,
214094,002,11117867,,,Y,U-3010,,,
209935,001,9868739,,,,U-3998,,,
209935,001,9416136,,,,U-3998,,,
209935,001,8962630,,,,U-3998,,,
209092,001,9868739,,,,U-3999,,,
209092,001,9416136,,,,U-3999,,,
209092,001,8962630,,,,U-3999,,,
218730,002,9931334,,,Y,U-4080,,,
218171,001,10899744,,Y,,U-4099,,,
218171,002,10899744,,Y,,U-4099,,,
219389,001,12295925,,,,U-4130,,,
219389,002,12295925,,,,U-4130,,,
219379,001,12295925,,,,U-4130,,,
218276,001,12285422,,,,U-4181,,,
209363,001,12280037,,,,U-3302,,,
213702,001,12324806,,,,U-4212,,,
215110,001,10286029,,,,U-4206,,,
215110,001,10039754,,,,U-4206,,,
215110,001,10028937,,,,U-4206,,,
215110,001,9586978,,,,U-4206,,,
215110,001,8648037,,Y,Y,U-4206,,,
209394,001,11484534,,,,U-4206,,,
209394,001,10286029,,,,U-4206,,,
209394,001,10028937,,,,U-4206,,,
209394,001,10039754,,,,U-4206,,,
209394,001,9586978,,,,U-4206,,,
209394,001,8648037,,Y,Y,U-4206,,,
212725,001,10561651,,,,U-2745,,,
212725,002,10561651,,,,U-2745,,,
213491,001,8026284,,,,U-1399,,,
213491,001,9198882,,,,U-1399,,,
213491,001,9192590,,,,U-1399,,,
213491,002,9192590,,,,U-1399,,,
213491,002,8026284,,,,U-1399,,,
213491,002,9198882,,,,U-1399,,,
213491,001,9925156,,,Y,U-1399,,,
213491,001,10143665,,,,U-1399,,,
213491,001,10328037,,,,U-1399,,,
213491,001,9925157,,,Y,U-1399,,,
213491,001,9925158,,,Y,U-1399,,,
213491,001,10548859,,,,U-1399,,,
213491,002,9925157,,,Y,U-1399,,,
213491,002,9925158,,,Y,U-1399,,,
213491,002,10548859,,,,U-1399,,,
213491,002,9925156,,,Y,U-1399,,,
213491,002,10143665,,,,U-1399,,,
213491,002,10328037,,,,U-1399,,,
202293,002,10973836,,,,U-3127,,,
211810,001,10961240,,,,U-2606,,,
206192,001,11087354,,,,U-1776,,,
204370,001,RE49110,,,,U-2545,,,
204370,001,RE49110,,,,U-2544,,,
204370,001,RE49110,,,,U-2543,,,
204370,002,RE49110,,,,U-2545,,,
204370,002,RE49110,,,,U-2543,,,
204370,002,RE49110,,,,U-2544,,,
204370,003,RE49110,,,,U-2544,,,
204370,003,RE49110,,,,U-2543,,,
204370,003,RE49110,,,,U-2545,,,
204370,004,RE49110,,,,U-2545,,,
204370,004,RE49110,,,,U-2544,,,
204370,004,RE49110,,,,U-2543,,,
208464,001,8754065,,Y,Y,U-1275,,,
208464,001,9296769,,Y,Y,U-1275,,,
022496,001,11452691,,,Y,U-3439,,,
214012,001,10851377,,,,U-3652,,,
217865,001,9421184,,,,U-3885,,,
217865,001,9867799,,,,U-3885,,,
217865,001,10688047,,,Y,U-3885,,,
215974,001,11944611,,,,U-3507,,,
215973,001,11944611,,,,U-3507,,,
210450,001,10682351,,,,U-2850,,,
209637,003,8536122,,Y,Y,U-3355,,,
209637,003,8129343,,Y,Y,U-3355,,,
214510,001,10945987,,,,U-3356,,,
213135,001,11382864,,,,U-3164,,,
202570,001,7825137,,,,U-3403,,,
202570,002,7825137,,,,U-3403,,,
215309,001,8822481,,,,U-3404,,,
215309,001,9079912,,,,U-3404,,,
215309,001,10610530,,,,U-3404,,,
215309,001,10869870,,,,U-3404,,,
215309,001,9974790,,,,U-3404,,,
213388,001,11459305,,,Y,U-2842,,,
216956,001,11884626,,,,U-3731,,,
213217,001,11911386,,,,U-3715,,,
213217,001,11911386,,,,U-3720,,,
213217,001,11911386,,,,U-3719,,,
213217,001,11911386,,,,U-3718,,,
213217,001,11911386,,,,U-3717,,,
213217,001,11911386,,,,U-3716,,,
213217,001,11884674,,,,U-1745,,,
213217,001,11884674,,,,U-2145,,,
213217,001,11884674,,,,U-2537,,,
213217,001,11884674,,,,U-2666,,,
213217,001,11884674,,,,U-3063,,,
213217,001,11884674,,,,U-3486,,,
208627,001,11890270,,,,U-2346,,,
215309,001,12233067,,,,U-4151,,,
215014,001,12290566,,,Y,U-4174,,,
215014,001,12290566,,,Y,U-4175,,,
215866,001,12295987,,,,U-4192,,,
215866,012,12295987,,,,U-4193,,,
215866,011,12295987,,,,U-4193,,,
215866,010,12295987,,,,U-4193,,,
215866,009,12295987,,,,U-4193,,,
215866,008,12295987,,,,U-4193,,,
215866,007,12295987,,,,U-4193,,,
215866,006,12295987,,,,U-4193,,,
215866,005,12295987,,,,U-4193,,,
215866,004,12295987,,,,U-4193,,,
215866,003,12295987,,,,U-4193,,,
215866,002,12295987,,,,U-4193,,,
215866,001,12295987,,,,U-4193,,,
215866,012,12295987,,,,U-4192,,,
215866,011,12295987,,,,U-4192,,,
215866,010,12295987,,,,U-4192,,,
215866,009,12295987,,,,U-4192,,,
215866,008,12295987,,,,U-4192,,,
215866,007,12295987,,,,U-4192,,,
215866,006,12295987,,,,U-4192,,,
215866,005,12295987,,,,U-4192,,,
215866,004,12295987,,,,U-4192,,,
215866,003,12295987,,,,U-4192,,,
215866,002,12295987,,,,U-4192,,,
208088,001,12310978,,,,U-4194,,,
217186,001,12303482,,,,U-1649,,,
217186,004,12303482,,,,U-4005,,,
217186,003,12303482,,,,U-4005,,,
217186,002,12303482,,,,U-4005,,,
217186,001,12303482,,,,U-4005,,,
217186,004,12303482,,,,U-4004,,,
217186,003,12303482,,,,U-4004,,,
217186,002,12303482,,,,U-4004,,,
217186,001,12303482,,,,U-4004,,,
217186,004,12303482,,,,U-219,,,
217186,003,12303482,,,,U-219,,,
217186,002,12303482,,,,U-219,,,
217186,001,12303482,,,,U-219,,,
217186,004,12303482,,,,U-1649,,,
217186,003,12303482,,,,U-1649,,,
217186,002,12303482,,,,U-1649,,,
217186,001,12295931,,,,U-1649,,,
217186,004,12295931,,,,U-4005,,,
217186,003,12295931,,,,U-4005,,,
217186,002,12295931,,,,U-4005,,,
217186,001,12295931,,,,U-4005,,,
217186,004,12295931,,,,U-4004,,,
217186,003,12295931,,,,U-4004,,,
217186,002,12295931,,,,U-4004,,,
217186,001,12295931,,,,U-4004,,,
217186,004,12295931,,,,U-219,,,
217186,003,12295931,,,,U-219,,,
217186,002,12295931,,,,U-219,,,
217186,001,12295931,,,,U-219,,,
217186,004,12295931,,,,U-1649,,,
217186,003,12295931,,,,U-1649,,,
217186,002,12295931,,,,U-1649,,,
022496,001,12318483,,,,U-4152,,,
022496,002,12318483,,,,U-4152,,,
217186,001,12303481,,,,U-1649,,,
217186,002,12303481,,,,U-1649,,,
217186,003,12303481,,,,U-1649,,,
217186,004,12303481,,,,U-1649,,,
217186,001,12303481,,,,U-219,,,
217186,002,12303481,,,,U-219,,,
217186,003,12303481,,,,U-219,,,
217186,004,12303481,,,,U-219,,,
217186,001,12303481,,,,U-4004,,,
217186,002,12303481,,,,U-4004,,,
217186,003,12303481,,,,U-4004,,,
217186,004,12303481,,,,U-4004,,,
217186,001,12303481,,,,U-4005,,,
217186,002,12303481,,,,U-4005,,,
214869,001,11819485,,,,U-3557,,,
213535,001,11827646,,,,U-1943,,,
218197,001,11760760,,,,U-3762,,,
218197,002,11760760,,,,U-3762,,,
218197,001,10654855,,,,U-3762,,,
218197,002,10654855,,,,U-3762,,,
218197,001,10039766,,,,U-3762,,,
218197,002,10039766,,,,U-3762,,,
218197,001,8809336,,,,U-3762,,,
218197,002,8809336,,,,U-3762,,,
218197,001,8101623,,Y,Y,U-3762,,,
218197,002,8101623,,Y,Y,U-3762,,,
217469,001,11413323,,,,U-3627,,,
217469,001,11154513,,,Y,U-1900,,,
214231,001,11795204,,,,U-3752,,,
214231,002,11795204,,,,U-3752,,,
211616,001,11744816,,,,U-3883,,,
211192,001,10980788,,,,U-3214,,,
207620,001,11135192,,,,U-3084,,,
207620,002,11135192,,,,U-3084,,,
207620,003,11135192,,,,U-3084,,,
211651,003,9820985,,,,U-2437,,,
211651,004,9820985,,,,U-2437,,,
210296,001,11903918,,,,U-1384,,,
208224,001,11850182,,,Y,U-3819,,,
203159,001,11850182,,,Y,U-3819,,,
021225,001,11850182,,,Y,U-3819,,,
215446,001,12310946,,,,U-4111,,,
219379,001,12357597,,,,U-4130,,,
213005,001,11712442,,,,U-4200,,,
213005,002,11712442,,,,U-4200,,,
213005,003,11712442,,,,U-4200,,,
213005,004,11712442,,,,U-4200,,,
215727,001,12364675,,,,U-3639,,,
213224,001,12350475,,,,U-4007,,,
213224,001,12350475,,,,U-4008,,,
213224,001,12350475,,,,U-4009,,,
218980,001,12133914,,,,U-4215,,,
218980,001,11904046,,,Y,U-4216,,,
205395,002,8148374,,Y,Y,U-4162,,,
205395,001,8148374,,Y,Y,U-4162,,,
219389,001,11883375,,,,U-4130,,,
219389,002,11883375,,,,U-4130,,,
215833,001,12208102,,,,U-4169,,,
215833,001,11951190,,,,U-4169,,,
215833,001,11318121,,Y,Y,U-4169,,,
215833,001,10406240,,Y,Y,U-4169,,,
219616,001,11873296,,,Y,U-4196,,,
219616,001,11517573,,,,U-4196,,,
219616,001,11400090,,,,U-4196,,,
021964,001,12303592,,,Y,U-4197,,,
021964,002,12303592,,,Y,U-4197,,,
021964,003,12303592,,,Y,U-4197,,,
021964,001,12303592,,,Y,U-4198,,,
021964,002,12303592,,,Y,U-4198,,,
021964,003,12303592,,,Y,U-4198,,,
217186,003,12303481,,,,U-4005,,,
217186,004,12303481,,,,U-4005,,,
216665,001,12343348,,,,U-4211,,,
216665,002,12343348,,,,U-4211,,,
216665,003,12343348,,,,U-4211,,,
216340,001,12336995,,,,U-3953,,,
208564,001,11246875,,,,U-2316,,,
208564,002,11246875,,,,U-2317,,,
208564,001,11246875,,,,U-2317,,,
208564,002,11246875,,,,U-2316,,,
208564,001,11241445,,,,U-2316,,,
208564,002,11241445,,,,U-2317,,,
208564,001,11241445,,,,U-2317,,,
208564,002,11241445,,,,U-2316,,,
214094,001,11230530,,,,U-3300,,,
214094,002,11230530,,,,U-3300,,,
208114,001,11236328,,,,U-3301,,,
201848,001,11633528,,,,U-3675,,,
217603,001,11690827,,,,U-3674,,,
217603,001,11690826,,,,U-3674,,,
217603,001,11197847,,,,U-3674,,,
217603,001,10835517,,,,U-3674,,,
215383,001,RE49948,,Y,Y,U-4195,,,
215383,001,9908845,,Y,Y,U-4195,,,
210493,002,8895586,,,,U-2301,,,
210493,002,9403772,,Y,,U-2301,,,
210493,002,9186357,,,,U-2301,,,
208437,001,10940110,,,Y,U-1773,,,
207620,001,9517226,,,,U-3084,,,
207620,001,9937143,,,,U-3084,,,
207620,002,9517226,,,,U-3084,,,
207620,002,9937143,,,,U-3084,,,
207620,003,9517226,,,,U-3084,,,
207620,003,9937143,,,,U-3084,,,
213026,001,9758783,,,,U-3088,,,
213026,001,9758783,,,,U-3089,,,
213026,001,10781450,,,,U-3089,,,
206829,001,10933053,,,,U-3091,,,
206829,001,10933053,,,,U-3090,,,
217564,001,11046674,,,,U-3753,,,
217564,002,11046674,,,,U-3753,,,
217564,001,10519142,,Y,Y,U-3753,,,
217564,002,10519142,,Y,Y,U-3753,,,
217564,001,8212033,,,,U-3753,,,
217564,002,8212033,,,,U-3753,,,
022496,001,11819575,,,Y,U-3250,,,
022496,002,11819575,,,Y,U-3250,,,
217677,001,11807611,,,Y,U-3754,,,
217677,001,11612588,,,Y,U-3754,,,
217677,001,10941118,,Y,,U-3754,,,
217677,001,10710966,,Y,,U-3754,,,
215935,001,12311057,,,Y,U-4085,,,
215935,001,12311057,,,Y,U-4086,,,
215935,001,12311057,,,Y,U-4204,,,
217370,001,11850221,,,Y,U-1900,,,
217370,001,10028920,,,,U-1900,,,
217370,001,9433679,,,,U-1900,,,
217370,001,9095609,,,Y,U-1900,,,
218213,001,12310968,,,,U-3755,,,
218213,002,12310968,,,,U-3755,,,
213498,001,12336980,,,,U-3103,,,
213498,010,12336980,,,,U-3103,,,
213498,009,12336980,,,,U-3103,,,
213498,008,12336980,,,,U-3103,,,
213498,007,12336980,,,,U-3103,,,
213498,006,12336980,,,,U-3103,,,
213498,005,12336980,,,,U-3103,,,
213498,004,12336980,,,,U-3103,,,
213498,003,12336980,,,,U-3103,,,
213498,002,12336980,,,,U-3103,,,
210136,001,12318379,,,Y,U-4100,,,
210136,002,12318379,,,Y,U-4100,,,
210136,003,12318379,,,Y,U-4100,,,
210136,004,12318379,,,Y,U-4100,,,
210136,005,12318379,,,Y,U-4100,,,
210136,006,12318379,,,Y,U-4100,,,
210136,007,12318379,,,Y,U-4100,,,
218730,002,10058546,,,,U-4218,,,
214662,001,10512657,,,,U-3850,,,
214662,001,11229661,,,,U-3850,,,
214662,001,11918578,,,,U-3290,,,
217603,001,12171750,,,,U-3674,,,
202880,001,10722511,,,,U-1810,,,
202880,002,10722511,,,,U-1810,,,
202880,003,10722511,,,,U-1810,,,
202880,004,10722511,,,,U-1810,,,
202880,005,10722511,,,,U-1810,,,
202880,006,10722511,,,,U-1810,,,
213378,001,11241425,,,,U-3137,,,
213378,002,11241425,,,,U-3137,,,
213378,003,11241425,,,,U-3137,,,
213378,004,11241425,,,,U-3137,,,
208564,001,11266661,,,,U-2316,,,
208564,002,11266661,,,,U-2316,,,
208564,001,11266661,,,,U-2317,,,
208564,002,11266661,,,,U-2317,,,
204629,001,9949997,,,,U-3325,,,
208232,001,11338011,,,,U-2857,,,
216873,001,9809559,,,,U-1201,,,
216873,003,9809559,,,,U-1201,,,
215973,001,10654827,,,,U-3507,,,
215973,001,9951043,,Y,Y,U-3507,,,
216873,002,9809559,,,,U-1201,,,
216873,001,8486941,,Y,Y,U-1201,,,
216873,003,8486941,,Y,Y,U-1201,,,
216873,002,8486941,,Y,Y,U-1201,,,
216873,001,RE48285,,Y,Y,U-1201,,,
216873,003,RE48285,,Y,Y,U-1201,,,
216873,002,RE48285,,Y,Y,U-1201,,,
212306,001,11753401,,,Y,U-2855,,,
212306,001,11753401,,,Y,U-2584,,,
215985,001,11129818,,,,U-3712,,,
215985,001,9907788,,,,U-3712,,,
211243,001,11883526,,,,U-4120,,,
210491,001,11578062,,,Y,U-3545,,,
210491,002,11578062,,,Y,U-3545,,,
211675,001,8962629,,Y,,U-3371,,,
207924,003,9089574,,,,U-3372,,,
207924,003,11045474,,,,U-3372,,,
214998,001,9585883,,,,U-3373,,,
214998,002,9585883,,,,U-3373,,,
214998,003,9585883,,,,U-3373,,,
214998,004,9585883,,,,U-3373,,,
217225,001,11491176,,,,U-3673,,,
217225,001,11273171,,,,U-3673,,,
217225,001,10947544,,Y,,U-3673,,,
217225,001,9617546,,Y,,U-3673,,,
217225,001,8236773,,,,U-3673,,,
211192,001,9474779,,Y,Y,U-3742,,,
211192,001,9850277,,Y,Y,U-3742,,,
211192,001,10980788,,,,U-3743,,,
215430,001,12146889,,,,U-3419,,,
212018,001,10898482,,,Y,U-3066,,,
212018,001,10898482,,,Y,U-3065,,,
212018,001,10898482,,,Y,U-3067,,,
212018,001,10898482,,,Y,U-2518,,,
212018,002,10898482,,,Y,U-3067,,,
212018,002,10898482,,,Y,U-3066,,,
212018,002,10898482,,,Y,U-2518,,,
212018,002,10898482,,,Y,U-3065,,,
212018,003,10898482,,,Y,U-3067,,,
212018,003,10898482,,,Y,U-3066,,,
212018,003,10898482,,,Y,U-2518,,,
212018,003,10898482,,,Y,U-3065,,,
021610,001,8808737,,,,U-3085,,,
021610,002,8808737,,,,U-3085,,,
021610,003,8808737,,,,U-3085,,,
021610,004,8808737,,,,U-3085,,,
021610,005,8808737,,,,U-3085,,,
021610,006,8808737,,,,U-3085,,,
021610,007,8808737,,,,U-3085,,,
207318,002,10953000,,,,U-1974,,,
210868,001,10420749,,Y,Y,U-3096,,,
210868,002,10420749,,Y,Y,U-3096,,,
208082,001,10959996,,,,U-3055,,,
208082,002,10959996,,,,U-3055,,,
208082,003,10959996,,,,U-3055,,,
210872,001,9629368,,,,U-1397,,,
208051,001,7982043,,,,U-3047,,,
208051,001,7982043,,,,U-3097,,,
208051,001,8790708,,,Y,U-3097,,,
208051,001,8790708,,,Y,U-3047,,,
208051,001,9211291,,,,U-3097,,,
208051,001,8518446,,,Y,U-3097,,,
208051,001,8518446,,,Y,U-3047,,,
208051,001,9139558,,,,U-3097,,,
208051,001,9139558,,,,U-3047,,,
208051,001,9630946,,,,U-3047,,,
208051,001,9630946,,,,U-3097,,,
208051,001,10035788,,,,U-3047,,,
208051,001,10035788,,,,U-3097,,,
210872,001,9844654,,,Y,U-1397,,,
210872,001,10688291,,,Y,U-1397,,,
210872,001,8389583,,,,U-1397,,,
208623,001,11033538,,,,U-2371,,,
022496,001,11033495,,,Y,U-3182,,,
022496,002,11033495,,,Y,U-3182,,,
217677,001,11845732,,Y,,U-3754,,,
217677,001,11844780,,,Y,U-3754,,,
217639,001,11819480,,,,U-3523,,,
217639,002,11819480,,,,U-3523,,,
208552,001,10751325,,,,U-2921,,,
210875,001,11419769,,,Y,U-2825,,,
210875,002,11419769,,,Y,U-2825,,,
210875,003,11419769,,,Y,U-2825,,,
210875,004,11419769,,,Y,U-2825,,,
210875,005,11419769,,,Y,U-2825,,,
210526,001,11590081,,,Y,U-3538,,,
210526,002,11590081,,,Y,U-3538,,,
210526,003,11590081,,,Y,U-3538,,,
210526,004,11590081,,,Y,U-3538,,,
208147,001,11590228,,,Y,U-3538,,,
213217,001,11591340,,,,U-1745,,,
213217,001,11591340,,,,U-2145,,,
213217,001,11591340,,,,U-2537,,,
213217,001,11591340,,,,U-2666,,,
213217,001,11591340,,,,U-3063,,,
213217,001,11591340,,,,U-3486,,,
210365,001,11633369,,,Y,U-2780,,,
210365,001,11633369,,,Y,U-3071,,,
210365,001,11633369,,,Y,U-2781,,,
217660,001,11639347,,Y,Y,U-3583,,,
217660,002,11639347,,Y,Y,U-3583,,,
217660,001,11578062,,,Y,U-3584,,,
217660,002,11578062,,,Y,U-3584,,,
217660,001,11564916,,,,U-3585,,,
217660,002,11564916,,,,U-3585,,,
217660,001,11517564,,,Y,U-3586,,,
217660,002,11517564,,,Y,U-3586,,,
212273,001,11639347,,Y,Y,U-3587,,,
212273,002,11639347,,Y,Y,U-3587,,,
217660,001,10793547,,Y,Y,U-3588,,,
217660,002,10793547,,Y,Y,U-3588,,,
217660,001,10758534,,Y,Y,U-3589,,,
217660,002,10758534,,Y,Y,U-3589,,,
217660,001,10239867,,Y,Y,U-3590,,,
217660,002,10239867,,Y,Y,U-3590,,,
217660,001,9974781,,,Y,U-3589,,,
217660,002,9974781,,,Y,U-3589,,,
217660,001,9670163,,,Y,U-3591,,,
217660,002,9670163,,,Y,U-3591,,,
217660,001,8629162,,,,U-3592,,,
217660,002,8629162,,,,U-3592,,,
217660,001,8598181,,,,U-3589,,,
217660,002,8598181,,,,U-3589,,,
217660,001,8415387,,,,U-3589,,,
217660,002,8415387,,,,U-3589,,,
216099,001,11324745,,,,U-3767,,,
216099,006,11324745,,,,U-3768,,,
216099,005,11324745,,,,U-3768,,,
216099,004,11324745,,,,U-3768,,,
216099,003,11324745,,,,U-3768,,,
216099,002,11324745,,,,U-3768,,,
216099,001,11324745,,,,U-3768,,,
216099,006,11324745,,,,U-3769,,,
216099,005,11324745,,,,U-3769,,,
216099,004,11324745,,,,U-3769,,,
216099,003,11324745,,,,U-3769,,,
216099,002,11324745,,,,U-3769,,,
216099,001,11324745,,,,U-3769,,,
216099,006,11324745,,,,U-3767,,,
216099,005,11324745,,,,U-3767,,,
216099,004,11324745,,,,U-3767,,,
216099,003,11324745,,,,U-3767,,,
216099,002,11324745,,,,U-3767,,,
216099,001,11202778,,,,U-3770,,,
216099,002,11202778,,,,U-3770,,,
216099,003,11202778,,,,U-3770,,,
216099,004,11202778,,,,U-3770,,,
216099,005,11202778,,,,U-3770,,,
216099,006,11202778,,,,U-3770,,,
216099,001,11202778,,,,U-3771,,,
216099,002,11202778,,,,U-3771,,,
216099,003,11202778,,,,U-3771,,,
216099,004,11202778,,,,U-3771,,,
216099,005,11202778,,,,U-3771,,,
216099,006,11202778,,,,U-3771,,,
216099,001,11202778,,,,U-3772,,,
216099,002,11202778,,,,U-3772,,,
216099,003,11202778,,,,U-3772,,,
216099,004,11202778,,,,U-3772,,,
216099,005,11202778,,,,U-3772,,,
216099,006,11202778,,,,U-3772,,,
210655,001,11712475,,,,U-3135,,,
210655,002,11712475,,,,U-3135,,,
215559,001,11622959,,,,U-3676,,,
215559,005,11622959,,,,U-3676,,,
215559,004,11622959,,,,U-3676,,,
215559,003,11622959,,,,U-3676,,,
215559,002,11622959,,,,U-3676,,,
215559,001,10864194,,,,U-3676,,,
215559,005,10864194,,,,U-3676,,,
215559,004,10864194,,,,U-3676,,,
215559,003,10864194,,,,U-3676,,,
215559,002,10864194,,,,U-3676,,,
215559,001,10292954,,,,U-3676,,,
215559,005,10292954,,,,U-3676,,,
215559,004,10292954,,,,U-3676,,,
215559,003,10292954,,,,U-3676,,,
215559,002,10292954,,,,U-3676,,,
215559,001,9789074,,,,U-3676,,,
215559,005,9789074,,,,U-3676,,,
215559,004,9789074,,,,U-3676,,,
215559,003,9789074,,,,U-3676,,,
215559,002,9789074,,,,U-3676,,,
215559,001,9314439,,,,U-3676,,,
215559,005,9314439,,,,U-3676,,,
215559,004,9314439,,,,U-3676,,,
215559,003,9314439,,,,U-3676,,,
215559,002,9314439,,,,U-3676,,,
211765,001,11717515,,,,U-3677,,,
210259,001,9758524,,,,U-4108,,,
210259,001,9796721,,Y,Y,U-4108,,,
210259,001,10167291,,,Y,U-4109,,,
210259,001,10167291,,,Y,U-2519,,,
216387,001,10272083,,,,U-4109,,,
216387,001,11059829,,Y,Y,U-4108,,,
211243,001,8785500,,,,U-4112,,,
211243,001,9592207,,,,U-4112,,,
211243,001,10869844,,,,U-4113,,,
211243,001,10869844,,,,U-4114,,,
211243,001,11173134,,,,U-4115,,,
211243,001,11311500,,,,U-4116,,,
211243,001,11311500,,,,U-4117,,,
211243,001,11446260,,,,U-4118,,,
209637,003,12295988,,,,U-2628,,,
208437,001,10744277,,,Y,U-2941,,,
211150,001,8486947,,,,U-1102,,,
211150,001,8354430,,,,U-1102,,,
211150,002,8354430,,,,U-1102,,,
211150,002,8486947,,,,U-1102,,,
214517,001,11141400,,,,U-3007,,,
205677,001,11141400,,,,U-2615,,,
205677,001,11141400,,,,U-3007,,,
210331,001,7998108,,,Y,U-3410,,,
022561,001,10849919,,,,U-3411,,,
214952,001,11337979,,,Y,U-3582,,,
214952,001,11464778,,,Y,U-3582,,,
214012,001,10131907,,Y,Y,U-3652,,,
214012,001,10125369,,Y,Y,U-3652,,,
214012,001,9370582,,Y,Y,U-3652,,,
214012,001,8828956,,Y,Y,U-3652,,,
214012,001,8809292,,Y,Y,U-3652,,,
214012,001,8222222,,,,U-3652,,,
214012,001,8106022,,Y,Y,U-3652,,,
022496,001,12226610,,,,U-4148,,,
022496,002,12226610,,,,U-4148,,,
022496,001,12226610,,,,U-4149,,,
022496,002,12226610,,,,U-4149,,,
022496,001,12226610,,,,U-4150,,,
022496,002,12226610,,,,U-4150,,,
205580,001,12350257,,,Y,U-1542,,,
205580,001,12350257,,,Y,U-1971,,,
205580,001,12350257,,,Y,U-1972,,,
208194,001,12350257,,,Y,U-1542,,,
208194,001,12350257,,,Y,U-1971,,,
208194,001,12350257,,,Y,U-1972,,,
213736,001,10131667,,,,U-2809,,,
213736,002,10131667,,,,U-2809,,,
213736,003,10131667,,,,U-2809,,,
208090,001,10646485,,,Y,U-1556,,,
208090,002,10646485,,,Y,U-1556,,,
208090,003,10646485,,,Y,U-1556,,,
208090,004,10646485,,,Y,U-1556,,,
208090,005,10646485,,,Y,U-1556,,,
211723,001,11052093,,Y,Y,U-2736,,,
202806,001,10869869,,,,U-3185,,,
202806,002,10869869,,,,U-3185,,,
215498,001,10487111,,,,U-3186,,,
215498,001,10981952,,,,U-3187,,,
215498,001,10981952,,,,U-3186,,,
215498,002,10981952,,,,U-3186,,,
215498,002,10981952,,,,U-3187,,,
215498,002,10487111,,,,U-3186,,,
215498,003,10981952,,,,U-3186,,,
215498,003,10981952,,,,U-3187,,,
215498,003,10487111,,,,U-3186,,,
215498,004,10487111,,,,U-3186,,,
215498,004,10981952,,,,U-3187,,,
215498,004,10981952,,,,U-3186,,,
215498,001,9694018,,,,U-3186,,,
215498,001,10011633,,,,U-3186,,,
215498,001,10093697,,,,U-3186,,,
215498,002,10093697,,,,U-3186,,,
215498,002,10011633,,,,U-3186,,,
215498,002,9694018,,,,U-3186,,,
215498,003,10011633,,,,U-3186,,,
215498,003,10093697,,,,U-3186,,,
215498,003,9694018,,,,U-3186,,,
215498,004,10011633,,,,U-3186,,,
215498,004,10093697,,,,U-3186,,,
215498,004,9694018,,,,U-3186,,,
022200,002,7456254,,,Y,U-3190,,,
022200,002,7456254,,,Y,U-3188,,,
022200,002,7456254,,,Y,U-3189,,,
022200,002,7612176,,,Y,U-3189,,,
022200,002,7612176,,,Y,U-3188,,,
022200,002,7612176,,,Y,U-3190,,,
022200,002,8329648,,,,U-3189,,,
022200,002,8329648,,,,U-3190,,,
022200,002,8329648,,,,U-3188,,,
022200,002,8431685,,,Y,U-3190,,,
022200,002,8431685,,,Y,U-3188,,,
022200,002,8431685,,,Y,U-3189,,,
022200,002,8461105,,,Y,U-3190,,,
022200,002,8461105,,,Y,U-3188,,,
022200,002,8461105,,,Y,U-3189,,,
022200,002,8906851,,,,U-3189,,,
022200,002,8906851,,,,U-3190,,,
022200,002,8906851,,,,U-3188,,,
022200,002,9884092,,,,U-3189,,,
022200,002,9884092,,,,U-3190,,,
022200,002,9884092,,,,U-3188,,,
022200,001,7456254,,,Y,U-3188,,,
022200,001,7456254,,,Y,U-3189,,,
022200,001,7456254,,,Y,U-3190,,,
022200,001,7612176,,,Y,U-3190,,,
022200,001,7612176,,,Y,U-3189,,,
022200,001,7612176,,,Y,U-3188,,,
022200,001,8329648,,,,U-3188,,,
022200,001,8329648,,,,U-3189,,,
022200,001,8329648,,,,U-3190,,,
022200,001,8431685,,,Y,U-3188,,,
022200,001,8431685,,,Y,U-3190,,,
022200,001,8431685,,,Y,U-3189,,,
022200,001,8461105,,,Y,U-3190,,,
022200,001,8461105,,,Y,U-3188,,,
022200,001,8461105,,,Y,U-3189,,,
022200,001,8906851,,,,U-3190,,,
022200,001,8906851,,,,U-3189,,,
022200,001,8906851,,,,U-3188,,,
022200,001,9884092,,,,U-3190,,,
022200,001,9884092,,,,U-3189,,,
022200,001,9884092,,,,U-3188,,,
209210,001,7456254,,,Y,U-3188,,,
209210,001,7456254,,,Y,U-3189,,,
209210,001,7456254,,,Y,U-3190,,,
209210,001,7612176,,,Y,U-3190,,,
209210,001,7612176,,,Y,U-3188,,,
209210,001,7612176,,,Y,U-3189,,,
209210,001,8329648,,,,U-3189,,,
209210,001,8329648,,,,U-3188,,,
209210,001,8329648,,,,U-3190,,,
209210,001,8431685,,,Y,U-3189,,,
209210,001,8431685,,,Y,U-3190,,,
209210,001,8431685,,,Y,U-3188,,,
203389,001,10548859,,,,U-1399,,,
203389,002,10548859,,,,U-1399,,,
022555,001,10556010,,,,U-2250,,,
205436,001,7816379,,Y,Y,U-2507,,,
205435,001,7816379,,Y,Y,U-2507,,,
210455,001,8148374,,Y,Y,U-2767,,,
210455,001,8148374,,Y,Y,U-2768,,,
210455,001,8148374,,Y,Y,U-2766,,,
209627,001,10632066,,,,U-2787,,,
213426,001,10238668,,Y,Y,U-3244,,,
215985,001,9907788,,,,U-3408,,,
215985,001,11129818,,,,U-3408,,,
215430,001,11524008,,,,U-3419,,,
215430,001,11524007,,,,U-3419,,,
215430,001,11517542,,,,U-3419,,,
215430,001,11517543,,,,U-3419,,,
216873,001,11963962,,,,U-3928,,,
216873,002,11963962,,,,U-3928,,,
216873,003,11963962,,,,U-3928,,,
217186,003,11986449,,,,U-219,,,
217186,002,11986449,,,,U-219,,,
217186,001,11986449,,,,U-219,,,
217186,004,11986449,,,,U-219,,,
217186,001,11666538,,,Y,U-219,,,
217186,004,11666538,,,Y,U-219,,,
217186,003,11666538,,,Y,U-219,,,
217186,002,11666538,,,Y,U-219,,,
217186,001,10987313,,,Y,U-219,,,
217186,004,10987313,,,Y,U-219,,,
217186,003,10987313,,,Y,U-219,,,
217186,002,10987313,,,Y,U-219,,,
217186,001,10973769,,,Y,U-219,,,
217186,004,10973769,,,Y,U-219,,,
217186,003,10973769,,,Y,U-219,,,
217186,002,10973769,,,Y,U-219,,,
217186,001,10688058,,,Y,U-219,,,
217186,004,10688058,,,Y,U-219,,,
217186,003,10688058,,,Y,U-219,,,
217186,002,10688058,,,Y,U-219,,,
217186,001,10292935,,,Y,U-219,,,
217186,004,10292935,,,Y,U-219,,,
217186,003,10292935,,,Y,U-219,,,
217186,002,10292935,,,Y,U-219,,,
217186,001,10098845,,,Y,U-219,,,
217186,004,10098845,,,Y,U-219,,,
217186,003,10098845,,,Y,U-219,,,
217186,002,10098845,,,Y,U-219,,,
212018,001,12037644,,,,U-3972,,,
212018,003,12037644,,,,U-3972,,,
212018,002,12037644,,,,U-3972,,,
022496,001,12144890,,,Y,U-4033,,,
022496,002,12144890,,,Y,U-4033,,,
215904,001,12144801,,,,U-4034,,,
214621,001,12144809,,,,U-4035,,,
211964,001,12121523,,,,U-727,,,
211964,002,12121523,,,,U-727,,,
211964,003,12121523,,,,U-727,,,
215400,001,11819501,,,,U-848,,,
215400,001,11819501,,,,U-4188,,,
214755,001,12303478,,,,U-4189,,,
214755,002,12303478,,,,U-4189,,,
214755,003,12303478,,,,U-4189,,,
214755,004,12303478,,,,U-4189,,,
206406,001,8664239,,,,U-2677,,,
206406,002,8664239,,,,U-2677,,,
206406,003,8664239,,,,U-2677,,,
201023,001,10583110,,,,U-2753,,,
209510,001,9545426,,,,U-1744,,,
209510,001,9545426,,,,U-2754,,,
209510,001,9084765,,,,U-1744,,,
209510,001,9084765,,,,U-2754,,,
209510,001,9889118,,,,U-2754,,,
209510,001,9889118,,,,U-1744,,,
209776,001,10561675,,,,U-2490,,,
021064,001,10588988,,,,U-665,,,
208658,001,10596120,,,Y,U-2775,,,
208658,002,10596120,,,Y,U-2775,,,
208658,003,10596120,,,Y,U-2775,,,
208658,004,10596120,,,Y,U-2775,,,
210365,001,10603288,,,,U-2780,,,
210365,001,10603288,,,,U-2781,,,
210365,001,10603288,,,,U-2782,,,
210365,001,10603288,,,,U-2783,,,
212608,001,9200002,,Y,Y,U-3168,,,
212608,002,9200002,,Y,Y,U-3168,,,
212608,004,9200002,,Y,Y,U-3168,,,
212608,005,9200002,,Y,Y,U-3168,,,
214044,001,11103452,,,Y,U-3197,,,
212690,001,8772306,,,,U-3198,,,
210655,001,11110093,,,Y,U-3135,,,
210655,002,11110093,,,Y,U-3135,,,
204629,001,9949997,,,,U-3199,,,
215383,001,9908845,,Y,Y,U-3201,,,
211358,003,8324242,,,,U-3424,,,
211358,003,7973038,,,,U-3424,,,
211358,003,8716338,,,Y,U-3426,,,
211358,003,8741933,,,,U-3424,,,
211358,003,8846718,,,,U-3427,,,
211358,003,9150552,,,,U-3427,,,
215430,001,11510918,,,,U-3419,,,
211962,001,11517609,,,,U-282,,,
211962,002,11517609,,,,U-282,,,
211962,003,11517609,,,,U-282,,,
211962,004,11517609,,,,U-282,,,
211962,005,11517609,,,,U-282,,,
211962,006,11517609,,,,U-282,,,
211962,007,11517609,,,,U-282,,,
211964,001,11458143,,,,U-727,,,
211964,002,11458143,,,,U-727,,,
211964,003,11458143,,,,U-727,,,
213953,001,11617758,,,Y,U-2506,,,
213953,003,11617758,,,Y,U-2506,,,
213953,002,11617758,,,Y,U-2506,,,
209575,001,10973811,,,,U-3680,,,
209575,001,10894012,,,,U-3014,,,
209575,001,10857095,,,,U-3014,,,
209575,001,10420760,,,,U-2478,,,
209575,001,10413505,,,,U-3014,,,
209575,001,10149843,,,,U-2478,,,
209575,001,10149843,,,,U-2479,,,
209575,001,10016407,,,,U-2225,,,
209575,001,10016407,,,,U-2226,,,
209575,001,10016407,,,,U-2329,,,
209575,001,9867815,,,,U-2225,,,
209575,001,9867815,,,,U-2329,,,
209575,001,9867815,,,,U-2227,,,
209575,001,9867815,,,,U-2226,,,
209575,001,10933060,,,,U-2478,,,
209575,001,10933060,,,,U-3014,,,
210259,001,10167291,,,Y,U-2684,,,
210259,001,10167291,,,Y,U-2685,,,
210259,001,10167291,,,Y,U-2682,,,
210259,001,10167291,,,Y,U-2683,,,
210259,001,10167291,,,Y,U-2687,,,
210259,001,10167291,,,Y,U-2686,,,
210259,001,10272083,,,,U-4109,,,
216387,001,9758524,,,,U-4108,,,
217186,001,12201596,,,,U-1649,,,
217186,002,12201596,,,,U-1649,,,
217186,003,12201596,,,,U-1649,,,
217186,004,12201596,,,,U-1649,,,
217186,001,12201596,,,,U-4004,,,
217186,002,12201596,,,,U-4004,,,
217186,003,12201596,,,,U-4004,,,
217186,004,12201596,,,,U-4004,,,
217186,001,12201596,,,,U-4005,,,
217186,002,12201596,,,,U-4005,,,
217186,003,12201596,,,,U-4005,,,
217186,004,12201596,,,,U-4005,,,
215383,001,RE49948,,Y,Y,U-4176,,,
215383,001,9908845,,Y,Y,U-4176,,,
212801,001,10709691,,,,U-4177,,,
212801,002,10709691,,,,U-4177,,,
212801,001,8609862,,,,U-4177,,,
212801,002,8609862,,,,U-4177,,,
202155,001,6967208,,Y,Y,U-4178,,,
202155,002,6967208,,Y,Y,U-4178,,,
219389,001,12324791,,,,U-4130,,,
219389,002,12324791,,,,U-4130,,,
219379,001,12324791,,,,U-4130,,,
210951,001,12303497,,,,U-4201,,,
210951,002,12303497,,,,U-4201,,,
210951,001,12303497,,,,U-4202,,,
210951,002,12303497,,,,U-4202,,,
205395,001,8148374,,Y,Y,U-2939,,,
211675,002,10550126,,,,U-3298,,,
205489,001,11166947,,,,U-3299,,,
205489,002,11166947,,,,U-3299,,,
205489,003,11166947,,,,U-3299,,,
022555,001,11235168,,,,U-2250,,,
022555,001,11311620,,,,U-2250,,,
022483,002,11318130,,,,U-68,,,
215814,001,11497743,,,,U-3495,,,
215814,001,11376246,,,,U-3495,,,
215814,001,11013734,,,,U-3495,,,
215814,001,11013733,,,,U-3496,,,
215814,001,9834539,,Y,Y,U-3497,,,
209381,001,11529368,,,Y,U-2310,,,
212273,001,11578062,,,Y,U-3544,,,
212273,002,11578062,,,Y,U-3544,,,
215272,001,11590088,,,,U-2625,,,
214621,001,11583526,,,,U-3020,,,
214028,001,10610518,,,,U-3562,,,
214028,001,10610518,,,,U-3561,,,
214028,001,11285134,,,,U-3561,,,
214028,001,11285134,,,,U-3562,,,
203697,002,10786444,,,,U-3559,,,
214876,001,8859562,,,,U-2655,,,
214876,003,8859562,,,,U-2655,,,
214876,002,8859562,,,,U-2655,,,
214876,001,8143241,,,,U-2655,,,
214876,003,8143241,,,,U-2655,,,
214876,002,8143241,,,,U-2655,,,
214876,001,8071579,,,,U-2655,,,
214876,003,8071579,,,,U-2655,,,
214876,002,8071579,,,,U-2655,,,
214755,001,11602513,,,,U-3576,,,
214755,003,11602513,,,,U-3576,,,
214755,002,11602513,,,,U-3576,,,
210491,001,11639347,,Y,Y,U-2569,,,
210491,002,11639347,,Y,Y,U-2569,,,
214755,001,11602512,,,,U-3577,,,
214755,004,11602512,,,,U-3577,,,
214755,003,11602512,,,,U-3577,,,
214755,002,11602512,,,,U-3577,,,
214755,001,11583510,,,,U-3578,,,
214755,004,11583510,,,,U-3578,,,
214755,003,11583510,,,,U-3578,,,
214755,002,11583510,,,,U-3578,,,
214755,001,11400065,,,,U-3579,,,
214755,004,11400065,,,,U-3579,,,
214755,003,11400065,,,,U-3579,,,
214755,002,11400065,,,,U-3579,,,
214755,001,11000498,,,Y,U-3580,,,
214755,004,11000498,,,Y,U-3580,,,
214755,003,11000498,,,Y,U-3580,,,
214755,002,11000498,,,Y,U-3580,,,
219301,001,11739068,,,,U-4223,,,
219301,001,11234939,,,Y,U-4223,,,
219301,001,11198691,,,,U-4223,,,
219301,001,11084809,,Y,Y,U-4223,,,
219301,001,10611758,,,,U-4223,,,
219285,001,12350273,,,,U-1943,,,
213535,001,12350273,,,,U-1943,,,
205718,001,10828297,,,,U-2293,,,
202860,001,8609028,,,,U-3037,,,
202860,001,9956373,,,,U-3037,,,
209388,001,11020361,,,,U-2843,,,
204114,001,10869869,,,,U-3184,,,
204114,002,10869869,,,,U-3184,,,
204114,003,10869869,,,,U-3184,,,
021361,002,7915275,,,,U-1708,,,
021361,002,7915275,,,,U-1707,,,
021361,002,8193196,,Y,Y,U-1707,,,
021361,002,8193196,,Y,Y,U-1708,,,
021361,002,8309569,,,,U-1708,,,
021361,002,8309569,,,,U-1707,,,
021361,002,8741904,,Y,,U-1526,,,
021361,002,8741904,,Y,,U-1708,,,
021361,002,8741904,,Y,,U-1707,,,
021361,002,8829017,,,,U-1562,,,
021361,002,8642573,,,,U-1481,,,
021361,002,9421195,,,,U-1481,,,
021361,002,8969398,,,,U-1481,,,
021361,002,8946252,,,,U-1481,,,
021361,002,10335397,,,,U-2579,,,
021361,002,10456384,,,,U-2643,,,
021361,002,10456384,,,,U-2644,,,
021361,002,9629828,,,,U-1994,,,
021361,002,10314828,,,,U-1481,,,
021361,002,10703763,,,,U-2848,,,
021361,002,10703763,,,,U-2847,,,
021361,002,10703763,,,,U-1708,,,
021361,002,10765667,,,,U-2644,,,
021361,002,10765667,,,,U-2643,,,
021361,002,10709694,,,,U-2579,,,
209210,001,8431685,,,Y,U-2588,,,
209210,001,8461105,,,Y,U-3189,,,
209210,001,8461105,,,Y,U-3190,,,
209210,001,8461105,,,Y,U-2588,,,
209210,001,8461105,,,Y,U-3188,,,
209210,001,8895033,,,Y,U-3190,,,
209210,001,8895033,,,Y,U-3188,,,
209210,001,8895033,,,Y,U-3189,,,
209210,001,8906851,,,,U-3188,,,
209210,001,8906851,,,,U-3189,,,
209210,001,8906851,,,,U-2588,,,
209210,001,8906851,,,,U-3190,,,
209210,001,9884092,,,,U-2588,,,
209210,001,9884092,,,,U-3188,,,
209210,001,9884092,,,,U-3190,,,
209210,001,9884092,,,,U-3189,,,
214916,001,10793596,,Y,Y,U-3204,,,
214916,001,10138270,,,,U-3204,,,
214916,001,10017536,,Y,,U-3204,,,
214916,001,9359399,,,,U-3204,,,
214916,001,9334305,,,,U-3204,,,
214916,001,8536131,,Y,Y,U-3204,,,
214916,001,8486894,,,,U-3204,,,
214916,001,8236766,,,,U-3204,,,
214916,001,8217007,,,,U-3204,,,
214916,001,7727963,,Y,Y,U-3204,,,
214916,001,7713937,,Y,Y,U-3204,,,
214916,001,7402564,,Y,Y,U-3204,,,
215309,001,11219624,,,Y,U-3229,,,
215904,001,8618087,,,,U-3374,,,
211710,001,11484535,,,,U-2470,,,
211710,001,11191766,,,,U-2471,,,
210557,001,11590209,,,,U-3539,,,
217639,001,10420734,,,,U-3524,,,
217639,002,10420734,,,,U-3524,,,
217639,001,7612114,,Y,Y,U-3523,,,
217639,002,7612114,,Y,Y,U-3523,,,
217171,001,11292815,,Y,Y,U-3540,,,
217171,001,10875893,,Y,,U-3540,,,
217171,001,9169307,,Y,,U-3541,,,
217171,001,9056076,,,,U-3540,,,
217171,001,8168584,,,,U-3540,,,
217171,001,8168584,,,,U-3542,,,
219616,001,11517573,,,,U-4205,,,
206966,001,7812163,,,Y,U-2863,,,
206966,001,10292389,,,Y,U-2863,,,
202811,003,10702576,,,,U-1516,,,
213227,001,10159759,,,,U-2951,,,
213227,001,10383961,,,,U-2951,,,
213721,001,10030005,,Y,Y,U-2952,,,
208254,001,10882840,,,,U-1524,,,
209241,001,10874648,,,,U-1995,,,
209241,001,10874648,,,,U-3046,,,
209241,002,10874648,,,,U-1995,,,
209241,002,10874648,,,,U-3046,,,
208259,001,10882840,,,,U-1524,,,
204410,001,10946015,,,Y,U-1445,,,
209296,001,10953018,,,,U-2161,,,
208910,001,10959947,,,Y,U-3105,,,
208910,001,10959947,,,Y,U-3104,,,
208910,001,10959948,,,Y,U-3105,,,
208910,001,10959948,,,Y,U-3104,,,
208910,001,10959949,,,Y,U-3104,,,
208910,001,10959949,,,Y,U-3105,,,
208910,002,10959947,,,Y,U-3104,,,
208910,002,10959947,,,Y,U-3105,,,
208910,002,10959948,,,Y,U-3104,,,
208910,002,10959948,,,Y,U-3105,,,
208910,002,10959949,,,Y,U-3105,,,
208910,002,10959949,,,Y,U-3104,,,
211340,001,10959991,,,,U-39,,,
211340,001,10959991,,,,U-158,,,
214517,001,10980770,,,,U-3106,,,
209394,001,9586978,,,,U-3237,,,
215110,001,9586978,,,,U-3238,,,
214958,001,11021475,,,,U-3434,,,
214958,001,RE47929,,Y,Y,U-3434,,,
214510,001,11426378,,,,U-3356,,,
211843,001,11458104,,,,U-3441,,,
211843,002,11458104,,,,U-3441,,,
204275,001,7439393,,Y,Y,U-3623,,,
204275,001,8511304,,,Y,U-3623,,,
204275,002,7439393,,Y,Y,U-3623,,,
208088,001,11433083,,,,U-1500,,,
204275,002,8511304,,,Y,U-3623,,,
204275,001,11116721,,,Y,U-3623,,,
204275,002,11116721,,,Y,U-3623,,,
208558,001,8859562,,,,U-3631,,,
208558,001,8143241,,,,U-3631,,,
208558,001,8071579,,,,U-3631,,,
208558,002,8859562,,,,U-3631,,,
208558,002,8071579,,,,U-3631,,,
208558,002,8143241,,,,U-3631,,,
214094,001,11708333,,,,U-3300,,,
214094,002,11708333,,,,U-3300,,,
211617,001,11744816,,,,U-3883,,,
211617,001,10912751,,,,U-3884,,,
217899,001,11596614,,,,U-1854,,,
217899,001,11406611,,,,U-1854,,,
217899,001,10272058,,,,U-1854,,,
217899,001,9486428,,,,U-1854,,,
213407,001,11090278,,,,U-3183,,,
212520,001,11324722,,,,U-2849,,,
202057,001,11298333,,,,U-3358,,,
202057,002,11298333,,,,U-3358,,,
211964,001,11324753,,,,U-727,,,
211964,003,11324753,,,,U-727,,,
211964,002,11324753,,,,U-727,,,
209241,001,11311532,,,Y,U-1995,,,
209241,002,11311532,,,Y,U-1995,,,
209241,003,11311532,,,Y,U-1995,,,
203922,001,9687506,,,Y,U-3394,,,
203922,001,9687506,,,Y,U-3395,,,
215498,001,11583539,,,,U-3186,,,
215498,004,11583539,,,,U-3186,,,
215498,003,11583539,,,,U-3186,,,
215498,002,11583539,,,,U-3186,,,
203045,002,8771733,,Y,Y,U-257,,,
216718,001,11091430,,,,U-3552,,,
211675,001,8962629,,Y,,U-3624,,,
211675,002,8962629,,Y,,U-3624,,,
211675,003,8962629,,Y,,U-3624,,,
215092,001,11666563,,,,U-3454,,,
216196,001,11878049,,,,U-3782,,,
216196,002,11878049,,,,U-3782,,,
216196,003,11878049,,,,U-3782,,,
218424,001,11596600,,,,U-2222,,,
213004,001,11878011,,,,U-3816,,,
211215,001,11903993,,,,U-3817,,,
218424,001,9259425,,,,U-2222,,,
218424,001,8293742,,,,U-2222,,,
218860,001,11857523,,,,U-3955,,,
218860,001,11850223,,,,U-1854,,,
218860,001,11331292,,,,U-1854,,,
218860,001,11185519,,,,U-3955,,,
209500,001,12090155,,,Y,U-4000,,,
008975,002,12102662,,,,U-3916,,,
008975,001,12102662,,,,U-3917,,,
008975,002,12102662,,,,U-3917,,,
008975,001,12102662,,,,U-3918,,,
008975,002,12102662,,,,U-3918,,,
008975,001,12102662,,,,U-3919,,,
008975,002,12102662,,,,U-3919,,,
008975,001,12102662,,,,U-3920,,,
008975,002,12102662,,,,U-3920,,,
008975,001,12102662,,,,U-3921,,,
008975,002,12102662,,,,U-3921,,,
008975,001,12102662,,,,U-3922,,,
008975,002,12102662,,,,U-3922,,,
008975,001,12102662,,,,U-3923,,,
008975,002,12102662,,,,U-3923,,,
008975,001,12102662,,,,U-3924,,,
008975,002,12102662,,,,U-3924,,,
008975,001,12102662,,,,U-3925,,,
008975,002,12102662,,,,U-3925,,,
008975,001,12102662,,,,U-3926,,,
008975,002,12102662,,,,U-3926,,,
008975,001,12102662,,,,U-3904,,,
008975,002,12102662,,,,U-3904,,,
008975,001,12102662,,,,U-3905,,,
008975,002,12102662,,,,U-3905,,,
008975,001,12102662,,,,U-3906,,,
008975,002,12102662,,,,U-3906,,,
008975,001,12102662,,,,U-3907,,,
008975,002,12102662,,,,U-3907,,,
008975,001,12102662,,,,U-3908,,,
008975,002,12102662,,,,U-3908,,,
008975,001,12102662,,,,U-3909,,,
008975,002,12102662,,,,U-3909,,,
008975,001,12102662,,,,U-3910,,,
008975,002,12102662,,,,U-3910,,,
008975,001,12102662,,,,U-3911,,,
008975,002,12102662,,,,U-3911,,,
008975,001,12102662,,,,U-3912,,,
008975,002,12102662,,,,U-3912,,,
008975,001,12102662,,,,U-3913,,,
008975,002,12102662,,,,U-3913,,,
008975,001,12102662,,,,U-3914,,,
008975,002,12102662,,,,U-3914,,,
008975,001,12102662,,,,U-3915,,,
008975,002,12102662,,,,U-3915,,,
008975,001,12102662,,,,U-3916,,,
217064,001,12201616,,,,U-3804,,,
217064,001,12201615,,,,U-3804,,,
215239,001,12201639,,Y,Y,U-3747,,,
211230,001,12209059,,,,U-2548,,,
211230,002,12209059,,,,U-2548,,,
215727,001,12233035,,,,U-4132,,,
215431,001,10702535,,,,U-4136,,,
215431,001,10702602,,,,U-1719,,,
215596,001,12213989,,,,U-4137,,,
215431,001,11013806,,,,U-1719,,,
215431,001,10722583,,,,U-1719,,,
215431,001,12128052,,,,U-1719,,,
215431,001,10987358,,,,U-1719,,,
215431,001,10729696,,,,U-1719,,,
215431,001,10688102,,,,U-1719,,,
215431,001,11865117,,,,U-1719,,,
215431,001,10729697,,,,U-1719,,,
215431,001,11617755,,,,U-1719,,,
214120,001,8846628,,,Y,U-2950,,,
214120,002,8846628,,,Y,U-2950,,,
209863,001,10912782,,,Y,U-2418,,,
209863,002,10912782,,,Y,U-2418,,,
209863,003,10912782,,,Y,U-2418,,,
204803,001,8753665,,,Y,U-3074,,,
204803,001,8846072,,,Y,U-3074,,,
204803,001,8153661,,,,U-3074,,,
214018,001,7504095,,,Y,U-3092,,,
212018,001,11077106,,,,U-3196,,,
214275,001,9284280,,,,U-1831,,,
214275,001,7205302,,Y,Y,U-1797,,,
214275,001,9173881,,,,U-1798,,,
212018,002,11077106,,,,U-3196,,,
212018,003,11077106,,,,U-3196,,,
206089,001,11564933,,,,U-1103,,,
206089,002,11564933,,,,U-1103,,,
206089,003,11564933,,,,U-1103,,,
212854,001,11571518,,,Y,U-3515,,,
212854,001,11571518,,,Y,U-3516,,,
212854,001,11571518,,,Y,U-3517,,,
213535,001,11534444,,,,U-1943,,,
211230,001,11560354,,,Y,U-3520,,,
211230,002,11560354,,,Y,U-3520,,,
211230,001,11160779,,,,U-3521,,,
211230,002,11160779,,,,U-3521,,,
208088,001,11559530,,,,U-1500,,,
214665,002,11426404,,,,U-3306,,,
214665,002,11236091,,Y,Y,U-3306,,,
208082,001,11564917,,,,U-1995,,,
208082,003,11564917,,,,U-1995,,,
208082,002,11564917,,,,U-1995,,,
216203,001,8476413,,Y,Y,U-3628,,,
216203,002,8476413,,Y,Y,U-3628,,,
216203,001,7781577,,Y,Y,U-3628,,,
216203,002,7781577,,Y,Y,U-3628,,,
209354,001,11648256,,,Y,U-2625,,,
203567,001,11654139,,,,U-1969,,,
205552,001,11672803,,,,U-1684,,,
205552,002,11672803,,,,U-2242,,,
205552,001,11672803,,,,U-2242,,,
205552,002,11672803,,,,U-2241,,,
205552,001,11672803,,,,U-2241,,,
205552,002,11672803,,,,U-1946,,,
205552,001,11672803,,,,U-1946,,,
205552,002,11672803,,,,U-1684,,,
020965,001,11690914,,,,U-3163,,,
211651,005,9820985,,,,U-2437,,,
211651,006,9820985,,,,U-2437,,,
211675,001,8962629,,Y,,U-3946,,,
211675,001,8962629,,Y,,U-3945,,,
211675,001,11512092,,,,U-3946,,,
211675,001,11365198,,,,U-3946,,,
211675,001,11773106,,,,U-3946,,,
211675,001,11976077,,,,U-3298,,,
214755,001,12128021,,,,U-4022,,,
214755,004,12128021,,,,U-4022,,,
214755,003,12128021,,,,U-4022,,,
214755,002,12128021,,,,U-4022,,,
204629,001,12115179,,,,U-4023,,,
204629,002,12115179,,,,U-4023,,,
219249,001,11760753,,,,U-4024,,,
219249,002,11760753,,,,U-4024,,,
217677,001,12138246,,,,U-3754,,,
217677,002,12138246,,,,U-3754,,,
217677,003,12138246,,,,U-3754,,,
215272,001,10426743,,,,U-4048,,,
215272,001,11612573,,,,U-4048,,,
214952,001,12186321,,,Y,U-3582,,,
212888,001,12178815,,,,U-3348,,,
212888,002,12178815,,,,U-3348,,,
218230,001,8389524,,Y,Y,U-4166,,,
211039,001,10842872,,,,U-3001,,,
213721,001,10030005,,Y,Y,U-3002,,,
209241,001,10857137,,,,U-1995,,,
209241,001,10857148,,,,U-1995,,,
209241,001,10844058,,Y,Y,U-1995,,,
209241,001,10851103,,Y,Y,U-1995,,,
209241,001,10851104,,Y,,U-1995,,,
209241,002,10851104,,Y,,U-1995,,,
209241,002,10857148,,,,U-1995,,,
209241,002,10851103,,Y,Y,U-1995,,,
209241,002,10857137,,,,U-1995,,,
209241,002,10844058,,Y,Y,U-1995,,,
205596,001,9023790,,,Y,U-3171,,,
205596,001,9358297,,,Y,U-3171,,,
212306,002,11034660,,,,U-2584,,,
212306,002,11034660,,,,U-3018,,,
212306,003,11034660,,,,U-2584,,,
212306,003,11034660,,,,U-3018,,,
212306,004,11034660,,,,U-3018,,,
212306,004,11034660,,,,U-2584,,,
212306,001,11034660,,,,U-2584,,,
212306,001,11034660,,,,U-3018,,,
215014,001,11040107,,,Y,U-3172,,,
215014,001,11040107,,,Y,U-3174,,,
215014,001,11040107,,,Y,U-3173,,,
208612,001,7838042,,Y,,U-3251,,,
213436,001,11185497,,,,U-3218,,,
212194,001,11028392,,Y,Y,U-2672,,,
207946,005,11324751,,,,U-3359,,,
207946,006,11324751,,,,U-3359,,,
215841,001,11369590,,Y,Y,U-3400,,,
214313,001,12097170,,,Y,U-3995,,,
214313,003,12097170,,,Y,U-3995,,,
214313,002,12097170,,,Y,U-3995,,,
206947,001,12083112,,,,U-3996,,,
206947,002,12083112,,,,U-3996,,,
206947,001,12083112,,,,U-3997,,,
206947,002,12083112,,,,U-3997,,,
215431,001,10729773,,,,U-1719,,,
214439,001,12226528,,,Y,U-3309,,,
214439,001,12226528,,,Y,U-3310,,,
214439,001,12226528,,,Y,U-3311,,,
215431,001,10517950,,,,U-1719,,,
215431,001,11426414,,,,U-1719,,,
215431,001,9821075,,,Y,U-1719,,,
215431,001,10029010,,,,U-4133,,,
215431,001,10137131,,,Y,U-1719,,,
215431,001,10195278,,,,U-1719,,,
215431,001,10695429,,,,U-1719,,,
215431,001,10265324,,,,U-1719,,,
215431,001,11369684,,,,U-1719,,,
215431,001,10695430,,,,U-1719,,,
215431,001,10363312,,,,U-1719,,,
215431,001,10688185,,,,U-1719,,,
215431,001,10653777,,,,U-1719,,,
215431,001,10583144,,,,U-1719,,,
215431,001,11331323,,,,U-1719,,,
215431,001,10561664,,,,U-1719,,,
215431,001,10537642,,,,U-1719,,,
215431,001,10369224,,,,U-4134,,,
215431,001,10532101,,,,U-1719,,,
215431,001,11285213,,,,U-1719,,,
215431,001,10426839,,,,U-4135,,,
215431,001,10471014,,,,U-1719,,,
215431,001,11219626,,,,U-1719,,,
215431,001,10471069,,,,U-1719,,,
215431,001,10512692,,,,U-1719,,,
215431,001,11207328,,,,U-1719,,,
215431,001,10512693,,,,U-1719,,,
215431,001,11135295,,,,U-1719,,,
215431,001,11045549,,,,U-1719,,,
215431,001,11020483,,,,U-1719,,,
215309,001,9079912,,,,U-3229,,,
215309,001,9974790,,,,U-3229,,,
215309,001,10610530,,,,U-3229,,,
215309,001,10639310,,,,U-3229,,,
215309,001,10869870,,,,U-3229,,,
207533,001,11097006,,,Y,U-764,,,
207533,002,11097006,,,Y,U-764,,,
207533,003,11097006,,,Y,U-764,,,
207533,004,11097006,,,Y,U-764,,,
208246,001,11253523,,,,U-3326,,,
208246,002,11253523,,,,U-3326,,,
022496,001,11179336,,,Y,U-3250,,,
022496,002,11179336,,,Y,U-3250,,,
213721,001,11273160,,,,U-2952,,,
208246,001,11253523,,,,U-3327,,,
208246,002,11253523,,,,U-3327,,,
208246,001,11253523,,,,U-3328,,,
208246,002,11253523,,,,U-3328,,,
208246,001,11253523,,,,U-3329,,,
208246,002,11253523,,,,U-3329,,,
208219,001,11534395,,,Y,U-2764,,,
215985,002,12005051,,,,U-3970,,,
215985,002,11992480,,,,U-3970,,,
215985,002,11819496,,,,U-3970,,,
215985,002,11129818,,,,U-3970,,,
211230,001,12064411,,,,U-3693,,,
211230,002,12064411,,,,U-3693,,,
214120,001,12053482,,,,U-2950,,,
214120,002,12053482,,,,U-2950,,,
218784,001,11844758,,,,U-3977,,,
218784,002,11844758,,,,U-3977,,,
218784,001,11345677,,Y,Y,U-3978,,,
218784,002,11345677,,Y,Y,U-3978,,,
218808,001,12128033,,Y,,U-4049,,,
218808,003,12128033,,Y,,U-4049,,,
218808,002,12128033,,Y,,U-4049,,,
209388,001,12194009,,,,U-2843,,,
209388,001,12194008,,,,U-2843,,,
209510,001,12005042,,,,U-1744,,,
209510,002,12005042,,,,U-3467,,,
209510,001,12005042,,,,U-3467,,,
209510,002,12005042,,,,U-2754,,,
209510,001,12005042,,,,U-2754,,,
209510,002,12005042,,,,U-1744,,,
202057,001,12171738,,,,U-4105,,,
202057,002,12171738,,,,U-4105,,,
213378,001,12194035,,,,U-3141,,,
213378,002,12194035,,,,U-3141,,,
213378,003,12194035,,,,U-3141,,,
213378,004,12194035,,,,U-3141,,,
215446,001,12194025,,,,U-4111,,,
219389,001,12011424,,,,U-4130,,,
219389,001,11839595,,,,U-4130,,,
219389,002,11839595,,,,U-4130,,,
219389,001,11819487,,,,U-4130,,,
219389,002,11819487,,,,U-4130,,,
219389,001,11806322,,,,U-4130,,,
219389,002,11806322,,,,U-4130,,,
219389,001,11806321,,,,U-4130,,,
219389,002,11806321,,,,U-4130,,,
219389,001,11453641,,,,U-4130,,,
219389,002,11453641,,,,U-4130,,,
219379,001,12220390,,,,U-4130,,,
219379,001,12090128,,,Y,U-4130,,,
219379,001,12037306,,,,U-4130,,,
219379,001,12029711,,,Y,U-4130,,,
219379,001,12011424,,,,U-4130,,,
219379,001,11883375,,,,U-4130,,,
219379,001,11839595,,,,U-4130,,,
219379,001,11819487,,,,U-4130,,,
219379,001,11806322,,,,U-4130,,,
219379,001,11806321,,,,U-4130,,,
218772,001,12156869,,,Y,U-4158,,,
218772,001,12156869,,,Y,U-4159,,,
218772,001,12156869,,,Y,U-4160,,,
215358,001,12252479,,,,U-1374,,,
215358,003,12252479,,,,U-1374,,,
215358,002,12252479,,,,U-1374,,,
212306,005,11787771,,,,U-2855,,,
212306,005,11787771,,,,U-3018,,,
212306,005,11787771,,,,U-2584,,,
212306,005,9079865,,,,U-2855,,,
212306,005,9079865,,,,U-3018,,,
212306,005,9079865,,,,U-2584,,,
217900,001,12285432,,,,U-3976,,,
218860,001,12310935,,,,U-1854,,,
218860,001,12295928,,,,U-1854,,,
218860,001,12295927,,,,U-1854,,,
215430,001,12310961,,,,U-3419,,,
209388,001,8334281,,,Y,U-2843,,,
022201,001,10695398,,,,U-1895,,,
022201,002,10695398,,,,U-1895,,,
022416,001,10702536,,,,U-2501,,,
022416,002,10702536,,,,U-2501,,,
022416,003,10702536,,,,U-2501,,,
022416,004,10702536,,,,U-2501,,,
203284,001,10668040,,,,U-1816,,,
216285,001,10603281,,,,U-2553,,,
209482,001,11090294,,,,U-3202,,,
203975,001,11090294,,,,U-3203,,,
216285,001,10849857,,,Y,U-2553,,,
022496,001,11426348,,,Y,U-3380,,,
022496,002,11426348,,,Y,U-3380,,,
214679,001,11433046,,,,U-3413,,,
214679,001,11433046,,,,U-3414,,,
214679,001,11433046,,,,U-3415,,,
214628,001,11413259,,,Y,U-3461,,,
214628,003,11413259,,,Y,U-3461,,,
214628,002,11413259,,,Y,U-3461,,,
214628,001,10420735,,,Y,U-3461,,,
214628,003,10420735,,,Y,U-3461,,,
214628,002,10420735,,,Y,U-3461,,,
214628,001,10226436,,,Y,U-3461,,,
214628,003,10226436,,,Y,U-3461,,,
214628,002,10226436,,,Y,U-3461,,,
210598,001,11484531,,,,U-2440,,,
209988,001,11433044,,,,U-3462,,,
209988,001,9884039,,,,U-3462,,,
204447,001,11458134,,,Y,U-3463,,,
204447,002,11458134,,,Y,U-3463,,,
204447,003,11458134,,,Y,U-3463,,,
204447,004,11458134,,,Y,U-3463,,,
207924,001,9737469,,,,U-3500,,,
207924,002,9737469,,,,U-3500,,,
207924,003,9737469,,,,U-3500,,,
211675,001,11524964,,,,U-3371,,,
215309,001,11510923,,,,U-3505,,,
216386,001,8481546,,Y,Y,U-3555,,,
213217,001,11701357,,,,U-3860,,,
217779,001,9388416,,,,U-3956,,,
217779,002,9388416,,,,U-3956,,,
217779,001,9388415,,,,U-3956,,,
217779,002,9388415,,,,U-3956,,,
217779,001,9375485,,,,U-3956,,,
217779,002,9375485,,,,U-3956,,,
216793,001,11992486,,,,U-2830,,,
216793,002,11992486,,,,U-2830,,,
216793,001,11986469,,,,U-2830,,,
216793,002,11986469,,,,U-2830,,,
216793,001,11986468,,,,U-2830,,,
216793,002,11986468,,,,U-2830,,,
215431,001,11826370,,,,U-1719,,,
215431,001,10940153,,,,U-1719,,,
215431,001,11602563,,,,U-1719,,,
215431,001,11806354,,,,U-1719,,,
215431,001,11510927,,,,U-1719,,,
215431,001,10933137,,,,U-1719,,,
215431,001,11504429,,,,U-1719,,,
215431,001,11471464,,,,U-1719,,,
215431,001,10933136,,,,U-1719,,,
215431,001,11801250,,,,U-1719,,,
215431,001,10799588,,,,U-1719,,,
215431,001,10780165,,,,U-1719,,,
215431,001,10821181,,,,U-1719,,,
215431,001,11759522,,,,U-1719,,,
215431,001,10758618,,,,U-1719,,,
215431,001,10918722,,,,U-1719,,,
215431,001,11738085,,,,U-1719,,,
215431,001,11013805,,,,U-1719,,,
215431,001,11712441,,,,U-1719,,,
215431,001,10905693,,,,U-1719,,,
215431,001,11628173,,,,U-1719,,,
215431,001,10894053,,,,U-1719,,,
215431,001,11617791,,,,U-1719,,,
215431,001,10821182,,,,U-1719,,,
215431,001,11617756,,,,U-1719,,,
215431,001,11607456,,,,U-1719,,,
215431,001,11571428,,,,U-1719,,,
215431,001,11471465,,,,U-1719,,,
215431,001,10780166,,,,U-1719,,,
215431,001,10758617,,,,U-1719,,,
213051,001,12239739,,Y,Y,U-2628,,,
213051,002,12239739,,Y,Y,U-2628,,,
213051,003,12239739,,Y,Y,U-2628,,,
213051,004,12239739,,Y,Y,U-2628,,,
213051,005,12239739,,Y,Y,U-2628,,,
211723,001,9889138,,,,U-2852,,,
211723,001,9889138,,,,U-2853,,,
211723,001,8765732,,,,U-2852,,,
211723,001,8765732,,,,U-2853,,,
211723,001,9549931,,,,U-2853,,,
211723,001,9549931,,,,U-2852,,,
211723,001,9334527,,,,U-2852,,,
211723,001,9333217,,,,U-2852,,,
211723,001,8691507,,,,U-2852,,,
211723,001,9394283,,Y,Y,U-2852,,,
211723,001,9394283,,Y,Y,U-2853,,,
211723,001,9175331,,,,U-2852,,,
211723,001,8895245,,,,U-2852,,,
211723,001,9949999,,,,U-2851,,,
211723,001,10245269,,,,U-2851,,,
211723,001,10245269,,,,U-2854,,,
211723,001,10369155,,,,U-2853,,,
211723,001,10369155,,,,U-2852,,,
211723,001,10420775,,,,U-2852,,,
211723,001,10420775,,,,U-2853,,,
210491,001,8354427,,,,U-3021,,,
210491,002,8354427,,,,U-3021,,,
210491,001,10081621,,,Y,U-3024,,,
210491,001,10081621,,,Y,U-3025,,,
210491,002,10081621,,,Y,U-3024,,,
210491,002,10081621,,,Y,U-3025,,,
210491,001,10206877,,,Y,U-3027,,,
210491,001,10206877,,,Y,U-3026,,,
210491,002,10206877,,,Y,U-3026,,,
210491,002,10206877,,,Y,U-3027,,,
212273,001,8324242,,,,U-3028,,,
212273,001,8415387,,,,U-3028,,,
212273,001,8598181,,,,U-3028,,,
212273,001,8354427,,,,U-3029,,,
212273,001,8629162,,,,U-3030,,,
212273,001,9670163,,,Y,U-3031,,,
212273,001,9931334,,,Y,U-3031,,,
212273,001,9974781,,,Y,U-3028,,,
212273,001,10081621,,,Y,U-3032,,,
210491,001,10058546,,,,U-3023,,,
210491,001,10058546,,,,U-3022,,,
210491,002,10058546,,,,U-3022,,,
210491,002,10058546,,,,U-3023,,,
212887,001,8410103,,Y,Y,U-3061,,,
214377,001,9993476,,,,U-3062,,,
214377,001,8921377,,,,U-3062,,,
214377,001,9604948,,Y,Y,U-3062,,,
214377,002,8921377,,,,U-3062,,,
214377,002,9993476,,,,U-3062,,,
214377,002,9604948,,Y,Y,U-3062,,,
214377,003,9993476,,,,U-3062,,,
214377,003,8921377,,,,U-3062,,,
214377,003,9604948,,Y,Y,U-3062,,,
204063,001,10391160,,,,U-3148,,,
208558,001,8859562,,,,U-2103,,,
204063,001,10959972,,,,U-1384,,,
204063,002,10391160,,,,U-3148,,,
208558,001,8859562,,,,U-2833,,,
204063,002,10959972,,,,U-1384,,,
204063,001,10555993,,,,U-3148,,,
204063,002,10555993,,,,U-3148,,,
208558,002,8859562,,,,U-2103,,,
208558,002,8859562,,,,U-2833,,,
208558,001,8071579,,,,U-2716,,,
208558,001,8071579,,,,U-2483,,,
208558,001,8071579,,,,U-2482,,,
208558,002,8071579,,,,U-2482,,,
208558,002,8071579,,,,U-2483,,,
208558,002,8071579,,,,U-2716,,,
211970,001,10995337,,,Y,U-2675,,,
202192,001,8829013,,,,U-1622,,,
202192,001,8829013,,,,U-1201,,,
202192,002,8829013,,,,U-1201,,,
202192,002,8829013,,,,U-1622,,,
202192,003,8829013,,,,U-1201,,,
202192,003,8829013,,,,U-1622,,,
202192,004,8829013,,,,U-1622,,,
202192,004,8829013,,,,U-1201,,,
202192,005,8829013,,,,U-1622,,,
202192,005,8829013,,,,U-1201,,,
213426,001,10548909,,,,U-3244,,,
216387,001,11059829,,Y,Y,U-2145,,,
216387,001,11059829,,Y,Y,U-2671,,,
216387,001,11059829,,Y,Y,U-2670,,,
216387,001,11059829,,Y,Y,U-2669,,,
216387,001,11059829,,Y,Y,U-2668,,,
216387,001,11059829,,Y,Y,U-2667,,,
216387,001,11059829,,Y,Y,U-2666,,,
213189,001,7851470,,Y,Y,U-3015,,,
213189,001,10617693,,,,U-3015,,,
208065,001,8946235,,Y,Y,U-3016,,,
208065,001,9732058,,Y,Y,U-3016,,,
208065,001,10183020,,,Y,U-3016,,,
208065,002,8946235,,Y,Y,U-3016,,,
208065,002,9732058,,Y,Y,U-3016,,,
208065,002,10183020,,,Y,U-3016,,,
213176,001,10072013,,,,U-3063,,,
213176,001,10072013,,,,U-3064,,,
213176,001,9969740,,Y,Y,U-3064,,,
213176,001,9969740,,Y,Y,U-3063,,,
213176,001,10570142,,Y,Y,U-3064,,,
213176,001,10570142,,Y,Y,U-3063,,,
213176,001,10414773,,Y,Y,U-3063,,,
213176,001,10414773,,Y,Y,U-3064,,,
213176,001,9669033,,,,U-3063,,,
213176,001,9669033,,,,U-3064,,,
211340,001,10894039,,,,U-3,,,
211340,001,10894039,,,,U-185,,,
212614,001,11090323,,,,U-3192,,,
212614,002,11090323,,,,U-3192,,,
212614,003,11090323,,,,U-3192,,,
212614,004,11090323,,,,U-3192,,,
204629,001,11090323,,,,U-3191,,,
204629,002,11090323,,,,U-3191,,,
213227,001,11160888,,,,U-2951,,,
209589,001,11191753,,,,U-3261,,,
206089,001,11179403,,,,U-2506,,,
206089,003,11179403,,,,U-2506,,,
206089,002,11179403,,,,U-2506,,,
213378,001,11185541,,,,U-3140,,,
213378,002,11185541,,,,U-3140,,,
213378,003,11185541,,,,U-3140,,,
213378,004,11185541,,,,U-3140,,,
216157,001,11020382,,,,U-3133,,,
216157,001,11020382,,,,U-3134,,,
216157,001,9248199,,,,U-2676,,,
216157,001,9248199,,,,U-2715,,,
204485,005,10010575,,,,U-1857,,,
204485,005,9981006,,,,U-1857,,,
204485,005,9974827,,,,U-1857,,,
204485,005,9968649,,,,U-1857,,,
204485,005,9962422,,,,U-1857,,,
204485,005,9925234,,,,U-1857,,,
204485,005,9925233,,,,U-1857,,,
203567,001,11213519,,,,U-2720,,,
210933,001,11219596,,,,U-2985,,,
215430,001,11382874,,,,U-3419,,,
215430,001,11364233,,,,U-3419,,,
215430,001,9457025,,,,U-3419,,,
215430,001,10058518,,,,U-3419,,,
215430,001,9278095,,,,U-3419,,,
215430,001,9867819,,,,U-3419,,,
215430,001,9168234,,,,U-3419,,,
215430,001,9861595,,,,U-3419,,,
215430,001,8569328,,,Y,U-3419,,,
215430,001,9700553,,,,U-3419,,,
215430,001,11357744,,,,U-3419,,,
215430,001,11344544,,,,U-3419,,,
215430,001,9486450,,,,U-3419,,,
215430,001,9474731,,,,U-3419,,,
215430,001,9375429,,,,U-3419,,,
215430,001,9421176,,,,U-3419,,,
215430,001,9408815,,,,U-3419,,,
215430,001,9763932,,,,U-3419,,,
215430,001,11311534,,,,U-3419,,,
215430,001,9205083,,,,U-3419,,,
215430,001,9707191,,,,U-3419,,,
215430,001,10898453,,,,U-3419,,,
215430,001,11433067,,,Y,U-3419,,,
215430,001,9700528,,,,U-3419,,,
215430,001,9370513,,,,U-3419,,,
215430,001,9457023,,,,U-3419,,,
215430,001,9238032,,,,U-3419,,,
215430,001,11096937,,,,U-3419,,,
215430,001,11298352,,,,U-3419,,,
215430,001,10966941,,,,U-3419,,,
215430,001,11298351,,,,U-3419,,,
215430,001,11090300,,,,U-3419,,,
215430,001,10894047,,,,U-3419,,,
215430,001,10064857,,,,U-3419,,,
215430,001,11291665,,,,U-3419,,,
215430,001,10780066,,,,U-3419,,,
215430,001,10780064,,,,U-3419,,,
215430,001,11291638,,,,U-3419,,,
215430,001,10786469,,,,U-3419,,,
215430,001,11253492,,,,U-3419,,,
215430,001,10881657,,,,U-3419,,,
215430,001,10874663,,,,U-3419,,,
215430,001,10799497,,,,U-3419,,,
215430,001,11058648,,,,U-3419,,,
215430,001,11273133,,,,U-3419,,,
215430,001,10864209,,,,U-3419,,,
215430,001,10806710,,,,U-3419,,,
215430,001,10881624,,,,U-3419,,,
215430,001,10786496,,,,U-3419,,,
215430,001,11020389,,,,U-3419,,,
215430,001,11185515,,,,U-3419,,,
215430,001,10945973,,,,U-3419,,,
215430,001,10966942,,,,U-3419,,,
215430,001,11285146,,,,U-3419,,,
215430,001,11285118,,,,U-3419,,,
209627,001,10780047,,,,U-2787,,,
209627,001,10780047,,,,U-2786,,,
210296,001,10918615,,,Y,U-1384,,,
210296,001,10918616,,,,U-1384,,,
214187,001,8575135,,Y,Y,U-1470,,,
214187,001,8580765,,Y,Y,U-1470,,,
214187,001,8334270,,Y,Y,U-1470,,,
214187,001,7964580,,Y,Y,U-1470,,,
214187,002,8575135,,Y,Y,U-1470,,,
214187,002,8334270,,Y,Y,U-1470,,,
214187,002,7964580,,Y,Y,U-1470,,,
214187,002,8580765,,Y,Y,U-1470,,,
214187,001,8889159,,,Y,U-1470,,,
214187,001,8735372,,,,U-1470,,,
214187,001,8921341,,Y,Y,U-1470,,,
214187,001,8633309,,Y,Y,U-1470,,,
214187,001,8618076,,Y,Y,U-1470,,,
214187,002,8889159,,,Y,U-1470,,,
214187,002,8921341,,Y,Y,U-1470,,,
214187,002,8633309,,Y,Y,U-1470,,,
214187,002,8735372,,,,U-1470,,,
214187,002,8618076,,Y,Y,U-1470,,,
214187,001,9284342,,Y,Y,U-1470,,,
214187,001,8940718,,Y,Y,U-1470,,,
214187,001,9085573,,Y,Y,U-1470,,,
214187,002,9085573,,Y,Y,U-1470,,,
214187,002,8940718,,Y,Y,U-1470,,,
214187,002,9284342,,Y,Y,U-1470,,,
210566,001,11020407,,,Y,U-3143,,,
212273,001,8324242,,,,U-3144,,,
212273,002,8324242,,,,U-3144,,,
212273,002,8354427,,,,U-3145,,,
212273,001,8354427,,,,U-3145,,,
212273,001,8415387,,,,U-3144,,,
212273,002,8415387,,,,U-3144,,,
212273,001,8598181,,,,U-3144,,,
212273,002,8598181,,,,U-3144,,,
212273,001,8629162,,,,U-3146,,,
212273,002,8629162,,,,U-3146,,,
212273,001,9012496,,,,U-3154,,,
212273,002,9012496,,,,U-3154,,,
212273,001,9670163,,,Y,U-3155,,,
212273,002,9670163,,,Y,U-3155,,,
212273,001,9931334,,,Y,U-3155,,,
212273,002,9931334,,,Y,U-3155,,,
212273,001,9974781,,,Y,U-3144,,,
212273,002,9974781,,,Y,U-3144,,,
212273,001,10022352,,,Y,U-3156,,,
212273,002,10022352,,,Y,U-3156,,,
212273,001,10081621,,,Y,U-3157,,,
212273,002,10081621,,,Y,U-3157,,,
212273,001,10239867,,Y,Y,U-3158,,,
212273,002,10239867,,Y,Y,U-3158,,,
212273,001,10758534,,Y,Y,U-3144,,,
212273,002,10758534,,Y,Y,U-3144,,,
212273,001,11179367,,,Y,U-3253,,,
212273,002,11179367,,,Y,U-3253,,,
209363,001,11000507,,,Y,U-3302,,,
209363,001,11000507,,,Y,U-3270,,,
209363,001,11020377,,,Y,U-3302,,,
209363,001,11020377,,,Y,U-3270,,,
209363,001,11000508,,,Y,U-3302,,,
209363,001,11000508,,,Y,U-3270,,,
209363,001,10682338,,,Y,U-3270,,,
209363,001,10849884,,,Y,U-3270,,,
209363,001,10849884,,,Y,U-3302,,,
209363,001,10335390,,,Y,U-3270,,,
209363,001,10857133,,,Y,U-3270,,,
206089,001,11331325,,,,U-2506,,,
206089,002,11331325,,,,U-2506,,,
206089,003,11331325,,,,U-2506,,,
209637,004,10335462,,,Y,U-2580,,,
209637,004,8129343,,Y,Y,U-3469,,,
209637,004,8536122,,Y,Y,U-3469,,,
212849,001,10406161,,,Y,U-3513,,,
212849,004,10406161,,,Y,U-3513,,,
212849,003,10406161,,,Y,U-3513,,,
212849,002,10406161,,,Y,U-3513,,,
212849,001,10098882,,,Y,U-3513,,,
212849,002,10098882,,,Y,U-3513,,,
212849,003,10098882,,,Y,U-3513,,,
212849,004,10098882,,,Y,U-3513,,,
212849,001,9532991,,,Y,U-3513,,,
212849,004,9532991,,,Y,U-3513,,,
212849,003,9532991,,,Y,U-3513,,,
212849,002,9532991,,,Y,U-3513,,,
212849,001,9446135,,,Y,U-3513,,,
212849,002,9446135,,,Y,U-3513,,,
212849,003,9446135,,,Y,U-3513,,,
212849,004,9446135,,,Y,U-3513,,,
216059,001,10918622,,,,U-3518,,,
216059,002,10918622,,,,U-3518,,,
216059,001,10695323,,Y,Y,U-3518,,,
216059,002,10695323,,Y,Y,U-3518,,,
216059,001,10464905,,,,U-3518,,,
216059,002,10464905,,,,U-3518,,,
214373,001,10533032,,,,U-2214,,,
214373,001,8802637,,Y,Y,U-2214,,,
021064,002,10583208,,,,U-665,,,
021064,002,10588988,,,,U-665,,,
021064,002,9789210,,,,U-665,,,
021064,002,10583207,,,,U-665,,,
214200,001,9487530,,,,U-3079,,,
214200,001,9487530,,,,U-3080,,,
214200,001,10085992,,,,U-3081,,,
209195,001,8957046,,,,U-2040,,,
209195,001,8957046,,,,U-2039,,,
208944,001,11197835,,,,U-2106,,,
208944,002,11197835,,,,U-2106,,,
214028,001,11285134,,,,U-3252,,,
208082,001,11357772,,,,U-1995,,,
208082,002,11357772,,,,U-1995,,,
208082,003,11357772,,,,U-1995,,,
208082,001,11357772,,,,U-3055,,,
208082,002,11357772,,,,U-3055,,,
208082,003,11357772,,,,U-3055,,,
212295,001,10961250,,,Y,U-2968,,,
209510,001,11357753,,,,U-2754,,,
209510,002,11357753,,,,U-2754,,,
211746,001,11400101,,,,U-3297,,,
203340,002,11413277,,,Y,U-2804,,,
213973,001,11426390,,,,U-3416,,,
211988,001,11413350,,,,U-3417,,,
211988,004,11413350,,,,U-3417,,,
211988,003,11413350,,,,U-3417,,,
211988,002,11413350,,,,U-3417,,,
208912,001,11097061,,,Y,U-3418,,,
215430,001,10596167,,,,U-3419,,,
215430,001,11439636,,,,U-3419,,,
215430,001,9314462,,,,U-3419,,,
215430,001,9198905,,,,U-3419,,,
215430,001,11426401,,,,U-3419,,,
215430,001,11426370,,,,U-3419,,,
215430,001,11419867,,,,U-3419,,,
209471,001,11534407,,,Y,U-3553,,,
209471,001,11197830,,,Y,U-3553,,,
209471,001,10532036,,,,U-3553,,,
206192,001,11597699,,,,U-3554,,,
214487,001,11603356,,Y,Y,U-3558,,,
213051,006,12239739,,Y,Y,U-2628,,,
213051,004,8536122,,Y,Y,U-2628,,,
213051,006,8536122,,Y,Y,U-2628,,,
213051,005,8536122,,Y,Y,U-2628,,,
213051,004,8129343,,Y,Y,U-2628,,,
213051,005,8129343,,Y,Y,U-2628,,,
213051,006,8129343,,Y,Y,U-2628,,,
213973,001,12295944,,,,U-4183,,,
022496,001,12296047,,,Y,U-4184,,,
022496,002,12296047,,,Y,U-4184,,,
212832,004,11925661,,,Y,U-4185,,,
212832,005,11925661,,,Y,U-4185,,,
212832,004,11813291,,,Y,U-4185,,,
212832,005,11813291,,,Y,U-4185,,,
205108,001,12290495,,,,U-2096,,,
205108,001,12290495,,,,U-2494,,,
214510,001,12295935,,,,U-3356,,,
214902,001,12295935,,,,U-3987,,,
211635,001,12324852,,,,U-4173,,,
211635,001,12337061,,,,U-4173,,,
211635,002,12324852,,,,U-4173,,,
211635,002,12337061,,,,U-4173,,,
211635,003,12324852,,,,U-4173,,,
211635,003,12337061,,,,U-4173,,,
022416,001,10695354,,,,U-2831,,,
022416,001,10695354,,,,U-2501,,,
022416,002,10695354,,,,U-2501,,,
022416,002,10695354,,,,U-2831,,,
022416,003,10695354,,,,U-2831,,,
022416,003,10695354,,,,U-2501,,,
022416,004,10695354,,,,U-2831,,,
022416,004,10695354,,,,U-2501,,,
202324,001,10570202,,,,U-2844,,,
202324,002,10570202,,,,U-2844,,,
210455,001,10786518,,,,U-2978,,,
205677,001,10945988,,,,U-2149,,,
213217,001,9447106,,Y,Y,U-1745,,,
213217,001,10570139,,,,U-1745,,,
210656,001,11168066,,,,U-3254,,,
210656,002,11168066,,,,U-3254,,,
211109,002,8796245,,,,U-2380,,,
216387,001,10272083,,,,U-2519,,,
209241,001,10952997,,,,U-1995,,,
209241,001,10940141,,,,U-1995,,,
209241,002,10952997,,,,U-1995,,,
209241,002,10940141,,,,U-1995,,,
213217,001,9447106,,Y,Y,U-3063,,,
216387,001,10272083,,,,U-2682,,,
216387,001,10272083,,,,U-2683,,,
216387,001,10272083,,,,U-2684,,,
216387,001,10272083,,,,U-2685,,,
216387,001,10272083,,,,U-2686,,,
216387,001,10272083,,,,U-2687,,,
202971,001,11344547,,,,U-1632,,,
202971,002,11344547,,,,U-1632,,,
202971,003,11344547,,,,U-1632,,,
202971,004,11344547,,,,U-1632,,,
209445,001,9238657,,Y,Y,U-3470,,,
209445,001,9238657,,Y,Y,U-3471,,,
214200,001,11529352,,,,U-3504,,,
019734,003,11547758,,,,U-1029,,,
019734,004,11547758,,,,U-1029,,,
209360,003,11559559,,,,U-3514,,,
209360,001,11559559,,,,U-3514,,,
209360,002,11559559,,,,U-3514,,,
206947,001,11090386,,,,U-3519,,,
206947,002,11090386,,,,U-3519,,,
209363,001,11602522,,,Y,U-3169,,,
209363,001,11602522,,,Y,U-3302,,,
208144,001,11596600,,,,U-2222,,,
215309,001,11602536,,,,U-3550,,,
215309,001,11590138,,,,U-3551,,,
215309,001,11590137,,,,U-3505,,,
215309,001,11590136,,,,U-3229,,,
215309,001,11590136,,,,U-3404,,,
208743,001,11680942,,,,U-3322,,,
216774,001,11072586,,Y,Y,U-3936,,,
216774,004,11072586,,Y,Y,U-3937,,,
216774,003,11072586,,Y,Y,U-3937,,,
216774,002,11072586,,Y,Y,U-3937,,,
216774,001,11072586,,Y,Y,U-3937,,,
216774,004,11072586,,Y,Y,U-3938,,,
216774,003,11072586,,Y,Y,U-3938,,,
216774,002,11072586,,Y,Y,U-3938,,,
216774,001,11072586,,Y,Y,U-3938,,,
216774,004,11072586,,Y,Y,U-3936,,,
216774,003,11072586,,Y,Y,U-3936,,,
216774,002,11072586,,Y,Y,U-3936,,,
200063,001,11998542,,,,U-1583,,,
216352,001,11666573,,,,U-3968,,,
216352,006,11666573,,,,U-3969,,,
216352,005,11666573,,,,U-3969,,,
216352,004,11666573,,,,U-3969,,,
216352,003,11666573,,,,U-3969,,,
216352,002,11666573,,,,U-3969,,,
216352,001,11666573,,,,U-3969,,,
216352,006,11666573,,,,U-3968,,,
216352,005,11666573,,,,U-3968,,,
216352,004,11666573,,,,U-3968,,,
216352,003,11666573,,,,U-3968,,,
216352,002,11666573,,,,U-3968,,,
211230,001,12090126,,,,U-3693,,,
211230,002,12090126,,,,U-3693,,,
008975,002,12233105,,,,U-3912,,,
008975,002,12233105,,,,U-3913,,,
008975,002,12233105,,,,U-3914,,,
008975,002,12233105,,,,U-3915,,,
008975,002,12233105,,,,U-3916,,,
008975,002,12233105,,,,U-3917,,,
008975,002,12233105,,,,U-3918,,,
008975,002,12233105,,,,U-3919,,,
008975,002,12233105,,,,U-3920,,,
008975,002,12233105,,,,U-3921,,,
008975,002,12233105,,,,U-3922,,,
008975,002,12233105,,,,U-3923,,,
008975,002,12233105,,,,U-3924,,,
008975,002,12233105,,,,U-3925,,,
008975,002,12233105,,,,U-3926,,,
206947,001,12226409,,,,U-4146,,,
206947,002,12226409,,,,U-4146,,,
214410,002,10633397,,,,U-3000,,,
214410,002,10633397,,,,U-2816,,,
214410,003,10633397,,,,U-3000,,,
214410,003,10633397,,,,U-2816,,,
214410,002,11306106,,,,U-3000,,,
200063,001,11139056,,,,U-1583,,,
200063,001,10403170,,,,U-1583,,,
200063,001,9633575,,,,U-1583,,,
210365,001,11207292,,Y,,U-3235,,,
210365,001,11207292,,Y,,U-3277,,,
210365,001,11207292,,Y,,U-3236,,,
022483,001,11202752,,,,U-1455,,,
022483,001,11202752,,,,U-172,,,
210565,001,11219597,,,,U-3278,,,
210565,001,11219597,,,,U-3279,,,
213978,001,11224598,,,,U-1900,,,
215430,001,10772850,,,,U-3419,,,
215430,001,10940124,,,,U-3419,,,
215430,001,11273134,,,,U-3419,,,
215430,001,11253491,,,,U-3419,,,
215430,001,11234946,,,,U-3419,,,
215430,001,10548857,,,,U-3419,,,
215430,001,11229640,,,,U-3419,,,
215430,001,10874665,,,,U-3419,,,
215430,001,10933034,,,,U-3419,,,
215430,001,10251879,,,,U-3419,,,
215430,001,10925842,,,,U-3419,,,
215430,001,10092561,,,,U-3419,,,
215430,001,10894046,,,,U-3419,,,
215430,001,11191739,,,Y,U-3419,,,
215430,001,10874664,,,,U-3419,,,
215430,001,10080727,,,,U-3419,,,
215430,001,11197839,,,Y,U-3419,,,
215430,001,11147808,,,,U-3419,,,
215430,001,11207281,,,,U-3419,,,
215430,001,11141416,,,,U-3419,,,
215430,001,11141388,,,,U-3419,,,
215430,001,11213521,,,,U-3419,,,
215430,001,11129826,,,,U-3419,,,
215430,001,11123343,,,,U-3419,,,
215430,001,10966974,,,,U-3419,,,
215430,001,10512643,,,,U-3419,,,
215430,001,10463634,,,,U-3419,,,
215430,001,10105361,,,,U-3419,,,
215430,001,10105327,,,,U-3419,,,
215430,001,10092560,,,,U-3419,,,
209776,001,11376237,,,,U-3421,,,
213973,001,11433056,,,,U-3423,,,
214665,001,11426404,,,,U-3306,,,
201656,001,11419914,,,,U-3431,,,
201656,002,11419914,,,,U-3431,,,
022496,002,11452691,,,Y,U-3439,,,
214439,001,11458095,,,Y,U-3309,,,
214439,001,11458095,,,Y,U-3310,,,
214439,001,11458095,,,Y,U-3311,,,
216457,001,10953018,,,,U-3440,,,
216457,001,10624850,,,,U-3440,,,
216457,001,9974794,,,Y,U-3440,,,
216457,001,9808465,,,,U-3440,,,
216457,001,9561229,,,Y,U-3440,,,
211340,001,11471409,,,,U-3447,,,
211340,001,11471409,,,,U-3448,,,
202714,001,RE47954,,,,U-3449,,,
202714,002,RE47954,,,,U-3449,,,
202714,003,RE47954,,,,U-3449,,,
213246,001,10172851,,,,U-3450,,,
021883,001,6900175,,,,U-3499,,,
209022,001,11602603,,,Y,U-2133,,,
210296,001,11590095,,,,U-1384,,,
215727,001,11026901,,,,U-3638,,,
215727,001,11026900,,,,U-3639,,,
215727,001,11026899,,,,U-3639,,,
215727,001,10842762,,,,U-3640,,,
215727,001,10265281,,,,U-3639,,,
215727,001,10206891,,,,U-3641,,,
215727,001,10130585,,,,U-3642,,,
215727,001,9744144,,,,U-3643,,,
216993,001,9585892,,,,U-3661,,,
216993,002,9585892,,,,U-3661,,,
216993,001,9555040,,,,U-3661,,,
216993,002,9555040,,,,U-3661,,,
216993,001,8836218,,,,U-3661,,,
216993,002,8836218,,,,U-3661,,,
216993,001,8357690,,,,U-3661,,,
216993,002,8357690,,,,U-3661,,,
216993,001,8129374,,,,U-3661,,,
216993,002,8129374,,,,U-3661,,,
216993,001,7968543,,,Y,U-3661,,,
216993,002,7968543,,,Y,U-3661,,,
217836,001,11129812,,,,U-3741,,,
217836,001,10639297,,,Y,U-3741,,,
217785,001,11564926,,Y,Y,U-3861,,,
217785,003,11564926,,Y,Y,U-3861,,,
217785,002,11564926,,Y,Y,U-3861,,,
217785,001,10376517,,,,U-3861,,,
217785,003,10376517,,,,U-3861,,,
217785,002,10376517,,,,U-3861,,,
216718,001,11919838,,,,U-3862,,,
216718,001,11919838,,,,U-3863,,,
215727,001,11944594,,,,U-3864,,,
213973,001,12023328,,,,U-3957,,,
213973,001,12023327,,,,U-3958,,,
213973,001,12023326,,,,U-3959,,,
213973,001,12023325,,,,U-3960,,,
211765,002,12070450,,,,U-3992,,,
208558,001,8143241,,,,U-2824,,,
208558,001,8143241,,,,U-2823,,,
208558,001,8143241,,,,U-2821,,,
208558,001,8143241,,,,U-2819,,,
208558,001,8143241,,,,U-2820,,,
208558,001,8143241,,,,U-2822,,,
208558,002,8143241,,,,U-2824,,,
208558,002,8143241,,,,U-2820,,,
208558,002,8143241,,,,U-2821,,,
208558,002,8143241,,,,U-2823,,,
208558,002,8143241,,,,U-2822,,,
208558,002,8143241,,,,U-2819,,,
208558,001,8859562,,,,U-2822,,,
208558,001,8859562,,,,U-2821,,,
208558,001,8859562,,,,U-2823,,,
208558,001,8859562,,,,U-2824,,,
208558,001,8859562,,,,U-2820,,,
208558,001,8859562,,,,U-2819,,,
208558,002,8859562,,,,U-2822,,,
208558,002,8859562,,,,U-2820,,,
208558,002,8859562,,,,U-2823,,,
208558,002,8859562,,,,U-2824,,,
208558,002,8859562,,,,U-2819,,,
208558,002,8859562,,,,U-2821,,,
212306,001,9079865,,,,U-2855,,,
212306,001,10519139,,Y,Y,U-2855,,,
022406,003,9539218,,,,U-3285,,,
214985,001,9732075,,Y,Y,U-620,,,
214985,002,9732075,,Y,Y,U-620,,,
214985,001,10023560,,,,U-620,,,
214985,002,10023560,,,,U-620,,,
214518,001,7737168,,,,U-3377,,,
215866,001,9474780,,Y,Y,U-3378,,,
215866,006,9474780,,Y,Y,U-3378,,,
215866,005,9474780,,Y,Y,U-3378,,,
215866,004,9474780,,Y,Y,U-3378,,,
215866,003,9474780,,Y,Y,U-3378,,,
215866,002,9474780,,Y,Y,U-3378,,,
214517,001,11266622,,,,U-3003,,,
205677,001,11266622,,,,U-3003,,,
211675,001,11365198,,,,U-3275,,,
203565,001,11433091,,,,U-3435,,,
203565,002,11433091,,,,U-3435,,,
203565,003,11433091,,,,U-3435,,,
203565,004,11433091,,,,U-3435,,,
203565,001,11433091,,,,U-3436,,,
203565,002,11433091,,,,U-3436,,,
203565,003,11433091,,,,U-3436,,,
203565,004,11433091,,,,U-3436,,,
203565,001,11433091,,,,U-3437,,,
203565,002,11433091,,,,U-3437,,,
203565,003,11433091,,,,U-3437,,,
203565,004,11433091,,,,U-3437,,,
203565,001,11433091,,,,U-3438,,,
203565,002,11433091,,,,U-3438,,,
203565,003,11433091,,,,U-3438,,,
203565,004,11433091,,,,U-3438,,,
213411,001,11504370,,,,U-2788,,,
213411,002,11504370,,,,U-2788,,,
213217,001,9447106,,Y,Y,U-2537,,,
213217,001,9447106,,Y,Y,U-2666,,,
213217,001,10570139,,,,U-2666,,,
213217,001,10570139,,,,U-2537,,,
213217,001,11142528,,,Y,U-2666,,,
213217,001,11142528,,,Y,U-2537,,,
019734,002,11547758,,,,U-1029,,,
214373,001,8106021,,,,U-2214,,,
214373,001,7838499,,Y,Y,U-2214,,,
210933,001,11596599,,,,U-2985,,,
211675,001,11607411,,,,U-3341,,,
211675,003,11607411,,,,U-3341,,,
213407,002,11571398,,,,U-3183,,,
214869,001,11439613,,,,U-3557,,,
214965,001,11612658,,,,U-3560,,,
209388,001,11628150,,,Y,U-2843,,,
217026,001,9212204,,,,U-3556,,,
211675,002,11607411,,,,U-3341,,,
211675,002,11564922,,,,U-3624,,,
215422,001,11850225,,,Y,U-3488,,,
215422,003,11850225,,,Y,U-3489,,,
215422,002,11850225,,,Y,U-3489,,,
215422,001,11850225,,,Y,U-3489,,,
215422,003,11850225,,,Y,U-3488,,,
215422,002,11850225,,,Y,U-3488,,,
213411,001,11666572,,,,U-3783,,,
210455,001,8754065,,Y,Y,U-2765,,,
210455,001,9296769,,Y,Y,U-2765,,,
209353,001,10653656,,,Y,U-2368,,,
203388,001,9790183,,,,U-3109,,,
210251,002,9296769,,Y,Y,U-257,,,
210251,002,8754065,,Y,Y,U-257,,,
209360,001,11219662,,,,U-3262,,,
209360,002,11219662,,,,U-3262,,,
209360,003,11219662,,,,U-3262,,,
215422,001,10792262,,,Y,U-3263,,,
215422,002,10792262,,,Y,U-3263,,,
215422,003,10792262,,,Y,U-3263,,,
215014,001,11292815,,Y,Y,U-3124,,,
215014,001,11292815,,Y,Y,U-3354,,,
022580,001,9011906,,,,U-3398,,,
214662,001,11376251,,,,U-3290,,,
208088,001,11364249,,,,U-1500,,,
207793,001,11369597,,,,U-1848,,,
217003,001,9795604,,,,U-3422,,,
217003,001,10478439,,,,U-3422,,,
215272,001,11612573,,,,U-2625,,,
205552,001,8497277,,,,U-2242,,,
205552,001,8497277,,,,U-2241,,,
205552,002,8497277,,,,U-2241,,,
205552,002,8497277,,,,U-2242,,,
215498,001,10093697,,,,U-3648,,,
215498,002,10093697,,,,U-3648,,,
215498,003,10093697,,,,U-3648,,,
215498,004,10093697,,,,U-3648,,,
215498,001,10011633,,,,U-3648,,,
215498,002,10011633,,,,U-3648,,,
215498,003,10011633,,,,U-3648,,,
215498,004,10011633,,,,U-3648,,,
215498,001,9694018,,,,U-3648,,,
215498,002,9694018,,,,U-3648,,,
215498,003,9694018,,,,U-3648,,,
215498,004,9694018,,,,U-3648,,,
217171,001,11903994,,,,U-3826,,,
217171,001,11903994,,,,U-3827,,,
217171,001,11903994,,,,U-3828,,,
214938,001,11911446,,,,U-3927,,,
214938,003,11911446,,,,U-3927,,,
214938,002,11911446,,,,U-3927,,,
214938,001,11590204,,,Y,U-3927,,,
214938,003,11590204,,,Y,U-3927,,,
214938,002,11590204,,,Y,U-3927,,,
217677,001,12011435,,,,U-3754,,,
217677,003,12011435,,,,U-3754,,,
217677,002,12011435,,,,U-3754,,,
217677,001,12011434,,,,U-3754,,,
217677,003,12011434,,,,U-3754,,,
217677,002,12011434,,,,U-3754,,,
212937,001,11998604,,,,U-3952,,,
200063,001,12048769,,,,U-1585,,,
203756,001,12128039,,,Y,U-1617,,,
203756,002,12128039,,,Y,U-1617,,,
208692,001,12128039,,,Y,U-1220,,,
208692,002,12128039,,,Y,U-1220,,,
208692,003,12128039,,,Y,U-1220,,,
208692,001,12128039,,,Y,U-1480,,,
208692,002,12128039,,,Y,U-1480,,,
208692,003,12128039,,,Y,U-1480,,,
208692,001,12128039,,,Y,U-2488,,,
208692,002,12128039,,,Y,U-2488,,,
208692,003,12128039,,,Y,U-2488,,,
208692,001,12128039,,,Y,U-3225,,,
208692,002,12128039,,,Y,U-3225,,,
208692,003,12128039,,,Y,U-3225,,,
219141,001,11878022,,,Y,U-4138,,,
219141,001,11878022,,,Y,U-4139,,,
219304,001,11679110,,,,U-4145,,,
219304,003,11679110,,,,U-4145,,,
219304,002,11679110,,,,U-4145,,,
219304,001,11103507,,,,U-4145,,,
219304,002,11103507,,,,U-4145,,,
210496,002,8541575,,Y,Y,U-2803,,,
210496,002,8541575,,Y,Y,U-2802,,,
210496,002,9314464,,,,U-2802,,,
210496,002,9314464,,,,U-2803,,,
210496,002,9850230,,,,U-2802,,,
210496,002,9850230,,,,U-2803,,,
210496,002,10005761,,,,U-2802,,,
210496,002,10005761,,,,U-2803,,,
210496,002,10258622,,,,U-2802,,,
210496,002,9474754,,,,U-2802,,,
212819,001,8487093,,Y,Y,U-2840,,,
210493,002,10208073,,,,U-2301,,,
208215,002,8754065,,Y,Y,U-1663,,,
208215,002,9296769,,Y,Y,U-1663,,,
209510,002,9084765,,,,U-1744,,,
209510,002,9084765,,,,U-2754,,,
209510,002,9889118,,,,U-2754,,,
209510,002,9889118,,,,U-1744,,,
209510,002,9545426,,,,U-2754,,,
209510,002,9545426,,,,U-1744,,,
022580,002,9011906,,,,U-3398,,,
022580,003,9011906,,,,U-3398,,,
022580,004,9011906,,,,U-3398,,,
022580,001,8895057,,,,U-3398,,,
022580,002,8895057,,,,U-3398,,,
022580,003,8895057,,,,U-3398,,,
022580,004,8895057,,,,U-3398,,,
022580,001,8580299,,,,U-3399,,,
022580,002,8580299,,,,U-3399,,,
022580,003,8580299,,,,U-3399,,,
022580,004,8580299,,,,U-3399,,,
205677,001,11633377,,,,U-2149,,,
205677,001,11633377,,,,U-3003,,,
214517,001,11633377,,,,U-3003,,,
202860,001,11554241,,,,U-3037,,,
212045,001,11617713,,,Y,U-3110,,,
212045,001,11628139,,,Y,U-3110,,,
217186,001,12178919,,,Y,U-219,,,
217186,004,12178919,,,Y,U-219,,,
217186,003,12178919,,,Y,U-219,,,
217186,002,12178919,,,Y,U-219,,,
213051,004,11833248,,,Y,U-2628,,,
213051,005,11833248,,,Y,U-2628,,,
213051,006,11833248,,,Y,U-2628,,,
215344,001,12239659,,,,U-4143,,,
216059,001,12220401,,Y,Y,U-3518,,,
216059,002,12220401,,Y,Y,U-4144,,,
216059,001,12220401,,Y,Y,U-4144,,,
216059,002,12220401,,Y,Y,U-3518,,,
211155,001,12213983,,,,U-2412,,,
211155,002,12213983,,,,U-2412,,,
217906,001,7112592,,Y,Y,U-4147,,,
214697,002,11918655,,,,U-3979,,,
214697,002,11744895,,,,U-3979,,,
214697,002,11717571,,,,U-3979,,,
214697,002,11191838,,,Y,U-3979,,,
214697,002,11173209,,,,U-3979,,,
214697,002,10682414,,,,U-3979,,,
201923,001,9849027,,,Y,U-708,,,
201923,001,9849027,,,Y,U-4157,,,
213005,001,10898494,,,,U-4200,,,
213005,002,10898494,,,,U-4200,,,
213005,003,10898494,,,,U-4200,,,
213005,004,10898494,,,,U-4200,,,
217242,001,9907788,,,,U-4203,,,
217242,001,11129818,,,,U-4203,,,
217242,001,11819496,,,,U-4203,,,
217242,001,11992480,,,,U-4203,,,
217242,001,12005051,,,,U-4203,,,
214410,002,11306106,,,,U-2816,,,
214410,003,11306106,,,,U-2816,,,
214410,003,11306106,,,,U-3000,,,
209510,001,12329740,,,,U-2754,,,
209510,002,12329740,,,,U-2754,,,
209510,001,12329740,,,,U-3467,,,
209510,002,12329740,,,,U-3467,,,
207533,001,12311027,,,Y,U-543,,,
207533,002,12311027,,,Y,U-543,,,
207533,003,12311027,,,Y,U-543,,,
207533,004,12311027,,,Y,U-543,,,
208552,001,12350255,,,,U-3494,,,
214902,001,12357602,,,Y,U-3987,,,
211765,001,12329750,,,,U-4213,,,
213433,001,12337002,,,Y,U-3280,,,
213586,001,12329851,,,,U-4214,,,
213586,002,12329851,,,,U-4214,,,
213586,003,12329851,,,,U-4214,,,
213586,004,12329851,,,,U-4214,,,
213586,005,12329851,,,,U-4214,,,
213586,006,12329851,,,,U-4214,,,
213586,007,12329851,,,,U-4214,,,
215092,001,12295946,,,Y,U-3454,,,
215092,001,12290511,,,,U-3454,,,
215866,010,12343382,,,,U-4229,,,
215866,009,12343382,,,,U-4229,,,
215866,008,12343382,,,,U-4229,,,
215866,007,12343382,,,,U-4229,,,
215866,006,12343382,,,,U-4229,,,
210951,001,RE49353,,,,U-2381,,,
205552,001,10695350,,,,U-2846,,,
205552,002,10695350,,,,U-2846,,,
021361,001,10703763,,,,U-1708,,,
021361,001,10703763,,,,U-2848,,,
021361,001,10703763,,,,U-2847,,,
212520,001,8357714,,,,U-2849,,,
212520,001,9867808,,,,U-2849,,,
210563,001,10695350,,,,U-2846,,,
210563,002,10695350,,,,U-2846,,,
210563,003,10695350,,,,U-2846,,,
210563,004,10695350,,,,U-2846,,,
201023,001,10716777,,,,U-2856,,,
202514,001,10864159,,,Y,U-778,,,
208623,001,10925866,,,,U-2371,,,
202057,001,11154526,,,,U-3240,,,
202057,002,11154526,,,,U-3240,,,
216185,001,11337943,,,Y,U-3660,,,
216185,002,11337943,,,Y,U-3660,,,
216185,003,11337943,,,Y,U-3660,,,
214952,001,11759468,,,Y,U-3582,,,
215383,001,RE49948,,Y,Y,U-3201,,,
216354,004,11446291,,,,U-1995,,,
216354,005,11446291,,,,U-1995,,,
216354,006,11446291,,,,U-1995,,,
216354,007,11446291,,,,U-1995,,,
216354,008,11446291,,,,U-1995,,,
216354,004,11564917,,,,U-1995,,,
216354,005,11564917,,,,U-1995,,,
216354,006,11564917,,,,U-1995,,,
216354,007,11564917,,,,U-1995,,,
216354,008,11564917,,,,U-1995,,,
216354,004,11648244,,,,U-1995,,,
216354,005,11648244,,,,U-1995,,,
216354,006,11648244,,,,U-1995,,,
216354,007,11648244,,,,U-1995,,,
216354,008,11648244,,,,U-1995,,,
216285,001,12090231,,,,U-2553,,,
211367,001,12090231,,,,U-2553,,,
215841,001,12109277,,,,U-4002,,,
215320,001,12083087,,,,U-3744,,,
215320,001,12083087,,,,U-3745,,,
213388,001,12083227,,,Y,U-2842,,,
216540,001,9169214,,,Y,U-4046,,,
216540,001,9913826,,,,U-4046,,,
216540,001,11058668,,,,U-4046,,,
216540,001,10842777,,,,U-4046,,,
216540,001,11919865,,,,U-4046,,,
216540,001,12070449,,,,U-4046,,,
216540,001,12005043,,,Y,U-4046,,,
209510,001,12194022,,,,U-1744,,,
209510,002,12194022,,,,U-1744,,,
209510,001,12194022,,,,U-3467,,,
209510,002,12194022,,,,U-3467,,,
214759,001,7199162,,,,U-4142,,,
214759,002,7199162,,,,U-4142,,,
208658,001,11666590,,,,U-4154,,,
208658,004,11666590,,,,U-4154,,,
208658,003,11666590,,,,U-4154,,,
208658,002,11666590,,,,U-4154,,,
206111,001,11666590,,,,U-4154,,,
206111,002,11666590,,,,U-4154,,,
206111,003,11666590,,,,U-4154,,,
206111,004,11666590,,,,U-4154,,,
219389,001,12263146,,,,U-4130,,,
219389,002,12263146,,,,U-4130,,,
219389,001,12257215,,,,U-4130,,,
219389,002,12257215,,,,U-4130,,,
219379,001,12263146,,,,U-4130,,,
219379,001,12257215,,,,U-4130,,,
208232,001,12251418,,,,U-2857,,,
208232,001,12246054,,,,U-2857,,,
212306,005,10544108,,,,U-3018,,,
212306,005,10544108,,,,U-2584,,,
212306,005,10519139,,Y,Y,U-2855,,,
212306,005,10519139,,Y,Y,U-3018,,,
212306,005,10519139,,Y,Y,U-2584,,,
212306,005,11034660,,,,U-2584,,,
212306,005,11034660,,,,U-3018,,,
212306,005,11746102,,,,U-2584,,,
212306,005,11746102,,,,U-3018,,,
212306,005,11746102,,,,U-2855,,,
212306,005,11753401,,,Y,U-2584,,,
212306,005,11753401,,,Y,U-2855,,,
212306,005,11753401,,,Y,U-3018,,,
209830,001,12251381,,,,U-543,,,
207533,001,12251381,,,,U-543,,,
207533,003,12251381,,,,U-543,,,
207533,002,12251381,,,,U-543,,,
207533,004,12251381,,,,U-543,,,
219592,001,11027031,,,,U-3317,,,
214902,001,12257348,,,Y,U-3987,,,
214510,001,12257348,,,Y,U-3947,,,
216962,001,12251365,,,,U-4030,,,
219132,001,11400067,,,,U-4170,,,
210942,001,12274751,,,,U-2814,,,
204629,001,12263153,,,,U-4171,,,
204629,002,12263153,,,,U-4171,,,
219208,001,8623819,,,,U-3980,,,
210598,001,12285417,,,,U-2440,,,
219304,001,12285430,,,,U-4145,,,
208564,001,10668082,,,,U-2317,,,
208564,001,10668082,,,,U-2316,,,
208564,002,10668082,,,,U-2316,,,
208564,002,10668082,,,,U-2317,,,
210132,001,10675288,,,,U-2439,,,
212157,001,10799517,,,Y,U-2718,,,
209410,004,8574626,,,Y,U-20,,,
209410,004,10213393,,,,U-20,,,
209410,004,10213394,,,,U-2497,,,
209410,004,10500170,,,,U-20,,,
209410,004,10500171,,,,U-2497,,,
209410,004,10512617,,,,U-2497,,,
209410,004,10500172,,,,U-2497,,,
206829,001,11278622,,,,U-3335,,,
206829,001,11278622,,,,U-3336,,,
202811,003,9708371,,,Y,U-3644,,,
202811,003,8933030,,,Y,U-3644,,,
202811,003,10702576,,,,U-3644,,,
202811,003,7304036,,Y,Y,U-3644,,,
215814,001,11738018,,,,U-3684,,,
215430,001,11752144,,,,U-3419,,,
214044,001,11752103,,,Y,U-3197,,,
212269,001,11723874,,,,U-3083,,,
211230,001,11753368,,,,U-2548,,,
211230,002,11753368,,,,U-2548,,,
209241,001,11654142,,,,U-3055,,,
209241,003,11654142,,,,U-3055,,,
209241,002,11654142,,,,U-3055,,,
209241,001,11439629,,,,U-3055,,,
209241,003,11439629,,,,U-3055,,,
209241,002,11439629,,,,U-3055,,,
209241,001,11311532,,,Y,U-3055,,,
209241,002,11311532,,,Y,U-3055,,,
209241,003,11311532,,,Y,U-3055,,,
215498,004,11732006,,,,U-3648,,,
215498,003,11732006,,,,U-3648,,,
215498,002,11732006,,,,U-3648,,,
215498,001,11732006,,,,U-3648,,,
215498,004,11732006,,,,U-3186,,,
215498,003,11732006,,,,U-3186,,,
215498,002,11732006,,,,U-3186,,,
215498,001,11732006,,,,U-3186,,,
216793,001,8071579,,,,U-2830,,,
216793,002,8071579,,,,U-2830,,,
216793,001,8143241,,,,U-2830,,,
216793,002,8143241,,,,U-2830,,,
216793,001,8859562,,,,U-2830,,,
216793,002,8859562,,,,U-2830,,,
216793,001,11207311,,,,U-2830,,,
216793,002,11207311,,,,U-2830,,,
008372,008,11752199,,,,U-3686,,,
008372,008,11752199,,,,U-3687,,,
008372,008,11752199,,,,U-3688,,,
213411,002,11666572,,,,U-3783,,,
209899,001,10239846,,,,U-3740,,,
209899,002,10239846,,,,U-3740,,,
209899,003,10239846,,,,U-3740,,,
217003,001,8563563,,,,U-3844,,,
217003,001,8563563,,,,U-3843,,,
217003,001,8563563,,,,U-3842,,,
217003,001,8563563,,,,U-2666,,,
217003,001,8563563,,,,U-3845,,,
217003,001,8703780,,,,U-2666,,,
217003,001,8703780,,,,U-3842,,,
217003,001,8952015,,,,U-2666,,,
217003,001,8952015,,,,U-3842,,,
217003,001,8952015,,,,U-3843,,,
217003,001,8952015,,,,U-3844,,,
217003,001,8952015,,,,U-3845,,,
217003,001,8999999,,,,U-2666,,,
217003,001,8999999,,,,U-3842,,,
217003,001,8999999,,,,U-3843,,,
217003,001,8999999,,,,U-3844,,,
217003,001,9125889,,,,U-3845,,,
217003,001,9801881,,,,U-3846,,,
209819,001,10592168,,,,U-2489,,,
209819,002,10592168,,,,U-2489,,,
208564,001,10568891,,,,U-2316,,,
208564,001,10568891,,,,U-2317,,,
208564,002,10568891,,,,U-2317,,,
208564,002,10568891,,,,U-2316,,,
202057,001,10568861,,,,U-2756,,,
202057,002,10568861,,,,U-2756,,,
022306,001,10512620,,,,U-2769,,,
209483,001,10588914,,,Y,U-2771,,,
215515,001,9399775,,Y,Y,U-3396,,,
215515,001,11286486,,Y,Y,U-3396,,,
215515,001,10683501,,Y,Y,U-3396,,,
215515,001,9370581,,Y,Y,U-3396,,,
215515,001,8828956,,Y,Y,U-3396,,,
215515,001,10131907,,Y,Y,U-3396,,,
215515,001,8106022,,Y,Y,U-3396,,,
215515,001,10612024,,Y,Y,U-3396,,,
215515,001,10208307,,Y,Y,U-3396,,,
210365,001,11357741,,,,U-2862,,,
213973,001,11529336,,,,U-3382,,,
213973,001,11534432,,,,U-3442,,,
213895,001,11517609,,,,U-282,,,
215875,001,11083698,,,,U-3567,,,
215875,005,11083698,,,,U-3567,,,
215875,004,11083698,,,,U-3567,,,
215875,003,11083698,,,,U-3567,,,
215875,002,11083698,,,,U-3567,,,
204485,006,9962422,,,,U-1857,,,
204485,006,9981006,,,,U-1857,,,
204485,006,9974827,,,,U-1857,,,
204485,006,9968649,,,,U-1857,,,
204485,006,9925233,,,,U-1857,,,
204485,006,9925234,,,,U-1857,,,
204485,006,10010575,,,,U-1857,,,
216579,001,10716753,,,Y,U-3203,,,
216579,001,9415009,,,,U-3203,,,
208623,001,11642334,,,,U-2371,,,
208623,001,11633388,,,,U-2371,,,
215887,001,10968453,,,,U-3575,,,
215887,001,10669546,,,,U-3575,,,
214510,001,11628155,,,,U-3356,,,
219304,003,11103507,,,,U-4145,,,
215814,001,12275715,,Y,Y,U-3684,,,
211225,001,12357630,,,,U-3096,,,
214094,001,12344585,,,,U-3010,,,
214094,002,12344585,,,,U-3010,,,
217806,012,12343382,,,,U-4227,,,
217806,001,12343382,,,,U-4228,,,
217806,002,12343382,,,,U-4228,,,
217806,003,12343382,,,,U-4228,,,
217806,004,12343382,,,,U-4228,,,
217806,005,12343382,,,,U-4228,,,
217806,006,12343382,,,,U-4228,,,
217806,007,12343382,,,,U-4228,,,
217806,008,12343382,,,,U-4228,,,
217806,009,12343382,,,,U-4228,,,
217806,010,12343382,,,,U-4228,,,
217806,011,12343382,,,,U-4228,,,
217806,012,12343382,,,,U-4228,,,
217806,001,12343382,,,,U-4227,,,
217806,002,12343382,,,,U-4227,,,
217806,003,12343382,,,,U-4227,,,
217806,004,12343382,,,,U-4227,,,
217806,005,12343382,,,,U-4227,,,
217806,006,12343382,,,,U-4227,,,
217806,007,12343382,,,,U-4227,,,
217806,008,12343382,,,,U-4227,,,
217806,009,12343382,,,,U-4227,,,
217806,010,12343382,,,,U-4227,,,
217806,011,12343382,,,,U-4227,,,
213690,001,10213512,,,Y,U-1631,,,
213690,001,8992896,,,Y,U-1631,,,
213690,001,9675700,,,Y,U-1631,,,
213690,001,8865139,,,Y,U-1631,,,
213690,001,10322186,,,,U-1631,,,
209500,001,10695345,,,Y,U-543,,,
212295,001,10472365,,,,U-2968,,,
212295,001,9827251,,,,U-2968,,,
212295,001,9737547,,,,U-2968,,,
212295,001,10052334,,,,U-2968,,,
212295,001,10195210,,,,U-2968,,,
212295,001,10342800,,,,U-2968,,,
212295,001,9561236,,,,U-2968,,,
212295,001,10722522,,,,U-2968,,,
020965,001,11077192,,,,U-3163,,,
210854,003,10633397,,,,U-3000,,,
210854,003,10633397,,,,U-2816,,,
213217,001,11142528,,,Y,U-1745,,,
213217,001,11142528,,,Y,U-2145,,,
213217,001,11142528,,,Y,U-3063,,,
211243,001,11173134,,,,U-3536,,,
211617,001,11926584,,,,U-3873,,,
211616,001,11926584,,,,U-3873,,,
210730,001,11931350,,Y,,U-2986,,,
210730,002,11931350,,Y,,U-2986,,,
210730,003,11931350,,Y,,U-2986,,,
212937,001,11992530,,,,U-3948,,,
022036,001,12083090,,,,U-620,,,
022036,002,12083090,,,,U-620,,,
215390,001,12109196,,,,U-3935,,,
215390,002,12109196,,,,U-3935,,,
201656,001,12090190,,,Y,U-4003,,,
201656,002,12090190,,,Y,U-4003,,,
217186,001,12109185,,,,U-1649,,,
217186,002,12109185,,,,U-1649,,,
217186,003,12109185,,,,U-1649,,,
217186,004,12109185,,,,U-1649,,,
217186,001,12109185,,,,U-219,,,
217186,002,12109185,,,,U-219,,,
217186,003,12109185,,,,U-219,,,
217186,004,12109185,,,,U-219,,,
217186,001,12109185,,,,U-4004,,,
217186,002,12109185,,,,U-4004,,,
217186,003,12109185,,,,U-4004,,,
217186,004,12109185,,,,U-4004,,,
217186,001,12109185,,,,U-4005,,,
217186,002,12109185,,,,U-4005,,,
217186,003,12109185,,,,U-4005,,,
217186,004,12109185,,,,U-4005,,,
211243,001,11446260,,,,U-4119,,,
202293,002,12213988,,,,U-4140,,,
217660,002,12214083,,,Y,U-4141,,,
217660,001,12214083,,,Y,U-4141,,,
211230,001,12263145,,,,U-3693,,,
218276,001,10093663,,,,U-4161,,,
211340,001,12336984,,,,U-3447,,,
211340,001,12336984,,,,U-3448,,,
217242,001,12310956,,,,U-3773,,,
217242,001,12310956,,,,U-4203,,,
215985,001,12310956,,,,U-3748,,,
215985,002,12310956,,,,U-3970,,,
215866,005,12343382,,,,U-4229,,,
215866,004,12343382,,,,U-4229,,,
215866,003,12343382,,,,U-4229,,,
215866,002,12343382,,,,U-4229,,,
215866,001,12343382,,,,U-4229,,,
215866,012,12343382,,,,U-4230,,,
215866,011,12343382,,,,U-4230,,,
215866,010,12343382,,,,U-4230,,,
215866,009,12343382,,,,U-4230,,,
215866,008,12343382,,,,U-4230,,,
215866,007,12343382,,,,U-4230,,,
215866,006,12343382,,,,U-4230,,,
215866,005,12343382,,,,U-4230,,,
215866,004,12343382,,,,U-4230,,,
215866,003,12343382,,,,U-4230,,,
215866,002,12343382,,,,U-4230,,,
215866,001,12343382,,,,U-4230,,,
215866,012,12343382,,,,U-4231,,,
215866,011,12343382,,,,U-4231,,,
215866,010,12343382,,,,U-4231,,,
215866,009,12343382,,,,U-4231,,,
215866,008,12343382,,,,U-4231,,,
215866,007,12343382,,,,U-4231,,,
215866,006,12343382,,,,U-4231,,,
215866,005,12343382,,,,U-4231,,,
215866,004,12343382,,,,U-4231,,,
215866,003,12343382,,,,U-4231,,,
215866,002,12343382,,,,U-4231,,,
215866,001,12343382,,,,U-4231,,,
215866,011,12343382,,,,U-4229,,,
215866,012,12343382,,,,U-4229,,,
215866,001,12343382,,,,U-4232,,,
215866,002,12343382,,,,U-4232,,,
215866,003,12343382,,,,U-4232,,,
215866,004,12343382,,,,U-4232,,,
215866,005,12343382,,,,U-4232,,,
215866,006,12343382,,,,U-4232,,,
215866,007,12343382,,,,U-4232,,,
215866,008,12343382,,,,U-4232,,,
215866,009,12343382,,,,U-4232,,,
215866,010,12343382,,,,U-4232,,,
215866,011,12343382,,,,U-4232,,,
208259,001,10532993,,,,U-1524,,,
201023,001,8927592,,,,U-3200,,,
216660,001,10857162,,,,U-3460,,,
216660,001,10251896,,,,U-3460,,,
216660,001,9872865,,,,U-3460,,,
213736,001,11466004,,,,U-3464,,,
213736,002,11466004,,,,U-3464,,,
213736,003,11466004,,,,U-3464,,,
213736,001,11466004,,,,U-3465,,,
213736,002,11466004,,,,U-3465,,,
213736,003,11466004,,,,U-3465,,,
213736,001,11466004,,,,U-3466,,,
213736,002,11466004,,,,U-3466,,,
213736,003,11466004,,,,U-3466,,,
215446,001,11478450,,,,U-3468,,,
211810,002,10189833,,,,U-2606,,,
211810,002,9358235,,,,U-2606,,,
211810,002,8461169,,,,U-2606,,,
211675,001,11512092,,,,U-3275,,,
211675,001,11512092,,,,U-3487,,,
211675,001,11512092,,,,U-3371,,,
217677,001,11925620,,,,U-3754,,,
217677,001,11925619,,,,U-3754,,,
215430,001,11925636,,,,U-3419,,,
213593,001,11911473,,,,U-623,,,
213593,001,11911473,,,,U-624,,,
217006,001,12016927,,,Y,U-3245,,,
217006,002,12016927,,,Y,U-543,,,
217006,001,12016927,,,Y,U-543,,,
217006,002,12016927,,,Y,U-3245,,,
215559,001,12023312,,,,U-3966,,,
215559,005,12023312,,,,U-3966,,,
215559,004,12023312,,,,U-3966,,,
215559,003,12023312,,,,U-3966,,,
215559,002,12023312,,,,U-3966,,,
216354,001,12016858,,,,U-1995,,,
216354,008,12016858,,,,U-3055,,,
216354,007,12016858,,,,U-3055,,,
216354,006,12016858,,,,U-3055,,,
216354,005,12016858,,,,U-3055,,,
216354,004,12016858,,,,U-3055,,,
216354,003,12016858,,,,U-3055,,,
216354,002,12016858,,,,U-3055,,,
216354,001,12016858,,,,U-3055,,,
216354,008,12016858,,,,U-1995,,,
216354,007,12016858,,,,U-1995,,,
216354,006,12016858,,,,U-1995,,,
216354,005,12016858,,,,U-1995,,,
216354,004,12016858,,,,U-1995,,,
216354,003,12016858,,,,U-1995,,,
216354,002,12016858,,,,U-1995,,,
208082,001,12016858,,,,U-1995,,,
208082,002,12016858,,,,U-1995,,,
208082,003,12016858,,,,U-1995,,,
208082,001,12016858,,,,U-3055,,,
208082,002,12016858,,,,U-3055,,,
208082,003,12016858,,,,U-3055,,,
209379,001,12150957,,,,U-4039,,,
209379,003,12150957,,,,U-4039,,,
209379,002,12150957,,,,U-4039,,,
209376,003,12150957,,,,U-3900,,,
209376,001,12150957,,,,U-3899,,,
209376,002,12150957,,,,U-3899,,,
209376,001,12150956,,,,U-3899,,,
209376,002,12150956,,,,U-3899,,,
209376,003,12150956,,,,U-3900,,,
218160,001,12138250,,,,U-3949,,,
218160,004,12138250,,,,U-3951,,,
218160,003,12138250,,,,U-3951,,,
218160,002,12138250,,,,U-3951,,,
218160,001,12138250,,,,U-3951,,,
218160,004,12138250,,,,U-3950,,,
218160,003,12138250,,,,U-3950,,,
218160,002,12138250,,,,U-3950,,,
218160,001,12138250,,,,U-3950,,,
218160,004,12138250,,,,U-3949,,,
218160,003,12138250,,,,U-3949,,,
218160,002,12138250,,,,U-3949,,,
213246,001,12138250,,,,U-3949,,,
213246,002,12138250,,,,U-3951,,,
213246,001,12138250,,,,U-3951,,,
213246,002,12138250,,,,U-3950,,,
213246,001,12138250,,,,U-3950,,,
213246,002,12138250,,,,U-3949,,,
212888,001,12138264,,,Y,U-3348,,,
212888,002,12138264,,,Y,U-3348,,,
213312,001,12133844,,,,U-4040,,,
213312,001,12133844,,,,U-4041,,,
213312,001,12133844,,,,U-4042,,,
219304,003,12285430,,,,U-4145,,,
219304,002,12285430,,,,U-4145,,,
211728,001,12268745,,,,U-4172,,,
211635,001,8927497,,,Y,U-4173,,,
211635,002,8927497,,,Y,U-4173,,,
211635,003,8927497,,,Y,U-4173,,,
208623,001,12280042,,Y,,U-2371,,,
202155,003,6967208,,Y,Y,U-4179,,,
220073,001,11896586,,,Y,U-4180,,,
220073,001,6967208,,Y,Y,U-4180,,,
214679,001,12290503,,,Y,U-3413,,,
214679,001,12290503,,,Y,U-3415,,,
214679,001,12290503,,,Y,U-3414,,,
218785,001,11896596,,,,U-3715,,,
022264,001,9439906,,,,U-2758,,,
022264,001,9439906,,,,U-2757,,,
022264,002,9439906,,,,U-2757,,,
022264,002,9439906,,,,U-2758,,,
022264,003,9439906,,,,U-2758,,,
022264,003,9439906,,,,U-2757,,,
022264,004,9439906,,,,U-2757,,,
022264,004,9439906,,,,U-2758,,,
022264,005,9439906,,,,U-2758,,,
022264,005,9439906,,,,U-2757,,,
021064,001,10583207,,,,U-665,,,
021064,001,10583208,,,,U-665,,,
206192,001,10590102,,Y,Y,U-1776,,,
211192,001,10610125,,,,U-2784,,,
211192,001,10610125,,,,U-2785,,,
209627,001,10632066,,,,U-2786,,,
022387,001,10376525,,,,U-1849,,,
211192,001,10717764,,,,U-3215,,,
214962,001,10555902,,,,U-3268,,,
215430,001,9968568,,,,U-3419,,,
216340,001,10689377,,Y,Y,U-3490,,,
217003,001,9801881,,,,U-3847,,,
217003,001,9801883,,,,U-2666,,,
217003,001,9801883,,,,U-3842,,,
217003,001,9801883,,,,U-3843,,,
217003,001,9801883,,,,U-3844,,,
217003,001,10004746,,,,U-3846,,,
217003,001,10004746,,,,U-3848,,,
217003,001,10004746,,,,U-3849,,,
217003,001,10004746,,,,U-3847,,,
217003,001,10016435,,,,U-3845,,,
217003,001,10463668,,,,U-2970,,,
217003,001,10695350,,,,U-2970,,,
217003,001,10751342,,,,U-2666,,,
217003,001,10751342,,,,U-3844,,,
217003,001,10751342,,,,U-3843,,,
217003,001,10751342,,,,U-3842,,,
217003,001,11672803,,,,U-2666,,,
217003,001,11672803,,,,U-3842,,,
217003,001,11672803,,,,U-3844,,,
217003,001,11672803,,,,U-3843,,,
021064,001,11925695,,,,U-665,,,
021064,002,11925695,,,,U-665,,,
217806,001,11918623,,,,U-3855,,,
217806,006,11918623,,,,U-3855,,,
217806,005,11918623,,,,U-3855,,,
217806,004,11918623,,,,U-3855,,,
217806,003,11918623,,,,U-3855,,,
217806,002,11918623,,,,U-3855,,,
214835,001,11752092,,,,U-3941,,,
214835,002,11752092,,,,U-3941,,,
214835,001,11241377,,,,U-3939,,,
214835,002,11241377,,,,U-3939,,,
214835,001,11173110,,,,U-3941,,,
214835,002,11173110,,,,U-3941,,,
214835,001,11007139,,,,U-3942,,,
214835,002,11007139,,,,U-3942,,,
214835,001,10195138,,,,U-3943,,,
214835,002,10195138,,,,U-3943,,,
214835,001,10182982,,,,U-3943,,,
214835,002,10182982,,,,U-3943,,,
211230,001,11998639,,,Y,U-2548,,,
211230,002,11998639,,,Y,U-2548,,,
208054,001,11980674,,,,U-2450,,,
208623,001,12042490,,,,U-2371,,,
208623,001,12042489,,Y,,U-2371,,,
208611,001,12036219,,,,U-3967,,,
210598,001,12048692,,,,U-2440,,,
213006,001,12102638,,,,U-3045,,,
209500,001,12128043,,,Y,U-3362,,,
209500,001,12128043,,,Y,U-3363,,,
216352,001,12128049,,,,U-3968,,,
216352,006,12128049,,,,U-3969,,,
216352,005,12128049,,,,U-3969,,,
216352,004,12128049,,,,U-3969,,,
216352,003,12128049,,,,U-3969,,,
216352,002,12128049,,,,U-3969,,,
216352,001,12128049,,,,U-3969,,,
216352,006,12128049,,,,U-3968,,,
216352,005,12128049,,,,U-3968,,,
216352,004,12128049,,,,U-3968,,,
216352,003,12128049,,,,U-3968,,,
216352,002,12128049,,,,U-3968,,,
214927,001,11045460,,,,U-4021,,,
214927,004,11045460,,,,U-4021,,,
214927,003,11045460,,,,U-4021,,,
214927,002,11045460,,,,U-4021,,,
214927,001,9884058,,,,U-4021,,,
214927,004,9884058,,,,U-4021,,,
214927,003,9884058,,,,U-4021,,,
214927,002,9884058,,,,U-4021,,,
214927,001,9289472,,,,U-4021,,,
214927,004,9289472,,,,U-4021,,,
214927,003,9289472,,,,U-4021,,,
214927,002,9289472,,,,U-4021,,,
210365,001,12102619,,,,U-3233,,,
215498,001,12187812,,,,U-3186,,,
215498,002,12187812,,,,U-3186,,,
215498,003,12187812,,,,U-3186,,,
215498,004,12187812,,,,U-3186,,,
215498,001,12187812,,,,U-3648,,,
215498,002,12187812,,,,U-3648,,,
215498,003,12187812,,,,U-3648,,,
202428,001,10568859,,,Y,U-2760,,,
212728,001,8314117,,Y,Y,U-2718,,,
208259,001,10588901,,Y,Y,U-1524,,,
208232,001,11141457,,,,U-3232,,,
208558,001,11970530,,,,U-3929,,,
208558,002,11970530,,,,U-3929,,,
208558,001,11970530,,,,U-3930,,,
208558,002,11970530,,,,U-3930,,,
208558,001,11970530,,,,U-3931,,,
208558,002,11970530,,,,U-3931,,,
218709,001,11219621,,,,U-3932,,,
218709,001,10610527,,,,U-3932,,,
218037,001,9796741,,Y,,U-3933,,,
218037,002,9796741,,Y,,U-3933,,,
216354,004,9550780,,Y,Y,U-1995,,,
216354,004,9550780,,Y,Y,U-3055,,,
216354,005,9550780,,Y,Y,U-3055,,,
216354,005,9550780,,Y,Y,U-1995,,,
216354,006,9550780,,Y,Y,U-3055,,,
216354,006,9550780,,Y,Y,U-1995,,,
216354,007,9550780,,Y,Y,U-3055,,,
216354,007,9550780,,Y,Y,U-1995,,,
216354,008,9550780,,Y,Y,U-3055,,,
216354,008,9550780,,Y,Y,U-1995,,,
216354,004,11179386,,,Y,U-1995,,,
216354,004,11179386,,,Y,U-3055,,,
216354,005,11179386,,,Y,U-3055,,,
216354,005,11179386,,,Y,U-1995,,,
216354,006,11179386,,,Y,U-3055,,,
216354,006,11179386,,,Y,U-1995,,,
216354,007,11179386,,,Y,U-1995,,,
216354,007,11179386,,,Y,U-3055,,,
216354,008,11179386,,,Y,U-3055,,,
216354,008,11179386,,,Y,U-1995,,,
216354,004,10959996,,,,U-3055,,,
216354,005,10959996,,,,U-3055,,,
216354,006,10959996,,,,U-3055,,,
216354,007,10959996,,,,U-3055,,,
216354,008,10959996,,,,U-3055,,,
216354,004,11311488,,,Y,U-1995,,,
216354,004,11311488,,,Y,U-3055,,,
216354,005,11311488,,,Y,U-3055,,,
216354,005,11311488,,,Y,U-1995,,,
216354,006,11311488,,,Y,U-3055,,,
216354,006,11311488,,,Y,U-1995,,,
216354,007,11311488,,,Y,U-3055,,,
216354,007,11311488,,,Y,U-1995,,,
216354,008,11311488,,,Y,U-3055,,,
216354,008,11311488,,,Y,U-1995,,,
216354,004,11357772,,,,U-3055,,,
216354,004,11357772,,,,U-1995,,,
216354,005,11357772,,,,U-3055,,,
216354,005,11357772,,,,U-1995,,,
216354,006,11357772,,,,U-1995,,,
216354,006,11357772,,,,U-3055,,,
216354,007,11357772,,,,U-3055,,,
216354,007,11357772,,,,U-1995,,,
216354,008,11357772,,,,U-1995,,,
216354,008,11357772,,,,U-3055,,,
219208,001,12121509,,,,U-3980,,,
219208,001,11998526,,,,U-3980,,,
219208,001,11874283,,,,U-3980,,,
219208,001,11491137,,,,U-3980,,,
219208,001,9364458,,,Y,U-3980,,,
208658,001,12263153,,,,U-4154,,,
208658,004,12263153,,,,U-4154,,,
208658,003,12263153,,,,U-4154,,,
208658,002,12263153,,,,U-4154,,,
206111,001,12263153,,,,U-4154,,,
206111,002,12263153,,,,U-4154,,,
206111,003,12263153,,,,U-4154,,,
206111,004,12263153,,,,U-4154,,,
213994,002,12029710,,,,U-3963,,,
217836,001,11974986,,,,U-3741,,,
208088,001,12011503,,,Y,U-3964,,,
208088,001,12011503,,,Y,U-3965,,,
215430,001,12042473,,,,U-3419,,,
215430,001,12036191,,,,U-3419,,,
215866,012,12343382,,,,U-4232,,,
214662,002,12350267,,,,U-3973,,,
209388,001,12377064,,,,U-2843,,,
219757,001,12343338,,,Y,U-4233,,,
216834,001,11752190,,,Y,U-3735,,,
216834,003,11752190,,,Y,U-3735,,,
216834,002,11752190,,,Y,U-3735,,,
216834,001,11014965,,Y,,U-3735,,,
216834,003,11014965,,Y,,U-3735,,,
216834,002,11014965,,Y,,U-3735,,,
216834,001,10435438,,Y,,U-3735,,,
216834,003,10435438,,Y,,U-3735,,,
216834,002,10435438,,Y,,U-3735,,,
216834,001,10208089,,Y,,U-3735,,,
216834,003,10208089,,Y,,U-3735,,,
216834,002,10208089,,Y,,U-3735,,,
216834,001,10106579,,Y,Y,U-3735,,,
216834,002,10106579,,Y,Y,U-3735,,,
216834,003,10106579,,Y,Y,U-3735,,,
217836,001,9867810,,,Y,U-3741,,,
209500,001,11806348,,,Y,U-3362,,,
209500,003,11806348,,,Y,U-3363,,,
209500,002,11806348,,,Y,U-3363,,,
209500,001,11806348,,,Y,U-3363,,,
209500,003,11806348,,,Y,U-3362,,,
209500,002,11806348,,,Y,U-3362,,,
215320,001,11446266,,,,U-3744,,,
215320,001,11446266,,,,U-3745,,,
211192,001,11667673,,,,U-3742,,,
209388,001,11813231,,,Y,U-2843,,,
022348,002,11806400,,,,U-3746,,,
022348,003,11806400,,,,U-3746,,,
213976,001,9119863,,,,U-3820,,,
213976,001,8975243,,,,U-3820,,,
213976,001,8497258,,,,U-3820,,,
213976,001,8324192,,,,U-3820,,,
209410,001,11890261,,,,U-2497,,,
209410,002,11890261,,,,U-2497,,,
208623,001,11903938,,Y,,U-2371,,,
216023,001,12036290,,,Y,U-3614,,,
216023,001,12036290,,,Y,U-3615,,,
008372,003,11752199,,,,U-3686,,,
008372,004,11752199,,,,U-3686,,,
008372,003,11752199,,,,U-3687,,,
008372,004,11752199,,,,U-3687,,,
008372,003,11752199,,,,U-3688,,,
008372,004,11752199,,,,U-3688,,,
208944,001,12233033,,,,U-2106,,,
208944,001,12233033,,,,U-3180,,,
208944,001,12233033,,,,U-2224,,,
208944,002,12233033,,,,U-2224,,,
208944,002,12233033,,,,U-2106,,,
208944,002,12233033,,,,U-3180,,,
218201,001,10398588,,,Y,U-4155,,,
218201,001,9610191,,,,U-4155,,,
218201,001,9265652,,,,U-4155,,,
020965,001,12290700,,,,U-804,,,
020965,001,11697028,,,,U-804,,,
020965,001,11446512,,,,U-804,,,
020965,001,11179574,,,,U-804,,,
212306,001,12291508,,,,U-3018,,,
212306,005,12291508,,,,U-2584,,,
212306,005,12291508,,,,U-3018,,,
212306,005,12291508,,,,U-2855,,,
212306,001,12291508,,,,U-2855,,,
212306,002,12291508,,,,U-2584,,,
212306,004,12291508,,,,U-3018,,,
212306,003,12291508,,,,U-3018,,,
212306,002,12291508,,,,U-3018,,,
212306,004,12291508,,,,U-2855,,,
212306,003,12291508,,,,U-2855,,,
212306,002,12291508,,,,U-2855,,,
212306,004,12291508,,,,U-2584,,,
212306,003,12291508,,,,U-2584,,,
212306,001,12291508,,,,U-2584,,,
218785,001,11896596,,,,U-3875,,,
218785,001,11896596,,,,U-3720,,,
218785,001,11896596,,,,U-3719,,,
218785,001,11896596,,,,U-3718,,,
218785,001,11896596,,,,U-3717,,,
218785,001,11896596,,,,U-3716,,,
218785,001,11884674,,,,U-1745,,,
218785,001,11884674,,,,U-3860,,,
218785,001,11884674,,,,U-3486,,,
218785,001,11884674,,,,U-3063,,,
218785,001,11884674,,,,U-2666,,,
218785,001,11884674,,,,U-2537,,,
218785,001,11884674,,,,U-2145,,,
218785,001,11786531,,,,U-3715,,,
218785,001,11786531,,,,U-3875,,,
218785,001,11786531,,,,U-3720,,,
218785,001,11786531,,,,U-3719,,,
218785,001,11786531,,,,U-3718,,,
218785,001,11786531,,,,U-3717,,,
218785,001,11786531,,,,U-3716,,,
218785,001,11701357,,,,U-3860,,,
218785,001,11591340,,,,U-3728,,,
218785,001,11591340,,,,U-3727,,,
218785,001,11591340,,,,U-3486,,,
218785,001,11591340,,,,U-3063,,,
218785,001,11591340,,,,U-2666,,,
206406,001,11110081,,,,U-2678,,,
206406,002,11110081,,,,U-2678,,,
206406,003,11110081,,,,U-2678,,,
212608,001,12060354,,,,U-2726,,,
212608,002,12060354,,,,U-2726,,,
212608,003,12060354,,,,U-2726,,,
218808,001,10905690,,,,U-4049,,,
218808,003,10905690,,,,U-4049,,,
218808,002,10905690,,,,U-4049,,,
218808,001,11311544,,,,U-4049,,,
218808,003,11311544,,,,U-4049,,,
218808,002,11311544,,,,U-4049,,,
218808,001,11730739,,,,U-4049,,,
218808,003,11730739,,,,U-4049,,,
218808,002,11730739,,,,U-4049,,,
218820,001,10905690,,,,U-4049,,,
218820,001,11311544,,,,U-4049,,,
218820,001,11730739,,,,U-4049,,,
206333,001,12161653,,,,U-1940,,,
215498,004,12187812,,,,U-3648,,,
214439,001,12005141,,,Y,U-3311,,,
215256,001,12214017,,,Y,U-3162,,,
215256,002,12214017,,,Y,U-3162,,,
215256,003,12214017,,,Y,U-3162,,,
215256,004,12214017,,,Y,U-3162,,,
215256,005,12214017,,,Y,U-3162,,,
218860,001,12233038,,,,U-1854,,,
215211,001,12246062,,,,U-3726,,,
214938,001,12233106,,,,U-3927,,,
214938,003,12233106,,,,U-3927,,,
214938,002,12233106,,,,U-3927,,,
022496,001,12251468,,,Y,U-4152,,,
022496,002,12251468,,,Y,U-4152,,,
213411,001,7452895,,Y,Y,U-4153,,,
213411,002,7452895,,Y,Y,U-4153,,,
212905,001,12233042,,,Y,U-3663,,,
212576,001,12239653,,,,U-2865,,,
212576,001,12239653,,,,U-2866,,,
218197,001,12252495,,,,U-3762,,,
218197,002,12252495,,,,U-3762,,,
216190,001,12263158,,,Y,U-2779,,,
208692,001,12128039,,,Y,U-4131,,,
208692,001,12128039,,,Y,U-4156,,,
208692,002,12128039,,,Y,U-4156,,,
208692,002,12128039,,,Y,U-4131,,,
208692,003,12128039,,,Y,U-4156,,,
208692,003,12128039,,,Y,U-4131,,,
208692,001,11098015,,,,U-4131,,,
208692,001,11098015,,,,U-4156,,,
208692,002,11098015,,,,U-4156,,,
208692,002,11098015,,,,U-4131,,,
208692,003,11098015,,,,U-4156,,,
208692,003,11098015,,,,U-4131,,,
211280,001,12257246,,,,U-2718,,,
211280,002,12257246,,,,U-2718,,,
211280,003,12257246,,,,U-2718,,,
219485,001,12296050,,,Y,U-4186,,,
219485,004,12296050,,,Y,U-4187,,,
219485,003,12296050,,,Y,U-4187,,,
219485,002,12296050,,,Y,U-4187,,,
219485,001,12296050,,,Y,U-4187,,,
219485,004,12296050,,,Y,U-4186,,,
219485,003,12296050,,,Y,U-4186,,,
219485,002,12296050,,,Y,U-4186,,,
216490,001,12295989,,,,U-3982,,,
216490,003,12295989,,,,U-3982,,,
216490,002,12295989,,,,U-3982,,,
213005,001,11660304,,,,U-4200,,,
213005,004,11660304,,,,U-4200,,,
213005,003,11660304,,,,U-4200,,,
213005,002,11660304,,,,U-4200,,,
219713,001,9751887,,Y,Y,U-4207,,,
219713,001,9187489,,Y,Y,U-4207,,,
218785,001,11970500,,,,U-1745,,,
218785,001,11970500,,,,U-3860,,,
218785,001,11970500,,,,U-3486,,,
218785,001,11970500,,,,U-3063,,,
218785,001,11970500,,,,U-2666,,,
218785,001,11970500,,,,U-2537,,,
218785,001,11970500,,,,U-2145,,,
218785,001,11911386,,,,U-3715,,,
218785,001,11911386,,,,U-3716,,,
218785,001,11911386,,,,U-3717,,,
218785,001,11911386,,,,U-3718,,,
218785,001,11911386,,,,U-3719,,,
218785,001,11911386,,,,U-3720,,,
218785,001,11911386,,,,U-3875,,,
212099,001,10835515,,,Y,U-4210,,,
212099,001,10835515,,,Y,U-4208,,,
212099,001,10835515,,,Y,U-4209,,,
212099,001,8975254,,Y,Y,U-4208,,,
212099,001,8975254,,Y,Y,U-4210,,,
212099,001,8975254,,Y,Y,U-4209,,,
212099,001,9657003,,Y,Y,U-4209,,,
212099,001,9657003,,Y,Y,U-4208,,,
212099,001,9657003,,Y,Y,U-4210,,,
219423,001,10799487,,,Y,U-3448,,,
213433,001,11207332,,,Y,U-3280,,,
205422,001,9839637,,,Y,U-3281,,,
205422,002,9839637,,,Y,U-3281,,,
205422,003,9839637,,,Y,U-3281,,,
205422,004,9839637,,,Y,U-3281,,,
205422,005,9839637,,,Y,U-3281,,,
205422,006,9839637,,,Y,U-3281,,,
205422,001,8618109,,,,U-3281,,,
205422,002,8618109,,,,U-3281,,,
205422,003,8618109,,,,U-3281,,,
205422,004,8618109,,,,U-3281,,,
205422,005,8618109,,,,U-3281,,,
205422,006,8618109,,,,U-3281,,,
211675,001,11795175,,,,U-3255,,,
209863,001,11844804,,,,U-2418,,,
209863,002,11844804,,,,U-2418,,,
209863,003,11844804,,,,U-2418,,,
217388,001,10683499,,Y,Y,U-2378,,,
212489,001,9745290,,,Y,U-3869,,,
212489,002,9745290,,,Y,U-3869,,,
212489,001,9630955,,Y,Y,U-3869,,,
212489,002,9630955,,Y,Y,U-3869,,,
212489,001,9550759,,,,U-3870,,,
212489,002,9550759,,,,U-3870,,,
212489,001,9550759,,,,U-3871,,,
212489,001,9550759,,,,U-3872,,,
212489,002,9550759,,,,U-3871,,,
212489,002,9550759,,,,U-3872,,,
202022,001,7125879,,Y,Y,U-3874,,,
213217,001,9447106,,Y,Y,U-3860,,,
213217,001,11911386,,,,U-3875,,,
213217,001,11786531,,,,U-3875,,,
215168,001,9687571,,,Y,U-4011,,,
215168,001,9603951,,,,U-4011,,,
215168,001,9161997,,Y,Y,U-4011,,,
215168,001,8936777,,,,U-4011,,,
215168,001,8226929,,,,U-4011,,,
212888,001,RE50189,,,,U-3348,,,
212888,002,RE50189,,,,U-3348,,,
218944,001,11479557,,,Y,U-4045,,,
218944,003,11479557,,,Y,U-4045,,,
218944,002,11479557,,,Y,U-4045,,,
210933,001,10857096,,,,U-2985,,,
210565,001,10864219,,,,U-3011,,,
213378,001,11793805,,,,U-3734,,,
213378,004,11793805,,,,U-3734,,,
213378,003,11793805,,,,U-3734,,,
213378,002,11793805,,,,U-3734,,,
210498,001,9314464,,,,U-3737,,,
210498,001,10005761,,,,U-3737,,,
210496,002,9314464,,,,U-3738,,,
210496,002,10005761,,,,U-3738,,,
210496,002,9850230,,,,U-3738,,,
210496,002,8541575,,Y,Y,U-3738,,,
205739,004,8216560,,,,U-1766,,,
205739,004,8337824,,Y,,U-1766,,,
205739,004,9492476,,,,U-1766,,,
206627,001,11844865,,,Y,U-1556,,,
205739,004,9925212,,,,U-1766,,,
206627,007,11844865,,,Y,U-1556,,,
206627,006,11844865,,,Y,U-1556,,,
206627,005,11844865,,,Y,U-1556,,,
206627,004,11844865,,,Y,U-1556,,,
206627,003,11844865,,,Y,U-1556,,,
206627,002,11844865,,,Y,U-1556,,,
213973,001,11969415,,,,U-3219,,,
213973,001,11969414,,,,U-3897,,,
212937,001,11964018,,,,U-3898,,,
209376,001,11975022,,,,U-3899,,,
209376,002,11975022,,,,U-3899,,,
209376,003,11975022,,,,U-3900,,,
209500,001,12070459,,,Y,U-3362,,,
209500,001,12070459,,,Y,U-3363,,,
214154,001,12233074,,,Y,U-3152,,,
216665,001,12178823,,,,U-4167,,,
216665,003,12178823,,,,U-4167,,,
216665,002,12178823,,,,U-4167,,,
216665,001,9757384,,,,U-4167,,,
216665,003,9757384,,,,U-4167,,,
216665,002,9757384,,,,U-4167,,,
215727,001,12280025,,,,U-4168,,,
214324,001,11357782,,,,U-1849,,,
214324,002,11357782,,,,U-1849,,,
214324,003,11357782,,,,U-1849,,,
214324,004,11357782,,,,U-1849,,,
214324,005,11357782,,,,U-1849,,,
215206,001,12350259,,,,U-4234,,,
210951,001,10849888,,,,U-3013,,,
210951,001,10702508,,,,U-3012,,,
021064,001,11529431,,,,U-665,,,
021064,002,11529431,,,,U-665,,,
215331,001,11752164,,,,U-3632,,,
215331,001,11752164,,,,U-3633,,,
215331,002,11752164,,,,U-3632,,,
215331,002,11752164,,,,U-3633,,,
210850,001,11737983,,,Y,U-3482,,,
210850,001,11737983,,,Y,U-3689,,,
214522,001,11975006,,,Y,U-3397,,,
216185,001,12042474,,,Y,U-3660,,,
216185,003,12042474,,,Y,U-3954,,,
216185,002,12042474,,,Y,U-3954,,,
216185,001,12042474,,,Y,U-3954,,,
216185,003,12042474,,,Y,U-3660,,,
216185,002,12042474,,,Y,U-3660,,,
216185,001,11883374,,,Y,U-3660,,,
216185,003,11883374,,,Y,U-3954,,,
216185,002,11883374,,,Y,U-3954,,,
216185,001,11883374,,,Y,U-3954,,,
216185,003,11883374,,,Y,U-3660,,,
216185,002,11883374,,,Y,U-3660,,,
214662,002,11229661,,,,U-3973,,,
214662,002,10512657,,,,U-3973,,,
212608,004,12252494,,,,U-3506,,,
216755,001,12257236,,,Y,U-3169,,,
216755,001,12257236,,,Y,U-4163,,,
216755,001,12257236,,,Y,U-4164,,,
217186,001,12263148,,,,U-1649,,,
217186,001,12263148,,,,U-4004,,,
217186,001,12263148,,,,U-219,,,
217186,002,12263148,,,,U-1649,,,
217186,003,12263148,,,,U-1649,,,
217186,004,12263148,,,,U-1649,,,
217186,002,12263148,,,,U-219,,,
217186,003,12263148,,,,U-219,,,
217186,004,12263148,,,,U-219,,,
217186,002,12263148,,,,U-4004,,,
217186,003,12263148,,,,U-4004,,,
217186,004,12263148,,,,U-4004,,,
217186,001,12263148,,,,U-4005,,,
217186,002,12263148,,,,U-4005,,,
217186,003,12263148,,,,U-4005,,,
217186,004,12263148,,,,U-4005,,,
217186,001,12263149,,,,U-1649,,,
217186,002,12263149,,,,U-1649,,,
217186,003,12263149,,,,U-1649,,,
217186,004,12263149,,,,U-1649,,,
217186,001,12263149,,,,U-219,,,
217186,002,12263149,,,,U-219,,,
217186,003,12263149,,,,U-219,,,
217186,004,12263149,,,,U-219,,,
217186,001,12263149,,,,U-4004,,,
217186,002,12263149,,,,U-4004,,,
217186,003,12263149,,,,U-4004,,,
217186,004,12263149,,,,U-4004,,,
217186,001,12263149,,,,U-4005,,,
217186,002,12263149,,,,U-4005,,,
217186,003,12263149,,,,U-4005,,,
217186,004,12263149,,,,U-4005,,,
219019,001,11091759,,,,U-4165,,,
219019,002,11091759,,,,U-4165,,,
219019,001,9376680,,Y,Y,U-4165,,,
219019,002,9376680,,Y,Y,U-4165,,,
219019,001,9127274,,Y,Y,U-4165,,,
219019,002,9127274,,Y,Y,U-4165,,,
219389,001,12275688,,,Y,U-4130,,,
219389,002,12275688,,,Y,U-4130,,,
214665,001,12280056,,,,U-4107,,,
214665,003,12280056,,,,U-4107,,,
214665,002,12280056,,,,U-4107,,,
218785,001,11591340,,,,U-2537,,,
218785,001,11591340,,,,U-2145,,,
218785,001,11591340,,,,U-1745,,,
218785,001,11591340,,,,U-3729,,,
218785,001,11142528,,,Y,U-1745,,,
218785,001,11142528,,,Y,U-3860,,,
218785,001,11142528,,,Y,U-3486,,,
218785,001,11142528,,,Y,U-3063,,,
218785,001,11142528,,,Y,U-2666,,,
218785,001,11142528,,,Y,U-2537,,,
218785,001,11142528,,,Y,U-2145,,,
218785,001,10570139,,,,U-1745,,,
218785,001,10570139,,,,U-3860,,,
218785,001,10570139,,,,U-3486,,,
218785,001,10570139,,,,U-3063,,,
218785,001,10570139,,,,U-2666,,,
218785,001,10570139,,,,U-2537,,,
218785,001,10570139,,,,U-2145,,,
218785,001,9447106,,Y,Y,U-1745,,,
218785,001,9447106,,Y,Y,U-2145,,,
218785,001,9447106,,Y,Y,U-2537,,,
218785,001,9447106,,Y,Y,U-2666,,,
218785,001,9447106,,Y,Y,U-3063,,,
218785,001,9447106,,Y,Y,U-3486,,,
218785,001,9447106,,Y,Y,U-3860,,,
217242,001,12329751,,,,U-3773,,,
217370,001,12336971,,,,U-1900,,,
203094,002,8148374,,Y,Y,U-1279,,,
219485,001,12350267,,,,U-3973,,,
219485,004,12350267,,,,U-3973,,,
219485,003,12350267,,,,U-3973,,,
211675,001,11535624,,,,U-3255,,,
211675,001,11535625,,,,U-3298,,,
211675,002,11535626,,,,U-3298,,,
210259,001,11771696,,,,U-3710,,,
211230,001,11793776,,,,U-3693,,,
211230,002,11793776,,,,U-3693,,,
215430,001,11969421,,,,U-3419,,,
217347,001,12156865,,,Y,U-2398,,,
213973,001,12318373,,,,U-4191,,,
211230,001,12318362,,,,U-3765,,,
219423,003,10799487,,,Y,U-3448,,,
219423,002,10799487,,,Y,U-3448,,,
220020,001,9951043,,Y,Y,U-4190,,,
220018,001,11807625,,,,U-4190,,,
220018,001,9951043,,Y,Y,U-4190,,,
219839,001,11504375,,Y,Y,U-3220,,,
219839,002,11504375,,Y,Y,U-3220,,,
219839,001,11896597,,Y,Y,U-3220,,,
219839,002,11896597,,Y,Y,U-3220,,,
202008,004,8506929,,Y,Y,U-4217,,,
202008,004,7687052,,Y,Y,U-4217,,,
214094,001,10125102,,Y,,U-3010,,,
214094,001,10689346,,,,U-3010,,,
214094,001,10662160,,Y,,U-3010,,,
214094,002,10662160,,Y,,U-3010,,,
214094,002,10689346,,,,U-3010,,,
214094,002,10125102,,Y,,U-3010,,,
213716,001,11622991,,,,U-3056,,,
216632,001,11389467,,,Y,U-3713,,,
216632,001,10624918,,,,U-3713,,,
216632,001,10220049,,,Y,U-3713,,,
216632,001,9561208,,,Y,U-3713,,,
216632,001,8288434,,,Y,U-3713,,,
213973,001,11779572,,,,U-3714,,,
213217,001,11786531,,,,U-3715,,,
213217,001,11786531,,,,U-3716,,,
213217,001,11786531,,,,U-3717,,,
213217,001,11786531,,,,U-3718,,,
213217,001,11786531,,,,U-3719,,,
213217,001,11786531,,,,U-3720,,,
211675,001,11773106,,,,U-3275,,,
211675,001,11773106,,,,U-3487,,,
211675,001,11773106,,,,U-3371,,,
208010,001,11801253,,,Y,U-3721,,,
208010,001,11801253,,,Y,U-3722,,,
208010,001,11801253,,,Y,U-3723,,,
204803,001,11771624,,,,U-3724,,,
215430,001,11896563,,,,U-3419,,,
214510,001,11877997,,,,U-3356,,,
211243,001,11883526,,,,U-3812,,,
211243,001,11883526,,,,U-3813,,,
209905,001,11896562,,,,U-3299,,,
209905,002,11896562,,,,U-3299,,,
209905,003,11896562,,,,U-3299,,,
209905,004,11896562,,,,U-3299,,,
216472,001,8637054,,,Y,U-446,,,
217660,001,10239867,,Y,Y,U-4053,,,
217660,002,10239867,,Y,Y,U-4053,,,
217660,001,10758534,,Y,Y,U-4066,,,
217660,002,10758534,,Y,Y,U-4066,,,
217660,001,10793547,,Y,Y,U-4066,,,
217660,002,10793547,,Y,Y,U-4066,,,
217660,001,8415387,,,,U-4066,,,
217660,002,8415387,,,,U-4066,,,
217660,001,8324242,,,,U-4066,,,
217660,002,8324242,,,,U-4066,,,
217660,002,11639347,,Y,Y,U-4053,,,
217639,001,10745343,,,,U-3523,,,
217639,002,10745343,,,,U-3523,,,
217639,001,10071066,,,,U-3524,,,
217639,002,10071066,,,,U-3524,,,
217639,001,8399520,,Y,Y,U-3523,,,
217639,002,8399520,,Y,Y,U-3523,,,
210951,002,RE49353,,,,U-2381,,,
210951,002,8445507,,Y,Y,U-2237,,,
210951,002,8445507,,Y,Y,U-2624,,,
210951,002,10849888,,,,U-3013,,,
210951,002,10702508,,,,U-3012,,,
210951,002,9884054,,,,U-2237,,,
210951,002,8802689,,,,U-2237,,,
210951,002,8802689,,,,U-2624,,,
212273,001,11564916,,,,U-3525,,,
212273,002,11564916,,,,U-3525,,,
211358,001,11564916,,,,U-3526,,,
211358,003,11564916,,,,U-3526,,,
211358,002,11564916,,,,U-3526,,,
210491,001,11564916,,,,U-3527,,,
210491,002,11564916,,,,U-3527,,,
207925,001,11564916,,,,U-3528,,,
207925,003,11564916,,,,U-3528,,,
207925,002,11564916,,,,U-3528,,,
206038,001,11564916,,,,U-3529,,,
206038,002,11564916,,,,U-3529,,,
203188,001,11564916,,,,U-3530,,,
212614,001,11564886,,,Y,U-3531,,,
212614,003,11564886,,,Y,U-3531,,,
212614,002,11564886,,,Y,U-3531,,,
216354,001,11179386,,,Y,U-1995,,,
216354,003,11179386,,,Y,U-3055,,,
216354,002,11179386,,,Y,U-3055,,,
216354,001,11179386,,,Y,U-3055,,,
216354,003,11179386,,,Y,U-1995,,,
216354,002,11179386,,,Y,U-1995,,,
216354,001,10959996,,,,U-3055,,,
216354,003,10959996,,,,U-3055,,,
216354,002,10959996,,,,U-3055,,,
216354,001,11311488,,,Y,U-1995,,,
216354,003,11311488,,,Y,U-3055,,,
216354,002,11311488,,,Y,U-3055,,,
216354,001,11311488,,,Y,U-3055,,,
216354,003,11311488,,,Y,U-1995,,,
216354,002,11311488,,,Y,U-1995,,,
216354,001,9550780,,Y,Y,U-1995,,,
216354,003,9550780,,Y,Y,U-3055,,,
216354,002,9550780,,Y,Y,U-3055,,,
216354,001,9550780,,Y,Y,U-3055,,,
216354,003,9550780,,Y,Y,U-1995,,,
216354,002,9550780,,Y,Y,U-1995,,,
216354,001,11564917,,,,U-1995,,,
216354,003,11564917,,,,U-1995,,,
216354,002,11564917,,,,U-1995,,,
216354,001,11446291,,,,U-1995,,,
216354,003,11446291,,,,U-1995,,,
216354,002,11446291,,,,U-1995,,,
216354,001,11357772,,,,U-1995,,,
216354,003,11357772,,,,U-3055,,,
216354,002,11357772,,,,U-3055,,,
216354,001,11357772,,,,U-3055,,,
216354,003,11357772,,,,U-1995,,,
216354,002,11357772,,,,U-1995,,,
208658,001,9949997,,,,U-3532,,,
208658,002,9949997,,,,U-3532,,,
208658,003,9949997,,,,U-3532,,,
208658,004,9949997,,,,U-3532,,,
208658,001,9949997,,,,U-3533,,,
208658,002,9949997,,,,U-3533,,,
208658,003,9949997,,,,U-3533,,,
208658,004,9949997,,,,U-3533,,,
206111,001,9949997,,,,U-3532,,,
216196,001,11793806,,,,U-3320,,,
216196,003,11793806,,,,U-3320,,,
216196,002,11793806,,,,U-3320,,,
020965,001,12296011,,,,U-3163,,,
206111,004,9949997,,,,U-3532,,,
206111,003,9949997,,,,U-3532,,,
206111,002,9949997,,,,U-3532,,,
216951,001,11117871,,Y,Y,U-3535,,,
216951,005,11117871,,Y,Y,U-3535,,,
216951,004,11117871,,Y,Y,U-3535,,,
216951,003,11117871,,Y,Y,U-3535,,,
216951,002,11117871,,Y,Y,U-3535,,,
216951,001,8815884,,,Y,U-1238,,,
216951,005,8815884,,,Y,U-1238,,,
216951,004,8815884,,,Y,U-1238,,,
216951,003,8815884,,,Y,U-1238,,,
216951,002,8815884,,,Y,U-1238,,,
216951,001,8557834,,,,U-1238,,,
216951,005,8557834,,,,U-1238,,,
216951,004,8557834,,,,U-1238,,,
216951,003,8557834,,,,U-1238,,,
216951,002,8557834,,,,U-1238,,,
213407,001,11571398,,,,U-3183,,,
202008,001,7687052,,Y,Y,U-4217,,,
202008,002,7687052,,Y,Y,U-4217,,,
202008,003,7687052,,Y,Y,U-4217,,,
202008,001,8506929,,Y,Y,U-4217,,,
202008,002,8506929,,Y,Y,U-4217,,,
202008,003,8506929,,Y,Y,U-4217,,,
218171,001,9296724,,Y,,U-4099,,,
218171,002,9296724,,Y,,U-4099,,,
217186,001,12194150,,,,U-219,,,
217186,002,12194150,,,,U-219,,,
217186,003,12194150,,,,U-219,,,
217186,004,12194150,,,,U-219,,,
208026,001,12364700,,,,U-4224,,,
208026,002,12364700,,,,U-4224,,,
201281,001,12364700,,,,U-4224,,,
201281,002,12364700,,,,U-4224,,,
201281,003,12364700,,,,U-4224,,,
201280,001,12364700,,,,U-4224,,,
219485,002,12350267,,,,U-3973,,,
215431,001,12370196,,,,U-1719,,,
214517,001,10149829,,,,U-3006,,,
214517,001,9730910,,,,U-3005,,,
214517,001,9539234,,,,U-3004,,,
214517,001,10610510,,,,U-3009,,,
214517,001,10376487,,,,U-3007,,,
214517,001,10179119,,,,U-3003,,,
214517,001,10610511,,,,U-3007,,,
205677,001,9730910,,,,U-3005,,,
205677,001,9539234,,,,U-3004,,,
205677,001,10376487,,,,U-3007,,,
205677,001,10149829,,,,U-3006,,,
205677,001,10610510,,,,U-3009,,,
205677,001,10610511,,,,U-3007,,,
205677,001,10610511,,,,U-2615,,,
205677,001,10179119,,,,U-3003,,,
213973,001,11813251,,,,U-3750,,,
215064,001,12268695,,,,U-3811,,,
212614,001,12364700,,,,U-4224,,,
212614,004,12364700,,,,U-4224,,,
212614,003,12364700,,,,U-4224,,,
212614,002,12364700,,,,U-4224,,,
206073,001,12364700,,,,U-4224,,,
206073,002,12364700,,,,U-4224,,,
022387,001,11826327,,,,U-3749,,,
214324,001,11826327,,,,U-3749,,,
214324,004,11826327,,,,U-3749,,,
214324,003,11826327,,,,U-3749,,,
214324,002,11826327,,,,U-3749,,,
217677,001,11938116,,,,U-3754,,,
217677,001,11957662,,,,U-3754,,,
217677,003,11957662,,,,U-3754,,,
217677,002,11957662,,,,U-3754,,,
217677,001,11951096,,,,U-3754,,,
217677,003,11951096,,,,U-3754,,,
217677,002,11951096,,,,U-3754,,,
217677,002,11938116,,,,U-3754,,,
217677,003,11938116,,,,U-3754,,,
217677,002,11925620,,,,U-3754,,,
217677,003,11925620,,,,U-3754,,,
217677,002,11925619,,,,U-3754,,,
217677,003,11925619,,,,U-3754,,,
215559,001,12138245,,,,U-4031,,,
215559,002,12138245,,,,U-4031,,,
215559,003,12138245,,,,U-4031,,,
215559,004,12138245,,,,U-4031,,,
215559,005,12138245,,,,U-4031,,,
211723,001,12161645,,,,U-2853,,,
211723,001,12162865,,,,U-2736,,,
211723,001,12168016,,,,U-2736,,,
211723,001,12168016,,,,U-2853,,,
212304,001,12161767,,Y,Y,U-3334,,,
212304,002,12161767,,Y,Y,U-3334,,,
212304,001,12168075,,,,U-3334,,,
212304,002,12168075,,,,U-3334,,,
214522,001,12186322,,,Y,U-3397,,,
215272,001,11497718,,,,U-4048,,,
215272,001,11938099,,,,U-4048,,,
216482,001,12194143,,,Y,U-1752,,,
213006,001,12357636,,,,U-4219,,,
215430,001,12357697,,,,U-3419,,,
217660,002,12350262,,,,U-4220,,,
212273,001,12350262,,,,U-4221,,,
212273,002,12350262,,,,U-4222,,,
215352,001,11398306,,,,U-3685,,,
215352,001,10839960,,,,U-3685,,,
207078,001,11738044,,,,U-2312,,,
207078,002,11738044,,,,U-2312,,,
216482,001,12097285,,,Y,U-1752,,,
219015,001,11364212,,,,U-4043,,,
219015,001,11191740,,,,U-4043,,,
219015,001,10905664,,,,U-4043,,,
213674,001,12161628,,,,U-4101,,,
213674,002,12161628,,,,U-4102,,,
213674,001,12161628,,,,U-4102,,,
213674,002,12161628,,,,U-4103,,,
213674,001,12161628,,,,U-4103,,,
213674,002,12161628,,,,U-4104,,,
213674,001,12161628,,,,U-4104,,,
213674,002,12161628,,,,U-4101,,,
203415,001,12161628,,,,U-4101,,,
203415,001,12161628,,,,U-4102,,,
203415,001,12161628,,,,U-4103,,,
203415,001,12161628,,,,U-4104,,,
203340,002,12186308,,,Y,U-2804,,,
217470,001,12290596,,,,U-4182,,,
214621,001,12336990,,,,U-3020,,,
209637,001,8536122,,Y,Y,U-2202,,,
209805,001,9439901,,,,U-2214,,,
208944,002,9867792,,,,U-2106,,,
207695,001,8168614,,,,U-1932,,,
202833,001,9820959,,,Y,U-1440,,,
205552,002,8476284,,,,U-1650,,,
208341,001,8580765,,Y,Y,U-1470,,,
022272,004,9492391,,,,U-1556,,,
022272,005,9492391,,,,U-1556,,,
206627,005,9492390,,,,U-1556,,,
206627,007,9492391,,,,U-1556,,,
202880,001,9610286,,,,U-1810,,,
209394,001,10028937,,,,U-2141,,,
205834,001,10039779,,Y,Y,U-2370,,,
204114,001,8952018,,,,U-2020,,,
202293,002,8329648,,,,U-2213,,,
208194,001,9597398,,,,U-1971,,,
207932,007,9655843,,,Y,U-1556,,,
205552,002,8952015,,,,U-1491,,,
205552,001,8563563,,,,U-1491,,,
206627,006,9545380,,,,U-1556,,,
206627,007,9545380,,,,U-1556,,,
205552,001,8952015,,,,U-1946,,,
022416,001,9750747,,,,U-2121,,,
022416,004,9750747,,,,U-2121,,,
209394,001,9586978,,,,U-2141,,,
202833,001,9861603,,,,U-1440,,,
209806,003,9439902,,,,U-2214,,,
206038,002,9150552,,,,U-1908,,,
206940,002,8772325,,,,U-1709,,,
203312,003,9901640,,,Y,U-219,,,
203312,004,9901640,,,Y,U-219,,,
203496,003,9393203,,,Y,U-1877,,,
203496,004,9393203,,,Y,U-1877,,,
203469,001,9493470,,Y,Y,U-1948,,,
021902,001,9770406,,,Y,U-172,,,
208399,001,7049320,,Y,Y,U-1741,,,
201635,001,9622983,,,Y,U-1675,,,
207202,002,8847766,,,Y,U-2167,,,
020866,001,9700555,,,Y,U-2196,,,
205422,001,9839637,,,Y,U-543,,,
205437,001,9872854,,,,U-2233,,,
210563,001,8703780,,,,U-2242,,,
210563,001,8999999,,,,U-1946,,,
210563,001,8952015,,,,U-1946,,,
210563,001,8563563,,,,U-1491,,,
210563,002,8563563,,,,U-1946,,,
210563,004,8999999,,,,U-2242,,,
210563,004,8563563,,,,U-2242,,,
022036,002,9861607,,,,U-620,,,
209360,002,9572856,,,,U-2221,,,
204447,002,9125909,,,,U-2309,,,
208401,001,10039800,,,,U-185,,,
209241,001,10065952,,Y,Y,U-1995,,,
209863,002,9950125,,,Y,U-2418,,,
202806,002,8952018,,,,U-2027,,,
207932,004,9901539,,,,U-1556,,,
212888,002,7125879,,Y,Y,U-3348,,,
212888,001,11224597,,,Y,U-3348,,,
212888,002,11224597,,,Y,U-3348,,,
212888,001,8410103,,Y,Y,U-3348,,,
212888,002,8410103,,Y,Y,U-3348,,,
212887,001,8410103,,Y,Y,U-3348,,,
208088,001,10716794,,,,U-1500,,,
208088,001,9949985,,,,U-1500,,,
214510,001,10933046,,,Y,U-3357,,,
214510,001,9868103,,,Y,U-3356,,,
214510,001,9687465,,,Y,U-3356,,,
211882,001,11311482,,,,U-2368,,,
022408,001,9895388,,,,U-3365,,,
214410,001,11306106,,,,U-2816,,,
214410,001,11306106,,,,U-3000,,,
210854,001,11306106,,,,U-2816,,,
210854,002,11306106,,,,U-2816,,,
210854,003,11306106,,,,U-2816,,,
210854,001,11306106,,,,U-3000,,,
210854,002,11306106,,,,U-3000,,,
210854,003,11306106,,,,U-3000,,,
200063,001,11324741,,,,U-1583,,,
215888,001,11247981,,,,U-3366,,,
211243,001,11311500,,,,U-3034,,,
211243,001,11311500,,,,U-3036,,,
211243,001,11311500,,,,U-3035,,,
210884,001,11337962,,,Y,U-1719,,,
208088,001,11311555,,,,U-1500,,,
207924,001,11045474,,,,U-3372,,,
207924,002,11045474,,,,U-3372,,,
207924,001,9089574,,,,U-3372,,,
207924,002,9089574,,,,U-3372,,,
215904,001,10603308,,,,U-3374,,,
215904,001,9056116,,,,U-3374,,,
207534,001,11141540,,,Y,U-3379,,,
207534,002,11141540,,,Y,U-3379,,,
022496,001,11357727,,,Y,U-3380,,,
022496,002,11357727,,,Y,U-3380,,,
215272,001,10426743,,,,U-2625,,,
212269,001,11357731,,,,U-3083,,,
213973,001,11344536,,,,U-3381,,,
209195,001,11338007,,,Y,U-2039,,,
209195,001,11338007,,,Y,U-2040,,,
211192,001,10799490,,,Y,U-3384,,,
211192,001,10610125,,,,U-3385,,,
211192,001,9850277,,Y,Y,U-3386,,,
211192,001,9968595,,,Y,U-3384,,,
211192,001,9474779,,Y,Y,U-3386,,,
208223,001,11364224,,,,U-72,,,
210450,002,11344551,,,,U-3388,,,
210450,002,11344551,,,,U-3389,,,
208623,001,11357761,,,,U-2371,,,
208623,001,11357762,,,,U-2371,,,
208623,001,11357763,,,,U-2371,,,
208623,001,11357784,,,,U-2371,,,
215256,001,11318191,,,Y,U-3162,,,
215256,005,11318191,,,Y,U-3162,,,
215256,004,11318191,,,Y,U-3162,,,
215256,003,11318191,,,Y,U-3162,,,
215256,002,11318191,,,Y,U-3162,,,
203923,001,10479686,,,Y,U-3390,,,
200533,001,11344512,,,,U-3391,,,
200533,001,11344512,,,,U-3392,,,
200533,002,11344512,,,,U-3392,,,
200533,003,11344512,,,,U-3392,,,
200533,004,11344512,,,,U-3392,,,
200533,005,11344512,,,,U-3392,,,
200533,002,11344512,,,,U-3391,,,
200533,003,11344512,,,,U-3391,,,
200533,004,11344512,,,,U-3391,,,
200533,005,11344512,,,,U-3391,,,
206976,001,11351133,,,,U-3393,,,
215515,001,10570391,,Y,Y,U-3396,,,
216285,001,9603860,,,,U-2553,,,
216285,001,10179140,,,,U-2553,,,
202971,001,11400087,,,,U-3245,,,
202971,004,11400087,,,,U-814,,,
202971,003,11400087,,,,U-814,,,
202971,002,11400087,,,,U-814,,,
202971,001,11400087,,,,U-814,,,
202971,004,11400087,,,,U-3245,,,
202971,003,11400087,,,,U-3245,,,
202971,002,11400087,,,,U-3245,,,
202971,001,11400087,,,,U-1632,,,
202971,002,11400087,,,,U-1632,,,
202971,003,11400087,,,,U-1632,,,
202971,004,11400087,,,,U-1632,,,
213953,001,10576089,,,Y,U-2506,,,
213953,002,10576089,,,Y,U-2506,,,
213953,003,10576089,,,Y,U-2506,,,
208352,001,11337989,,,,U-1,,,
208573,001,11413282,,,,U-3412,,,
208573,002,11413282,,,,U-3412,,,
208573,003,11413282,,,,U-3412,,,
214103,001,11401517,,Y,Y,U-2995,,,
206089,001,11426416,,,,U-3420,,,
208051,001,9265784,,,,U-3047,,,
208051,001,8669273,,,,U-3047,,,
213388,001,10881659,,,,U-2842,,,
213137,001,11020382,,,,U-3133,,,
213137,001,11020382,,,,U-3134,,,
210655,001,11013809,,,Y,U-3135,,,
210655,002,11013809,,,Y,U-3135,,,
214133,001,11278547,,,,U-3282,,,
213973,001,11266635,,,,U-3330,,,
207946,005,11304951,,,,U-3349,,,
207946,006,11304951,,,,U-3349,,,
214846,001,11793812,,,,U-2360,,,
203341,001,7417148,,,,U-3708,,,
203341,001,7417148,,,,U-3707,,,
203341,002,7417148,,,,U-3707,,,
203341,002,7417148,,,,U-3708,,,
203341,003,7417148,,,,U-3708,,,
203341,003,7417148,,,,U-3707,,,
211230,002,11969404,,,,U-3892,,,
216157,001,11944612,,,,U-3893,,,
213137,001,11944612,,,,U-3893,,,
213137,002,11944612,,,,U-3893,,,
210913,001,11951153,,,,U-1483,,,
210491,001,11951212,,,Y,U-3894,,,
218160,001,10172851,,,,U-3450,,,
218160,004,10172851,,,,U-3450,,,
218160,003,10172851,,,,U-3450,,,
218160,002,10172851,,,,U-3450,,,
218160,001,10137124,,,,U-3450,,,
218160,004,10137124,,,,U-3450,,,
218160,003,10137124,,,,U-3450,,,
218160,002,10137124,,,,U-3450,,,
218591,002,10722471,,,Y,U-3896,,,
218591,001,10722471,,,Y,U-3896,,,
218591,001,9388134,,,,U-1723,,,
218591,002,9388134,,,,U-1723,,,
213498,007,11951097,,,,U-3891,,,
213498,008,11951097,,,,U-3891,,,
213498,009,11951097,,,,U-3891,,,
213498,010,11951097,,,,U-3891,,,
210951,001,11963952,,,,U-3901,,,
210951,002,11963952,,,,U-3901,,,
215358,003,8829195,,Y,,U-1374,,,
213217,001,11970500,,,,U-1745,,,
213217,001,11970500,,,,U-3860,,,
213217,001,11970500,,,,U-3486,,,
213217,001,11970500,,,,U-3063,,,
213217,001,11970500,,,,U-2666,,,
213217,001,11970500,,,,U-2537,,,
213217,001,11970500,,,,U-2145,,,
212018,001,10478494,,,,U-3902,,,
212018,002,10478494,,,,U-3902,,,
212018,003,10478494,,,,U-3902,,,
218390,001,11654142,,,,U-3055,,,
218390,003,11654142,,,,U-3055,,,
218390,002,11654142,,,,U-3055,,,
218390,001,11439629,,,,U-3055,,,
218390,003,11439629,,,,U-3055,,,
218390,002,11439629,,,,U-3055,,,
218390,001,11311532,,,Y,U-1995,,,
218390,003,11311532,,,Y,U-3055,,,
218390,002,11311532,,,Y,U-3055,,,
218390,001,11311532,,,Y,U-3055,,,
214787,002,11007208,,,,U-3829,,,
214787,002,11007208,,,,U-3830,,,
214787,001,11266681,,,,U-3832,,,
214787,001,11266681,,,,U-3831,,,
214787,001,11382926,,,,U-3831,,,
214787,001,11382926,,,,U-3832,,,
214787,002,11382926,,,,U-3830,,,
214787,002,11382926,,,,U-3829,,,
214787,001,10695361,,,,U-3831,,,
214787,001,10695361,,,,U-3832,,,
214787,002,10695361,,,,U-3829,,,
214787,002,10695361,,,,U-3830,,,
217003,001,8476284,,,,U-3843,,,
217003,001,8476284,,,,U-3844,,,
217003,001,8476284,,,,U-3845,,,
218276,001,11951101,,,,U-3895,,,
212273,002,10793547,,Y,Y,U-4073,,,
212273,001,10758534,,Y,Y,U-4073,,,
212273,002,10758534,,Y,Y,U-4073,,,
210136,007,12161640,,,Y,U-4100,,,
212273,001,9974781,,,Y,U-4073,,,
212273,002,11564916,,,,U-4063,,,
212273,002,10239867,,Y,Y,U-4056,,,
212273,001,8598181,,,,U-4056,,,
212273,002,11578062,,,Y,U-4054,,,
212273,002,8598181,,,,U-4056,,,
210136,006,12161640,,,Y,U-4100,,,
212273,002,9974781,,,Y,U-4073,,,
210136,001,12161640,,,Y,U-4100,,,
210136,005,12161640,,,Y,U-4100,,,
210136,004,12161640,,,Y,U-4100,,,
210136,003,12161640,,,Y,U-4100,,,
210136,002,12161640,,,Y,U-4100,,,
218820,001,12128033,,Y,,U-4049,,,
211723,001,12168014,,,,U-2736,,,
211723,001,12168014,,,,U-2853,,,
211723,001,12168014,,,,U-2852,,,
211230,001,12194016,,,,U-4106,,,
211230,002,12194016,,,,U-4106,,,
214665,001,11426404,,,,U-4107,,,
214665,002,11426404,,,,U-4107,,,
214665,003,11426404,,,,U-4107,,,
214665,001,11236091,,Y,Y,U-4107,,,
214665,002,11236091,,Y,Y,U-4107,,,
214665,003,11236091,,Y,Y,U-4107,,,
214665,001,11827635,,Y,Y,U-4107,,,
214665,002,11827635,,Y,Y,U-4107,,,
214665,003,11827635,,Y,Y,U-4107,,,
207946,005,12208100,,,,U-3359,,,
207946,006,12208100,,,,U-4110,,,
207946,005,12208100,,,,U-4110,,,
207946,006,12208100,,,,U-3359,,,
211765,001,12194030,,,,U-4121,,,
211765,001,12194030,,,,U-4122,,,
211710,001,11337967,,,,U-4123,,,
210861,001,11974998,,,,U-4124,,,
210861,002,11974998,,,,U-4124,,,
210861,001,11337967,,,,U-4123,,,
210861,002,11337967,,,,U-4123,,,
214517,001,12201604,,,,U-3003,,,
205677,001,12201604,,,,U-3003,,,
205677,001,12201604,,,,U-3865,,,
211710,001,11974998,,,,U-4124,,,
215559,001,12201614,,,,U-4031,,,
215559,002,12201614,,,,U-4031,,,
215559,003,12201614,,,,U-4031,,,
215559,004,12201614,,,,U-4031,,,
215559,005,12201614,,,,U-4031,,,
219209,001,11834441,,Y,Y,U-4125,,,
207925,001,12214083,,,Y,U-4126,,,
207925,002,12214083,,,Y,U-4126,,,
207925,004,12214083,,,Y,U-4127,,,
207925,005,12214083,,,Y,U-4127,,,
207925,003,12214083,,,Y,U-4128,,,
218549,001,12208167,,,Y,U-713,,,
218549,003,12208167,,,Y,U-713,,,
218549,002,12208167,,,Y,U-713,,,
218010,001,12201557,,Y,Y,U-4129,,,
216482,001,12226526,,,Y,U-1752,,,
213051,004,10278923,,Y,Y,U-2628,,,
213051,005,10278923,,Y,Y,U-2628,,,
213051,006,10278923,,Y,Y,U-2628,,,
213051,006,9278123,,Y,Y,U-2628,,,
219389,001,12220390,,,,U-4130,,,
219389,002,12220390,,,,U-4130,,,
219389,001,12037306,,,,U-4130,,,
219389,002,12037306,,,,U-4130,,,
219389,001,12029711,,,Y,U-4130,,,
219389,002,12029711,,,Y,U-4130,,,
219379,001,11453641,,,,U-4130,,,
212273,001,10239867,,Y,Y,U-4056,,,
219285,001,11534444,,,,U-1943,,,
219285,001,9969754,,Y,Y,U-1943,,,
219285,001,11827646,,,,U-1943,,,
008975,002,12233105,,,,U-3904,,,
008975,002,12233105,,,,U-3905,,,
008975,002,12233105,,,,U-3906,,,
008975,002,12233105,,,,U-3907,,,
008975,002,12233105,,,,U-3908,,,
008975,002,12233105,,,,U-3909,,,
008975,002,12233105,,,,U-3910,,,
008975,002,12233105,,,,U-3911,,,
207962,001,9925264,,,Y,U-2267,,,
211358,001,10597384,,Y,Y,U-2778,,,
206038,001,10597384,,Y,Y,U-2777,,,
206038,002,10597384,,Y,Y,U-2777,,,
211358,002,10597384,,Y,Y,U-2778,,,
212121,001,10632150,,,Y,U-2789,,,
212614,001,10596120,,,Y,U-2790,,,
212614,002,10596120,,,Y,U-2790,,,
212614,003,10596120,,,Y,U-2790,,,
212614,004,10596120,,,Y,U-2790,,,
212028,001,8268848,,Y,Y,U-2791,,,
212028,001,10188652,,,Y,U-2791,,,
212028,002,10188652,,,Y,U-2791,,,
212028,002,8268848,,Y,Y,U-2791,,,
208658,001,10596120,,,Y,U-2792,,,
208658,002,10596120,,,Y,U-2792,,,
208658,003,10596120,,,Y,U-2792,,,
208658,004,10596120,,,Y,U-2792,,,
202860,001,9604028,,,,U-2793,,,
213756,001,9562017,,Y,,U-2800,,,
213756,002,9562017,,Y,,U-2800,,,
212860,001,7816404,,Y,,U-2801,,,
204819,001,10662188,,Y,Y,U-2834,,,
204819,001,10662188,,Y,Y,U-2835,,,
212157,001,9949990,,,Y,U-2718,,,
204819,002,10662188,,Y,Y,U-2834,,,
204819,002,10662188,,Y,Y,U-2835,,,
204819,003,10662188,,Y,Y,U-2834,,,
204819,003,10662188,,Y,Y,U-2835,,,
204819,004,10662188,,Y,Y,U-2834,,,
204819,004,10662188,,Y,Y,U-2835,,,
204819,005,10662188,,Y,Y,U-2835,,,
204819,005,10662188,,Y,Y,U-2834,,,
213702,001,7763615,,Y,Y,U-2836,,,
208772,001,9611283,,,,U-2837,,,
208772,002,9611283,,,,U-2837,,,
208772,003,9611283,,,,U-2837,,,
208772,001,9273077,,,,U-2837,,,
208772,002,9273077,,,,U-2837,,,
208772,003,9273077,,,,U-2837,,,
208772,001,10385078,,Y,Y,U-2837,,,
208772,002,10385078,,Y,Y,U-2837,,,
208772,003,10385078,,Y,Y,U-2837,,,
202057,001,10668042,,,,U-2841,,,
202057,002,10668042,,,,U-2841,,,
207589,001,10688108,,,,U-2627,,,
208232,001,10695397,,,,U-2857,,,
208232,001,8535695,,,,U-2857,,,
208232,001,10238709,,,,U-2857,,,
210583,001,10709713,,,,U-2750,,,
212102,001,9603815,,,,U-2858,,,
212102,001,9549909,,,,U-2858,,,
212102,001,10452815,,,,U-2859,,,
212102,001,9610260,,,,U-2858,,,
212102,001,9603814,,,,U-2858,,,
212102,001,10603290,,,,U-2861,,,
212102,001,10478442,,,,U-2860,,,
212102,001,10478441,,,,U-2860,,,
212535,001,10478453,,,Y,U-2752,,,
212535,001,10583155,,,Y,U-2752,,,
212038,001,10722473,,,,U-2357,,,
212038,002,10722473,,,,U-2357,,,
212038,003,10722473,,,,U-2357,,,
212038,004,10722473,,,,U-2357,,,
212038,005,10722473,,,,U-2357,,,
212038,006,10722473,,,,U-2357,,,
210365,001,10709671,,,,U-2862,,,
210365,001,10709674,,,,U-2781,,,
210365,001,10709674,,,,U-2780,,,
212801,001,10709691,,,,U-2770,,,
212801,002,10709691,,,,U-2770,,,
212801,003,10709691,,,,U-2770,,,
210045,001,9408837,,,,U-2410,,,
210045,002,9408837,,,,U-2410,,,
210045,003,9408837,,,,U-2410,,,
210563,001,10751342,,,,U-1491,,,
208054,001,10716868,,,,U-2450,,,
210933,001,10945948,,,,U-2985,,,
210933,001,10940108,,,,U-2985,,,
213072,001,10376470,,,Y,U-3095,,,
213072,001,9763885,,,Y,U-3095,,,
213072,002,9763885,,,Y,U-3095,,,
213072,002,10376470,,,Y,U-3095,,,
213072,003,10376470,,,Y,U-3095,,,
213072,003,9763885,,,Y,U-3095,,,
213072,004,10376470,,,Y,U-3095,,,
213072,004,9763885,,,Y,U-3095,,,
211230,001,10940133,,,,U-3099,,,
211371,001,10940156,,,,U-2552,,,
212904,001,6821987,,Y,Y,U-3100,,,
212904,002,6821987,,Y,Y,U-3100,,,
213176,001,10947244,,,,U-3063,,,
213176,001,10947244,,,,U-3064,,,
022201,001,10973870,,,,U-1978,,,
022201,002,10973870,,,,U-1978,,,
206488,001,RE48468,,,,U-2097,,,
206488,002,RE48468,,,,U-2097,,,
214155,001,9682061,,,,U-3101,,,
214155,001,8420592,,,,U-3101,,,
213498,001,8273779,,,,U-2774,,,
213498,001,9062014,,Y,Y,U-2774,,,
213498,002,9062014,,Y,Y,U-2774,,,
213498,002,8273779,,,,U-2774,,,
213498,003,9062014,,Y,Y,U-2774,,,
213498,003,8273779,,,,U-2774,,,
213498,004,8273779,,,,U-2774,,,
213498,004,9062014,,Y,Y,U-2774,,,
213498,005,9062014,,Y,Y,U-2774,,,
213498,005,8273779,,,,U-2774,,,
213498,006,9062014,,Y,Y,U-2774,,,
213498,006,8273779,,,,U-2774,,,
213498,007,8273779,,,,U-2774,,,
213498,007,9062014,,Y,Y,U-2774,,,
213498,008,9062014,,Y,Y,U-2774,,,
213498,008,8273779,,,,U-2774,,,
213498,009,9062014,,Y,Y,U-2774,,,
213498,009,8273779,,,,U-2774,,,
213498,010,9062014,,Y,Y,U-2774,,,
213498,010,8273779,,,,U-2774,,,
213498,001,10220023,,,,U-3103,,,
213498,002,10220023,,,,U-3103,,,
213498,003,10220023,,,,U-3103,,,
213498,004,10220023,,,,U-3103,,,
213498,005,10220023,,,,U-3103,,,
213498,006,10220023,,,,U-3103,,,
213498,007,10220023,,,,U-3103,,,
213498,008,10220023,,,,U-3103,,,
213498,009,10220023,,,,U-3103,,,
213498,010,10220023,,,,U-3103,,,
211964,001,9603853,,,,U-727,,,
211964,002,9603853,,,,U-727,,,
211964,003,9603853,,,,U-727,,,
210563,001,8497277,,,,U-3422,,,
210563,002,8497277,,,,U-3422,,,
210563,003,8497277,,,,U-3422,,,
210563,001,10478439,,,,U-3422,,,
210563,002,10478439,,,,U-3422,,,
210563,003,10478439,,,,U-3422,,,
205552,001,8497277,,,,U-3422,,,
205552,002,8497277,,,,U-3422,,,
205552,001,10478439,,,,U-3422,,,
205552,002,10478439,,,,U-3422,,,
217003,001,8497277,,,,U-3422,,,
212690,001,11426373,,,,U-3432,,,
215602,001,11446246,,,,U-3433,,,
208623,001,11458128,,,,U-2371,,,
213246,001,10137124,,,,U-3450,,,
213246,002,10137124,,,,U-3450,,,
213246,001,10584124,,Y,,U-3450,,,
213246,002,10584124,,Y,,U-3450,,,
201444,001,11753301,,Y,Y,U-3681,,,
203923,001,11753301,,Y,Y,U-3682,,,
211617,001,11744816,,,,U-3692,,,
209241,001,11026939,,,Y,U-3055,,,
209241,002,11026939,,,Y,U-3055,,,
209241,003,11026939,,,Y,U-3055,,,
209241,001,10912771,,,,U-3055,,,
209241,002,10912771,,,,U-3055,,,
209241,003,10912771,,,,U-3055,,,
209241,001,10874648,,,,U-3055,,,
209241,002,10874648,,,,U-3055,,,
209241,003,10874648,,,,U-3055,,,
215256,001,11752198,,,Y,U-3162,,,
215256,005,11752198,,,Y,U-3162,,,
209241,001,10851104,,Y,,U-3055,,,
209241,002,10851104,,Y,,U-3055,,,
209241,003,10851104,,Y,,U-3055,,,
209241,001,10851103,,Y,Y,U-3055,,,
209241,002,10851103,,Y,Y,U-3055,,,
209241,003,10851103,,Y,Y,U-3055,,,
209241,001,10844058,,Y,Y,U-3055,,,
209241,002,10844058,,Y,Y,U-3055,,,
209241,003,10844058,,Y,Y,U-3055,,,
209241,001,10065952,,Y,Y,U-3055,,,
209241,002,10065952,,Y,Y,U-3055,,,
209241,003,10065952,,Y,Y,U-3055,,,
209241,001,8357697,,,,U-3055,,,
209241,002,8357697,,,,U-3055,,,
209241,003,8357697,,,,U-3055,,,
215256,004,11752198,,,Y,U-3162,,,
215256,003,11752198,,,Y,U-3162,,,
215256,002,11752198,,,Y,U-3162,,,
211230,001,11771667,,,,U-3693,,,
211230,002,11771667,,,,U-3693,,,
211230,001,11771666,,,,U-3693,,,
211230,002,11771666,,,,U-3693,,,
218390,003,11311532,,,Y,U-1995,,,
218390,002,11311532,,,Y,U-1995,,,
218390,001,11040029,,,,U-1995,,,
218390,003,11040029,,,,U-1995,,,
218390,002,11040029,,,,U-1995,,,
218390,001,11026939,,,Y,U-1995,,,
218390,003,11026939,,,Y,U-3055,,,
218390,002,11026939,,,Y,U-3055,,,
218390,001,11026939,,,Y,U-3055,,,
218390,003,11026939,,,Y,U-1995,,,
218390,002,11026939,,,Y,U-1995,,,
218390,001,11026931,,,,U-1995,,,
218390,003,11026931,,,,U-1995,,,
218390,002,11026931,,,,U-1995,,,
218390,001,10993941,,,,U-1995,,,
218390,003,10993941,,,,U-1995,,,
218390,002,10993941,,,,U-1995,,,
218390,001,10952997,,,,U-1995,,,
218390,003,10952997,,,,U-1995,,,
218390,002,10952997,,,,U-1995,,,
218390,001,10940141,,,,U-1995,,,
218390,003,10940141,,,,U-1995,,,
218390,002,10940141,,,,U-1995,,,
218390,001,10912771,,,,U-1995,,,
218390,003,10912771,,,,U-3076,,,
218390,002,10912771,,,,U-3076,,,
218390,001,10912771,,,,U-3076,,,
218390,003,10912771,,,,U-3055,,,
218390,002,10912771,,,,U-3055,,,
218390,001,10912771,,,,U-3055,,,
218390,003,10912771,,,,U-1995,,,
218390,002,10912771,,,,U-1995,,,
218390,001,10874648,,,,U-1995,,,
218390,003,10874648,,,,U-3055,,,
218390,002,10874648,,,,U-3055,,,
218390,001,10874648,,,,U-3055,,,
218390,003,10874648,,,,U-3046,,,
218390,002,10874648,,,,U-3046,,,
218390,001,10874648,,,,U-3046,,,
218390,003,10874648,,,,U-1995,,,
218390,002,10874648,,,,U-1995,,,
218390,001,10857148,,,,U-1995,,,
218390,002,10857148,,,,U-1995,,,
218390,003,10857148,,,,U-1995,,,
020845,003,11931377,,Y,Y,U-3903,,,
020845,004,11931377,,Y,Y,U-3903,,,
216482,001,11931455,,,Y,U-1752,,,
008975,002,11975047,,,,U-3904,,,
008975,002,11975047,,,,U-3905,,,
008975,002,11975047,,,,U-3906,,,
008975,002,11975047,,,,U-3907,,,
008975,002,11975047,,,,U-3908,,,
008975,002,11975047,,,,U-3909,,,
008975,002,11975047,,,,U-3910,,,
008975,002,11975047,,,,U-3911,,,
008975,002,11975047,,,,U-3912,,,
008975,002,11975047,,,,U-3913,,,
008975,002,11975047,,,,U-3914,,,
008975,002,11975047,,,,U-3915,,,
008975,002,11975047,,,,U-3916,,,
008975,002,11975047,,,,U-3917,,,
008975,002,11975047,,,,U-3918,,,
008975,002,11975047,,,,U-3919,,,
008975,002,11975047,,,,U-3920,,,
008975,002,11975047,,,,U-3921,,,
008975,002,11975047,,,,U-3922,,,
008975,002,11975047,,,,U-3923,,,
022192,007,9074256,,,,U-1674,,,
206627,005,9095614,,,,U-1556,,,
206627,007,9095614,,,,U-1556,,,
208692,002,10039757,,,,U-1480,,,
211358,002,7973038,,,,U-2374,,,
211358,002,9150552,,,,U-2375,,,
210922,001,9364435,,,Y,U-2378,,,
210922,001,9234196,,,Y,U-2378,,,
205739,001,9925212,,,,U-1766,,,
209296,001,9974794,,,Y,U-2161,,,
208564,001,9180091,,,Y,U-2317,,,
208564,002,9180091,,,Y,U-2317,,,
202714,003,8207127,,,,U-2319,,,
021920,001,10028925,,,Y,U-1732,,,
201281,001,10022379,,,,U-2339,,,
201281,003,10022379,,,,U-2339,,,
208912,001,10022502,,,,U-2340,,,
208944,001,8895617,,,,U-2106,,,
210259,001,9758524,,,,U-2145,,,
208945,001,9399014,,,,U-805,,,
204447,003,9861630,,,,U-1668,,,
203389,001,9925156,,Y,Y,U-1399,,,
203389,002,9925157,,Y,Y,U-1399,,,
208090,004,9968598,,,Y,U-1556,,,
209299,001,8163902,,Y,,U-2294,,,
209299,002,8163902,,Y,,U-2294,,,
207947,004,9284280,,,,U-1831,,,
207947,008,9284280,,,,U-1831,,,
205834,001,9284342,,Y,Y,U-1470,,,
207318,001,7659285,,,,U-1844,,,
202880,001,9421200,,,,U-1810,,,
202880,005,9421200,,,,U-1810,,,
207621,004,8685443,,,,U-1508,,,
207533,001,9452131,,,,U-2402,,,
208470,001,8957054,,,,U-1922,,,
203312,003,9533046,,,Y,U-219,,,
022081,002,8377933,,,,U-1754,,,
022450,001,9399012,,,,U-2261,,,
208624,001,8492386,,,,U-1840,,,
203858,002,9433617,,,,U-1316,,,
209241,001,8357697,,,,U-1995,,,
201444,001,9345724,,Y,Y,U-2015,,,
208090,005,9682075,,,Y,U-1556,,,
204820,001,9675613,,,,U-1020,,,
209501,001,10022447,,,,U-2136,,,
209501,003,10022447,,,,U-2136,,,
208624,001,9744170,,,Y,U-1889,,,
020866,001,9352025,,,,U-2119,,,
020866,001,9352025,,,,U-2116,,,
209296,001,9561229,,,Y,U-2161,,,
208254,001,8394826,,Y,Y,U-1524,,,
207925,001,8629162,,,,U-2234,,,
210045,001,9662315,,,Y,U-2410,,,
210365,001,9956183,,,,U-2423,,,
210365,001,9956184,,,,U-2424,,,
207925,001,8324242,,,,U-2527,,,
207925,002,8354427,,,,U-2528,,,
206333,001,8298556,,,,U-1690,,,
208780,002,8318780,,,,U-2081,,,
208780,002,8609701,,,,U-2066,,,
208780,002,8592462,,,,U-2059,,,
208780,002,7767700,,,,U-2080,,,
207202,004,8847766,,,Y,U-2167,,,
207202,002,8956288,,,Y,U-2167,,,
207202,005,8956288,,,Y,U-2167,,,
022416,004,9763954,,,,U-2123,,,
209482,001,7439393,,Y,Y,U-2127,,,
209482,001,8183257,,,,U-2128,,,
210563,004,8952015,,,,U-2241,,,
210563,001,8476284,,,,U-2241,,,
210563,003,8476284,,,,U-1946,,,
210563,003,8476284,,,,U-1650,,,
210563,004,9801883,,,,U-2243,,,
205437,002,10092541,,,,U-2403,,,
206099,001,10076615,,,,U-2404,,,
209521,003,9255068,,Y,Y,U-2407,,,
211155,001,9216982,,,,U-2412,,,
210563,003,10004746,,,,U-2241,,,
210563,003,10004746,,,,U-1946,,,
209311,003,9603809,,,,U-2357,,,
207947,001,7205302,,Y,Y,U-1797,,,
207947,002,9173881,,,,U-1798,,,
207947,006,9173881,,,,U-1798,,,
202107,001,9943526,,,,U-1643,,,
208658,002,9949998,,,,U-2290,,,
209483,001,9956231,,,Y,U-1761,,,
208010,001,9925147,,,Y,U-2259,,,
207793,001,9339497,,,,U-1848,,,
209819,002,8975270,,,Y,U-2175,,,
209819,002,9272044,,,,U-2177,,,
209819,002,9782402,,,Y,U-2176,,,
209819,002,9827241,,,Y,U-2210,,,
207202,001,8759350,,,,U-1529,,,
210496,001,10005761,,,,U-2335,,,
210496,001,9850229,,,,U-2337,,,
207318,002,7659285,,,,U-1844,,,
203312,001,8557283,,,Y,U-1645,,,
203312,001,8454998,,,Y,U-219,,,
203312,003,8557283,,,Y,U-219,,,
203312,003,8377474,,,Y,U-1645,,,
203312,004,8454998,,,Y,U-1647,,,
205353,001,8883842,,,,U-1669,,,
210455,001,8148374,,Y,Y,U-2364,,,
207356,001,9895385,,,,U-2417,,,
021978,001,8962000,,,Y,U-1412,,,
022192,006,9138432,,,,U-1737,,,
207533,002,9193685,,,Y,U-543,,,
207561,001,7176220,,Y,Y,U-257,,,
204629,002,8551957,,,,U-1651,,,
022204,001,9259388,,,,U-1644,,,
208573,003,9174982,,,,U-2323,,,
205422,004,8349840,,,Y,U-1529,,,
206627,006,9095614,,,,U-1556,,,
205029,001,9283197,,,Y,U-1830,,,
208054,001,10967077,,,,U-2450,,,
208054,001,10953112,,,,U-1879,,,
213246,001,10786489,,,Y,U-3450,,,
213246,002,10786489,,,Y,U-3450,,,
215092,001,11197849,,,Y,U-3454,,,
215092,001,10702511,,,Y,U-3454,,,
215092,001,10179127,,,Y,U-3454,,,
215092,001,9415038,,,Y,U-3454,,,
215092,001,RE48183,,,Y,U-3454,,,
208742,001,11458041,,,,U-1680,,,
208742,001,11458041,,,,U-3455,,,
210583,001,11458145,,,,U-3318,,,
216157,001,11452720,,,,U-3459,,,
213137,001,11452720,,,,U-3459,,,
213137,002,11452720,,,,U-3459,,,
214133,001,11478471,,,,U-3283,,,
213426,001,11478488,,,,U-3244,,,
213137,002,11020382,,,,U-3133,,,
213137,002,11020382,,,,U-3134,,,
213137,002,9248199,,,,U-2676,,,
213137,002,9248199,,,,U-2715,,,
215430,001,11478468,,,,U-3419,,,
208088,001,11464735,,,Y,U-1500,,,
211810,002,10961240,,,,U-2606,,,
208564,002,11497709,,,,U-2316,,,
208564,002,11497709,,,,U-2317,,,
206940,002,11484527,,,,U-3475,,,
212904,001,11504365,,,,U-3476,,,
212904,002,11504365,,,,U-3476,,,
210660,001,11510942,,,Y,U-2752,,,
214962,002,10555902,,,,U-3493,,,
204370,001,RE47350,,,,U-3503,,,
204370,001,RE49110,,,,U-3503,,,
204370,001,7737142,,Y,Y,U-3503,,,
204370,002,7737142,,Y,Y,U-3503,,,
204370,002,RE49110,,,,U-3503,,,
204370,001,RE49302,,,,U-2543,,,
204370,002,RE49302,,,,U-2543,,,
204370,003,RE49302,,,,U-2543,,,
204370,004,RE49302,,,,U-2543,,,
204370,001,RE49302,,,,U-3503,,,
204370,001,RE49302,,,,U-2544,,,
204370,001,RE49302,,,,U-2545,,,
204370,002,RE49302,,,,U-2545,,,
204370,002,RE49302,,,,U-2544,,,
204370,002,RE49302,,,,U-3503,,,
204370,003,RE49302,,,,U-2544,,,
204370,003,RE49302,,,,U-3503,,,
204370,003,RE49302,,,,U-2545,,,
204370,004,RE49302,,,,U-2544,,,
204370,004,RE49302,,,,U-2545,,,
204370,004,RE49302,,,,U-3503,,,
215430,001,11541048,,,,U-3419,,,
215430,001,11541021,,,,U-3419,,,
215430,001,11534414,,,Y,U-3419,,,
214900,001,11534433,,,,U-3159,,,
214900,001,11534433,,,,U-3508,,,
214510,001,11541026,,,,U-3356,,,
209022,001,11554229,,,,U-2133,,,
210951,002,9481663,,Y,Y,U-2624,,,
210951,002,9481663,,Y,Y,U-2237,,,
210951,001,9481663,,Y,Y,U-2624,,,
210951,001,9481663,,Y,Y,U-2237,,,
213973,001,11576904,,,,U-3537,,,
216403,001,9993461,,,,U-3269,,,
216403,002,9993461,,,,U-3269,,,
208743,001,8748382,,,,U-3543,,,
212097,001,11590205,,,Y,U-2742,,,
212097,004,11590205,,,Y,U-2742,,,
212097,003,11590205,,,Y,U-2742,,,
212097,002,11590205,,,Y,U-2742,,,
208716,001,7855211,,Y,Y,U-3265,,,
208716,002,7855211,,Y,Y,U-3265,,,
208716,003,7855211,,Y,Y,U-3265,,,
212535,001,11510942,,,Y,U-2752,,,
208573,001,11590128,,,,U-3548,,,
208573,002,11590128,,,,U-3548,,,
208573,003,11590128,,,,U-3548,,,
022306,001,11583216,,,,U-3549,,,
022306,001,10799138,,,,U-3549,,,
208259,001,11618748,,,,U-1524,,,
208254,001,11618748,,,,U-1524,,,
203697,001,10786444,,,,U-3559,,,
216457,001,11744800,,,Y,U-3690,,,
210607,001,11744828,,,,U-2582,,,
208558,001,8071579,,,,U-3695,,,
212306,002,11753401,,,Y,U-2584,,,
212306,004,11753401,,,Y,U-3018,,,
212306,003,11753401,,,Y,U-3018,,,
212306,002,11753401,,,Y,U-3018,,,
212306,004,11753401,,,Y,U-2855,,,
212306,003,11753401,,,Y,U-2855,,,
212306,002,11753401,,,Y,U-2855,,,
212306,004,11753401,,,Y,U-2584,,,
212306,003,11753401,,,Y,U-2584,,,
212306,001,11753401,,,Y,U-3018,,,
215430,001,11779579,,,,U-3419,,,
211230,001,11779554,,,,U-3693,,,
211230,002,11779554,,,,U-3693,,,
214517,001,11759446,,,,U-3003,,,
205677,001,11759446,,,,U-3003,,,
021272,006,8658694,,,,U-1437,,,
021272,006,8653137,,,,U-1437,,,
021272,007,8658694,,,,U-1437,,,
021272,007,8653137,,,,U-1437,,,
021272,008,8658694,,,,U-1437,,,
021272,008,8653137,,,,U-1437,,,
021272,006,7999007,,,Y,U-1437,,,
021272,007,7999007,,,Y,U-1437,,,
021272,008,7999007,,,Y,U-1437,,,
212479,001,11771701,,,Y,U-3700,,,
212479,001,11771701,,,Y,U-3701,,,
212479,001,11771701,,,Y,U-3702,,,
212479,001,11771701,,,Y,U-3703,,,
212479,001,11771701,,,Y,U-3704,,,
217729,001,11103497,,,,U-3216,,,
217729,002,11103497,,,,U-3216,,,
217729,001,11103497,,,,U-3217,,,
217729,002,11103497,,,,U-3217,,,
217729,001,7417148,,,,U-3707,,,
217729,002,7417148,,,,U-3707,,,
217729,001,7417148,,,,U-3708,,,
217729,002,7417148,,,,U-3708,,,
008975,002,11975047,,,,U-3924,,,
008975,002,11975047,,,,U-3925,,,
008975,002,11975047,,,,U-3926,,,
210365,001,11963937,,,,U-2780,,,
210365,001,11963937,,,,U-2781,,,
022517,001,11963995,,,,U-2327,,,
022517,002,11963995,,,,U-2327,,,
202107,001,11969435,,,,U-1643,,,
210660,001,11969439,,,,U-2752,,,
214755,001,11986451,,,,U-3934,,,
214755,002,11986451,,,,U-3934,,,
214755,003,11986451,,,,U-3934,,,
214755,004,11986451,,,,U-3934,,,
214938,001,RE48267,,,,U-3927,,,
214938,002,RE48267,,,,U-3927,,,
214938,003,RE48267,,,,U-3927,,,
214938,001,8198242,,Y,Y,U-3927,,,
214938,002,8198242,,Y,Y,U-3927,,,
214938,003,8198242,,Y,Y,U-3927,,,
214938,001,10646550,,,Y,U-3927,,,
214938,002,10646550,,,Y,U-3927,,,
214938,003,10646550,,,Y,U-3927,,,
214835,001,11759416,,,,U-3939,,,
214835,002,11759416,,,,U-3939,,,
209500,001,11980617,,,,U-3940,,,
209500,002,11980617,,,,U-3940,,,
209500,003,11980617,,,,U-3940,,,
214835,001,11752094,,,,U-3942,,,
214835,002,11752094,,,,U-3942,,,
218347,001,8962629,,Y,,U-3946,,,
218347,001,8962629,,Y,,U-3945,,,
214510,001,11986456,,,,U-3947,,,
214787,002,11903953,,,,U-3833,,,
214787,002,11903953,,,,U-3834,,,
218160,001,10137124,,,,U-3949,,,
218160,002,10137124,,,,U-3949,,,
218160,003,10137124,,,,U-3949,,,
218160,004,10137124,,,,U-3949,,,
218160,001,10137124,,,,U-3950,,,
218160,002,10137124,,,,U-3950,,,
218160,003,10137124,,,,U-3950,,,
218160,004,10137124,,,,U-3950,,,
218160,001,10137124,,,,U-3951,,,
218160,002,10137124,,,,U-3951,,,
218160,003,10137124,,,,U-3951,,,
218160,004,10137124,,,,U-3951,,,
218160,001,10172851,,,,U-3949,,,
218160,002,10172851,,,,U-3949,,,
218160,003,10172851,,,,U-3949,,,
218160,004,10172851,,,,U-3949,,,
218160,001,10172851,,,,U-3950,,,
218160,001,10172851,,,,U-3951,,,
218160,002,10172851,,,,U-3950,,,
218160,002,10172851,,,,U-3951,,,
218160,003,10172851,,,,U-3950,,,
218160,003,10172851,,,,U-3951,,,
218160,004,10172851,,,,U-3951,,,
218160,004,10172851,,,,U-3950,,,
213246,001,10137124,,,,U-3949,,,
213246,002,10137124,,,,U-3949,,,
204275,002,7439393,,Y,Y,U-1691,,,
021937,001,9018192,,,,U-1170,,,
205596,001,9023790,,,Y,U-1698,,,
204275,002,8511304,,,Y,U-1691,,,
022410,004,9687454,,,Y,U-1464,,,
208325,003,9701712,,Y,Y,U-2014,,,
208383,001,8404724,,,Y,U-2034,,,
208383,002,8557852,,,,U-2030,,,
208383,001,9555023,,,,U-1502,,,
203752,001,9730900,,,,U-2086,,,
203752,004,9730900,,,,U-2086,,,
203469,001,9029533,,,,U-1701,,,
203469,001,9029533,,,,U-1699,,,
203469,003,9029533,,,,U-1283,,,
203469,003,9029533,,,,U-1700,,,
207533,002,8796276,,,,U-543,,,
022512,002,9034822,,,,U-1759,,,
022348,002,9295639,,,,U-1756,,,
021920,001,10022344,,,Y,U-1732,,,
210807,001,8486975,,Y,Y,U-2395,,,
210361,001,9744105,,,Y,U-2398,,,
210361,001,10004717,,,Y,U-2398,,,
211288,002,8623883,,,,U-1403,,,
206940,001,8344011,,,,U-1709,,,
204114,001,8703781,,Y,Y,U-2302,,,
204114,003,8703781,,Y,Y,U-2020,,,
202806,001,8703781,,Y,Y,U-2032,,,
202806,002,8703781,,Y,Y,U-2296,,,
204242,005,8470361,,,Y,U-1425,,,
202880,001,9333201,,,,U-1810,,,
204485,002,9744239,,,,U-1857,,,
206333,001,9636349,,,,U-1940,,,
208254,001,9931336,,Y,Y,U-1524,,,
209299,001,9266912,,,,U-2294,,,
022192,003,8652776,,,,U-1685,,,
203858,006,7932268,,,,U-1316,,,
206940,002,9115091,,Y,Y,U-1738,,,
204824,008,8945063,,,Y,U-1442,,,
204824,008,8579865,,,Y,U-1442,,,
208090,001,8758813,,,,U-1556,,,
208090,004,8758813,,,,U-1556,,,
208051,001,9139558,,,,U-2043,,,
202880,005,9333201,,,,U-1810,,,
202880,006,9333201,,,,U-1810,,,
204824,001,9421333,,,Y,U-1442,,,
204824,006,9421333,,,Y,U-1442,,,
209115,001,8859562,,,,U-2273,,,
209115,001,8071579,,,,U-2012,,,
209115,002,8071579,,,,U-2273,,,
206334,001,9682061,,,,U-1569,,,
211358,002,8324242,,,,U-2374,,,
211358,002,8846718,,,,U-2375,,,
210922,001,8741866,,,,U-2378,,,
208564,002,9180091,,,Y,U-2316,,,
210491,001,9974781,,,Y,U-2574,,,
202714,003,7491704,,,,U-2320,,,
203858,003,10016404,,,,U-1316,,,
208944,002,8796337,,,,U-2106,,,
208945,001,9180200,,,Y,U-805,,,
203389,002,9925156,,Y,Y,U-1399,,,
208090,001,9968598,,,Y,U-1556,,,
209299,001,7989448,,Y,,U-2294,,,
207947,007,9284280,,,,U-1831,,,
206439,003,8338486,,,,U-1641,,,
022117,003,7741358,,Y,Y,U-1893,,,
022201,001,9415085,,,,U-1895,,,
207793,001,9452162,,,,U-1899,,,
203312,001,9533046,,,Y,U-219,,,
203312,004,9533046,,,Y,U-219,,,
022081,001,8377933,,,,U-1754,,,
208090,001,9682075,,,Y,U-1556,,,
208694,001,8829005,,,,U-1680,,,
210365,001,9956185,,,,U-2425,,,
207925,001,8324242,,,,U-1311,,,
207925,001,8354427,,,,U-1905,,,
022410,003,9687454,,,Y,U-1464,,,
208383,001,8557852,,,,U-2030,,,
203469,001,9029533,,,,U-1283,,,
203469,002,9029533,,,,U-1699,,,
203469,003,9029533,,,,U-1699,,,
207533,001,9034867,,,Y,U-543,,,
207533,003,8796276,,,,U-543,,,
210806,001,8486975,,Y,Y,U-2394,,,
210361,001,8618160,,,Y,U-2398,,,
210589,001,9566260,,,Y,U-2366,,,
206940,002,8344011,,,,U-1709,,,
204114,001,8703781,,Y,Y,U-2037,,,
202806,001,8703781,,Y,Y,U-2298,,,
202880,004,9339499,,,,U-1810,,,
204485,002,9744209,,,,U-1857,,,
022068,003,8415363,,Y,Y,U-1407,,,
209299,002,8912170,,,,U-2294,,,
203858,005,8618135,,,,U-1316,,,
208623,001,10813921,,,,U-2371,,,
211281,001,10806743,,,,U-1516,,,
208564,001,10835487,,,,U-2316,,,
208564,001,10835487,,,,U-2317,,,
208564,002,10835487,,,,U-2317,,,
208564,002,10835487,,,,U-2316,,,
210861,001,10813936,,,,U-2987,,,
210861,002,10813936,,,,U-2987,,,
209863,001,10821072,,,Y,U-2418,,,
209863,002,10821072,,,Y,U-2418,,,
209863,003,10821072,,,Y,U-2418,,,
208294,001,8324266,,,,U-2889,,,
208294,001,10716753,,,Y,U-2889,,,
208294,001,9415009,,,,U-2889,,,
208054,001,10933147,,,,U-2450,,,
208294,001,8703806,,,,U-2889,,,
208294,001,8808713,,,Y,U-2889,,,
208294,001,9463161,,,Y,U-2889,,,
208294,001,8815258,,,,U-2889,,,
212045,001,10973814,,,Y,U-3110,,,
212045,001,10722510,,,Y,U-3110,,,
209241,003,10851104,,Y,,U-1995,,,
209241,003,10844058,,Y,Y,U-1995,,,
209241,003,10851103,,Y,Y,U-1995,,,
209241,003,10857137,,,,U-1995,,,
209241,003,10065952,,Y,Y,U-1995,,,
209241,003,10857148,,,,U-1995,,,
209241,003,10874648,,,,U-1995,,,
209241,003,10874648,,,,U-3046,,,
209241,003,10912771,,,,U-3076,,,
209241,003,10912771,,,,U-1995,,,
209241,003,10993941,,,,U-1995,,,
209241,003,10940141,,,,U-1995,,,
209241,003,8357697,,,,U-1995,,,
209241,003,10952997,,,,U-1995,,,
209241,001,10993941,,,,U-1995,,,
209241,002,10993941,,,,U-1995,,,
215430,001,11617728,,,,U-3419,,,
206111,001,9949997,,,,U-3533,,,
206111,002,9949997,,,,U-3533,,,
206111,003,9949997,,,,U-3533,,,
206111,004,9949997,,,,U-3533,,,
215430,001,11617747,,,,U-3563,,,
213586,001,9439905,,,Y,U-543,,,
213586,007,9439905,,,Y,U-543,,,
213586,006,9439905,,,Y,U-543,,,
213586,005,9439905,,,Y,U-543,,,
213586,004,9439905,,,Y,U-543,,,
213586,003,9439905,,,Y,U-543,,,
213586,002,9439905,,,Y,U-543,,,
213586,001,8221778,,,Y,U-543,,,
213586,007,8221778,,,Y,U-543,,,
213586,006,8221778,,,Y,U-543,,,
213586,005,8221778,,,Y,U-543,,,
213586,004,8221778,,,Y,U-543,,,
213586,003,8221778,,,Y,U-543,,,
213586,002,8221778,,,Y,U-543,,,
213586,001,8741327,,,Y,U-543,,,
213586,007,8741327,,,Y,U-543,,,
213586,006,8741327,,,Y,U-543,,,
213586,005,8741327,,,Y,U-543,,,
213586,004,8741327,,,Y,U-543,,,
213586,003,8741327,,,Y,U-543,,,
213586,002,8741327,,,Y,U-543,,,
214094,002,11618733,,,,U-3300,,,
214094,001,11618733,,,,U-3300,,,
217513,001,8835443,,,,U-3564,,,
217514,001,8835443,,,,U-3565,,,
217417,001,10702573,,Y,Y,U-3566,,,
217417,001,9526835,,Y,Y,U-3566,,,
217417,001,8722619,,Y,Y,U-3566,,,
217417,001,11197909,,Y,Y,U-3566,,,
217513,001,8703781,,Y,Y,U-3564,,,
213736,002,11628162,,,,U-3568,,,
213736,001,11628162,,,,U-3568,,,
213736,003,11628162,,,,U-3569,,,
213736,002,11628162,,,,U-3569,,,
213736,001,11628162,,,,U-3569,,,
213736,003,11628162,,,,U-3568,,,
213736,001,11628162,,,,U-3570,,,
213736,002,11628162,,,,U-3570,,,
213736,003,11628162,,,,U-3570,,,
213736,001,11628162,,,,U-3571,,,
213736,002,11628162,,,,U-3571,,,
213736,003,11628162,,,,U-3571,,,
022574,001,11617751,,,Y,U-1,,,
022574,001,11617751,,,Y,U-3572,,,
022532,001,11617751,,,Y,U-1,,,
022532,001,11617751,,,Y,U-3572,,,
022532,001,11617751,,,Y,U-3573,,,
022532,001,11617751,,,Y,U-3574,,,
217514,001,8703781,,Y,Y,U-3565,,,
215206,001,9499545,,Y,Y,U-3534,,,
215206,002,9499545,,Y,Y,U-3534,,,
215206,003,9499545,,Y,Y,U-3534,,,
215206,001,8754096,,Y,Y,U-3534,,,
215206,002,8754096,,Y,Y,U-3534,,,
215206,003,8754096,,Y,Y,U-3534,,,
217660,001,8354427,,,,U-3593,,,
217660,002,8354427,,,,U-3593,,,
217660,001,8324242,,,,U-3589,,,
217660,002,8324242,,,,U-3589,,,
208171,001,11633489,,,,U-3594,,,
022231,001,10335452,,,,U-3711,,,
216387,001,11771696,,,,U-3710,,,
213593,001,11771686,,,,U-623,,,
213217,001,10570139,,,,U-3860,,,
213217,001,11142528,,,Y,U-3860,,,
213217,001,11884674,,,,U-3860,,,
213246,001,10137124,,,,U-3950,,,
213246,001,10137124,,,,U-3951,,,
213246,002,10137124,,,,U-3951,,,
213246,002,10137124,,,,U-3950,,,
213246,001,10172851,,,,U-3949,,,
213246,001,10172851,,,,U-3950,,,
213246,001,10172851,,,,U-3951,,,
213246,002,10172851,,,,U-3951,,,
213246,002,10172851,,,,U-3949,,,
213246,002,10172851,,,,U-3950,,,
213246,001,10584124,,Y,,U-3949,,,
213246,001,10584124,,Y,,U-3950,,,
213246,001,10584124,,Y,,U-3951,,,
213246,002,10584124,,Y,,U-3951,,,
213246,002,10584124,,Y,,U-3950,,,
213246,002,10584124,,Y,,U-3949,,,
213246,001,10786489,,,Y,U-3949,,,
213246,001,10786489,,,Y,U-3951,,,
213246,001,10786489,,,Y,U-3950,,,
213246,002,10786489,,,Y,U-3950,,,
213246,002,10786489,,,Y,U-3949,,,
213246,002,10786489,,,Y,U-3951,,,
208352,001,11992472,,,,U-1,,,
215390,001,11998528,,,,U-3935,,,
215390,002,11998528,,,,U-3935,,,
217242,001,11992480,,,,U-3773,,,
215985,001,11992480,,,,U-3748,,,
211675,001,11993605,,,,U-3275,,,
211675,001,11993605,,,,U-3946,,,
211675,001,11993606,,,,U-3487,,,
212690,001,11986446,,,,U-3017,,,
212690,001,11986446,,,,U-3324,,,
021196,001,11986446,,,,U-3324,,,
216340,001,10689377,,Y,Y,U-3953,,,
216185,001,11337943,,,Y,U-3954,,,
216185,002,11337943,,,Y,U-3954,,,
216185,003,11337943,,,Y,U-3954,,,
214952,001,12005062,,,Y,U-3582,,,
214439,001,12005141,,,Y,U-3309,,,
214439,001,12005141,,,Y,U-3310,,,
209531,001,12013403,,,,U-1941,,,
209531,001,12013403,,,,U-1942,,,
209531,001,12013403,,,,U-1943,,,
209531,001,12013403,,,,U-1944,,,
209531,001,12013403,,,,U-2093,,,
209531,001,12013403,,,,U-2094,,,
213246,002,10172851,,,,U-3450,,,
217242,001,12005051,,,,U-3773,,,
218213,002,11452725,,,,U-3755,,,
218213,001,11452725,,,,U-3961,,,
218213,002,11452725,,,,U-3961,,,
217389,001,9956171,,,Y,U-3962,,,
217389,001,9062047,,Y,,U-3962,,,
208259,001,11020385,,,,U-1524,,,
208254,001,11020385,,,,U-1524,,,
207356,001,12016873,,,,U-2414,,,
214665,003,11827635,,Y,Y,U-3306,,,
214665,003,11426404,,,,U-3306,,,
214665,003,11236091,,Y,Y,U-3306,,,
215390,001,11890272,,,,U-3935,,,
215390,002,11890272,,,,U-3935,,,
217677,001,12036207,,,,U-3754,,,
217677,002,12036207,,,,U-3754,,,
217677,003,12036207,,,,U-3754,,,
215985,002,9907788,,,,U-3970,,,
211230,001,12036194,,,,U-3693,,,
211230,002,12036194,,,,U-3693,,,
217026,001,11827600,,Y,Y,U-3556,,,
214662,001,11229647,,,,U-3974,,,
214662,001,11376251,,,,U-3974,,,
214662,001,11260053,,,,U-3974,,,
214662,001,11918578,,,,U-3974,,,
214662,001,11497745,,,,U-3974,,,
213973,001,12064422,,,,U-3219,,,
206333,001,9522155,,,Y,U-1940,,,
207793,001,9492442,,,,U-1899,,,
201292,003,9539258,,,,U-1950,,,
022406,001,9539218,,,,U-2143,,,
209935,001,9868739,,,,U-2505,,,
022504,001,9289586,,,,U-1390,,,
203858,001,9364470,,,,U-1851,,,
203858,005,9364470,,,,U-1851,,,
208026,001,9173859,,,Y,U-1503,,,
208026,001,8673927,,,,U-1503,,,
022036,001,9486437,,,,U-620,,,
209115,003,8071579,,,,U-2012,,,
209115,003,8859562,,,,U-2012,,,
206030,001,9629797,,,,U-2006,,,
202788,001,9289387,,,Y,U-55,,,
202788,007,9289387,,,Y,U-55,,,
202788,004,9642797,,,Y,U-55,,,
202788,006,9642797,,,Y,U-55,,,
205123,001,9623022,,,,U-1467,,,
202810,001,9119791,,,,U-2041,,,
206307,001,9119859,,,,U-1679,,,
207620,002,9388134,,,,U-1723,,,
209531,001,8980853,,,,U-1941,,,
022387,001,9358240,,,,U-1849,,,
201635,001,9555004,,,Y,U-1675,,,
201635,003,9555004,,,Y,U-1675,,,
207793,001,9717724,,,,U-1848,,,
020845,003,9770570,,,,U-2148,,,
209501,001,8945620,,,Y,U-2137,,,
209501,003,8945620,,,Y,U-2137,,,
209092,001,9868739,,,,U-1981,,,
207078,001,9861658,,,,U-2312,,,
206276,001,8791154,,,Y,U-1680,,,
022192,001,8999638,,,,U-1674,,,
022192,005,8999638,,,,U-1674,,,
208624,001,8188104,,Y,Y,U-1636,,,
206439,003,8058291,,,,U-1641,,,
206439,003,8580858,,,,U-1641,,,
207999,002,10047117,,,,U-1854,,,
207533,002,10112903,,Y,,U-543,,,
206099,001,10124132,,,Y,U-1719,,,
022517,002,10137167,,,,U-2327,,,
211580,001,8647605,,,,U-2464,,,
211710,001,9676783,,,,U-2469,,,
210861,002,8865698,,,,U-2469,,,
210861,002,9782414,,,,U-2475,,,
208277,001,6949571,,Y,Y,U-2429,,,
204824,006,8480631,,,Y,U-1442,,,
208743,001,8748382,,,,U-2009,,,
204623,001,9415029,,,,U-1614,,,
208079,001,9439911,,,Y,U-1858,,,
209115,002,8071579,,,,U-2012,,,
209115,001,8143241,,,,U-2273,,,
020866,001,9522117,,,Y,U-976,,,
207793,001,9492442,,,,U-1848,,,
201292,002,9539258,,,,U-1950,,,
207997,001,8575146,,,,U-2008,,,
207997,001,7973031,,,,U-2007,,,
208411,002,9707226,,,Y,U-1903,,,
204820,001,8927607,,,,U-1020,,,
206162,001,8859562,,,,U-1634,,,
203858,004,9364470,,,,U-1851,,,
209115,003,8071579,,,,U-2273,,,
204623,001,9339552,,,Y,U-1488,,,
201635,002,9555004,,,Y,U-1675,,,
207793,001,9730891,,,,U-1848,,,
209501,003,8945620,,,Y,U-2136,,,
022013,001,8962000,,,Y,U-1410,,,
206439,004,8580858,,,,U-1641,,,
208624,001,10105365,,,Y,U-1889,,,
209816,001,10124014,,,,U-2449,,,
203389,001,10143665,,,,U-1399,,,
210861,001,9447104,,,,U-2470,,,
204447,002,9278096,,,,U-2436,,,
210910,001,8741948,,,Y,U-2448,,,
209115,002,10130636,,,,U-2012,,,
209963,001,10149843,,,,U-2479,,,
050819,002,10137142,,,Y,U-916,,,
208901,001,9713642,,,,U-2453,,,
207533,001,10226458,,,,U-543,,,
022036,001,10238620,,,,U-620,,,
209022,001,10300229,,,Y,U-2133,,,
210565,001,9737491,,,,U-2492,,,
210259,001,10167291,,,Y,U-2145,,,
203389,002,10328037,,,,U-1399,,,
210491,002,10239867,,Y,Y,U-2569,,,
022561,001,8377903,,,,U-2522,,,
206940,002,10213415,,Y,,U-2152,,,
207027,002,7547719,,Y,Y,U-1306,,,
205435,001,9624250,,Y,Y,U-2507,,,
208564,002,10258630,,,,U-2317,,,
209816,001,10835542,,,,U-2576,,,
209817,001,10835542,,,,U-2576,,,
205934,001,10842770,,,Y,U-2998,,,
205934,002,10842770,,,Y,U-2998,,,
205934,003,10842770,,,Y,U-2998,,,
213378,001,11351166,,,,U-3140,,,
213378,002,11351166,,,,U-3140,,,
214522,001,11382917,,,Y,U-3397,,,
213378,003,11351166,,,,U-3140,,,
213378,004,11351166,,,,U-3140,,,
213378,001,11351166,,,,U-3141,,,
213378,002,11351166,,,,U-3141,,,
213378,003,11351166,,,,U-3141,,,
213378,004,11351166,,,,U-3141,,,
208171,002,11633489,,,,U-3594,,,
208171,003,11633489,,,,U-3594,,,
217660,001,11426407,,Y,Y,U-3595,,,
217660,002,11426407,,Y,Y,U-3595,,,
217660,001,10022352,,,Y,U-3596,,,
217660,002,10022352,,,Y,U-3596,,,
217660,001,9931334,,,Y,U-3591,,,
217660,002,9931334,,,Y,U-3591,,,
217660,001,11179367,,,Y,U-3597,,,
217660,002,11179367,,,Y,U-3597,,,
217660,001,11147770,,,Y,U-3598,,,
217660,002,11147770,,,Y,U-3598,,,
217660,001,10272046,,,Y,U-3599,,,
217660,002,10272046,,,Y,U-3599,,,
217660,001,10081621,,,Y,U-3600,,,
217660,002,10081621,,,Y,U-3600,,,
217006,001,11638757,,,Y,U-3245,,,
217006,002,11638757,,,Y,U-814,,,
217006,001,11638757,,,Y,U-814,,,
217006,002,11638757,,,Y,U-3245,,,
217006,001,11097007,,,Y,U-3245,,,
217006,002,11097007,,,Y,U-814,,,
217006,001,11097007,,,Y,U-814,,,
217006,002,11097007,,,Y,U-3245,,,
217006,001,10517951,,,Y,U-3245,,,
217006,002,10517951,,,Y,U-814,,,
217006,001,10517951,,,Y,U-814,,,
217006,002,10517951,,,Y,U-3245,,,
217006,001,8338427,,,Y,U-1530,,,
217006,002,8338427,,,Y,U-1530,,,
214755,001,10952986,,,,U-3601,,,
214755,002,10952986,,,,U-3601,,,
214755,003,10952986,,,,U-3601,,,
214755,004,10952986,,,,U-3601,,,
212839,001,11654133,,,,U-3610,,,
212839,006,11654133,,,,U-3610,,,
212839,005,11654133,,,,U-3610,,,
212839,004,11654133,,,,U-3610,,,
212839,003,11654133,,,,U-3610,,,
212839,002,11654133,,,,U-3610,,,
020263,009,9617303,,,,U-3611,,,
213260,001,11654106,,,Y,U-3612,,,
213260,001,11654106,,,Y,U-3613,,,
212304,001,11648214,,,Y,U-3334,,,
212304,002,11648214,,,Y,U-3334,,,
208623,001,11666564,,,,U-2371,,,
216675,001,10576154,,,,U-1900,,,
216675,001,10507132,,,,U-1900,,,
216675,001,10449164,,,,U-1900,,,
216675,001,10369117,,,,U-1900,,,
217188,001,11541034,,,,U-3629,,,
217188,001,11351149,,Y,Y,U-3629,,,
215014,001,11661441,,Y,,U-3124,,,
217470,001,11458091,,,Y,U-3630,,,
217171,001,11661441,,Y,,U-3540,,,
215331,001,11679119,,,,U-3632,,,
215331,001,11679119,,,,U-3633,,,
215331,002,11679119,,,,U-3632,,,
215331,002,11679119,,,,U-3633,,,
203565,001,11364260,,,,U-3637,,,
203565,002,11364260,,,,U-3637,,,
203565,003,11364260,,,,U-3637,,,
203565,004,11364260,,,,U-3637,,,
216974,001,10376499,,,Y,U-2840,,,
216974,001,9968593,,,Y,U-2840,,,
216974,001,9623014,,,,U-2840,,,
214876,001,11673877,,,Y,U-3646,,,
214876,003,11673877,,,Y,U-3647,,,
214876,002,11673877,,,Y,U-3647,,,
214876,001,11673877,,,Y,U-3647,,,
214876,003,11673877,,,Y,U-3646,,,
214876,002,11673877,,,Y,U-3646,,,
208447,001,11673877,,,Y,U-3646,,,
208447,001,11673877,,,Y,U-3647,,,
215498,001,11365182,,,,U-3648,,,
215498,002,11365182,,,,U-3648,,,
215498,003,11365182,,,,U-3648,,,
215498,004,11365182,,,,U-3648,,,
215498,001,10981952,,,,U-3648,,,
215498,001,10981952,,,,U-3649,,,
215422,001,11491125,,,Y,U-3488,,,
215422,003,11491125,,,Y,U-3489,,,
215422,002,11491125,,,Y,U-3489,,,
215422,001,11491125,,,Y,U-3489,,,
215422,003,11491125,,,Y,U-3488,,,
215422,002,11491125,,,Y,U-3488,,,
208232,001,11510963,,,,U-2857,,,
202611,001,10842780,,,Y,U-3670,,,
202611,002,10842780,,,Y,U-3670,,,
022272,001,12060361,,,Y,U-1556,,,
022272,002,12060361,,,Y,U-1556,,,
022272,003,12060361,,,Y,U-1556,,,
022272,004,12060361,,,Y,U-1556,,,
022272,005,12060361,,,Y,U-1556,,,
022272,006,12060361,,,Y,U-1556,,,
022272,007,12060361,,,Y,U-1556,,,
209092,001,9868739,,,,U-3975,,,
217900,001,11919907,,,Y,U-3976,,,
217900,001,10561659,,,,U-3976,,,
215515,001,12049628,,Y,Y,U-3396,,,
214697,001,11918655,,,Y,U-3979,,,
214697,001,11744895,,,,U-3979,,,
214697,001,11717571,,,,U-3979,,,
214697,001,11191838,,,Y,U-3979,,,
214697,001,11173209,,,,U-3979,,,
214697,001,10682414,,,,U-3979,,,
213411,001,12048698,,,,U-3783,,,
213411,002,12048698,,,,U-3783,,,
218590,001,11865112,,,Y,U-3630,,,
206406,001,12083103,,,,U-2678,,,
206406,002,12083103,,,,U-2678,,,
206406,003,12083103,,,,U-2678,,,
211746,001,12064442,,,,U-3297,,,
216490,001,11857603,,,,U-3982,,,
216490,002,11857603,,,,U-3982,,,
216490,003,11857603,,,,U-3982,,,
216490,001,11590207,,,,U-3982,,,
216490,002,11590207,,,,U-3982,,,
216490,003,11590207,,,,U-3982,,,
216490,001,8906847,,Y,Y,U-3982,,,
216490,002,8906847,,Y,Y,U-3982,,,
216490,003,8906847,,Y,Y,U-3982,,,
211358,001,12065432,,,,U-3983,,,
211358,003,12065432,,,,U-3983,,,
211358,002,12065432,,,,U-3983,,,
206038,001,12065432,,,,U-3984,,,
206038,002,12065432,,,,U-3984,,,
219008,001,9593098,,Y,Y,U-3985,,,
219008,002,9593098,,Y,Y,U-3985,,,
219008,001,11981659,,,,U-3985,,,
219008,002,11981659,,,,U-3985,,,
219008,001,11850248,,,,U-3985,,,
219008,002,11850248,,,,U-3985,,,
210365,001,12064399,,,,U-3988,,,
210365,001,12064399,,,,U-3989,,,
219008,001,11879013,,,,U-3985,,,
219008,002,11879013,,,,U-3985,,,
218139,001,11224572,,,Y,U-3990,,,
218139,001,11224572,,,Y,U-3991,,,
217469,001,12059449,,,Y,U-1483,,,
214621,001,12097198,,,,U-3020,,,
202107,001,12097210,,,,U-1643,,,
217900,001,12076323,,,,U-3976,,,
217225,001,12016875,,,,U-3673,,,
218037,001,12076319,,,,U-3933,,,
218037,002,12076319,,,,U-3933,,,
215830,001,12077533,,,,U-3994,,,
209022,001,12083270,,,,U-2133,,,
202611,001,12097189,,,,U-2996,,,
202611,002,12097189,,,,U-2996,,,
202611,001,12097189,,,,U-3670,,,
202611,002,12097189,,,,U-3670,,,
213591,001,12084449,,,,U-2813,,,
213591,002,12084449,,,,U-2813,,,
020517,003,9617303,,,,U-4001,,,
208623,001,12109205,,Y,,U-2371,,,
215206,003,12090148,,,,U-3534,,,
213224,001,11246991,,,,U-4007,,,
213224,001,11246991,,,,U-4008,,,
213224,001,11246991,,,,U-4009,,,
213224,001,11534553,,,,U-4007,,,
213224,001,11534553,,,,U-4008,,,
213224,001,11534553,,,,U-4009,,,
208065,001,8946235,,Y,Y,U-4010,,,
208065,002,8946235,,Y,Y,U-4010,,,
208065,001,9732058,,Y,Y,U-4010,,,
208065,002,9732058,,Y,Y,U-4010,,,
208065,001,10183020,,,Y,U-4010,,,
208065,002,10183020,,,Y,U-4010,,,
217604,001,11478425,,,Y,U-4012,,,
212102,001,12097206,,,,U-4013,,,
214783,001,12097202,,,,U-4014,,,
206940,001,12097187,,,,U-3475,,,
216158,001,11890378,,,Y,U-3513,,,
216158,003,11890378,,,Y,U-3513,,,
216158,002,11890378,,,Y,U-3513,,,
216158,001,11471413,,,,U-3513,,,
216158,003,11471413,,,,U-3513,,,
216158,002,11471413,,,,U-3513,,,
216158,001,11452692,,,,U-3513,,,
216158,003,11452692,,,,U-3513,,,
216158,002,11452692,,,,U-3513,,,
216158,001,10933020,,,Y,U-3513,,,
208686,001,10154987,,,,U-1723,,,
202880,004,10092559,,,,U-55,,,
204447,001,9278096,,,,U-2436,,,
205474,001,10105324,,Y,Y,U-2023,,,
210598,001,8053448,,,,U-2440,,,
210598,001,7585879,,Y,Y,U-2440,,,
209022,001,10124132,,,Y,U-2133,,,
209115,001,10130636,,,,U-2012,,,
209115,003,10130636,,,,U-2273,,,
207946,003,10143693,,,,U-2457,,,
207946,004,10143693,,,,U-2458,,,
209963,001,10149843,,,,U-2478,,,
207078,001,9913860,,Y,,U-2312,,,
210132,001,9301920,,,Y,U-2439,,,
209128,001,8535714,,,Y,U-1351,,,
209128,001,8778394,,,,U-1351,,,
210365,001,10137095,,,,U-2455,,,
202107,001,10166242,,,,U-1643,,,
207533,002,10226458,,,,U-543,,,
207533,002,10238651,,,,U-2402,,,
201688,001,10207066,,,Y,U-909,,,
208658,001,10258637,,,,U-2290,,,
206111,002,10258637,,,,U-2290,,,
206073,002,10258637,,,,U-2290,,,
210565,001,9827191,,,Y,U-2493,,,
211230,001,8877806,,,,U-2548,,,
211230,002,8877806,,,,U-2548,,,
207078,001,10335432,,,,U-2312,,,
209637,001,10335462,,,,U-2580,,,
208653,003,9132125,,Y,Y,U-2249,,,
212819,001,8487093,,Y,Y,U-2586,,,
210874,001,8501698,,,Y,U-493,,,
210874,003,6515117,,Y,Y,U-493,,,
210874,004,8501698,,,Y,U-493,,,
206829,001,10028963,,,,U-2565,,,
209816,001,9265740,,,Y,U-1569,,,
209817,001,9724358,,,,U-1569,,,
050819,001,10220049,,,Y,U-916,,,
212038,002,10292939,,,Y,U-2357,,,
212038,006,10292939,,,Y,U-2357,,,
210595,001,10085974,,,Y,U-2513,,,
209449,001,10328029,,,Y,U-1836,,,
209360,002,10335451,,,,U-2581,,,
202107,001,10231983,,,,U-1643,,,
206089,003,8492369,,,Y,U-2506,,,
205436,001,9624250,,Y,Y,U-2507,,,
210491,001,10239867,,Y,Y,U-2512,,,
209964,001,7879842,,Y,Y,U-1694,,,
212161,001,9770441,,Y,Y,U-2524,,,
212161,001,7214696,,,,U-2524,,,
207925,001,10272046,,,Y,U-2531,,,
211371,001,10251894,,,,U-2552,,,
205934,001,9763880,,,,U-2563,,,
205934,001,9763880,,,,U-2561,,,
205934,002,9763880,,,,U-2558,,,
205934,003,9763880,,,,U-2564,,,
205934,003,9763880,,,,U-2561,,,
209862,001,10322239,,,,U-1907,,,
201635,002,10314790,,,Y,U-1675,,,
201635,004,10314790,,,Y,U-1675,,,
205108,001,10206895,,,Y,U-2494,,,
214907,001,9333270,,Y,Y,U-3291,,,
205934,001,9763880,,,,U-2562,,,
205934,002,9763880,,,,U-2559,,,
205934,003,9763880,,,,U-2560,,,
210326,001,10188663,,,Y,U-2540,,,
201635,001,10314790,,,Y,U-1992,,,
211962,002,10039804,,,Y,U-282,,,
212038,004,10111839,,,,U-2357,,,
202107,001,10195214,,,,U-1643,,,
208065,001,10183020,,,Y,U-2289,,,
208573,001,9539251,,,,U-2538,,,
210557,001,9700592,,,,U-2568,,,
209531,001,10266822,,,,U-1943,,,
203284,001,10183005,,,,U-1816,,,
209311,002,10292937,,,,U-2357,,,
022474,001,10159681,,,,U-2510,,,
210491,002,8629162,,,,U-2247,,,
210491,002,9974781,,,Y,U-2574,,,
204370,001,RE47350,,,,U-2544,,,
210361,001,10548875,,Y,Y,U-2398,,,
202107,001,10660904,,,,U-1643,,,
210660,001,10478453,,,Y,U-2752,,,
210660,001,10583155,,,Y,U-2752,,,
202057,001,10576054,,,,U-2762,,,
211911,001,8206737,,,,U-2759,,,
211911,001,8673341,,,,U-2759,,,
211911,001,9980974,,,,U-2759,,,
202057,002,10576054,,,,U-2762,,,
212268,001,10583121,,,Y,U-2763,,,
212268,002,10583121,,,Y,U-2763,,,
212268,003,10583121,,,Y,U-2763,,,
208219,001,10596107,,,Y,U-2764,,,
208254,001,10532993,,,,U-1524,,,
210884,001,10603305,,,Y,U-1719,,,
212801,001,8609862,,,,U-2770,,,
212801,002,8609862,,,,U-2770,,,
212801,003,8609862,,,,U-2770,,,
203858,001,10555938,,,,U-1316,,,
203858,002,10555938,,,,U-1316,,,
203858,003,10555938,,,,U-1316,,,
203858,004,10555938,,,,U-1316,,,
203858,005,10555938,,,,U-1316,,,
203858,006,10555938,,,,U-1316,,,
203340,002,10342787,,,Y,U-2804,,,
203340,002,10576070,,,Y,U-2804,,,
204485,003,10010575,,,,U-1857,,,
204485,003,9925233,,,,U-1857,,,
204485,004,9925233,,,,U-1857,,,
204485,004,10010575,,,,U-1857,,,
204485,003,9974827,,,,U-1857,,,
204485,003,9968649,,,,U-1857,,,
204485,003,9962422,,,,U-1857,,,
204485,003,9925234,,,,U-1857,,,
204485,003,9981006,,,,U-1857,,,
204485,004,9968649,,,,U-1857,,,
204485,004,9925234,,,,U-1857,,,
204485,004,9962422,,,,U-1857,,,
204485,004,9974827,,,,U-1857,,,
204485,004,9981006,,,,U-1857,,,
208944,001,10646456,,,,U-2808,,,
208944,002,10646456,,,,U-2808,,,
209819,002,10646484,,,,U-2489,,,
022416,001,10675287,,,,U-2831,,,
022416,001,10675287,,,,U-2041,,,
022416,002,10675287,,,,U-2831,,,
022416,002,10675287,,,,U-2041,,,
022416,003,10675287,,,,U-2831,,,
022416,003,10675287,,,,U-2041,,,
022416,004,10675287,,,,U-2041,,,
022416,004,10675287,,,,U-2831,,,
020866,001,10688094,,,,U-2871,,,
020866,001,10688094,,,,U-2872,,,
020866,001,10688094,,,,U-2875,,,
020866,001,10688094,,,,U-2870,,,
020866,001,10688094,,,,U-2873,,,
020866,001,10688094,,,,U-2874,,,
020866,001,10688094,,,,U-2876,,,
020866,001,10688094,,,,U-2881,,,
020866,001,10688094,,,,U-2878,,,
020866,001,10688094,,,,U-2877,,,
020866,001,10688094,,,,U-2880,,,
020866,001,10688094,,,,U-2879,,,
020866,001,10688094,,,,U-2887,,,
020866,001,10688094,,,,U-2885,,,
020866,001,10688094,,,,U-2884,,,
020866,001,10688094,,,,U-2882,,,
020866,001,10688094,,,,U-2883,,,
206099,001,11571531,,,,U-1809,,,
215498,002,10981952,,,,U-3649,,,
215498,002,10981952,,,,U-3648,,,
215498,003,10981952,,,,U-3648,,,
215498,003,10981952,,,,U-3649,,,
215498,004,10981952,,,,U-3648,,,
215498,004,10981952,,,,U-3649,,,
215498,001,10487111,,,,U-3648,,,
215498,002,10487111,,,,U-3648,,,
215498,003,10487111,,,,U-3648,,,
215498,004,10487111,,,,U-3648,,,
214755,004,11602513,,,,U-3576,,,
202860,001,11672938,,,,U-3037,,,
209354,001,11679115,,,Y,U-2625,,,
211651,001,10780088,,,,U-3651,,,
211651,003,10780088,,,,U-3651,,,
211651,005,10780088,,,,U-3651,,,
211651,006,10780088,,,,U-3651,,,
022306,001,11696902,,,,U-2769,,,
210450,001,11690854,,,,U-3653,,,
210450,001,11690845,,,,U-3654,,,
210450,002,11690845,,,,U-3654,,,
207981,001,RE46284,,,,U-3656,,,
207981,002,RE46284,,,,U-3656,,,
214439,001,11723866,,,Y,U-3309,,,
214439,001,11723866,,,Y,U-3311,,,
214439,001,11723866,,,Y,U-3310,,,
202057,002,11717504,,,,U-3669,,,
202057,001,11717504,,,,U-3669,,,
202611,001,11707451,,,,U-2996,,,
202611,002,11707451,,,,U-2996,,,
202611,001,11707451,,,,U-3670,,,
202611,002,11707451,,,,U-3670,,,
217722,001,11020343,,,,U-3671,,,
215430,001,11730706,,,,U-3419,,,
201848,001,10569004,,,,U-3680,,,
201848,001,10569004,,,,U-3683,,,
215430,001,11717518,,,,U-3419,,,
204629,001,11666590,,,,U-3691,,,
212306,001,11746102,,,,U-2855,,,
212306,001,11746102,,,,U-2584,,,
212306,001,11746102,,,,U-3018,,,
212306,002,11746102,,,,U-2584,,,
212306,003,11746102,,,,U-2584,,,
212306,004,11746102,,,,U-2584,,,
212306,002,11746102,,,,U-2855,,,
212306,003,11746102,,,,U-2855,,,
212306,004,11746102,,,,U-2855,,,
212306,002,11746102,,,,U-3018,,,
212306,003,11746102,,,,U-3018,,,
212306,004,11746102,,,,U-3018,,,
217581,001,7825137,,,,U-3057,,,
217581,001,7825137,,,,U-3403,,,
217581,001,7825137,,,,U-3058,,,
217581,002,7825137,,,,U-3057,,,
217581,002,7825137,,,,U-3058,,,
217581,002,7825137,,,,U-3403,,,
217581,003,7825137,,,,U-3403,,,
217581,003,7825137,,,,U-3057,,,
217581,003,7825137,,,,U-3058,,,
208558,002,8071579,,,,U-3695,,,
208558,001,8143241,,,,U-3695,,,
208558,002,8143241,,,,U-3695,,,
208558,001,8859562,,,,U-3695,,,
208558,002,8859562,,,,U-3695,,,
217660,001,11752106,,,Y,U-3696,,,
217660,002,11752106,,,Y,U-3696,,,
207925,001,11752106,,,Y,U-3697,,,
207925,002,11752106,,,Y,U-3697,,,
207925,003,11752106,,,Y,U-3697,,,
207925,004,11752106,,,Y,U-3697,,,
207925,005,11752106,,,Y,U-3697,,,
212102,001,11759440,,,,U-3694,,,
215390,001,11786508,,,,U-3698,,,
215390,002,11786508,,,,U-3698,,,
021164,001,7538116,,,,U-3699,,,
021164,002,7538116,,,,U-3699,,,
021164,003,7538116,,,,U-3699,,,
021164,004,7538116,,,,U-3699,,,
210365,001,11766411,,,,U-2781,,,
211675,001,11767326,,,,U-3298,,,
211675,002,11767326,,,,U-3298,,,
214755,001,11779557,,,,U-3705,,,
214755,004,11779557,,,,U-3705,,,
211039,001,10632197,,,Y,U-2755,,,
210296,001,9511043,,,,U-1384,,,
210296,001,9326965,,,,U-1384,,,
210296,001,9814692,,,,U-1384,,,
210296,001,9636318,,,,U-1384,,,
210296,001,9814691,,,,U-1384,,,
210296,001,10105336,,,Y,U-1384,,,
210296,001,9820961,,,Y,U-1384,,,
210296,001,10098863,,,Y,U-1384,,,
213535,001,9969754,,Y,Y,U-1943,,,
211994,001,11234985,,,Y,U-257,,,
214665,001,11236091,,Y,Y,U-3306,,,
208078,001,11274332,,,,U-2956,,,
208078,001,11274331,,,,U-2956,,,
019734,004,8455524,,,,U-1029,,,
022058,001,8062652,,,,U-1197,,,
022205,001,8497256,,,,U-1229,,,
211962,002,10188697,,,Y,U-282,,,
211962,004,10039804,,,Y,U-282,,,
212038,001,10111839,,,,U-2357,,,
212038,005,10111839,,,,U-2357,,,
202107,001,10314850,,,,U-1643,,,
208799,006,9066957,,,Y,U-645,,,
211225,001,8377921,,,,U-1179,,,
202810,003,10220042,,,,U-2501,,,
209022,001,10179216,,,Y,U-2133,,,
208692,001,10034873,,,,U-2488,,,
209410,002,10213393,,,,U-20,,,
206619,001,10201542,,,Y,U-1753,,,
210861,002,10285993,,,,U-2470,,,
210557,001,10286034,,,,U-2568,,,
208259,001,8394826,,Y,Y,U-1524,,,
211929,001,10172802,,,,U-2554,,,
210884,001,9610280,,,Y,U-1719,,,
208400,001,10231927,,,,U-1349,,,
209203,001,10183012,,,,U-2104,,,
203284,001,10183006,,,,U-1816,,,
209606,001,10294215,,,Y,U-2087,,,
209606,002,10294215,,,Y,U-2087,,,
209311,004,10292937,,,,U-2357,,,
022433,002,10300065,,,,U-2542,,,
022483,001,10238644,,,,U-68,,,
210491,002,10022352,,,Y,U-2573,,,
210491,002,9012496,,,,U-2248,,,
210491,002,9974781,,,Y,U-2318,,,
208090,002,10188644,,,Y,U-1556,,,
209184,001,RE43711,,,,U-2484,,,
205122,001,10363224,,,,U-766,,,
205122,005,10363224,,,,U-766,,,
211367,001,9603860,,,,U-2553,,,
208552,001,10335391,,,,U-2567,,,
206255,001,10206939,,,,U-1631,,,
204370,001,RE47350,,,,U-2545,,,
019734,002,7659291,,,,U-1029,,,
022036,001,10548871,,,,U-620,,,
022036,002,10548871,,,,U-620,,,
206406,001,8664239,,,,U-2678,,,
206406,002,8664239,,,,U-2678,,,
206406,003,8664239,,,,U-2678,,,
211039,001,10293047,,,Y,U-2755,,,
211367,001,10603281,,,,U-2553,,,
209606,001,10610125,,,,U-2087,,,
209606,002,10610125,,,,U-2087,,,
209296,001,10624850,,,,U-2161,,,
209311,001,10617651,,,,U-2357,,,
209311,002,10617651,,,,U-2357,,,
209311,003,10617651,,,,U-2357,,,
209311,004,10617651,,,,U-2357,,,
209311,005,10617651,,,,U-2357,,,
208254,001,10654844,,Y,Y,U-1524,,,
208259,001,10654844,,Y,Y,U-1524,,,
210563,004,10653696,,,,U-1456,,,
209115,001,8071579,,,,U-2830,,,
209115,002,8071579,,,,U-2830,,,
209115,003,8071579,,,,U-2830,,,
209115,001,8143241,,,,U-2830,,,
209115,002,8143241,,,,U-2830,,,
209115,003,8143241,,,,U-2830,,,
209115,001,8859562,,,,U-2830,,,
209115,002,8859562,,,,U-2830,,,
209115,003,8859562,,,,U-2830,,,
209115,001,10130636,,,,U-2830,,,
209115,002,10130636,,,,U-2830,,,
209115,003,10130636,,,,U-2830,,,
020866,001,10688094,,,,U-2888,,,
020866,001,10688094,,,,U-2886,,,
213674,001,8183274,,,,U-2345,,,
213674,001,8183274,,,,U-2708,,,
213674,001,9126941,,,,U-2708,,,
213674,001,9126941,,,,U-2345,,,
213674,002,8183274,,,,U-2708,,,
213674,002,8183274,,,,U-2345,,,
213674,002,9126941,,,,U-2708,,,
213674,002,9126941,,,,U-2345,,,
210563,003,10751342,,,,U-1946,,,
210563,001,10751342,,,,U-2944,,,
210563,001,10751342,,,,U-1946,,,
210563,001,10751342,,,,U-2943,,,
210563,002,10751342,,,,U-2944,,,
210563,002,10751342,,,,U-1946,,,
210563,002,10751342,,,,U-2943,,,
210563,002,10751342,,,,U-1491,,,
210563,003,10751342,,,,U-1491,,,
210563,003,10751342,,,,U-2944,,,
210563,003,10751342,,,,U-2943,,,
210563,004,10751342,,,,U-2943,,,
210563,004,10751342,,,,U-2944,,,
210563,004,10751342,,,,U-1946,,,
210563,004,10751342,,,,U-1491,,,
207999,001,10758549,,,,U-2945,,,
207999,002,10758549,,,,U-2945,,,
205552,001,10751342,,,,U-2944,,,
205552,001,10751342,,,,U-1946,,,
205552,001,10751342,,,,U-1491,,,
205552,001,10751342,,,,U-2943,,,
205552,002,10751342,,,,U-1946,,,
205552,002,10751342,,,,U-2944,,,
205552,002,10751342,,,,U-1491,,,
205552,002,10751342,,,,U-2943,,,
212725,001,10738037,,Y,Y,U-2946,,,
212725,002,10738037,,Y,Y,U-2946,,,
202714,003,7491704,,,,U-2947,,,
202714,003,8129346,,,,U-2947,,,
202714,003,8207127,,,,U-2947,,,
209637,002,10335462,,,,U-2580,,,
022264,005,9439906,,,,U-1901,,,
212576,001,8618075,,,,U-2864,,,
212576,001,8618075,,,,U-2867,,,
212576,001,8268800,,Y,,U-2866,,,
212576,001,8268800,,Y,,U-2865,,,
212576,001,8268800,,Y,,U-2864,,,
212576,001,8268800,,Y,,U-2867,,,
022201,001,10729739,,,,U-1978,,,
022201,002,10729739,,,,U-1978,,,
208090,001,10668060,,,Y,U-1556,,,
208090,002,10668060,,,Y,U-1556,,,
208090,003,10668060,,,Y,U-1556,,,
208090,004,10668060,,,Y,U-1556,,,
208090,005,10668060,,,Y,U-1556,,,
211280,001,11053214,,Y,Y,U-1719,,,
211280,002,11053214,,Y,Y,U-1719,,,
211280,003,11053214,,Y,Y,U-1719,,,
211280,003,7423050,,Y,Y,U-1719,,,
215457,001,10322239,,,,U-1907,,,
215457,001,10143792,,,,U-2476,,,
215457,001,9474869,,,Y,U-1907,,,
022306,001,10512620,,,,U-3547,,,
022145,001,8852632,,Y,Y,U-257,,,
022145,001,8771733,,Y,Y,U-257,,,
022145,002,8771733,,Y,Y,U-257,,,
215430,001,11596627,,,,U-3419,,,
216354,001,11648244,,,,U-1995,,,
216354,003,11648244,,,,U-1995,,,
216354,002,11648244,,,,U-1995,,,
208082,001,11648244,,,,U-1995,,,
208082,002,11648244,,,,U-1995,,,
208082,003,11648244,,,,U-1995,,,
216023,001,11413360,,Y,,U-3614,,,
216023,001,11413360,,Y,,U-3615,,,
216951,001,11649217,,,Y,U-3535,,,
216951,005,11649217,,,Y,U-3535,,,
216951,004,11649217,,,Y,U-3535,,,
216951,003,11649217,,,Y,U-3535,,,
216951,002,11649217,,,Y,U-3535,,,
216951,001,11643397,,Y,,U-3535,,,
216951,005,11643397,,Y,,U-3535,,,
216951,004,11643397,,Y,,U-3535,,,
216951,003,11643397,,Y,,U-3535,,,
216951,002,11643397,,Y,,U-3535,,,
216578,001,10836768,,,,U-3621,,,
216578,001,9987274,,,,U-3622,,,
216578,001,9422299,,Y,Y,U-3622,,,
204275,003,7439393,,Y,Y,U-3623,,,
204275,003,8511304,,,Y,U-3623,,,
204275,003,11116721,,,Y,U-3623,,,
214755,003,11779557,,,,U-3705,,,
214755,002,11779557,,,,U-3705,,,
208743,001,11782041,,,Y,U-2009,,,
208743,001,11782041,,,Y,U-3543,,,
207962,001,11786455,,,Y,U-2267,,,
021361,002,11779571,,,,U-3706,,,
215842,001,11661604,,Y,Y,U-3709,,,
215842,003,11661604,,Y,Y,U-3709,,,
215842,002,11661604,,Y,Y,U-3709,,,
215842,001,11359203,,Y,Y,U-3709,,,
215842,003,11359203,,Y,Y,U-3709,,,
215842,002,11359203,,Y,Y,U-3709,,,
215842,001,11286488,,Y,Y,U-3709,,,
215842,003,11286488,,Y,Y,U-3709,,,
215842,002,11286488,,Y,Y,U-3709,,,
215842,001,10738311,,Y,Y,U-3709,,,
215842,003,10738311,,Y,Y,U-3709,,,
215842,002,10738311,,Y,Y,U-3709,,,
022201,001,11766468,,,,U-1978,,,
022201,002,11766468,,,,U-1978,,,
217639,001,11779552,,,,U-3524,,,
217639,002,11779552,,,,U-3524,,,
207962,001,11793766,,,,U-2267,,,
213217,001,11591340,,,,U-3727,,,
213217,001,11591340,,,,U-3729,,,
213217,001,11591340,,,,U-3728,,,
214517,001,11786502,,,,U-3007,,,
205677,001,11786502,,,,U-3007,,,
205677,001,11786502,,,,U-3739,,,
212306,001,11787771,,,,U-2855,,,
212306,001,11787771,,,,U-2584,,,
212306,004,11787771,,,,U-3018,,,
212306,003,11787771,,,,U-3018,,,
212306,002,11787771,,,,U-3018,,,
212306,002,11787771,,,,U-2584,,,
212306,003,11787771,,,,U-2584,,,
212306,004,11787771,,,,U-2584,,,
212306,002,11787771,,,,U-2855,,,
201110,001,10548904,,,,U-2810,,,
201110,001,8580293,,,,U-2810,,,
213591,001,8901123,,,,U-2813,,,
213591,002,8901123,,,,U-2813,,,
211962,005,10039804,,,Y,U-282,,,
211962,005,10188697,,,Y,U-282,,,
211962,006,10188697,,,Y,U-282,,,
211962,006,10039804,,,Y,U-282,,,
211962,007,10188697,,,Y,U-282,,,
211962,007,10039804,,,Y,U-282,,,
210942,001,10383820,,,Y,U-2814,,,
022036,001,10653660,,,,U-620,,,
022036,001,10653662,,,,U-620,,,
022036,002,10653662,,,,U-620,,,
022036,002,10653660,,,,U-620,,,
207589,001,10660908,,,Y,U-2627,,,
208558,001,8071579,,,,U-2820,,,
208558,001,8071579,,,,U-2824,,,
208558,001,8071579,,,,U-2833,,,
208558,001,8071579,,,,U-2823,,,
208558,001,8071579,,,,U-2832,,,
208558,001,8071579,,,,U-2480,,,
208558,001,8071579,,,,U-2821,,,
208558,001,8071579,,,,U-2819,,,
208558,001,8071579,,,,U-2822,,,
208558,002,8071579,,,,U-2832,,,
208558,002,8071579,,,,U-2823,,,
208558,002,8071579,,,,U-2819,,,
208558,002,8071579,,,,U-2833,,,
208558,002,8071579,,,,U-2821,,,
208558,002,8071579,,,,U-2480,,,
208558,002,8071579,,,,U-2824,,,
208558,002,8071579,,,,U-2820,,,
208558,001,8143241,,,,U-2832,,,
208558,001,8143241,,,,U-2833,,,
208558,002,8143241,,,,U-2833,,,
208558,002,8143241,,,,U-2832,,,
208558,001,8859562,,,,U-2832,,,
208558,002,8859562,,,,U-2832,,,
212122,001,8815258,,,,U-2889,,,
212122,001,8703806,,,,U-2889,,,
212122,001,8808713,,,Y,U-2889,,,
212122,001,8324266,,,,U-2889,,,
212122,001,9415009,,,,U-2889,,,
212122,001,10716753,,,Y,U-2889,,,
212122,001,9463161,,,Y,U-2889,,,
020866,001,10688155,,,,U-2898,,,
020866,001,10688155,,,,U-2905,,,
020866,001,10688155,,,,U-2902,,,
020866,001,10688155,,,,U-2890,,,
020866,001,10688155,,,,U-2914,,,
020866,001,10688155,,,,U-2911,,,
020866,001,10688155,,,,U-2903,,,
020866,001,10688155,,,,U-2281,,,
020866,001,10688155,,,,U-2901,,,
020866,001,10688155,,,,U-2912,,,
020866,001,10688155,,,,U-2891,,,
020866,001,10688155,,,,U-2896,,,
020866,001,10688155,,,,U-2893,,,
020866,001,10688155,,,,U-2899,,,
020866,001,10688155,,,,U-2904,,,
020866,001,10688155,,,,U-2900,,,
020866,001,10688155,,,,U-2906,,,
020866,001,10688155,,,,U-2908,,,
020866,001,10688155,,,,U-2913,,,
020866,001,10688155,,,,U-2894,,,
020866,001,10688155,,,,U-2910,,,
020866,001,10688155,,,,U-2892,,,
020866,001,10688155,,,,U-2895,,,
020866,001,10688155,,,,U-2909,,,
020866,001,10688155,,,,U-2897,,,
020866,001,10688155,,,,U-2907,,,
209963,001,10933060,,,,U-3014,,,
209963,001,10973811,,,,U-2226,,,
212994,001,10858341,,,,U-3094,,,
212994,001,10954213,,,,U-3094,,,
212994,002,10858341,,,,U-3094,,,
212994,002,10954213,,,,U-3094,,,
212994,003,10954213,,,,U-3094,,,
212994,003,10858341,,,,U-3094,,,
213872,002,8518919,,,,U-3166,,,
021920,001,11090280,,,Y,U-1731,,,
021920,001,11090280,,,Y,U-1732,,,
021272,005,7999007,,,Y,U-1437,,,
208254,001,10588901,,Y,Y,U-1524,,,
208341,002,7964580,,Y,Y,U-1470,,,
208341,002,8334270,,Y,Y,U-1470,,,
208341,002,8575135,,Y,Y,U-1470,,,
208341,002,8580765,,Y,Y,U-1470,,,
208341,002,8618076,,Y,Y,U-1470,,,
208341,002,8735372,,,,U-1470,,,
208341,002,8889159,,,Y,U-1470,,,
208341,002,9085573,,Y,Y,U-1470,,,
208341,002,8921341,,Y,Y,U-1470,,,
208341,002,8633309,,Y,Y,U-1470,,,
208341,002,8940718,,Y,Y,U-1470,,,
208341,002,9284342,,Y,Y,U-1470,,,
208341,002,10086011,,,,U-1470,,,
213411,001,7452895,,Y,Y,U-2788,,,
213411,001,9457093,,,Y,U-2788,,,
213411,001,9693989,,,Y,U-2788,,,
213411,002,9457093,,,Y,U-2788,,,
213411,002,7452895,,Y,Y,U-2788,,,
213411,002,9693989,,,Y,U-2788,,,
212690,001,10675258,,,,U-2938,,,
212690,001,9050302,,,,U-1532,,,
212690,001,10213400,,,,U-2499,,,
212690,001,9486426,,,,U-1532,,,
212690,001,8772306,,,,U-1532,,,
021829,002,8246979,,,Y,U-1273,,,
202834,002,6949571,,Y,Y,U-2429,,,
022048,001,8211880,,,,U-1257,,,
022418,001,7915247,,,,U-1000,,,
202428,001,10688071,,,Y,U-2760,,,
213433,001,10159682,,,,U-2942,,,
213433,001,8143240,,,,U-2942,,,
213433,001,9486458,,,,U-2942,,,
213433,001,8865690,,,,U-2942,,,
208352,001,10568855,,,,U-1,,,
212273,001,10793547,,Y,Y,U-3144,,,
212273,002,10793547,,Y,Y,U-3144,,,
214900,001,8188085,,Y,Y,U-3159,,,
214900,001,10370406,,,,U-3159,,,
210132,001,11033626,,,Y,U-2439,,,
208341,001,11116783,,,Y,U-1470,,,
208341,002,11116783,,,Y,U-1470,,,
022068,003,9061029,,Y,,U-3231,,,
022068,002,9061029,,Y,,U-3231,,,
204063,001,11129806,,,,U-1384,,,
204063,002,11129806,,,,U-1384,,,
208558,001,8143241,,,,U-3333,,,
208558,001,8859562,,,,U-3333,,,
208558,001,8071579,,,,U-3333,,,
208558,002,8071579,,,,U-3333,,,
208558,002,8143241,,,,U-3333,,,
208558,002,8859562,,,,U-3333,,,
208088,001,11304960,,,Y,U-1500,,,
208088,001,10226473,,,,U-1500,,,
208088,001,9943527,,,,U-1500,,,
208088,001,8865695,,,,U-1500,,,
208088,001,8778922,,,Y,U-1500,,,
215390,001,10792246,,,Y,U-3350,,,
215390,002,10792246,,,Y,U-3350,,,
022496,001,11311486,,,Y,U-3250,,,
022496,002,11311486,,,Y,U-3250,,,
206829,001,10420841,,,,U-3361,,,
206829,001,10420841,,,,U-3360,,,
206829,001,7129232,,Y,Y,U-3361,,,
206829,001,7129232,,Y,Y,U-3360,,,
206829,001,8968753,,,,U-3361,,,
206829,001,8968753,,,,U-3360,,,
215888,001,8754227,,,,U-3366,,,
214783,001,11311541,,,,U-3369,,,
215760,001,11072577,,,,U-3370,,,
212273,001,11517564,,,Y,U-3498,,,
208552,001,11517560,,,,U-3494,,,
212273,002,11517564,,,Y,U-3498,,,
212097,005,11590205,,,Y,U-2742,,,
210136,001,11110084,,,Y,U-3616,,,
210136,007,11110084,,,Y,U-3616,,,
210136,006,11110084,,,Y,U-3616,,,
210136,005,11110084,,,Y,U-3616,,,
210136,004,11110084,,,Y,U-3616,,,
210136,003,11110084,,,Y,U-3616,,,
210136,002,11110084,,,Y,U-3616,,,
210136,001,10912772,,,,U-3617,,,
210136,007,10912772,,,,U-3617,,,
210136,006,10912772,,,,U-3617,,,
210136,005,10912772,,,,U-3617,,,
210136,004,10912772,,,,U-3617,,,
210136,003,10912772,,,,U-3617,,,
210136,002,10912772,,,,U-3617,,,
210136,001,9937164,,,Y,U-3618,,,
210136,007,9937164,,,Y,U-3618,,,
210136,006,9937164,,,Y,U-3618,,,
210136,005,9937164,,,Y,U-3618,,,
210136,004,9937164,,,Y,U-3618,,,
210136,003,9937164,,,Y,U-3618,,,
210136,002,9937164,,,Y,U-3618,,,
210136,001,8545832,,,Y,U-3619,,,
210136,007,8545832,,,Y,U-3619,,,
210136,006,8545832,,,Y,U-3619,,,
210136,005,8545832,,,Y,U-3619,,,
210136,004,8545832,,,Y,U-3619,,,
210136,003,8545832,,,Y,U-3619,,,
210136,002,8545832,,,Y,U-3619,,,
210136,001,8236755,,,Y,U-3620,,,
210136,007,8236755,,,Y,U-3620,,,
210136,006,8236755,,,Y,U-3620,,,
210136,005,8236755,,,Y,U-3620,,,
210136,004,8236755,,,Y,U-3620,,,
210136,003,8236755,,,Y,U-3620,,,
210136,002,8236755,,,Y,U-3620,,,
210136,004,8236292,,,Y,U-3619,,,
210136,005,8236292,,,Y,U-3619,,,
210136,006,8236292,,,Y,U-3619,,,
210136,007,8236292,,,Y,U-3619,,,
203469,004,9029533,,,,U-1701,,,
203469,004,9029533,,,,U-1700,,,
203469,004,9029533,,,,U-836,,,
203469,004,9029533,,,,U-1283,,,
203469,004,9029533,,,,U-1699,,,
203469,004,9493470,,Y,Y,U-1948,,,
203469,004,9493470,,Y,Y,U-1700,,,
212306,001,10544108,,,,U-3018,,,
212306,001,9079865,,,,U-3018,,,
212306,001,10519139,,Y,Y,U-3018,,,
214621,001,10449191,,,,U-3020,,,
214621,001,10786501,,,,U-3020,,,
212273,001,10239867,,Y,Y,U-3033,,,
212273,001,10758534,,Y,Y,U-3028,,,
212273,001,10793547,,Y,Y,U-3028,,,
202860,001,10814092,,,,U-3037,,,
202860,001,7947227,,,,U-3037,,,
202860,001,8057742,,,,U-3037,,,
202860,001,8226916,,,,U-3037,,,
202860,001,10124142,,,,U-3037,,,
208082,001,9550780,,Y,Y,U-3055,,,
208082,002,9550780,,Y,Y,U-3055,,,
208082,003,9550780,,Y,Y,U-3055,,,
209963,001,10987347,,,,U-2225,,,
211988,001,9592227,,,Y,U-3118,,,
211988,001,9694079,,,Y,U-3118,,,
211988,001,9801945,,,Y,U-3118,,,
211988,002,9592227,,,Y,U-3118,,,
211988,002,9694079,,,Y,U-3118,,,
211988,002,9801945,,,Y,U-3118,,,
211988,003,9694079,,,Y,U-3118,,,
211988,003,9592227,,,Y,U-3118,,,
211988,003,9801945,,,Y,U-3118,,,
211988,004,9801945,,,Y,U-3118,,,
211988,004,9694079,,,Y,U-3118,,,
211988,004,9592227,,,Y,U-3118,,,
211988,001,10213510,,,Y,U-3118,,,
211988,001,9913909,,,,U-3118,,,
211988,001,10098957,,,,U-3118,,,
211988,002,10213510,,,Y,U-3118,,,
211988,002,9913909,,,,U-3118,,,
211988,002,10098957,,,,U-3118,,,
211988,003,10213510,,,Y,U-3118,,,
211988,003,9913909,,,,U-3118,,,
211988,003,10098957,,,,U-3118,,,
211988,004,10213510,,,Y,U-3118,,,
211988,004,9913909,,,,U-3118,,,
211988,004,10098957,,,,U-3118,,,
211988,001,10632199,,,Y,U-3118,,,
211988,001,10898575,,,Y,U-3118,,,
211988,002,10632199,,,Y,U-3118,,,
211988,002,10898575,,,Y,U-3118,,,
211988,003,10632199,,,Y,U-3118,,,
211988,003,10898575,,,Y,U-3118,,,
211988,004,10898575,,,Y,U-3118,,,
211988,004,10632199,,,Y,U-3118,,,
208030,001,8703156,,,Y,U-3083,,,
208030,002,8703156,,,Y,U-3083,,,
212608,004,9944651,,Y,Y,U-3168,,,
212608,005,9944651,,Y,Y,U-3168,,,
212608,001,9944651,,Y,Y,U-3168,,,
212608,002,9944651,,Y,Y,U-3168,,,
212608,001,9994575,,Y,Y,U-3168,,,
212608,002,9994575,,Y,Y,U-3168,,,
212608,004,9994575,,Y,Y,U-3168,,,
212608,005,9994575,,Y,Y,U-3168,,,
209363,001,10849884,,,Y,U-3169,,,
209363,001,11000507,,,Y,U-3169,,,
209363,001,11020377,,,Y,U-3169,,,
209363,001,11000508,,,Y,U-3169,,,
207620,001,11058667,,,,U-3170,,,
207620,002,11058667,,,,U-3170,,,
207620,003,11058667,,,,U-3170,,,
210365,001,11065209,,,,U-3071,,,
214103,001,11060093,,Y,Y,U-2995,,,
206073,001,11090323,,,,U-3191,,,
206073,002,11090323,,,,U-3191,,,
021272,005,8653137,,,,U-1437,,,
211988,001,11083797,,,Y,U-3118,,,
211988,002,11083797,,,Y,U-3118,,,
211988,003,11083797,,,Y,U-3118,,,
211988,004,11083797,,,Y,U-3118,,,
210922,001,11079379,,Y,Y,U-2378,,,
210922,001,10240152,,Y,Y,U-2378,,,
211192,001,9474779,,Y,Y,U-3213,,,
211192,001,9850277,,Y,Y,U-3213,,,
210365,001,11160795,,,,U-3233,,,
211950,001,8636713,,,,U-3234,,,
213978,001,10456396,,,Y,U-1900,,,
210365,001,11154516,,,,U-3235,,,
210365,001,11154516,,,,U-3236,,,
213978,001,9597284,,,,U-1900,,,
213978,001,9532944,,,,U-1900,,,
213978,001,9504644,,,,U-1900,,,
211950,001,9636332,,,,U-3234,,,
204168,004,RE43879,,,,U-839,,,
021660,001,7758891,,,,U-1434,,,
208780,002,7635707,,,,U-2076,,,
206426,001,8778997,,,,U-1627,,,
022192,002,9074256,,,,U-1674,,,
204399,003,9662340,,,Y,U-1531,,,
205649,004,8501698,,,Y,U-493,,,
022192,005,9138432,,,,U-1737,,,
206940,001,9205076,,,,U-1709,,,
202971,004,8338427,,,Y,U-543,,,
021338,001,9364656,,,,U-736,,,
206038,001,8741933,,,,U-1717,,,
201635,004,9555004,,,Y,U-1992,,,
209195,001,8940718,,Y,Y,U-2040,,,
208780,001,8013002,,,,U-2082,,,
204275,002,7439393,,Y,Y,U-2099,,,
207924,001,8420629,,,,U-247,,,
208401,001,9616096,,,,U-1991,,,
203284,001,10045958,,,,U-1816,,,
210455,001,8148374,,Y,Y,U-2365,,,
210563,001,8497277,,,,U-1491,,,
210563,003,8497277,,,,U-1946,,,
207960,001,9844544,,,Y,U-2203,,,
020866,001,9993474,,,,U-2389,,,
203415,001,8183274,,,,U-2345,,,
204114,002,8835443,,,,U-2302,,,
207202,001,9268909,,,Y,U-2168,,,
204114,001,8835443,,,,U-1581,,,
207999,001,10047117,,,,U-1854,,,
207533,003,10238651,,,,U-2402,,,
207946,004,10143693,,,,U-2457,,,
207925,002,8354427,,,,U-1311,,,
210132,001,9006222,,,Y,U-2439,,,
022291,004,7547719,,Y,Y,U-2452,,,
204042,002,7943582,,Y,Y,U-2441,,,
210861,001,9676783,,,,U-2469,,,
208341,001,8618076,,Y,Y,U-1470,,,
203567,001,10828293,,,,U-2720,,,
207947,001,10828298,,,Y,U-2991,,,
207947,001,10821108,,,Y,U-2992,,,
207947,002,10828298,,,Y,U-2991,,,
207947,002,10821108,,,Y,U-2992,,,
207947,003,10821108,,,Y,U-2992,,,
207947,003,10828298,,,Y,U-2991,,,
207947,004,10828298,,,Y,U-2991,,,
207947,004,10821108,,,Y,U-2992,,,
207947,005,10821108,,,Y,U-2992,,,
207947,005,10828298,,,Y,U-2991,,,
207947,006,10821108,,,Y,U-2992,,,
207947,006,10828298,,,Y,U-2991,,,
207947,007,10821108,,,Y,U-2992,,,
207947,007,10828298,,,Y,U-2991,,,
207947,008,10828298,,,Y,U-2991,,,
207947,008,10821108,,,Y,U-2992,,,
210730,001,9642842,,,Y,U-2986,,,
210730,002,9642842,,,Y,U-2986,,,
210730,003,9642842,,,Y,U-2986,,,
210493,001,10828297,,,,U-2301,,,
210493,002,10828297,,,,U-2301,,,
209830,001,10849894,,,,U-543,,,
207960,001,10857143,,,Y,U-2993,,,
207960,002,10857143,,,Y,U-2993,,,
207960,003,10857143,,,Y,U-2993,,,
212379,001,10849847,,,,U-2647,,,
211230,001,10912754,,,,U-3082,,,
211230,002,10912754,,,,U-3082,,,
212269,001,10940115,,,Y,U-3083,,,
212520,001,10940138,,,,U-2849,,,
213690,001,10946101,,,,U-1631,,,
210045,001,10925835,,,,U-2410,,,
210045,002,10925835,,,,U-2410,,,
210045,003,10925835,,,,U-2410,,,
207155,001,10940128,,,Y,U-3086,,,
213378,001,8778960,,,,U-3136,,,
213378,001,8778960,,,,U-3137,,,
213378,002,8778960,,,,U-3136,,,
213378,002,8778960,,,,U-3137,,,
213378,003,8778960,,,,U-3136,,,
213378,003,8778960,,,,U-3137,,,
213378,004,8778960,,,,U-3137,,,
213378,004,8778960,,,,U-3136,,,
213378,001,9126977,,,Y,U-3136,,,
213378,001,9126977,,,Y,U-3137,,,
213378,001,9517235,,,,U-3139,,,
213378,001,9517235,,,,U-3138,,,
213378,002,9517235,,,,U-3138,,,
213378,002,9517235,,,,U-3139,,,
213378,002,9126977,,,Y,U-3137,,,
213378,002,9126977,,,Y,U-3136,,,
213378,003,9517235,,,,U-3139,,,
213378,003,9517235,,,,U-3138,,,
213378,003,9126977,,,Y,U-3136,,,
213378,003,9126977,,,Y,U-3137,,,
213378,004,9517235,,,,U-3139,,,
213378,004,9517235,,,,U-3138,,,
213378,004,9126977,,,Y,U-3137,,,
213378,004,9126977,,,Y,U-3136,,,
213378,001,10716785,,,,U-3136,,,
213378,001,10716785,,,,U-3137,,,
213378,001,10300054,,,Y,U-3140,,,
213378,001,10300054,,,Y,U-3141,,,
213378,002,10300054,,,Y,U-3141,,,
213378,002,10300054,,,Y,U-3140,,,
213378,002,10716785,,,,U-3137,,,
213378,002,10716785,,,,U-3136,,,
213378,003,10300054,,,Y,U-3140,,,
213378,003,10300054,,,Y,U-3141,,,
213378,003,10716785,,,,U-3137,,,
213378,003,10716785,,,,U-3136,,,
213378,004,10716785,,,,U-3137,,,
213378,004,10716785,,,,U-3136,,,
213378,004,10300054,,,Y,U-3140,,,
213378,004,10300054,,,Y,U-3141,,,
215310,001,10227342,,Y,Y,U-3220,,,
214783,001,10696660,,,,U-3246,,,
214783,001,10183931,,,,U-3246,,,
214783,001,8357693,,Y,Y,U-3247,,,
214133,001,10835530,,,,U-3283,,,
214133,001,10517868,,,,U-3283,,,
214133,001,10098877,,,,U-3283,,,
214133,001,9918984,,,,U-3283,,,
215498,001,11365182,,,,U-3186,,,
205677,001,10610510,,,,U-2805,,,
207960,003,11103495,,,Y,U-2993,,,
050819,001,10624918,,,,U-916,,,
212157,001,9795620,,,Y,U-2718,,,
211580,001,10631746,,,Y,U-2815,,,
210854,001,10633397,,,,U-2816,,,
212157,001,9572819,,,Y,U-2718,,,
210854,002,10633397,,,,U-2816,,,
202107,001,10780097,,,,U-1643,,,
208194,001,11103483,,,Y,U-1971,,,
212157,001,10376527,,,Y,U-2718,,,
208194,001,11103483,,,Y,U-1972,,,
206229,001,11090186,,,,U-2348,,,
213217,001,10570139,,,,U-3063,,,
208082,001,11179386,,,Y,U-1995,,,
208082,002,11179386,,,Y,U-1995,,,
208082,003,11179386,,,Y,U-1995,,,
208082,001,11179386,,,Y,U-3055,,,
208082,002,11179386,,,Y,U-3055,,,
208082,003,11179386,,,Y,U-3055,,,
215110,001,8648037,,Y,Y,U-3238,,,
215110,001,10028937,,,,U-3238,,,
209500,001,RE48839,,,,U-3271,,,
211675,001,8962629,,Y,,U-3275,,,
211746,001,10016443,,,,U-3297,,,
211746,001,10517880,,,Y,U-3297,,,
211746,001,9750754,,,Y,U-3297,,,
211746,001,9078923,,,Y,U-3297,,,
211675,001,10995095,,,,U-3298,,,
211988,001,11253504,,,,U-3118,,,
211988,004,11253504,,,,U-3118,,,
211988,003,11253504,,,,U-3118,,,
211988,002,11253504,,,,U-3118,,,
214662,001,11260053,,,,U-3290,,,
213026,001,RE48960,,Y,Y,U-3087,,,
213026,001,RE48960,,Y,Y,U-3088,,,
205353,003,8883842,,,,U-1669,,,
208743,001,7803770,,,,U-2009,,,
203093,002,7176220,,Y,Y,U-257,,,
208780,001,7635707,,,,U-2076,,,
207960,003,9295642,,,Y,U-1827,,,
205108,001,9724297,,,Y,U-2096,,,
208564,001,9180091,,,Y,U-2316,,,
209311,001,9034902,,,,U-2357,,,
050793,001,9789057,,,Y,U-137,,,
204114,003,8703781,,Y,Y,U-2302,,,
206099,001,10124132,,,Y,U-2011,,,
209776,001,10183034,,,,U-2490,,,
208341,001,9284342,,Y,Y,U-1470,,,
206829,001,9724353,,,,U-2566,,,
021272,001,7999007,,,Y,U-1437,,,
021395,001,8022082,,,Y,U-1186,,,
207356,001,10751355,,,,U-2414,,,
209637,002,8129343,,Y,Y,U-2202,,,
203159,001,10561524,,,,U-2948,,,
209637,002,8536122,,Y,Y,U-2202,,,
021225,001,10561524,,,,U-2948,,,
208224,001,10561524,,,,U-2948,,,
022203,002,8518919,,,,U-1430,,,
022504,001,8419307,,,,U-1386,,,
201922,001,8252776,,,,U-124,,,
021829,001,8246979,,,Y,U-1273,,,
202880,003,9265760,,,,U-1810,,,
202799,007,7919461,,,,U-1238,,,
022081,001,9549926,,,,U-1965,,,
210563,004,9801883,,,,U-2159,,,
207795,001,7910767,,Y,Y,U-2144,,,
204623,001,9539335,,,,U-1614,,,
206756,001,8034809,,,,U-1702,,,
211996,001,7214696,,,,U-2524,,,
200327,001,8247400,,,Y,U-282,,,
210563,003,8497277,,,,U-2242,,,
210563,002,8563563,,,,U-2241,,,
021880,001,8741929,,,,U-1983,,,
209482,002,8309572,,,,U-2129,,,
209482,002,8183257,,,,U-2129,,,
209482,001,8183257,,,,U-2129,,,
208078,001,10793893,,,,U-2956,,,
209381,001,10792306,,,Y,U-2310,,,
209482,002,7439393,,Y,Y,U-2957,,,
209482,001,7439393,,Y,Y,U-2957,,,
211710,001,10774085,,,,U-2470,,,
202057,001,10792270,,,,U-2962,,,
202057,001,10786478,,,,U-2959,,,
202057,001,10786478,,,,U-2960,,,
202057,001,10792267,,,,U-2961,,,
202057,002,10792270,,,,U-2962,,,
202057,002,10786478,,,,U-2959,,,
202057,002,10786478,,,,U-2960,,,
202057,002,10792267,,,,U-2961,,,
212520,001,10799481,,,,U-2849,,,
022145,002,10772888,,,,U-1663,,,
210365,001,10849860,,,,U-2427,,,
204958,001,8680052,,,,U-2979,,,
201739,002,10688244,,,Y,U-2980,,,
201739,003,10688244,,,Y,U-2980,,,
212379,001,10821187,,,,U-2647,,,
212268,001,10814002,,,Y,U-2763,,,
207533,003,10813928,,,,U-2402,,,
212268,002,10814002,,,Y,U-2763,,,
207533,001,10813928,,,,U-2983,,,
207533,002,10813928,,,,U-2983,,,
207533,004,10813928,,,,U-2983,,,
212268,003,10814002,,,Y,U-2763,,,
210365,001,10849860,,,,U-2454,,,
210933,001,9532955,,,,U-2491,,,
210933,001,9737491,,,,U-2492,,,
210933,001,9056057,,,Y,U-2491,,,
210933,001,9827191,,,Y,U-2985,,,
210933,001,10058511,,,Y,U-2492,,,
210730,001,8835488,,Y,Y,U-2986,,,
206426,001,10391075,,,,U-3069,,,
206426,001,8778997,,,,U-3069,,,
213969,001,8828356,,,,U-3070,,,
213969,001,7838531,,,,U-3070,,,
213969,002,7838531,,,,U-3070,,,
213969,002,8828356,,,,U-3070,,,
210875,001,8414922,,,Y,U-2825,,,
210875,001,9669021,,,,U-2825,,,
210875,001,9669019,,,Y,U-2825,,,
210875,001,8846074,,,Y,U-2825,,,
210875,001,9283219,,,Y,U-2825,,,
210875,001,10420763,,,Y,U-2825,,,
210875,001,9326981,,,,U-2825,,,
210875,001,10449146,,,,U-2825,,,
210875,002,10449146,,,,U-2825,,,
210875,002,9326981,,,,U-2825,,,
210875,002,9283219,,,Y,U-2825,,,
210875,002,9669019,,,Y,U-2825,,,
210875,002,8846074,,,Y,U-2825,,,
210875,002,10420763,,,Y,U-2825,,,
210875,002,9669021,,,,U-2825,,,
210875,002,8414922,,,Y,U-2825,,,
210875,003,10420763,,,Y,U-2825,,,
210875,003,9669021,,,,U-2825,,,
210875,003,9669019,,,Y,U-2825,,,
210875,003,8414922,,,Y,U-2825,,,
210875,003,9326981,,,,U-2825,,,
210875,003,8846074,,,Y,U-2825,,,
210875,003,9283219,,,Y,U-2825,,,
210875,003,10449146,,,,U-2825,,,
210875,004,8414922,,,Y,U-2825,,,
210875,004,9669021,,,,U-2825,,,
210875,004,10449146,,,,U-2825,,,
210875,004,9326981,,,,U-2825,,,
210875,004,9283219,,,Y,U-2825,,,
210875,004,10420763,,,Y,U-2825,,,
210875,004,9669019,,,Y,U-2825,,,
210875,004,8846074,,,Y,U-2825,,,
210875,005,9326981,,,,U-2825,,,
210875,005,9283219,,,Y,U-2825,,,
210875,005,10449146,,,,U-2825,,,
210875,005,8414922,,,Y,U-2825,,,
210875,005,9669019,,,Y,U-2825,,,
210875,005,10420763,,,Y,U-2825,,,
210875,005,8846074,,,Y,U-2825,,,
210875,005,9669021,,,,U-2825,,,
209311,001,10881618,,,,U-2357,,,
209311,002,10881618,,,,U-2357,,,
209311,003,10881618,,,,U-2357,,,
209311,004,10881618,,,,U-2357,,,
209311,005,10881618,,,,U-2357,,,
208944,001,11077073,,,,U-2106,,,
208944,001,11077073,,,,U-2224,,,
208944,001,11077073,,,,U-3180,,,
208944,002,11077073,,,,U-2224,,,
208944,002,11077073,,,,U-3180,,,
208944,002,11077073,,,,U-2106,,,
206038,001,11052075,,,Y,U-3181,,,
206038,002,11052075,,,Y,U-3181,,,
022406,004,10828310,,,,U-3207,,,
022406,004,10828310,,,,U-3208,,,
215110,001,10039754,,,,U-3238,,,
215110,001,10286029,,,,U-3238,,,
211675,001,8962629,,Y,,U-3255,,,
211675,001,10597400,,,,U-3255,,,
215498,002,11365182,,,,U-3186,,,
215498,003,11365182,,,,U-3186,,,
215498,004,11365182,,,,U-3186,,,
209478,001,11395828,,,,U-2109,,,
209478,001,11395828,,,,U-3401,,,
209478,001,11395828,,,,U-3402,,,
206089,002,11426416,,,,U-3420,,,
206089,003,11426416,,,,U-3420,,,
214860,001,11202767,,,,U-3502,,,
214860,002,11202767,,,,U-3502,,,
214860,003,11202767,,,,U-3502,,,
214860,004,11202767,,,,U-3502,,,
214860,005,11202767,,,,U-3502,,,
214860,006,11202767,,,,U-3502,,,
213217,001,10570139,,,,U-3486,,,
213217,001,9447106,,Y,Y,U-3486,,,
213217,001,11142528,,,Y,U-3486,,,
208743,001,RE49444,,,,U-2009,,,
208743,001,RE49444,,,,U-3543,,,
210136,001,8236292,,,Y,U-3619,,,
210136,002,8236292,,,Y,U-3619,,,
210136,003,8236292,,,Y,U-3619,,,
211675,001,11564922,,,,U-3624,,,
211675,003,11564922,,,,U-3624,,,
212608,004,9944651,,Y,Y,U-3506,,,
212608,004,9994575,,Y,Y,U-3506,,,
020866,001,10688155,,,,U-2936,,,
020866,001,10688155,,,,U-2915,,,
020866,001,10688155,,,,U-2935,,,
020866,001,10688155,,,,U-2932,,,
020866,001,10688155,,,,U-2924,,,
020866,001,10688155,,,,U-2926,,,
020866,001,10688155,,,,U-2931,,,
020866,001,10688155,,,,U-2927,,,
020866,001,10688155,,,,U-2918,,,
020866,001,10688155,,,,U-2933,,,
020866,001,10688155,,,,U-2916,,,
020866,001,10688155,,,,U-2920,,,
020866,001,10688155,,,,U-2922,,,
020866,001,10688155,,,,U-2921,,,
020866,001,10688155,,,,U-2919,,,
020866,001,10688155,,,,U-2930,,,
020866,001,10688155,,,,U-2917,,,
020866,001,10688155,,,,U-2925,,,
020866,001,10688155,,,,U-2929,,,
020866,001,10688155,,,,U-2923,,,
020866,001,10688155,,,,U-2937,,,
020866,001,10688155,,,,U-2928,,,
020866,001,10688155,,,,U-2934,,,
202611,001,10842780,,,Y,U-2996,,,
202611,002,10842780,,,Y,U-2996,,,
209363,001,10849884,,,Y,U-2583,,,
209363,001,10857133,,,Y,U-2583,,,
212099,001,10835515,,,Y,U-2605,,,
202057,001,10842768,,,,U-2688,,,
202057,001,10842766,,,,U-2997,,,
202057,002,10842766,,,,U-2997,,,
202057,002,10842768,,,,U-2688,,,
210793,001,10849891,,,Y,U-1974,,,
200063,001,10835527,,,,U-1583,,,
200063,001,10828294,,,,U-1583,,,
204063,001,10994003,,,,U-3148,,,
204063,001,11007166,,,,U-1384,,,
204063,001,11007167,,,,U-1384,,,
204063,002,11007167,,,,U-1384,,,
204063,002,10994003,,,,U-3148,,,
204063,002,11007166,,,,U-1384,,,
208078,001,11268128,,,,U-2956,,,
208743,001,11255842,,,,U-3322,,,
204063,001,11246850,,,,U-1384,,,
204063,002,11246850,,,,U-1384,,,
206192,001,11254649,,Y,Y,U-1776,,,
021753,001,7579377,,,,U-818,,,
204410,001,8367685,,,Y,U-1445,,,
206038,001,8846718,,,,U-1908,,,
211358,001,9670163,,,Y,U-2376,,,
204485,002,9687526,,,,U-1857,,,
022063,002,9173857,,,,U-2025,,,
209115,003,10130636,,,,U-2012,,,
022496,001,11278494,,,Y,U-3250,,,
022496,002,11278494,,,Y,U-3250,,,
212304,001,10966936,,,Y,U-3334,,,
212304,002,10966936,,,Y,U-3334,,,
212304,001,11103463,,,,U-3334,,,
212304,002,11103463,,,,U-3334,,,
212304,001,10835499,,,Y,U-3334,,,
212304,002,10835499,,,Y,U-3334,,,
212304,001,10016372,,,,U-3334,,,
212304,002,10016372,,,,U-3334,,,
211379,001,11304961,,,Y,U-3344,,,
206627,001,11304909,,,,U-1556,,,
206627,007,11304909,,,,U-1556,,,
206627,006,11304909,,,,U-1556,,,
206627,005,11304909,,,,U-1556,,,
206627,004,11304909,,,,U-1556,,,
206627,003,11304909,,,,U-1556,,,
206627,002,11304909,,,,U-1556,,,
022272,001,11304909,,,,U-1556,,,
022272,007,11304909,,,,U-1556,,,
022272,006,11304909,,,,U-1556,,,
022272,005,11304909,,,,U-1556,,,
022272,004,11304909,,,,U-1556,,,
022272,003,11304909,,,,U-1556,,,
022272,002,11304909,,,,U-1556,,,
022496,001,11304904,,,Y,U-3346,,,
022496,002,11304904,,,Y,U-3346,,,
202022,001,7125879,,Y,Y,U-3353,,,
210365,001,11311498,,,,U-3375,,,
210365,001,11311498,,,,U-3376,,,
021633,003,7572779,,,,U-904,,,
210730,001,9309234,,Y,Y,U-2986,,,
208171,002,8815301,,Y,Y,U-2734,,,
210730,002,8835488,,Y,Y,U-2986,,,
210730,002,9309234,,Y,Y,U-2986,,,
208171,003,8815301,,Y,Y,U-2734,,,
210730,003,8835488,,Y,Y,U-2986,,,
210730,003,9309234,,Y,Y,U-2986,,,
210365,001,10966939,,,Y,U-2780,,,
202107,001,10842800,,,,U-1643,,,
202107,001,10842801,,,,U-1643,,,
201739,002,10842938,,,Y,U-2980,,,
201739,003,10842938,,,Y,U-2980,,,
214103,001,10478500,,Y,Y,U-2995,,,
214103,001,8106022,,Y,Y,U-2995,,,
214103,001,8828956,,Y,Y,U-2995,,,
214103,001,10131907,,Y,Y,U-2995,,,
214103,001,10612024,,Y,Y,U-2995,,,
214103,001,10612027,,Y,Y,U-2995,,,
214103,001,10465195,,Y,Y,U-2995,,,
214103,001,10435692,,,,U-2995,,,
214103,001,10487330,,Y,Y,U-2995,,,
208623,001,10857141,,,,U-2371,,,
208623,001,10849890,,,,U-2371,,,
208623,001,10849889,,,,U-2371,,,
208623,001,10857142,,,,U-2371,,,
214410,001,10633397,,,,U-2816,,,
214410,001,10633397,,,,U-3000,,,
210854,001,10633397,,,,U-3000,,,
210854,002,10633397,,,,U-3000,,,
203567,001,10864274,,,,U-2720,,,
208623,001,10874657,,,,U-2371,,,
208623,001,10874655,,,,U-2371,,,
208623,001,10874656,,,,U-2371,,,
210583,001,10881663,,,,U-3038,,,
212154,001,10870676,,Y,Y,U-3039,,,
205494,001,10888547,,,,U-3042,,,
205494,001,10888547,,,,U-3043,,,
205494,001,10888544,,,,U-3041,,,
205494,001,10888544,,,,U-3040,,,
202324,001,10869924,,,,U-3044,,,
202324,002,10869924,,,,U-3044,,,
213006,001,8247415,,Y,Y,U-3045,,,
203565,002,8895612,,,,U-3051,,,
203565,002,8895612,,,,U-1620,,,
203565,002,8895612,,,,U-3050,,,
203565,002,7754702,,,,U-2556,,,
203565,002,7754702,,,,U-2557,,,
203565,002,7754702,,,,U-2555,,,
202057,001,10881632,,,,U-3052,,,
202057,002,10881632,,,,U-3052,,,
202057,001,10894028,,,,U-3053,,,
202057,002,10894028,,,,U-3053,,,
208564,001,10888516,,,,U-2316,,,
208564,001,10888516,,,,U-2317,,,
208564,002,10888516,,,,U-2316,,,
208564,002,10888516,,,,U-2317,,,
209963,001,10894012,,,,U-3014,,,
213716,001,7332472,,Y,Y,U-3056,,,
213716,001,10286036,,,,U-3056,,,
202570,001,7825137,,,,U-3058,,,
202570,001,7825137,,,,U-3057,,,
208558,002,8071579,,,,U-2822,,,
202570,002,7825137,,,,U-3058,,,
202570,002,7825137,,,,U-3057,,,
210365,001,10918608,,,,U-3072,,,
210365,001,10918608,,,,U-3071,,,
210365,001,10918608,,,,U-3073,,,
210875,001,10959943,,,,U-2825,,,
210875,002,10959943,,,,U-2825,,,
210875,003,10959943,,,,U-2825,,,
210875,004,10959943,,,,U-2825,,,
210875,005,10959943,,,,U-2825,,,
205677,001,10980770,,,,U-3106,,,
205677,001,10980770,,,,U-3107,,,
209500,001,10960009,,,,U-814,,,
213801,001,10058536,,,Y,U-3108,,,
211230,001,10959976,,,,U-3151,,,
209401,001,8022279,,,Y,U-3147,,,
210365,001,10966939,,,Y,U-2781,,,
209401,001,7850990,,,Y,U-3147,,,
209401,001,10835492,,,,U-3150,,,
209401,001,10028912,,,Y,U-3150,,,
209401,001,10028912,,,Y,U-3149,,,
209401,001,10166184,,,Y,U-3149,,,
211230,002,10959976,,,,U-3151,,,
209401,001,8431806,,,Y,U-3147,,,
209401,001,8092828,,,,U-3147,,,
214154,001,7732430,,,Y,U-3152,,,
213973,001,10966966,,,,U-3153,,,
209819,001,11000520,,,,U-3111,,,
208193,001,10610502,,,,U-2779,,,
204384,002,8546428,,Y,Y,U-1321,,,
204384,002,7498343,,Y,Y,U-1321,,,
209363,001,10682338,,,Y,U-2583,,,
209627,001,10765628,,,,U-2786,,,
209627,001,10765628,,,,U-2787,,,
211192,001,10799490,,,Y,U-2981,,,
211192,001,10799490,,,Y,U-2982,,,
204242,001,11020388,,,Y,U-3131,,,
204242,002,11020388,,,Y,U-3131,,,
204242,003,11020388,,,Y,U-3131,,,
204242,004,11020388,,,Y,U-3131,,,
204242,005,11020388,,,Y,U-3131,,,
204242,006,11020388,,,Y,U-3131,,,
208078,001,11060128,,,,U-2956,,,
208623,001,RE48608,,,,U-2371,,,
207986,001,11040004,,,,U-2252,,,
212102,001,11040018,,,,U-2861,,,
208144,001,9259425,,,,U-2222,,,
213388,001,11045470,,,,U-2842,,,
209884,003,8492441,,,,U-2511,,,
205739,001,11123363,,,,U-1766,,,
205739,003,11123363,,,,U-1766,,,
205739,002,11123363,,,,U-1766,,,
202057,002,11103477,,,,U-3209,,,
202057,001,11103477,,,,U-3209,,,
213436,001,9919117,,,Y,U-3218,,,
211243,001,11173134,,,,U-3257,,,
213312,001,10973806,,,,U-3258,,,
213312,001,8911786,,,Y,U-3259,,,
022406,001,9539218,,,,U-3288,,,
022406,002,9539218,,,,U-3289,,,
212273,001,11426407,,Y,Y,U-3425,,,
212273,002,11426407,,Y,Y,U-3425,,,
210365,001,11446258,,,,U-2780,,,
210365,001,11446258,,,,U-2781,,,
210365,001,11446258,,,,U-3071,,,
212937,001,10596190,,,,U-3443,,,
211243,001,11446260,,,,U-3444,,,
211243,001,11446260,,,,U-3445,,,
211243,001,11446260,,,,U-3446,,,
207356,001,11446318,,,,U-2414,,,
208082,001,11446291,,,,U-1995,,,
208082,002,11446291,,,,U-1995,,,
208082,003,11446291,,,,U-1995,,,
214070,001,9415009,,,,U-3509,,,
216675,001,10058615,,,,U-1900,,,
212608,004,9200002,,Y,Y,U-3506,,,
210563,001,9795604,,,,U-3422,,,
210563,002,9795604,,,,U-3422,,,
210563,003,9795604,,,,U-3422,,,
205552,001,9795604,,,,U-3422,,,
205552,002,9795604,,,,U-3422,,,
210563,001,11672803,,,,U-1684,,,
210563,002,11672803,,,,U-1684,,,
210563,003,11672803,,,,U-1684,,,
210563,001,11672803,,,,U-1946,,,
210563,002,11672803,,,,U-1946,,,
210563,003,11672803,,,,U-1946,,,
210563,001,11672803,,,,U-2241,,,
210563,002,11672803,,,,U-2241,,,
210563,003,11672803,,,,U-2241,,,
210563,001,11672803,,,,U-2242,,,
210563,002,11672803,,,,U-2242,,,
210563,003,11672803,,,,U-2242,,,
214200,001,11717523,,,,U-3678,,,
214200,001,11717523,,,,U-3679,,,
210450,001,11707464,,,,U-3672,,,
215390,001,11806334,,,,U-3725,,,
215390,002,11806334,,,,U-3725,,,
215211,001,11753632,,,,U-3726,,,
215211,001,11278601,,,Y,U-3726,,,
215211,001,11278599,,,,U-3726,,,
215211,001,10961522,,,,U-3726,,,
215211,001,10857212,,,,U-3726,,,
215211,001,10512677,,,,U-3726,,,
215211,001,10208299,,Y,Y,U-3726,,,
212520,001,11701343,,,,U-2849,,,
212306,003,11787771,,,,U-2855,,,
212306,004,11787771,,,,U-2855,,,
212306,001,11787771,,,,U-3018,,,
213973,001,11801237,,,Y,U-3219,,,
215239,001,11690853,,,,U-3747,,,
215239,001,11471471,,,,U-3747,,,
215239,001,10857161,,,Y,U-3747,,,
215239,001,8334279,,,,U-3747,,,
215985,001,11819496,,,,U-3748,,,
214755,002,11826335,,,,U-3751,,,
212614,001,10596120,,,Y,U-2776,,,
212614,002,10596120,,,Y,U-2776,,,
212614,003,10596120,,,Y,U-2776,,,
212614,004,10596120,,,Y,U-2776,,,
209511,001,RE47826,,,,U-2949,,,
208564,001,11351182,,,,U-2316,,,
202714,001,7491704,,,,U-2947,,,
202714,001,7491704,,,,U-2320,,,
202714,001,7491704,,,,U-2319,,,
208564,002,11351182,,,,U-2316,,,
202714,002,7491704,,,,U-2319,,,
202714,002,7491704,,,,U-2947,,,
202714,002,7491704,,,,U-2320,,,
208564,001,11351182,,,,U-2317,,,
202714,001,8129346,,,,U-2947,,,
202714,001,8129346,,,,U-2319,,,
202714,001,8129346,,,,U-2320,,,
202714,001,8207127,,,,U-2320,,,
202714,001,8207127,,,,U-2319,,,
202714,001,8207127,,,,U-2947,,,
202714,002,8129346,,,,U-2947,,,
202714,002,8129346,,,,U-2319,,,
202714,002,8129346,,,,U-2320,,,
202714,002,8207127,,,,U-2947,,,
202714,002,8207127,,,,U-2319,,,
202714,002,8207127,,,,U-2320,,,
210132,001,10806740,,,Y,U-2439,,,
208564,002,11351182,,,,U-2317,,,
209353,001,11324710,,,,U-2368,,,
214518,001,9907859,,,,U-3377,,,
211192,001,10980788,,,,U-3383,,,
202971,001,11344547,,,,U-3245,,,
202971,002,11344547,,,,U-3245,,,
202971,003,11344547,,,,U-3245,,,
202971,004,11344547,,,,U-3245,,,
202971,001,11344547,,,,U-814,,,
202971,002,11344547,,,,U-814,,,
202971,003,11344547,,,,U-814,,,
202971,004,11344547,,,,U-814,,,
022416,001,11364247,,,,U-2501,,,
022416,002,11364247,,,,U-2501,,,
022416,003,11364247,,,,U-2501,,,
022416,004,11364247,,,,U-2501,,,
022416,001,11364247,,,,U-2831,,,
022416,002,11364247,,,,U-2831,,,
022416,003,11364247,,,,U-2831,,,
022416,004,11364247,,,,U-2831,,,
211192,001,10653710,,,,U-3387,,,
206976,001,11344520,,,,U-3393,,,
201444,001,9687506,,,Y,U-3394,,,
201444,001,9687506,,,Y,U-3395,,,
201444,001,10479686,,,Y,U-3390,,,
208623,001,11389437,,,,U-2371,,,
208623,001,11389436,,,,U-2371,,,
202860,001,11383059,,,,U-3037,,,
212888,001,11389447,,,,U-3405,,,
212888,002,11389447,,,,U-3405,,,
203469,001,11384086,,Y,Y,U-1700,,,
203469,004,11384086,,Y,Y,U-1948,,,
203469,003,11384086,,Y,Y,U-1948,,,
203469,002,11384086,,Y,Y,U-1948,,,
203469,001,11384086,,Y,Y,U-1948,,,
203469,004,11384086,,Y,Y,U-1701,,,
203469,003,11384086,,Y,Y,U-1701,,,
203469,002,11384086,,Y,Y,U-1701,,,
203469,001,11384086,,Y,Y,U-1701,,,
203469,004,11384086,,Y,Y,U-1700,,,
203469,003,11384086,,Y,Y,U-1700,,,
203469,002,11384086,,Y,Y,U-1700,,,
021064,002,11395856,,Y,Y,U-665,,,
212102,001,11406606,,,,U-3406,,,
212102,001,11406606,,,,U-3407,,,
207533,001,11406632,,,,U-2402,,,
207533,003,11406632,,,,U-2402,,,
207533,002,11406632,,,,U-2402,,,
207533,004,11406632,,,,U-2402,,,
216285,001,11413249,,,,U-2553,,,
211367,001,11413249,,,,U-2553,,,
216387,001,10239883,,,,U-2666,,,
216387,001,10239883,,,,U-2668,,,
216387,001,9758524,,,,U-2145,,,
210365,001,11406623,,,,U-3233,,,
210365,001,11400055,,,,U-3071,,,
204242,001,11433066,,,,U-3131,,,
204242,002,11433066,,,,U-3131,,,
204242,003,11433066,,,,U-3131,,,
204242,004,11433066,,,,U-3131,,,
204242,005,11433066,,,,U-3131,,,
211358,003,9192606,,,Y,U-3428,,,
211358,003,9670163,,,Y,U-3429,,,
211358,003,9931334,,,Y,U-3429,,,
211358,003,10597384,,Y,Y,U-3430,,,
214377,001,11439642,,,,U-3062,,,
214377,002,11439642,,,,U-3062,,,
214377,003,11439642,,,,U-3062,,,
214801,001,9108973,,Y,Y,U-3456,,,
216227,001,10792271,,,Y,U-3457,,,
214273,001,11478456,,,,U-3458,,,
209510,001,9084765,,,,U-3467,,,
209510,002,9084765,,,,U-3467,,,
215430,001,11497721,,,,U-3419,,,
210850,001,11318100,,,Y,U-3477,,,
210850,001,11318100,,,Y,U-3478,,,
021995,001,7326708,,Y,Y,U-802,,,
022117,001,7741358,,Y,Y,U-1962,,,
022117,001,7741358,,Y,Y,U-1963,,,
022117,002,7741358,,Y,Y,U-1962,,,
022067,001,7799331,,,Y,U-139,,,
022068,001,8389537,,,,U-1374,,,
209819,002,11000520,,,,U-3111,,,
210598,001,11008289,,,,U-2440,,,
202971,001,10980803,,,,U-543,,,
202971,001,10980803,,,,U-1632,,,
202971,002,10980803,,,,U-543,,,
202971,002,10980803,,,,U-1632,,,
202971,003,10980803,,,,U-543,,,
202971,003,10980803,,,,U-1632,,,
202971,004,10980803,,,,U-1632,,,
202971,004,10980803,,,,U-543,,,
211192,001,10980788,,,,U-3112,,,
211192,001,10980788,,,,U-3113,,,
208573,001,10993942,,,,U-3114,,,
208573,002,10993942,,,,U-3114,,,
208573,003,10993942,,,,U-3114,,,
203565,001,8895612,,,,U-3115,,,
203565,001,8895612,,,,U-3116,,,
203565,002,8895612,,,,U-3116,,,
203565,002,8895612,,,,U-3115,,,
203565,003,8895612,,,,U-3115,,,
203565,003,8895612,,,,U-3050,,,
203565,003,8895612,,,,U-3116,,,
203565,003,8895612,,,,U-1620,,,
203565,003,8895612,,,,U-3051,,,
203565,003,7754702,,,,U-2555,,,
203565,003,7754702,,,,U-2557,,,
203565,003,7754702,,,,U-2556,,,
210933,001,10993908,,,,U-3117,,,
212269,001,10780055,,,Y,U-3083,,,
213217,001,10570139,,,,U-2145,,,
020866,001,11000522,,,,U-3119,,,
020866,001,11000522,,,,U-3121,,,
020866,001,11000522,,,,U-3120,,,
020866,001,11000522,,,,U-3122,,,
209363,001,11000508,,,Y,U-2583,,,
209363,001,11000507,,,Y,U-2583,,,
215014,001,10875893,,Y,,U-3124,,,
215014,001,9169307,,Y,,U-3123,,,
022306,001,10799138,,,,U-3125,,,
210595,001,11000517,,,Y,U-2513,,,
202057,001,11000499,,,,U-3126,,,
202057,002,11000499,,,,U-3126,,,
209363,001,11020377,,,Y,U-2583,,,
209776,001,11007206,,,,U-3128,,,
211527,001,9498465,,,Y,U-1033,,,
022517,001,11020448,,,,U-2327,,,
214846,001,11033551,,,,U-3129,,,
214793,001,8778305,,Y,Y,U-3130,,,
214793,001,9861713,,Y,Y,U-3130,,,
214793,001,10947197,,Y,Y,U-3130,,,
202450,001,11000517,,,Y,U-2513,,,
204242,002,11020387,,,Y,U-3131,,,
204242,003,11020387,,,Y,U-3131,,,
204242,004,11020387,,,Y,U-3131,,,
204242,005,11020387,,,Y,U-3131,,,
212728,001,8314117,,Y,Y,U-3142,,,
208259,001,11028081,,,,U-1524,,,
208259,001,11021456,,,,U-1524,,,
208254,001,11021456,,,,U-1524,,,
208254,001,11028081,,,,U-1524,,,
205596,001,9358297,,,Y,U-3160,,,
205596,001,9023790,,,Y,U-3160,,,
209241,001,11026931,,,,U-1995,,,
209241,001,11026939,,,Y,U-1995,,,
209241,001,11040029,,,,U-1995,,,
209241,002,11026931,,,,U-1995,,,
209241,002,11026939,,,Y,U-1995,,,
209241,002,11040029,,,,U-1995,,,
209241,003,11026931,,,,U-1995,,,
209241,003,11040029,,,,U-1995,,,
209241,003,11026939,,,Y,U-1995,,,
215256,001,10888605,,,Y,U-3162,,,
215256,001,9764003,,,,U-3161,,,
215256,002,9764003,,,,U-3161,,,
215256,002,10888605,,,Y,U-3162,,,
215256,003,9764003,,,,U-3161,,,
215256,003,10888605,,,Y,U-3162,,,
215256,004,10888605,,,Y,U-3162,,,
215256,004,9764003,,,,U-3161,,,
215256,005,9764003,,,,U-3161,,,
215256,005,10888605,,,Y,U-3162,,,
020965,001,10357567,,,,U-3163,,,
213135,001,11033498,,,,U-3164,,,
214460,001,9303051,,Y,Y,U-3165,,,
214461,001,10112909,,,,U-3165,,,
210365,001,11096905,,Y,Y,U-2780,,,
210365,001,11096905,,Y,Y,U-2781,,,
215935,001,8491932,,,Y,U-3269,,,
207981,001,10456399,,,,U-3657,,,
214662,001,11229647,,,,U-3290,,,
207981,001,10456399,,,,U-3658,,,
207981,002,10456399,,,,U-3658,,,
207981,002,10456399,,,,U-3657,,,
207981,001,10960004,,,,U-3657,,,
207981,002,10960004,,,,U-3657,,,
207981,001,10960004,,,,U-3658,,,
207981,002,10960004,,,,U-3658,,,
203684,001,11723869,,,Y,U-3666,,,
203684,001,11723869,,,Y,U-3667,,,
203684,001,11723869,,,Y,U-3668,,,
218213,001,11452725,,,,U-3755,,,
216059,001,10464905,,,,U-3761,,,
216059,002,10464905,,,,U-3761,,,
216059,001,10695323,,Y,Y,U-3761,,,
216059,002,10695323,,Y,Y,U-3761,,,
216059,001,10918622,,,,U-3761,,,
216059,002,10918622,,,,U-3761,,,
202293,002,11826376,,,,U-3766,,,
214665,001,11827635,,Y,Y,U-3306,,,
214665,002,11827635,,Y,Y,U-3306,,,
212608,004,11827642,,Y,Y,U-3506,,,
214520,001,7696182,,Y,Y,U-3774,,,
214520,002,7696182,,Y,Y,U-3774,,,
211988,001,11844837,,,,U-3417,,,
211988,004,11844837,,,,U-3417,,,
211988,003,11844837,,,,U-3417,,,
211988,002,11844837,,,,U-3417,,,
212614,004,11833166,,,,U-3776,,,
212614,003,11833166,,,,U-3776,,,
212614,002,11833166,,,,U-3776,,,
212614,001,11833166,,,,U-3776,,,
212614,001,11833166,,,,U-3777,,,
212614,002,11833166,,,,U-3777,,,
212614,003,11833166,,,,U-3777,,,
212614,004,11833166,,,,U-3777,,,
208658,001,11833166,,,,U-3776,,,
208658,004,11833166,,,,U-3777,,,
208658,003,11833166,,,,U-3777,,,
208658,002,11833166,,,,U-3777,,,
208658,001,11833166,,,,U-3777,,,
208658,004,11833166,,,,U-3776,,,
208658,003,11833166,,,,U-3776,,,
208658,002,11833166,,,,U-3776,,,
206111,001,11833166,,,,U-3776,,,
206111,004,11833166,,,,U-3777,,,
206111,003,11833166,,,,U-3777,,,
206111,002,11833166,,,,U-3777,,,
206111,001,11833166,,,,U-3777,,,
206111,004,11833166,,,,U-3776,,,
206111,003,11833166,,,,U-3776,,,
206111,002,11833166,,,,U-3776,,,
206073,001,11833166,,,,U-3776,,,
206073,002,11833166,,,,U-3777,,,
206073,001,11833166,,,,U-3777,,,
206073,002,11833166,,,,U-3776,,,
204629,001,11833166,,,,U-3776,,,
204629,002,11833166,,,,U-3777,,,
204629,001,11833166,,,,U-3777,,,
204629,002,11833166,,,,U-3776,,,
214517,001,11833130,,,,U-3003,,,
214517,001,11850229,,,,U-3342,,,
205677,001,11850229,,,,U-3342,,,
205677,001,11850229,,,,U-3343,,,
205677,001,11833130,,,,U-2149,,,
205677,001,11833130,,,,U-3003,,,
215430,001,11844797,,,,U-3778,,,
215430,001,11839612,,,,U-3419,,,
209354,001,11839656,,,,U-2625,,,
205108,001,11850222,,,,U-2096,,,
205108,001,11850222,,,,U-2494,,,
209819,001,11839611,,,,U-3111,,,
209819,002,11839611,,,,U-3111,,,
022496,001,11819574,,,Y,U-3250,,,
022496,002,11819574,,,Y,U-3250,,,
215910,001,11857683,,,Y,U-3779,,,
021064,002,11857646,,,,U-665,,,
021064,001,11857646,,,,U-665,,,
022483,001,11850245,,,,U-1455,,,
022483,001,11850245,,,,U-172,,,
215352,001,11839487,,,,U-3685,,,
215014,001,11844841,,,Y,U-3172,,,
215014,001,11844841,,,Y,U-3174,,,
215014,001,11844841,,,Y,U-3173,,,
214793,001,11851407,,Y,Y,U-3130,,,
215935,001,8491932,,,Y,U-3781,,,
211723,001,11491163,,,,U-2852,,,
211723,001,11491163,,,,U-2853,,,
211723,001,11491163,,,,U-2736,,,
211723,001,11052093,,Y,Y,U-2852,,,
211723,001,11052093,,Y,Y,U-2853,,,
213411,001,11207324,,,,U-3783,,,
213411,002,11207324,,,,U-3783,,,
210365,001,11865102,,Y,Y,U-2781,,,
022474,001,10772897,,,,U-2958,,,
210861,001,10774085,,,,U-2470,,,
210861,002,10774085,,,,U-2470,,,
208623,001,10792278,,,,U-2371,,,
208623,001,10792279,,,,U-2371,,,
210282,001,10357535,,,Y,U-3176,,,
210282,001,9655946,,,Y,U-3175,,,
210282,002,10357535,,,Y,U-3176,,,
210282,002,9655946,,,Y,U-3175,,,
212306,002,9079865,,,,U-2584,,,
212306,002,9079865,,,,U-3018,,,
212306,002,9079865,,,,U-2855,,,
212306,002,10544108,,,,U-3018,,,
212306,002,10544108,,,,U-2584,,,
212306,002,10519139,,Y,Y,U-2584,,,
212306,002,10519139,,Y,Y,U-2855,,,
212306,002,10519139,,Y,Y,U-3018,,,
212306,003,10519139,,Y,Y,U-2584,,,
212306,003,10519139,,Y,Y,U-2855,,,
212306,003,10519139,,Y,Y,U-3018,,,
212306,003,9079865,,,,U-2855,,,
212306,003,9079865,,,,U-3018,,,
212306,003,9079865,,,,U-2584,,,
212306,003,10544108,,,,U-2584,,,
212306,003,10544108,,,,U-3018,,,
212306,004,10519139,,Y,Y,U-2855,,,
212306,004,10519139,,Y,Y,U-3018,,,
212306,004,10519139,,Y,Y,U-2584,,,
212306,004,9079865,,,,U-3018,,,
212306,004,9079865,,,,U-2584,,,
212306,004,9079865,,,,U-2855,,,
212306,004,10544108,,,,U-3018,,,
212306,004,10544108,,,,U-2584,,,
214032,001,11027031,,,,U-3317,,,
210850,001,11318100,,,Y,U-3479,,,
210850,001,11318100,,,Y,U-3480,,,
210850,001,11110063,,,Y,U-3481,,,
210850,001,11110063,,,Y,U-3482,,,
210850,001,11110063,,,Y,U-3483,,,
213189,001,11497750,,,,U-3015,,,
210833,001,11541002,,,Y,U-724,,,
210833,002,11541002,,,Y,U-724,,,
210833,003,11541002,,,Y,U-724,,,
215974,001,9951043,,Y,Y,U-3507,,,
215974,001,10654827,,,,U-3507,,,
021361,002,11564912,,,,U-3511,,,
021361,002,11564912,,,,U-3512,,,
205718,001,11559523,,,Y,U-3522,,,
211230,001,11648232,,,,U-3602,,,
211230,002,11648232,,,,U-3602,,,
020965,001,11571478,,,,U-3163,,,
217417,001,11654196,,Y,Y,U-3566,,,
214522,001,11666576,,,Y,U-3397,,,
203565,002,11433091,,,,U-3634,,,
203565,003,11433091,,,,U-3634,,,
207946,005,11666697,,,,U-3626,,,
207946,006,11666697,,,,U-3626,,,
203565,001,11433091,,,,U-3634,,,
203565,004,11433091,,,,U-3634,,,
203565,001,8895612,,,,U-3635,,,
203565,002,8895612,,,,U-3635,,,
203565,003,8895612,,,,U-3635,,,
203565,004,8895612,,,,U-3635,,,
203565,001,7754702,,,,U-3636,,,
203565,002,7754702,,,,U-3636,,,
203565,003,7754702,,,,U-3636,,,
203565,004,7754702,,,,U-3636,,,
212304,001,11679086,,,,U-3334,,,
212304,002,11679086,,,,U-3334,,,
215390,001,11517524,,,Y,U-3645,,,
215390,002,11517524,,,Y,U-3645,,,
215390,001,11497711,,,Y,U-3645,,,
215390,002,11497711,,,Y,U-3645,,,
209363,001,11684607,,,Y,U-2583,,,
209363,001,11684607,,,Y,U-3169,,,
209363,001,11684607,,,Y,U-3270,,,
209363,001,11684607,,,Y,U-3302,,,
215596,001,11684632,,,,U-3650,,,
210365,001,11701330,,,,U-2780,,,
210365,001,11701330,,,,U-2781,,,
217417,001,11712459,,,Y,U-3566,,,
215390,001,11839604,,,,U-3756,,,
215390,002,11839604,,,,U-3756,,,
021880,003,8741929,,,,U-1983,,,
202276,003,6656935,,Y,Y,U-155,,,
050808,008,7919483,,,,U-1078,,,
022535,001,7816383,,,,U-1603,,,
202806,002,7994185,,Y,Y,U-2031,,,
022321,003,7682633,,,,U-1510,,,
022321,005,8158156,,,,U-1510,,,
022328,001,8242131,,,,U-1266,,,
022334,002,8410131,,,,U-1368,,,
200533,002,7994364,,Y,Y,U-1276,,,
202057,001,8623406,,,,U-1478,,,
203791,001,8791127,,,Y,U-1460,,,
020845,003,8776794,,,Y,U-1226,,,
022088,001,8791097,,,,U-1550,,,
022352,001,7964648,,,,U-1161,,,
022377,001,7811254,,,Y,U-1083,,,
202806,001,7994185,,Y,Y,U-2031,,,
202806,001,8415345,,Y,Y,U-2296,,,
202810,002,7910131,,,,U-2041,,,
202811,001,7304036,,Y,Y,U-1516,,,
202834,001,6949571,,Y,Y,U-2088,,,
202834,002,6949571,,Y,Y,U-106,,,
202834,004,6949571,,Y,Y,U-2088,,,
202834,006,6949571,,Y,Y,U-2428,,,
202971,001,8338427,,,Y,U-1633,,,
022410,003,8475832,,,Y,U-1411,,,
201922,001,7919483,,,,U-124,,,
202022,001,7125879,,Y,Y,U-1307,,,
202971,002,8338427,,,Y,U-1633,,,
203045,001,7754731,,Y,Y,U-257,,,
203045,002,7754731,,Y,Y,U-257,,,
203188,001,8324242,,,,U-1906,,,
202057,001,8415335,,,,U-1287,,,
209863,001,10238662,,,Y,U-2418,,,
209863,002,10238662,,,Y,U-2418,,,
209863,003,10238662,,,Y,U-2418,,,
208232,001,11052126,,,,U-2857,,,
021196,001,10864181,,,,U-1532,,,
212690,001,10864181,,,,U-3017,,,
211243,001,10869844,,,,U-3035,,,
211243,001,10869844,,,,U-3034,,,
211243,001,10869844,,,,U-3036,,,
214461,001,9303051,,Y,Y,U-3165,,,
214461,001,10487061,,,Y,U-3165,,,
206111,001,11090323,,,,U-3193,,,
206111,002,11090323,,,,U-3193,,,
206111,003,11090323,,,,U-3193,,,
206111,004,11090323,,,,U-3193,,,
208658,001,11090323,,,,U-3193,,,
208658,002,11090323,,,,U-3193,,,
208658,003,11090323,,,,U-3193,,,
208658,004,11090323,,,,U-3193,,,
214902,001,9868103,,,Y,U-3194,,,
021272,005,8658694,,,,U-1437,,,
211988,001,11083730,,,Y,U-3118,,,
211988,002,11083730,,,Y,U-3118,,,
211988,003,11083730,,,Y,U-3118,,,
211988,004,11083730,,,Y,U-3118,,,
208692,001,11098015,,,,U-2488,,,
208692,001,11098015,,,,U-1220,,,
208692,001,11098015,,,,U-1480,,,
208692,002,11098015,,,,U-2488,,,
208692,002,11098015,,,,U-1220,,,
208692,002,11098015,,,,U-1480,,,
208692,003,11098015,,,,U-2488,,,
208692,003,11098015,,,,U-1220,,,
208692,003,11098015,,,,U-1480,,,
203756,001,11098015,,,,U-1617,,,
203756,002,11098015,,,,U-1617,,,
210730,001,11077098,,Y,Y,U-2986,,,
210730,002,11077098,,Y,Y,U-2986,,,
210730,003,11077098,,Y,Y,U-2986,,,
211367,001,10849857,,,Y,U-2553,,,
212725,001,11091469,,,,U-2617,,,
212725,002,11091469,,,,U-2617,,,
212725,001,11091469,,,,U-2618,,,
212725,002,11091469,,,,U-2618,,,
205488,001,11090312,,,,U-1616,,,
213895,001,10188697,,,Y,U-282,,,
213895,001,10039804,,,Y,U-282,,,
209360,001,11096983,,,,U-3211,,,
209360,002,11096983,,,,U-3211,,,
209360,001,11096983,,,,U-3212,,,
209360,002,11096983,,,,U-3212,,,
213973,001,RE48731,,,,U-3219,,,
202057,001,11116742,,,,U-3221,,,
202057,002,11116742,,,,U-3221,,,
213004,001,11135172,,,Y,U-2660,,,
204275,001,11116721,,,Y,U-1691,,,
204275,002,11116721,,,Y,U-1691,,,
208573,001,11110087,,,,U-3222,,,
208573,002,11110087,,,,U-3222,,,
208573,003,11110087,,,,U-3222,,,
208573,001,11110087,,,,U-3223,,,
208573,002,11110087,,,,U-3223,,,
208573,003,11110087,,,,U-3223,,,
020965,001,11135293,,,,U-3163,,,
202192,001,8822481,,,,U-3226,,,
202192,001,8822481,,,,U-3228,,,
022410,001,11135216,,,Y,U-3111,,,
202192,001,8822481,,,,U-3227,,,
202192,001,10016429,,,,U-3226,,,
202192,001,8829013,,,,U-3227,,,
202192,001,8829013,,,,U-3228,,,
202192,001,9079912,,,,U-3226,,,
202192,001,9079912,,,,U-3228,,,
202192,001,9079912,,,,U-3227,,,
202192,001,7598257,,Y,Y,U-3228,,,
202192,001,7598257,,Y,Y,U-3227,,,
202192,001,9814722,,,,U-3226,,,
215309,001,8822481,,,,U-3229,,,
022410,002,11135216,,,Y,U-3111,,,
022410,003,11135216,,,Y,U-3111,,,
022410,004,11135216,,,Y,U-3111,,,
022068,001,8415363,,Y,Y,U-1374,,,
022068,001,9061029,,Y,,U-3231,,,
022068,002,8415363,,Y,Y,U-1374,,,
022068,003,8415363,,Y,Y,U-1374,,,
210251,002,10385067,,,,U-257,,,
202971,001,11154553,,,,U-1632,,,
202971,002,11154553,,,,U-1632,,,
202971,003,11154553,,,,U-1632,,,
202971,004,11154553,,,,U-1632,,,
202971,001,11154553,,,,U-814,,,
202971,002,11154553,,,,U-814,,,
202971,003,11154553,,,,U-814,,,
202971,004,11154553,,,,U-814,,,
202971,001,11154553,,,,U-3245,,,
202971,002,11154553,,,,U-3245,,,
202971,003,11154553,,,,U-3245,,,
202971,004,11154553,,,,U-3245,,,
214902,001,10420743,,,,U-3194,,,
214902,001,10653899,,,Y,U-3194,,,
214028,001,10610518,,,,U-3252,,,
209394,001,8648037,,Y,Y,U-3237,,,
207925,003,8629162,,,,U-2965,,,
207925,003,8324242,,,,U-2963,,,
207925,003,8354427,,,,U-2964,,,
207925,003,9670163,,,Y,U-2966,,,
207925,003,10272046,,,Y,U-2967,,,
208623,001,10799491,,,,U-2371,,,
208623,001,10806727,,,,U-2371,,,
214662,001,11497745,,,,U-3290,,,
209394,001,11484534,,,,U-3237,,,
210365,001,11865102,,Y,Y,U-3236,,,
210365,001,11865102,,Y,Y,U-3277,,,
208232,001,11857595,,,,U-3784,,,
209627,001,11850251,,,,U-3785,,,
211765,001,11857542,,,,U-3786,,,
214510,001,11865100,,,,U-3357,,,
215866,007,9474780,,Y,Y,U-3378,,,
215866,008,9474780,,Y,Y,U-3378,,,
215866,009,9474780,,Y,Y,U-3378,,,
215866,010,9474780,,Y,Y,U-3378,,,
215866,011,9474780,,Y,Y,U-3378,,,
215866,012,9474780,,Y,Y,U-3378,,,
203567,001,11872218,,,,U-1969,,,
211230,001,11865098,,,,U-2548,,,
211230,002,11865098,,,,U-2548,,,
215430,001,11883373,,,,U-3419,,,
217424,001,11723858,,,Y,U-3788,,,
217424,001,11040006,,,Y,U-3789,,,
217424,001,10736839,,,,U-3790,,,
217424,001,10736839,,,,U-3791,,,
217424,001,10736839,,,,U-3792,,,
217424,001,10322081,,,,U-3793,,,
217424,001,10322081,,,,U-3794,,,
217424,001,10322081,,,,U-3795,,,
217424,001,10322081,,,,U-3796,,,
217424,001,10258564,,,,U-3797,,,
217424,001,10258564,,,,U-3798,,,
217424,001,10258564,,,,U-3799,,,
217424,001,9855211,,,Y,U-3800,,,
217424,001,9855211,,,Y,U-3801,,,
217424,001,9737561,,,,U-3802,,,
217424,001,9289442,,,Y,U-3803,,,
217064,001,11400077,,,,U-3804,,,
212018,001,10898482,,,Y,U-3805,,,
212018,001,10898482,,,Y,U-3807,,,
212018,001,10898482,,,Y,U-3806,,,
212018,002,10898482,,,Y,U-3806,,,
212018,002,10898482,,,Y,U-3807,,,
212018,002,10898482,,,Y,U-3805,,,
212018,003,10898482,,,Y,U-3807,,,
212018,003,10898482,,,Y,U-3805,,,
212018,003,10898482,,,Y,U-3806,,,
212018,001,9464071,,,,U-3805,,,
212018,002,9464071,,,,U-3805,,,
212018,003,9464071,,,,U-3805,,,
212526,001,8227462,,Y,Y,U-3809,,,
212526,002,8227462,,Y,Y,U-3809,,,
212526,003,8227462,,Y,Y,U-3809,,,
208010,001,9498486,,,,U-3814,,,
208010,001,11154509,,,,U-3815,,,
206494,001,7112592,,Y,Y,U-3818,,,
213976,001,11564934,,,,U-3820,,,
213976,001,11357859,,,,U-3820,,,
211215,001,11918622,,,,U-3817,,,
210656,001,11891372,,,,U-3254,,,
210656,002,11891372,,,,U-3254,,,
214133,001,11903940,,,,U-3821,,,
213978,001,11911380,,,,U-1900,,,
213978,001,11903943,,,,U-1900,,,
213978,001,11903941,,,,U-1900,,,
208944,001,11903908,,,,U-3822,,,
208944,002,11903908,,,,U-3822,,,
208065,001,8946235,,Y,Y,U-3823,,,
208065,002,8946235,,Y,Y,U-3823,,,
208065,001,9732058,,Y,Y,U-3823,,,
208065,002,9732058,,Y,Y,U-3823,,,
208065,001,10183020,,,Y,U-3823,,,
208065,002,10183020,,,Y,U-3823,,,
214679,001,11911362,,,Y,U-3413,,,
214679,001,11911362,,,Y,U-3414,,,
214679,001,11911362,,,Y,U-3415,,,
215320,001,11896567,,,,U-3744,,,
215320,001,11896567,,,,U-3745,,,
213217,001,11896596,,,,U-3715,,,
213217,001,11896596,,,,U-3720,,,
213217,001,11896596,,,,U-3719,,,
213217,001,11896596,,,,U-3718,,,
213217,001,11896596,,,,U-3717,,,
213217,001,11896596,,,,U-3716,,,
207793,001,11344552,,,,U-3824,,,
202293,002,11903955,,,,U-3825,,,
211340,001,11918685,,,,U-3447,,,
211340,001,11918685,,,,U-3448,,,
022496,001,11925706,,,Y,U-3380,,,
022496,002,11925706,,,Y,U-3380,,,
214787,002,11491169,,,,U-3834,,,
214787,002,11491169,,,,U-3833,,,
214787,001,11491169,,,,U-3836,,,
214787,001,11491169,,,,U-3835,,,
214787,001,11007208,,,,U-3831,,,
214787,001,11007208,,,,U-3832,,,
214787,001,11903953,,,,U-3835,,,
214787,001,11903953,,,,U-3836,,,
205552,001,9795604,,,,U-2970,,,
205552,001,9795604,,,,U-2969,,,
205552,002,9795604,,,,U-2970,,,
205552,002,9795604,,,,U-2969,,,
207924,002,8420629,,,,U-247,,,
210563,001,9795604,,,,U-2970,,,
210563,001,9795604,,,,U-2969,,,
210563,002,9795604,,,,U-2969,,,
210563,002,9795604,,,,U-2970,,,
210563,003,9795604,,,,U-2970,,,
210563,003,9795604,,,,U-2969,,,
210563,004,9795604,,,,U-2969,,,
210563,004,9795604,,,,U-2970,,,
210132,001,11103513,,,,U-2439,,,
214826,001,8999393,,,Y,U-3210,,,
214826,003,8999393,,,Y,U-3210,,,
214826,002,8999393,,,Y,U-3210,,,
200063,001,11033543,,,,U-1583,,,
022036,001,11110074,,,,U-620,,,
022036,002,11110074,,,,U-620,,,
022036,001,11096920,,,,U-620,,,
022036,002,11096920,,,,U-620,,,
207924,001,11806555,,,,U-3500,,,
207924,002,11806555,,,,U-3500,,,
207924,003,11806555,,,,U-3500,,,
217369,001,10342810,,,,U-2552,,,
217369,003,10342810,,,,U-2552,,,
217369,002,10342810,,,,U-2552,,,
217369,001,10172871,,,,U-2552,,,
217369,002,10172871,,,,U-2552,,,
217369,003,10172871,,,,U-2552,,,
208623,001,11833164,,,,U-2371,,,
208623,001,11813255,,,,U-2371,,,
208144,001,11833245,,,,U-2222,,,
206977,001,11241382,,,,U-3757,,,
206977,015,11241382,,,,U-3758,,,
206977,014,11241382,,,,U-3758,,,
206977,013,11241382,,,,U-3758,,,
206977,012,11241382,,,,U-3758,,,
206977,011,11241382,,,,U-3758,,,
206977,010,11241382,,,,U-3758,,,
206977,009,11241382,,,,U-3758,,,
206977,008,11241382,,,,U-3758,,,
206977,007,11241382,,,,U-3758,,,
206977,006,11241382,,,,U-3758,,,
206977,005,11241382,,,,U-3758,,,
206977,004,11241382,,,,U-3758,,,
206977,003,11241382,,,,U-3758,,,
206977,002,11241382,,,,U-3758,,,
206977,001,11241382,,,,U-3758,,,
206977,015,11241382,,,,U-3757,,,
206977,014,11241382,,,,U-3757,,,
206977,013,11241382,,,,U-3757,,,
206977,012,11241382,,,,U-3757,,,
206977,011,11241382,,,,U-3757,,,
206977,010,11241382,,,,U-3757,,,
206977,009,11241382,,,,U-3757,,,
206977,008,11241382,,,,U-3757,,,
206977,007,11241382,,,,U-3757,,,
206977,006,11241382,,,,U-3757,,,
206977,005,11241382,,,,U-3757,,,
206977,004,11241382,,,,U-3757,,,
206977,003,11241382,,,,U-3757,,,
206977,002,11241382,,,,U-3757,,,
204629,001,11813275,,,,U-3759,,,
204629,001,11813275,,,,U-3760,,,
208658,001,11813275,,,,U-3759,,,
208658,002,11813275,,,,U-3759,,,
206111,001,11813275,,,,U-3759,,,
206111,002,11813275,,,,U-3759,,,
213674,001,8183274,,,,U-3763,,,
213674,002,8183274,,,,U-3763,,,
213674,001,9126941,,,,U-3763,,,
213674,002,9126941,,,,U-3763,,,
203415,001,8183274,,,,U-3763,,,
203415,001,9126941,,,,U-3763,,,
211230,001,11839599,,,,U-3764,,,
211230,002,11839599,,,,U-3764,,,
211230,001,11839598,,,,U-3765,,,
211230,002,11839598,,,,U-3765,,,
022201,001,11826397,,,,U-1978,,,
022201,002,11826397,,,,U-1978,,,
208194,001,11844783,,,,U-1542,,,
208194,001,11844783,,,,U-1972,,,
208194,001,11844783,,,,U-1971,,,
205580,001,11844783,,,,U-1542,,,
205580,001,11844783,,,,U-1971,,,
205580,001,11844783,,,,U-1972,,,
201739,002,11771830,,,Y,U-2980,,,
204708,001,8410102,,,,U-1428,,,
200533,004,8536130,,,,U-1276,,,
203505,001,8236861,,,,U-1370,,,
205552,001,8476284,,,,U-1946,,,
205552,001,8497277,,,,U-1650,,,
020866,001,8613947,,,Y,U-976,,,
021991,001,8450372,,,,U-892,,,
200063,001,8318788,,,,U-1584,,,
201635,004,8877248,,,Y,U-1992,,,
022249,002,8883836,,,Y,U-1402,,,
204623,001,8563613,,,Y,U-1488,,,
201281,002,8673927,,,,U-1503,,,
202293,001,6515117,,Y,Y,U-2139,,,
202293,002,6515117,,Y,Y,U-493,,,
204026,001,8198262,,,,U-1360,,,
204042,001,7943582,,Y,Y,U-493,,,
204042,002,8222219,,,,U-2441,,,
204275,001,7439393,,Y,Y,U-1401,,,
020947,001,8741956,,,,U-1435,,,
021436,002,8759350,,,,U-1529,,,
021436,003,8759350,,,,U-1529,,,
021436,005,8759350,,,,U-1529,,,
022430,001,8809394,,,Y,U-1182,,,
022272,005,8808741,,,,U-1556,,,
202788,006,8835460,,,Y,U-55,,,
204623,001,8871809,,,,U-1614,,,
022291,002,8828430,,,Y,U-1306,,,
204168,004,8481598,,,,U-839,,,
022421,005,8679533,,,Y,U-219,,,
205834,001,8334270,,Y,Y,U-1470,,,
205649,004,8685934,,,,U-1522,,,
202057,001,8445013,,,,U-1287,,,
213491,001,10905662,,,,U-1399,,,
213491,002,10905662,,,,U-1399,,,
209381,001,10918723,,,,U-2310,,,
203389,001,10905662,,,,U-1399,,,
203389,002,10905662,,,,U-1399,,,
022483,001,10918635,,,,U-172,,,
022483,001,10918635,,,,U-1455,,,
213876,001,9717740,,,,U-3075,,,
213876,001,9675559,,,,U-3075,,,
213876,001,9649280,,,Y,U-3075,,,
213876,002,9675559,,,,U-3075,,,
213876,002,9649280,,,Y,U-3075,,,
213876,002,9717740,,,,U-3075,,,
213876,003,9717740,,,,U-3075,,,
213876,003,9649280,,,Y,U-3075,,,
213876,003,9675559,,,,U-3075,,,
213876,004,9717740,,,,U-3075,,,
213876,004,9649280,,,Y,U-3075,,,
213876,004,9675559,,,,U-3075,,,
209241,001,10912771,,,,U-1995,,,
209241,001,10912771,,,,U-3076,,,
209241,002,10912771,,,,U-1995,,,
209241,002,10912771,,,,U-3076,,,
214096,001,8658643,,,,U-3077,,,
214096,001,8927540,,,,U-3078,,,
214096,001,9403799,,,,U-3077,,,
209394,001,10028937,,,,U-3237,,,
209394,001,10286029,,,,U-3237,,,
209394,001,10039754,,,,U-3237,,,
209500,001,RE48839,,,,U-814,,,
209863,001,11160751,,,Y,U-2418,,,
209863,003,11160751,,,Y,U-2418,,,
209863,002,11160751,,,Y,U-2418,,,
203469,001,11192897,,Y,,U-1700,,,
203469,002,11192897,,Y,,U-1700,,,
203469,003,11192897,,Y,,U-1700,,,
203469,004,11192897,,Y,,U-1700,,,
203469,001,11192897,,Y,,U-1701,,,
203469,002,11192897,,Y,,U-1701,,,
203469,003,11192897,,Y,,U-1701,,,
203469,004,11192897,,Y,,U-1701,,,
203469,001,11192897,,Y,,U-1948,,,
203469,002,11192897,,Y,,U-1948,,,
203469,003,11192897,,Y,,U-1948,,,
203469,004,11192897,,Y,,U-1948,,,
203469,001,11192895,,,,U-1700,,,
203469,002,11192895,,,,U-1700,,,
203469,003,11192895,,,,U-1700,,,
203469,004,11192895,,,,U-1700,,,
203469,001,11192895,,,,U-1701,,,
203469,002,11192895,,,,U-1701,,,
203469,003,11192895,,,,U-1701,,,
203469,004,11192895,,,,U-1701,,,
203469,001,11192895,,,,U-1948,,,
203469,002,11192895,,,,U-1948,,,
203469,003,11192895,,,,U-1948,,,
203469,004,11192895,,,,U-1948,,,
209935,001,8962630,,,,U-3264,,,
209935,001,9416136,,,,U-3264,,,
209935,001,9868739,,,,U-3264,,,
209092,001,9416136,,,,U-3266,,,
209092,001,9416136,,,,U-3265,,,
209092,001,8962630,,,,U-3265,,,
209092,001,8962630,,,,U-3266,,,
209092,001,9868739,,,,U-3265,,,
209092,001,9868739,,,,U-3266,,,
022134,001,8664215,,,,U-3267,,,
022134,001,10617695,,,Y,U-3267,,,
209360,003,10500247,,,,U-2681,,,
209500,001,10117867,,,,U-3271,,,
209500,001,11026951,,,,U-3274,,,
204819,001,11203593,,Y,Y,U-2834,,,
204819,002,11203593,,Y,Y,U-2834,,,
204819,003,11203593,,Y,Y,U-2834,,,
204819,004,11203593,,Y,Y,U-2834,,,
204819,005,11203593,,Y,Y,U-2834,,,
204819,001,11203593,,Y,Y,U-2835,,,
204819,002,11203593,,Y,Y,U-2835,,,
204819,003,11203593,,Y,Y,U-2835,,,
204819,004,11203593,,Y,Y,U-2835,,,
204819,005,11203593,,Y,Y,U-2835,,,
215358,001,8829195,,Y,,U-1374,,,
215358,002,8829195,,Y,,U-1374,,,
209360,003,10500247,,,,U-2680,,,
209360,003,10493124,,,,U-2679,,,
209360,003,10548943,,,,U-2740,,,
209360,003,10548943,,,,U-2739,,,
209360,003,11096983,,,,U-3212,,,
209360,003,11096983,,,,U-3211,,,
207793,001,10980795,,,,U-1848,,,
209500,001,11690842,,,Y,U-3362,,,
209500,002,11690842,,,Y,U-3362,,,
209500,003,11690842,,,Y,U-3362,,,
209500,001,11690842,,,Y,U-3363,,,
209500,002,11690842,,,Y,U-3363,,,
209500,003,11690842,,,Y,U-3363,,,
213388,001,11690845,,,,U-3655,,,
216956,001,11007175,,,,U-3730,,,
216956,001,10676435,,,,U-3731,,,
216956,001,9126932,,,,U-3732,,,
215092,001,11793798,,,Y,U-3454,,,
212102,001,11786487,,,,U-3733,,,
211675,001,11780848,,,,U-3371,,,
213931,001,10940146,,,,U-381,,,
213931,003,10940146,,,,U-3736,,,
213931,002,10940146,,,,U-3736,,,
213931,001,10940146,,,,U-3736,,,
213931,003,10940146,,,,U-381,,,
213931,002,10940146,,,,U-381,,,
213931,001,10272079,,,,U-381,,,
213931,003,10272079,,,,U-3736,,,
213931,002,10272079,,,,U-3736,,,
213931,001,10272079,,,,U-3736,,,
213931,003,10272079,,,,U-381,,,
213931,002,10272079,,,,U-381,,,
210132,001,11793819,,,,U-2439,,,
210132,002,11793819,,,,U-2439,,,
205739,004,7556799,,,,U-1766,,,
205739,004,11123363,,,,U-1766,,,
209899,001,11680050,,Y,Y,U-2774,,,
209899,002,11680050,,Y,Y,U-2774,,,
209899,003,11680050,,Y,Y,U-2774,,,
209899,001,11680050,,Y,Y,U-3740,,,
209899,002,11680050,,Y,Y,U-3740,,,
209899,003,11680050,,Y,Y,U-3740,,,
209311,001,11911518,,,,U-2357,,,
209311,002,11911518,,,,U-2357,,,
209311,003,11911518,,,,U-2357,,,
209311,004,11911518,,,,U-2357,,,
209311,005,11911518,,,,U-2357,,,
022496,001,11931459,,,,U-3839,,,
022496,002,11931459,,,,U-3840,,,
022496,001,11931459,,,,U-3840,,,
022496,002,11931459,,,,U-3839,,,
022496,001,11918565,,,,U-3841,,,
022496,002,11918565,,,,U-3841,,,
217003,001,9795604,,,,U-2970,,,
217003,001,8497277,,,,U-3842,,,
217003,001,8497277,,,,U-3843,,,
217003,001,8497277,,,,U-3845,,,
217003,001,8497277,,,,U-3844,,,
217003,001,8497277,,,,U-2666,,,
217003,001,10478439,,,,U-3842,,,
217003,001,10478439,,,,U-3844,,,
217003,001,10478439,,,,U-2666,,,
217003,001,10478439,,,,U-2970,,,
217003,001,10478439,,,,U-3843,,,
217003,001,10478439,,,,U-3845,,,
217003,001,8497277,,,,U-2970,,,
213260,001,11925704,,,Y,U-3853,,,
208026,001,11911388,,,,U-3854,,,
208026,002,11911388,,,,U-3854,,,
201281,001,11911388,,,,U-3854,,,
201281,003,11911388,,,,U-3854,,,
201281,002,11911388,,,,U-3854,,,
201280,001,11911388,,,,U-3854,,,
214517,001,11918556,,,,U-3342,,,
214517,001,11826339,,,,U-3342,,,
205677,001,11918557,,,,U-3003,,,
205677,001,11918557,,,,U-3865,,,
205677,001,11918556,,,,U-3342,,,
205677,001,11918556,,,,U-3343,,,
205677,001,11826339,,,,U-3342,,,
205677,001,11826339,,,,U-3343,,,
213004,001,11931463,,,Y,U-3866,,,
214517,001,11918557,,,,U-3003,,,
215727,001,11944595,,,,U-3867,,,
215727,001,11944595,,,,U-3868,,,
217439,006,10780088,,,,U-3651,,,
217439,005,10780088,,,,U-3651,,,
217439,004,10780088,,,,U-3651,,,
217439,003,10780088,,,,U-3651,,,
217439,002,10780088,,,,U-3651,,,
217439,001,10780088,,,,U-3651,,,
217439,001,9820985,,,,U-2437,,,
217439,002,9820985,,,,U-2437,,,
217439,003,9820985,,,,U-2437,,,
217439,004,9820985,,,,U-2437,,,
217439,005,9820985,,,,U-2437,,,
217439,006,9820985,,,,U-2437,,,
212489,001,8524746,,,,U-3869,,,
212489,002,8524746,,,,U-3869,,,
212489,001,8168793,,Y,Y,U-3869,,,
212489,002,8168793,,Y,Y,U-3869,,,
212489,001,10583130,,,,U-3869,,,
212489,002,10583130,,,,U-3869,,,
213217,001,11896596,,,,U-3875,,,
215192,001,11857543,,,,U-3876,,,
215192,003,11857543,,,,U-3876,,,
215192,002,11857543,,,,U-3876,,,
215192,001,11844756,,,,U-3876,,,
201739,003,11771830,,,Y,U-2980,,,
217417,001,11819533,,Y,Y,U-3566,,,
217242,001,11129818,,,,U-3773,,,
217242,001,9907788,,,,U-3773,,,
217242,001,11707454,,,,U-3773,,,
217242,001,11819496,,,,U-3773,,,
211230,001,11850226,,,,U-3775,,,
211230,002,11850226,,,,U-3775,,,
211230,001,11850227,,,,U-3775,,,
211230,002,11850227,,,,U-3775,,,
211230,001,11850228,,,,U-3775,,,
211230,002,11850228,,,,U-3775,,,
217677,001,11872211,,,,U-3754,,,
211230,001,11857528,,,,U-3521,,,
211230,002,11857528,,,,U-3521,,,
211230,001,11872203,,,,U-3693,,,
211230,002,11872203,,,,U-3693,,,
211230,001,11872204,,,,U-3693,,,
211230,002,11872204,,,,U-3693,,,
216457,001,11878074,,,,U-3787,,,
215390,001,11890272,,,,U-3756,,,
215390,002,11890272,,,,U-3756,,,
213721,001,11872192,,,,U-2952,,,
212018,001,11684620,,,,U-3805,,,
212018,002,11684620,,,,U-3805,,,
212018,003,11684620,,,,U-3805,,,
212018,001,11077106,,,,U-3808,,,
212018,001,11684620,,,,U-3807,,,
212018,001,11684620,,,,U-3806,,,
212018,002,11684620,,,,U-3807,,,
212018,002,11684620,,,,U-3806,,,
212018,002,11077106,,,,U-3808,,,
212018,003,11077106,,,,U-3808,,,
212018,003,11684620,,,,U-3807,,,
212018,003,11684620,,,,U-3806,,,
208232,001,11890316,,,,U-3232,,,
218158,001,11376262,,,Y,U-19,,,
218490,001,10946015,,,Y,U-3881,,,
218490,002,10946015,,,Y,U-3881,,,
208325,001,11959486,,,Y,U-2014,,,
208325,002,11959486,,,Y,U-2014,,,
208325,003,11959486,,,Y,U-2014,,,
218390,001,10857137,,,,U-1995,,,
218390,003,10857137,,,,U-1995,,,
218390,002,10857137,,,,U-1995,,,
218390,001,10851104,,Y,,U-1995,,,
218390,003,10851104,,Y,,U-3055,,,
218390,002,10851104,,Y,,U-3055,,,
218390,001,10851104,,Y,,U-3055,,,
218390,003,10851104,,Y,,U-1995,,,
218390,002,10851104,,Y,,U-1995,,,
218390,001,10851103,,Y,Y,U-1995,,,
218390,003,10851103,,Y,Y,U-3055,,,
218390,002,10851103,,Y,Y,U-3055,,,
218390,001,10851103,,Y,Y,U-3055,,,
218390,003,10851103,,Y,Y,U-1995,,,
218390,002,10851103,,Y,Y,U-1995,,,
218390,001,10844058,,Y,Y,U-1995,,,
218390,003,10844058,,Y,Y,U-3055,,,
218390,002,10844058,,Y,Y,U-3055,,,
218390,001,10844058,,Y,Y,U-3055,,,
218390,003,10844058,,Y,Y,U-1995,,,
218390,002,10844058,,Y,Y,U-1995,,,
218390,001,10065952,,Y,Y,U-1995,,,
218390,003,10065952,,Y,Y,U-3055,,,
218390,002,10065952,,Y,Y,U-3055,,,
218390,001,10065952,,Y,Y,U-3055,,,
218390,003,10065952,,Y,Y,U-1995,,,
218390,002,10065952,,Y,Y,U-1995,,,
218390,001,8357697,,,,U-1995,,,
218390,003,8357697,,,,U-3055,,,
218390,002,8357697,,,,U-3055,,,
218390,001,8357697,,,,U-3055,,,
218390,003,8357697,,,,U-1995,,,
218390,002,8357697,,,,U-1995,,,
213721,001,11963958,,,,U-2828,,,
215430,001,11986444,,,,U-3419,,,
211230,001,11986455,,,,U-3521,,,
211230,002,11986455,,,,U-3521,,,
211230,001,11986454,,,,U-3775,,,
211230,002,11986454,,,,U-3775,,,
211230,001,12005036,,,,U-3693,,,
211230,002,12005036,,,,U-3693,,,
209354,001,11986527,,,,U-2625,,,
208232,001,11986529,,,,U-2857,,,
215985,001,12005051,,,,U-3748,,,
215256,005,12029779,,,,U-3162,,,
213973,001,12059411,,,,U-3971,,,
213973,001,12059410,,,,U-3153,,,
205718,001,12042494,,,Y,U-3522,,,
209092,001,9416136,,,,U-3975,,,
209092,001,8962630,,,,U-3975,,,
208716,004,7855211,,Y,Y,U-3265,,,
208716,004,7855211,,Y,Y,U-3546,,,
208716,004,7855211,,Y,Y,U-3242,,,
218276,001,11723901,,,,U-3980,,,
218276,001,10093663,,,,U-3980,,,
217415,001,12053502,,,,U-3981,,,
217415,002,12053502,,,,U-3981,,,
218549,001,11795176,,Y,,U-713,,,
218549,002,11795176,,Y,,U-713,,,
202155,001,6967208,,Y,Y,U-1323,,,
202155,001,6967208,,Y,Y,U-1502,,,
203137,001,7270800,,Y,Y,U-336,,,
203085,001,8680124,,,,U-1506,,,
204114,002,8835443,,,,U-2305,,,
204114,003,8835443,,,,U-2305,,,
022309,003,8466138,,,,U-1103,,,
022309,003,8466137,,,,U-1103,,,
050808,001,7919483,,,,U-1078,,,
205552,001,8703780,,,,U-1491,,,
050819,001,8663699,,,,U-124,,,
205776,002,8664231,,,,U-1442,,,
205776,006,8664231,,,,U-1442,,,
204031,001,8372432,,,Y,U-1499,,,
204242,001,8470361,,,Y,U-1425,,,
022309,001,8741881,,,,U-1103,,,
202057,001,8518929,,,,U-1287,,,
204447,001,7144884,,Y,Y,U-1439,,,
201635,004,8889191,,,,U-1992,,,
205755,001,8703787,,,,U-1179,,,
020845,002,8573210,,,Y,U-1453,,,
203975,001,7439393,,Y,Y,U-1476,,,
203975,001,8511304,,,Y,U-1476,,,
204308,001,8778366,,,,U-1892,,,
022291,001,7547719,,Y,Y,U-1306,,,
022291,002,7547719,,Y,Y,U-2451,,,
022291,003,7547719,,Y,Y,U-1306,,,
022291,003,7547719,,Y,Y,U-2452,,,
022291,004,7547719,,Y,Y,U-1306,,,
022483,001,8598196,,,,U-1455,,,
209963,001,10857095,,,,U-3014,,,
206406,001,10864199,,,,U-2678,,,
206406,001,10864199,,,,U-2677,,,
206406,002,10864199,,,,U-2677,,,
206406,002,10864199,,,,U-2678,,,
206406,003,10864199,,,,U-2677,,,
206406,003,10864199,,,,U-2678,,,
210607,001,10888558,,,,U-2582,,,
212520,001,10912765,,,,U-2849,,,
209410,001,8895616,,,,U-219,,,
209410,001,8895616,,,,U-3054,,,
209410,001,8895615,,,,U-219,,,
209410,001,8895615,,,,U-3054,,,
209410,001,8389578,,,,U-3054,,,
209410,001,8389578,,,,U-219,,,
209410,001,8796337,,,,U-219,,,
209410,001,8796337,,,,U-3054,,,
209410,001,8796337,,,,U-2497,,,
209410,001,8895617,,,,U-219,,,
209410,001,8895617,,,,U-3054,,,
209410,001,9072697,,,,U-219,,,
209410,001,9072697,,,,U-3054,,,
209410,002,8895617,,,,U-3054,,,
209410,002,8895617,,,,U-219,,,
209410,002,9072697,,,,U-219,,,
209410,002,9072697,,,,U-3054,,,
209410,002,8796337,,,,U-219,,,
209410,002,8796337,,,,U-3054,,,
209410,002,8796337,,,,U-2497,,,
209410,002,8389578,,,,U-219,,,
209410,002,8389578,,,,U-3054,,,
209410,002,8895616,,,,U-219,,,
209410,002,8895616,,,,U-3054,,,
209410,002,8895615,,,,U-219,,,
209410,002,8895615,,,,U-3054,,,
209410,003,8895616,,,,U-3054,,,
209410,003,8895616,,,,U-219,,,
209410,003,8895615,,,,U-219,,,
209410,003,8895615,,,,U-3054,,,
209410,003,8389578,,,,U-219,,,
209410,003,8389578,,,,U-3054,,,
209410,003,8796337,,,,U-3054,,,
209410,003,8796337,,,,U-219,,,
209410,003,8796337,,,,U-2497,,,
209410,003,8895617,,,,U-219,,,
209410,003,8895617,,,,U-3054,,,
209410,003,9072697,,,,U-3054,,,
209410,003,9072697,,,,U-219,,,
209410,004,8796337,,,,U-219,,,
209410,004,8796337,,,,U-2497,,,
209410,004,8796337,,,,U-3054,,,
209410,004,8389578,,,,U-3054,,,
209410,004,8389578,,,,U-219,,,
209410,004,8895615,,,,U-219,,,
209410,004,8895615,,,,U-3054,,,
209410,004,8895617,,,,U-219,,,
209410,004,8895617,,,,U-3054,,,
209410,004,8895616,,,,U-219,,,
209410,004,8895616,,,,U-3054,,,
209410,004,9072697,,,,U-219,,,
209410,004,9072697,,,,U-3054,,,
208400,001,11116724,,,,U-1349,,,
208400,001,11116724,,,,U-1699,,,
209360,003,10028995,,,,U-2338,,,
209360,003,10335451,,,,U-2581,,,
209360,003,9572856,,,,U-2221,,,
209360,003,9867863,,,,U-2231,,,
209360,003,9220745,,,,U-2217,,,
209360,003,9220745,,,,U-2218,,,
210132,002,11033626,,,Y,U-2439,,,
210132,002,10206932,,,,U-2439,,,
210132,002,9301920,,,Y,U-2439,,,
210132,002,9114146,,,Y,U-2439,,,
210132,002,9114145,,,,U-2439,,,
210132,002,8933059,,,Y,U-2439,,,
210132,002,8846649,,,Y,U-2439,,,
210132,002,8846648,,,,U-2439,,,
203340,002,11207306,,,,U-2804,,,
214133,001,11020393,,,,U-3282,,,
210132,002,10675288,,,,U-2439,,,
214907,001,9061057,,Y,Y,U-3291,,,
214907,001,10881747,,Y,Y,U-3291,,,
214907,001,9789208,,Y,Y,U-3291,,,
202057,001,11213504,,,,U-3292,,,
202057,002,11213504,,,,U-3292,,,
215650,001,11129896,,,,U-3293,,,
213176,001,10981919,,,,U-3063,,,
213176,001,10981919,,,,U-3064,,,
213645,001,11173189,,,Y,U-3294,,,
213871,001,9549929,,,,U-3195,,,
213871,002,9549929,,,,U-3195,,,
213871,003,9549929,,,,U-3195,,,
208081,001,11235169,,,,U-3303,,,
214869,001,11033521,,,Y,U-219,,,
214869,001,11033521,,,Y,U-3304,,,
214869,001,11033521,,,Y,U-3305,,,
213407,001,11241400,,,,U-3183,,,
210807,001,8486975,,Y,Y,U-3307,,,
208623,001,11241422,,,,U-2371,,,
210806,001,8486975,,Y,Y,U-3308,,,
208623,001,11234972,,,,U-2371,,,
214200,001,10966984,,,,U-3079,,,
214200,001,10966984,,,,U-3080,,,
203341,001,11103497,,,,U-3216,,,
203341,002,11103497,,,,U-3216,,,
203341,003,11103497,,,,U-3216,,,
203341,001,11103497,,,,U-3217,,,
203341,002,11103497,,,,U-3217,,,
203341,003,11103497,,,,U-3217,,,
214187,001,11116783,,,Y,U-1470,,,
214187,002,11116783,,,Y,U-1470,,,
209195,001,11116783,,,Y,U-2039,,,
209195,001,11116783,,,Y,U-2040,,,
211617,001,10912751,,,,U-3224,,,
208692,001,8877776,,Y,Y,U-3225,,,
208692,001,11098015,,,,U-3225,,,
208692,002,11098015,,,,U-3225,,,
208692,002,8877776,,Y,Y,U-3225,,,
208692,003,8877776,,Y,Y,U-3225,,,
208692,003,11098015,,,,U-3225,,,
202192,002,9079912,,,,U-3227,,,
202192,002,9079912,,,,U-3226,,,
208716,001,7855211,,Y,Y,U-3242,,,
202192,002,9079912,,,,U-3228,,,
202192,002,8822481,,,,U-3228,,,
202192,002,8822481,,,,U-3226,,,
202192,002,8822481,,,,U-3227,,,
202192,002,10016429,,,,U-3226,,,
202192,002,7598257,,Y,Y,U-3228,,,
202192,002,7598257,,Y,Y,U-3227,,,
202192,002,9814722,,,,U-3226,,,
202192,003,8829013,,,,U-3228,,,
202192,003,8829013,,,,U-3227,,,
202192,003,8822481,,,,U-3226,,,
202192,003,8822481,,,,U-3227,,,
208716,002,7855211,,Y,Y,U-3242,,,
202192,003,8822481,,,,U-3228,,,
202192,003,7598257,,Y,Y,U-3228,,,
202192,003,7598257,,Y,Y,U-3227,,,
202192,003,10016429,,,,U-3226,,,
202192,003,9814722,,,,U-3226,,,
202192,003,9079912,,,,U-3228,,,
202192,003,9079912,,,,U-3226,,,
202192,003,9079912,,,,U-3227,,,
202192,004,10016429,,,,U-3226,,,
202192,004,9079912,,,,U-3227,,,
202192,004,9079912,,,,U-3228,,,
202192,004,9079912,,,,U-3226,,,
202192,004,8822481,,,,U-3226,,,
202192,004,8822481,,,,U-3228,,,
202192,004,8822481,,,,U-3227,,,
202192,004,9814722,,,,U-3226,,,
202192,004,8829013,,,,U-3227,,,
202192,004,8829013,,,,U-3228,,,
202192,004,7598257,,Y,Y,U-3227,,,
202192,004,7598257,,Y,Y,U-3228,,,
202192,005,8822481,,,,U-3228,,,
202192,005,8822481,,,,U-3227,,,
202192,005,8822481,,,,U-3226,,,
202192,005,10016429,,,,U-3226,,,
202192,005,9079912,,,,U-3228,,,
202192,005,9079912,,,,U-3226,,,
208716,003,7855211,,Y,Y,U-3242,,,
202192,005,9079912,,,,U-3227,,,
202192,005,7598257,,Y,Y,U-3227,,,
202192,005,7598257,,Y,Y,U-3228,,,
202192,005,8829013,,,,U-3228,,,
202192,005,8829013,,,,U-3227,,,
202192,005,9814722,,,,U-3226,,,
202192,002,8829013,,,,U-3228,,,
202192,002,8829013,,,,U-3227,,,
202192,001,9079912,,,,U-3230,,,
202192,001,9814722,,,,U-3230,,,
202192,001,10016429,,,,U-3230,,,
202192,001,8822481,,,,U-3230,,,
202192,002,10016429,,,,U-3230,,,
202192,002,8822481,,,,U-3230,,,
202192,002,9814722,,,,U-3230,,,
202192,002,9079912,,,,U-3230,,,
202192,003,8822481,,,,U-3230,,,
202192,003,9079912,,,,U-3230,,,
202192,003,10016429,,,,U-3230,,,
202192,003,9814722,,,,U-3230,,,
202192,004,8822481,,,,U-3230,,,
202192,004,9079912,,,,U-3230,,,
202192,004,10016429,,,,U-3230,,,
202192,004,9814722,,,,U-3230,,,
202192,005,10016429,,,,U-3230,,,
202192,005,8822481,,,,U-3230,,,
202192,005,9814722,,,,U-3230,,,
202192,005,9079912,,,,U-3230,,,
209899,001,8481573,,Y,Y,U-2774,,,
209899,001,9382217,,,,U-2774,,,
209899,002,9382217,,,,U-2774,,,
209899,002,8481573,,Y,Y,U-2774,,,
209899,003,8481573,,Y,Y,U-2774,,,
209899,003,9382217,,,,U-2774,,,
218549,003,11795176,,Y,,U-713,,,
218549,001,9763953,,,,U-713,,,
218549,002,9763953,,,,U-713,,,
218549,003,9763953,,,,U-713,,,
215390,001,12090140,,,,U-3986,,,
215390,002,12090140,,,,U-3986,,,
214902,001,12070629,,,Y,U-3987,,,
209381,001,12083179,,,Y,U-2310,,,
216403,001,9993461,,,,U-3993,,,
216403,002,9993461,,,,U-3993,,,
211230,001,12102609,,,,U-3693,,,
211230,002,12102609,,,,U-3693,,,
214755,001,12097176,,,,U-4006,,,
214755,004,12097176,,,,U-4006,,,
214755,003,12097176,,,,U-4006,,,
214755,002,12097176,,,,U-4006,,,
215430,001,12109178,,,,U-3419,,,
217347,001,11123325,,,Y,U-2398,,,
217347,001,11084788,,,Y,U-2398,,,
217347,001,11052067,,,Y,U-2398,,,
217347,001,11034652,,,Y,U-2398,,,
217347,001,11026919,,,Y,U-2398,,,
217347,001,10961191,,,,U-2398,,,
217347,001,10959983,,,,U-2398,,,
217347,001,8628759,,,,U-2398,,,
217347,001,10952990,,,,U-2398,,,
217347,001,10947192,,,,U-2398,,,
217347,001,10383846,,,,U-2398,,,
217347,001,9492429,,,Y,U-2398,,,
217347,001,9895350,,,,U-2398,,,
217347,001,9220707,,,,U-2398,,,
213224,001,11052196,,,,U-4007,,,
213224,001,11052196,,,,U-4008,,,
213224,001,11052196,,,,U-4009,,,
216158,003,10933020,,,Y,U-3513,,,
216158,002,10933020,,,Y,U-3513,,,
216158,001,10695339,,,,U-3513,,,
216158,003,10695339,,,,U-3513,,,
216158,002,10695339,,,,U-3513,,,
216158,001,10369144,,,Y,U-3513,,,
216158,003,10369144,,,Y,U-3513,,,
216158,002,10369144,,,Y,U-3513,,,
216158,001,10369143,,,,U-3513,,,
216158,003,10369143,,,,U-3513,,,
216158,002,10369143,,,,U-3513,,,
216158,001,10265311,,,,U-3513,,,
216158,003,10265311,,,,U-3513,,,
216158,002,10265311,,,,U-3513,,,
020866,001,11666567,,,,U-4015,,,
020866,001,11666567,,,,U-4016,,,
020866,001,11666567,,,,U-4017,,,
020866,001,11666567,,,,U-4018,,,
219249,001,9650393,,Y,Y,U-4024,,,
219249,002,9650393,,Y,Y,U-4024,,,
219249,001,8343955,,,,U-4024,,,
219249,002,8343955,,,,U-4024,,,
216632,001,12128059,,,Y,U-3713,,,
211882,001,12128137,,,Y,U-2368,,,
210933,001,12115246,,,Y,U-2985,,,
210565,001,12115246,,,Y,U-4025,,,
213972,001,12109197,,,,U-4026,,,
213972,001,11554112,,,,U-4026,,,
213972,001,11478428,,,Y,U-4026,,,
213972,001,7795243,,Y,Y,U-4026,,,
212614,001,12115179,,,,U-4023,,,
212614,002,12115179,,,,U-4023,,,
212614,003,12115179,,,,U-4023,,,
212614,004,12115179,,,,U-4023,,,
208658,001,12115179,,,,U-4023,,,
208658,004,12115179,,,,U-4023,,,
208658,003,12115179,,,,U-4023,,,
208658,002,12115179,,,,U-4023,,,
206111,001,12115179,,,,U-4023,,,
206111,004,12115179,,,,U-4023,,,
206111,003,12115179,,,,U-4023,,,
206111,002,12115179,,,,U-4023,,,
206073,001,12115179,,,,U-4023,,,
206073,002,12115179,,,,U-4023,,,
217186,001,12128141,,,Y,U-219,,,
217186,002,12128141,,,Y,U-219,,,
217186,003,12128141,,,Y,U-219,,,
217186,004,12128141,,,Y,U-219,,,
218711,001,11419842,,,Y,U-881,,,
218711,001,11419842,,,Y,U-937,,,
218711,001,11419842,,,Y,U-946,,,
218711,001,11419842,,,Y,U-4027,,,
218711,001,11419842,,,Y,U-4028,,,
218711,001,12090134,,,Y,U-881,,,
218711,001,12090134,,,Y,U-937,,,
218711,001,12090134,,,Y,U-946,,,
218711,001,12090134,,,Y,U-4027,,,
218711,001,12090134,,,Y,U-4028,,,
215390,001,12138247,,,,U-4029,,,
215390,002,12138247,,,,U-4029,,,
216962,001,9446059,,Y,Y,U-4030,,,
216962,001,10174061,,,Y,U-4030,,,
216117,001,10695336,,,,U-4032,,,
203567,001,8039494,,,,U-281,,,
204353,002,8222219,,,,U-493,,,
204353,004,7943582,,Y,Y,U-2441,,,
022192,007,8586610,,,,U-1625,,,
201635,001,8298580,,,Y,U-106,,,
201635,004,8298580,,,Y,U-106,,,
022396,001,8946292,,,,U-1659,,,
204824,002,8945063,,,Y,U-1442,,,
204447,001,8969355,,,,U-1668,,,
206333,001,8546367,,,Y,U-1690,,,
022291,004,8052993,,,Y,U-1714,,,
200063,001,8916195,,,,U-1639,,,
022165,001,8927604,,,,U-436,,,
204592,002,8999387,,,,U-55,,,
204623,001,9101591,,,Y,U-1488,,,
204370,002,7737142,,Y,Y,U-2543,,,
205739,002,8337824,,Y,,U-1766,,,
203188,001,8354427,,,,U-1311,,,
202292,001,8962680,,,,U-1319,,,
208462,001,8530694,,Y,Y,U-2434,,,
204223,003,9192608,,,,U-43,,,
204223,004,9192608,,,,U-55,,,
021729,003,9125939,,,,U-1749,,,
205837,001,6911461,,Y,Y,U-2130,,,
022348,002,9138404,,,,U-1756,,,
207071,001,9211259,,,,U-1796,,,
200063,001,9248123,,,,U-1808,,,
202806,002,9233956,,,,U-2032,,,
203284,001,9254278,,,,U-1816,,,
204671,001,9284342,,Y,Y,U-1470,,,
204399,003,9295675,,,Y,U-1531,,,
205223,001,8946276,,,,U-1664,,,
204286,001,9161914,,,,U-540,,,
214439,001,11253474,,,Y,U-3309,,,
214439,001,11253474,,,Y,U-3310,,,
214439,001,11253474,,,Y,U-3311,,,
022036,001,11234954,,,,U-620,,,
022036,002,11234954,,,,U-620,,,
203565,004,7754702,,,,U-3312,,,
203565,004,7754702,,,,U-3314,,,
203565,004,7754702,,,,U-3313,,,
203565,004,8895612,,,,U-3315,,,
203565,004,8895612,,,,U-3316,,,
203565,004,8895612,,,,U-3116,,,
203565,004,8895612,,,,U-3115,,,
203565,001,8895612,,,,U-3315,,,
203565,001,8895612,,,,U-3316,,,
203565,002,8895612,,,,U-3316,,,
203565,002,8895612,,,,U-3315,,,
203565,003,8895612,,,,U-3316,,,
203565,003,8895612,,,,U-3315,,,
203565,001,7754702,,,,U-3314,,,
203565,001,7754702,,,,U-3312,,,
203565,001,7754702,,,,U-3313,,,
203565,002,7754702,,,,U-3314,,,
203565,002,7754702,,,,U-3313,,,
203565,002,7754702,,,,U-3312,,,
203565,003,7754702,,,,U-3313,,,
203565,003,7754702,,,,U-3314,,,
203565,003,7754702,,,,U-3312,,,
210583,001,11253478,,,Y,U-3318,,,
216196,001,9193701,,,,U-3319,,,
216196,002,9193701,,,,U-3319,,,
216196,003,9193701,,,,U-3319,,,
216196,001,9682080,,,,U-3319,,,
216196,002,9682080,,,,U-3319,,,
216196,003,9682080,,,,U-3319,,,
216196,001,9980961,,,,U-3319,,,
216196,002,9980961,,,,U-3319,,,
216196,003,9980961,,,,U-3319,,,
216196,001,10632114,,,,U-3320,,,
216196,002,10632114,,,,U-3320,,,
216196,003,10632114,,,,U-3320,,,
216196,001,11234976,,,,U-3321,,,
216196,002,11234976,,,,U-3321,,,
216196,003,11234976,,,,U-3321,,,
209311,001,11241391,,,,U-2357,,,
209311,002,11241391,,,,U-2357,,,
209311,003,11241391,,,,U-2357,,,
209311,004,11241391,,,,U-2357,,,
209311,005,11241391,,,,U-2357,,,
212690,001,11253494,,,,U-3323,,,
212690,001,11253494,,,,U-3324,,,
021196,001,11253494,,,,U-3323,,,
021196,001,11253494,,,,U-3324,,,
214103,001,11261447,,Y,Y,U-2995,,,
021064,001,11266750,,,,U-665,,,
021064,002,11266750,,,,U-665,,,
208712,001,9573964,,,,U-3332,,,
208712,001,9573964,,,,U-3331,,,
208712,001,8153632,,Y,Y,U-3332,,,
208712,001,8153632,,Y,Y,U-3331,,,
208712,001,8980873,,Y,Y,U-3331,,,
208712,001,8980873,,Y,Y,U-3332,,,
208623,001,11278538,,,,U-2371,,,
208623,001,11278537,,,,U-2371,,,
208623,001,11278536,,,,U-2371,,,
208623,001,11278539,,,,U-2371,,,
208623,001,11278540,,,,U-2371,,,
211288,001,10603314,,,,U-3337,,,
211288,003,10603314,,,,U-3337,,,
211288,002,10603314,,,,U-3337,,,
211288,001,10596162,,,,U-3338,,,
211288,003,10596162,,,,U-3338,,,
211288,002,10596162,,,,U-3338,,,
209830,001,11273158,,,,U-543,,,
207533,001,11273158,,,,U-543,,,
207533,002,11273158,,,,U-543,,,
207533,003,11273158,,,,U-543,,,
207533,004,11273158,,,,U-543,,,
207925,001,11147770,,,Y,U-3339,,,
207925,002,11147770,,,Y,U-3339,,,
207925,003,11147770,,,Y,U-3339,,,
215401,001,9456993,,,Y,U-3340,,,
215401,004,9456993,,,Y,U-3340,,,
215401,003,9456993,,,Y,U-3340,,,
215401,002,9456993,,,Y,U-3340,,,
211675,003,8962629,,Y,,U-3341,,,
211675,001,8962629,,Y,,U-3341,,,
211675,002,8962629,,Y,,U-3341,,,
214517,001,11285129,,,,U-3342,,,
205677,001,11285129,,,,U-3342,,,
205677,001,11285129,,,,U-3343,,,
214826,004,8999393,,,Y,U-3210,,,
212102,001,10603290,,,,U-3347,,,
212102,001,11040018,,,,U-3347,,,
212888,001,7125879,,Y,Y,U-3348,,,
209500,002,11052084,,,Y,U-3362,,,
209500,003,11052084,,,Y,U-3363,,,
209500,002,11052084,,,Y,U-3363,,,
209500,003,11052084,,,Y,U-3362,,,
209500,002,11026951,,,,U-3364,,,
209500,003,11026951,,,,U-3364,,,
209500,002,10695345,,,Y,U-814,,,
209500,003,10695345,,,Y,U-814,,,
209500,002,10117867,,,,U-3271,,,
209500,003,10117867,,,,U-3271,,,
209500,002,9956227,,,,U-2714,,,
209500,003,9956227,,,,U-2714,,,
209500,002,9199995,,,,U-2713,,,
209500,003,9199995,,,,U-2713,,,
209500,002,RE48839,,,,U-3271,,,
209500,003,RE48839,,,,U-814,,,
209500,002,RE48839,,,,U-814,,,
209500,003,RE48839,,,,U-3271,,,
209363,001,11324721,,,Y,U-2583,,,
209363,001,11324721,,,Y,U-3169,,,
209363,001,11324721,,,Y,U-3270,,,
209363,001,11324721,,,Y,U-3302,,,
207981,001,9943537,,,,U-3659,,,
207981,002,9943537,,,,U-3659,,,
212905,001,11147790,,,Y,U-3663,,,
212905,001,11147790,,,Y,U-3664,,,
212905,001,11052064,,,Y,U-3665,,,
212905,001,11052064,,,Y,U-3663,,,
214187,001,11707479,,,Y,U-1470,,,
214187,002,11707479,,,Y,U-1470,,,
210598,001,11858898,,Y,Y,U-2440,,,
215192,003,11844756,,,,U-3876,,,
215192,002,11844756,,,,U-3876,,,
215192,001,11065237,,Y,Y,U-3876,,,
215192,003,11065237,,Y,Y,U-3876,,,
215192,002,11065237,,Y,Y,U-3876,,,
215192,001,9987262,,,,U-3876,,,
215192,003,9987262,,,,U-3876,,,
215192,002,9987262,,,,U-3876,,,
215192,001,8940773,,,,U-3876,,,
215192,003,8940773,,,,U-3876,,,
215192,002,8940773,,,,U-3876,,,
215192,001,8323671,,,,U-3876,,,
215192,002,8323671,,,,U-3876,,,
215192,003,8323671,,,,U-3876,,,
217686,001,11787782,,,,U-3877,,,
217686,001,11680058,,,,U-3878,,,
217686,001,11174247,,,,U-3879,,,
217686,001,8324232,,Y,Y,U-3878,,,
208464,001,8754065,,Y,Y,U-3880,,,
208464,001,9296769,,Y,Y,U-3880,,,
214846,001,11957684,,,,U-3129,,,
217806,007,11918623,,,,U-3855,,,
217806,012,11918623,,,,U-3855,,,
217806,011,11918623,,,,U-3855,,,
217806,010,11918623,,,,U-3855,,,
217806,009,11918623,,,,U-3855,,,
217806,008,11918623,,,,U-3855,,,
218490,001,8268847,,,Y,U-3882,,,
218490,002,8268847,,,Y,U-3882,,,
213378,001,11951111,,,,U-3886,,,
213378,002,11951111,,,,U-3886,,,
213378,003,11951111,,,,U-3886,,,
213378,004,11951111,,,,U-3886,,,
213378,001,11951111,,,,U-3887,,,
213378,002,11951111,,,,U-3887,,,
213378,003,11951111,,,,U-3887,,,
213378,004,11951111,,,,U-3887,,,
217677,002,11872211,,,,U-3754,,,
217677,003,11872211,,,,U-3754,,,
217677,002,11845732,,Y,,U-3754,,,
217677,003,11845732,,Y,,U-3754,,,
217677,002,11844780,,,Y,U-3754,,,
217677,003,11844780,,,Y,U-3754,,,
217677,002,11807611,,,Y,U-3754,,,
217677,003,11807611,,,Y,U-3754,,,
217677,002,11612588,,,Y,U-3754,,,
217677,003,11612588,,,Y,U-3754,,,
217677,002,10941118,,Y,,U-3754,,,
217677,003,10941118,,Y,,U-3754,,,
217677,002,10710966,,Y,,U-3754,,,
217677,003,10710966,,Y,,U-3754,,,
216285,001,11951213,,,,U-2553,,,
211367,001,11951213,,,,U-2553,,,
219016,001,7125879,,Y,Y,U-3874,,,
209884,001,11944602,,,,U-3889,,,
209884,002,11944602,,,,U-3889,,,
209884,003,11944602,,,,U-3889,,,
214511,001,10285759,,,,U-3890,,,
214511,001,9763577,,Y,Y,U-3890,,,
214511,001,9532835,,,,U-3890,,,
214511,001,9155471,,,,U-3890,,,
214511,001,9032965,,,,U-3890,,,
213498,001,11951097,,,,U-3891,,,
213498,006,11951097,,,,U-3891,,,
213498,005,11951097,,,,U-3891,,,
213498,004,11951097,,,,U-3891,,,
213498,003,11951097,,,,U-3891,,,
213498,002,11951097,,,,U-3891,,,
211230,001,11969404,,,,U-3892,,,
209355,001,11839656,,,,U-2625,,,
216165,001,7687488,,Y,Y,U-3851,,,
216165,001,11124526,,,,U-3852,,,
216117,007,10695336,,,,U-4032,,,
216117,006,10695336,,,,U-4032,,,
216117,005,10695336,,,,U-4032,,,
216117,004,10695336,,,,U-4032,,,
216117,003,10695336,,,,U-4032,,,
216117,002,10695336,,,,U-4032,,,
216117,001,10265308,,,Y,U-4032,,,
216117,007,10265308,,,Y,U-4032,,,
216117,006,10265308,,,Y,U-4032,,,
216117,005,10265308,,,Y,U-4032,,,
216117,004,10265308,,,Y,U-4032,,,
216117,003,10265308,,,Y,U-4032,,,
216117,002,10265308,,,Y,U-4032,,,
216117,001,9855258,,,Y,U-4032,,,
216117,007,9855258,,,Y,U-4032,,,
216117,006,9855258,,,Y,U-4032,,,
216117,005,9855258,,,Y,U-4032,,,
216117,004,9855258,,,Y,U-4032,,,
216117,003,9855258,,,Y,U-4032,,,
216117,002,9855258,,,Y,U-4032,,,
216117,001,9827234,,,,U-4032,,,
216117,007,9827234,,,,U-4032,,,
216117,006,9827234,,,,U-4032,,,
216117,005,9827234,,,,U-4032,,,
216117,004,9827234,,,,U-4032,,,
216117,003,9827234,,,,U-4032,,,
216117,002,9827234,,,,U-4032,,,
214324,005,11826327,,,,U-3749,,,
213586,001,12128132,,,Y,U-543,,,
213586,002,12128132,,,Y,U-543,,,
213586,003,12128132,,,Y,U-543,,,
213586,004,12128132,,,Y,U-543,,,
213586,005,12128132,,,Y,U-543,,,
213586,006,12128132,,,Y,U-543,,,
213586,007,12128132,,,Y,U-543,,,
208700,001,12144873,,,,U-4036,,,
208700,001,12151003,,,Y,U-4036,,,
022496,001,12151024,,,Y,U-4037,,,
022496,002,12151024,,,Y,U-4037,,,
214902,001,12133919,,,Y,U-3987,,,
212489,001,12129247,,,,U-4038,,,
212489,002,12129247,,,,U-4038,,,
208700,001,12161732,,,Y,U-4036,,,
213690,001,12138311,,,,U-1631,,,
214793,001,12070513,,Y,Y,U-3130,,,
216956,001,12156866,,,,U-4047,,,
206911,001,RE50218,,,Y,U-1834,,,
216190,001,12042484,,,Y,U-2779,,,
212690,001,12138233,,,,U-4044,,,
021064,001,12161730,,,,U-665,,,
021064,002,12161730,,,,U-665,,,
207356,001,12168022,,,,U-2414,,,
207356,001,12168021,,,,U-2414,,,
217779,001,12171778,,,,U-3956,,,
217779,002,12171778,,,,U-3956,,,
218614,001,9593333,,,,U-4050,,,
218614,001,9157082,,,,U-4050,,,
210496,002,10258622,,,,U-4051,,,
210496,002,9314464,,,,U-4051,,,
210496,002,8541575,,Y,Y,U-4051,,,
210496,002,9474754,,,,U-4051,,,
210496,002,9850230,,,,U-4051,,,
210496,002,10005761,,,,U-4051,,,
217660,001,11752106,,,Y,U-4052,,,
217660,002,11752106,,,Y,U-4052,,,
217660,001,11639347,,Y,Y,U-4053,,,
217660,001,11578062,,,Y,U-4054,,,
217660,002,11578062,,,Y,U-4054,,,
217660,001,11564916,,,,U-4055,,,
217660,002,11564916,,,,U-4055,,,
212273,001,11639347,,Y,Y,U-4056,,,
212273,002,11639347,,Y,Y,U-4056,,,
217660,001,11517564,,,Y,U-4057,,,
217660,002,11517564,,,Y,U-4057,,,
217660,001,11426407,,Y,Y,U-4058,,,
217660,002,11426407,,Y,Y,U-4058,,,
217660,001,11179367,,,Y,U-4059,,,
217660,002,11179367,,,Y,U-4059,,,
212273,001,11578062,,,Y,U-4054,,,
217660,001,11147770,,,Y,U-4060,,,
217660,002,11147770,,,Y,U-4060,,,
217660,001,10272046,,,Y,U-4062,,,
217660,002,10272046,,,Y,U-4062,,,
212273,001,11564916,,,,U-4063,,,
212273,001,11517564,,,Y,U-4067,,,
212273,002,11517564,,,Y,U-4069,,,
212273,001,11426407,,Y,Y,U-4070,,,
212273,002,11426407,,Y,Y,U-4070,,,
212273,001,11179367,,,Y,U-4071,,,
212273,002,11179367,,,Y,U-4071,,,
212273,001,10793547,,Y,Y,U-4073,,,
208462,002,8871745,,,,U-2434,,,
206143,002,7867996,,Y,Y,U-1694,,,
206947,002,9006256,,,,U-1695,,,
208194,001,8791270,,,Y,U-1790,,,
022036,001,9107898,,,,U-620,,,
206439,004,8173708,,,,U-1641,,,
208464,001,9296769,,Y,Y,U-999,,,
205677,001,9549913,,,,U-1486,,,
201635,003,9549940,,,Y,U-1675,,,
209195,001,8633309,,Y,Y,U-2040,,,
208780,003,8778947,,,,U-2045,,,
208780,003,7910610,,,,U-2048,,,
208780,003,7910610,,,,U-2049,,,
208780,001,8592462,,,,U-2062,,,
208780,003,8592462,,,,U-2060,,,
208780,001,8609701,,,,U-2064,,,
208780,003,8609701,,,,U-2070,,,
208780,001,7635707,,,,U-2073,,,
208780,003,7635707,,,,U-2074,,,
021964,001,9492445,,,Y,U-1185,,,
208799,001,9066957,,,Y,U-645,,,
202880,005,9452163,,,,U-55,,,
022264,005,9439906,,,,U-543,,,
203312,001,9463246,,,Y,U-219,,,
209661,001,9089489,,,Y,U-1382,,,
207078,001,8808750,,,,U-2312,,,
207533,004,9034867,,,Y,U-543,,,
202057,002,8551521,,,,U-1287,,,
204485,001,9687526,,,,U-1857,,,
204820,001,9399036,,,,U-1020,,,
208558,002,8859562,,,,U-2480,,,
209203,002,9216179,,,,U-2104,,,
209203,002,8546437,,,,U-2104,,,
200603,001,9555027,,,Y,U-543,,,
202107,001,10006924,,,,U-1643,,,
210655,002,9186413,,,,U-543,,,
205580,001,8609707,,,Y,U-1972,,,
205580,001,8791270,,,Y,U-1971,,,
205580,001,8791270,,,Y,U-1972,,,
202880,005,9433619,,,,U-1810,,,
205879,003,8222219,,,,U-2441,,,
205879,004,8513202,,Y,Y,U-2441,,,
022063,004,9173857,,,,U-2025,,,
208090,001,9737530,,,Y,U-1556,,,
205266,001,8178563,,Y,,U-1722,,,
206843,001,8900566,,,,U-1724,,,
206439,003,8039009,,,,U-1641,,,
208401,001,9616096,,,,U-8,,,
208401,001,9616096,,,,U-71,,,
021514,004,9668981,,,,U-2024,,,
207925,002,9670163,,,Y,U-1311,,,
201280,001,10034877,,,,U-2347,,,
207202,002,9433371,,,Y,nan,,,
220020,001,10071985,,Y,Y,nan,,,
205787,001,7731690,,,Y,nan,,,
208799,004,9731087,,,Y,nan,,,
022285,001,7858122,,,Y,nan,,,
217677,001,12247012,,,Y,nan,,,
202192,003,8722693,,Y,Y,nan,,,
206111,003,7579449,,Y,,nan,,,
208692,001,9724342,,,Y,nan,,,
216117,007,9707217,,,Y,nan,,,
022272,004,9492392,,,Y,nan,,,
205435,001,9988406,,,Y,nan,,,
206627,005,9770416,,,Y,nan,,,
022272,004,12246094,,,Y,nan,,,
205552,002,10961251,,,Y,nan,,,
210563,002,8754091,,,Y,nan,,,
208341,002,9757406,,,Y,nan,,,
216457,001,10500208,,,Y,nan,,,
215985,001,10940142,,,Y,nan,,,
208082,003,11813232,,,Y,nan,,,
214410,001,9815835,,,Y,nan,,,
211962,006,10849956,,,Y,nan,,,
204447,002,8722684,,Y,Y,nan,,,
207202,004,9149577,,,Y,nan,,,
205122,002,9555005,,,Y,nan,,,
211765,002,12220408,,,Y,nan,,,
206627,001,9861584,,,Y,nan,,,
215401,003,9474722,,,Y,nan,,,
209483,001,9855334,,,Y,nan,,,
021137,011,10231931,,,Y,nan,,,
021829,003,8246980,,,Y,nan,,,
217806,007,11357820,,,Y,nan,,,
213953,002,11590146,,,Y,nan,,,
214793,001,8487129,,Y,Y,nan,,,
022029,001,9233184,,,Y,nan,,,
022272,004,9073933,,Y,,nan,,,
216158,003,10238643,,,Y,nan,,,
206627,002,9872837,,,Y,nan,,,
209863,002,11191908,,,Y,nan,,,
212038,001,10292938,,,Y,nan,,,
214511,001,11592396,,Y,,nan,,,
213973,001,11918564,,,Y,nan,,,
200179,001,8613950,,,Y,nan,,,
211280,002,12071423,,,Y,nan,,,
208658,001,7713938,,Y,Y,nan,,,
022068,003,8293756,,,Y,nan,,,
208658,001,7579449,,Y,,nan,,,
022272,005,9073933,,Y,,nan,,,
208799,003,8714149,,,Y,nan,,,
217388,001,9127276,,Y,,nan,,,
213051,002,10933120,,,Y,nan,,,
022272,002,9775808,,,Y,nan,,,
213586,004,9023897,,,Y,nan,,,
214679,001,11826343,,,Y,nan,,,
218010,001,11426306,,,Y,nan,,,
213227,001,12102696,,,Y,nan,,,
217424,001,11285098,,,Y,nan,,,
208799,006,11266796,,,Y,nan,,,
205836,003,10729653,,,Y,nan,,,
217660,002,11453655,,Y,Y,nan,,,
215498,001,11801226,,,Y,nan,,,
022287,002,9011926,,,Y,nan,,,
021361,001,8518949,,,Y,nan,,,
209311,001,11241392,,,Y,nan,,,
207620,002,8877938,,Y,Y,nan,,,
209637,004,10357616,,,Y,nan,,,
209777,002,7955619,,,Y,nan,,,
216993,002,8865710,,,Y,nan,,,
206406,001,10166190,,,Y,nan,,,
218591,001,8101659,,,Y,nan,,,
203496,005,8410169,,,Y,nan,,,
205739,004,8147873,,,Y,nan,,,
211371,001,8410077,,,Y,nan,,,
213973,001,12213967,,,Y,nan,,,
204326,001,8709491,,,Y,nan,,,
216157,001,10034879,,Y,Y,nan,,,
212725,002,9029356,,Y,Y,nan,,,
209806,004,9308204,,,Y,nan,,,
205422,001,10307419,,,Y,nan,,,
022416,004,9206135,,Y,,nan,,,
201281,001,9155705,,,Y,nan,,,
208798,004,8978966,,,Y,nan,,,
205636,001,9463288,,,Y,nan,,,
202192,002,8722693,,Y,Y,nan,,,
215904,001,7858609,,,Y,nan,,,
208798,005,11344685,,,Y,nan,,,
213756,002,9156795,,Y,Y,nan,,,
217439,003,10189837,,Y,Y,nan,,,
021992,003,8269040,,Y,,nan,,,
208276,003,9593066,,Y,,nan,,,
216993,001,8865710,,,Y,nan,,,
215152,001,7977488,,Y,,nan,,,
217806,001,9474780,,Y,Y,nan,,,
216540,001,10398681,,,Y,nan,,,
201848,001,11833286,,,Y,nan,,,
216018,002,11510878,,,Y,nan,,,
211651,002,8420650,,Y,Y,nan,,,
216099,004,11298356,,,Y,nan,,,
204326,005,8709491,,,Y,nan,,,
206500,001,7563801,,,Y,nan,,,
208232,001,11969471,,,Y,nan,,,
214518,001,10576165,,,Y,nan,,,
203634,001,8895064,,,Y,nan,,,
218466,001,8476268,,Y,Y,nan,,,
019618,002,7645801,,Y,Y,nan,,,
217660,002,8410274,,,Y,nan,,,
212608,005,11964980,,Y,Y,nan,,,
213586,005,8802127,,,Y,nan,,,
206316,003,9149532,,,Y,nan,,,
213051,003,11759501,,,Y,nan,,,
211913,004,9700535,,,Y,nan,,,
202788,003,8486972,,,Y,nan,,,
212038,004,10507186,,,Y,nan,,,
215875,002,10653646,,,Y,nan,,,
215256,001,8536122,,Y,Y,nan,,,
204485,006,12186362,,,Y,nan,,,
210874,002,7919598,,Y,,nan,,,
205552,002,9296753,,Y,,nan,,,
209863,003,11446440,,,Y,nan,,,
205525,001,10265293,,Y,Y,nan,,,
209128,001,11672738,,,Y,nan,,,
202278,001,8597272,,,Y,nan,,,
211288,002,7772243,,Y,Y,nan,,,
208772,002,9012462,,Y,,nan,,,
203255,005,7473761,,Y,Y,nan,,,
208379,003,8829186,,Y,Y,nan,,,
211765,001,12220408,,,Y,nan,,,
202833,002,9833429,,,Y,nan,,,
204353,001,7943788,,Y,Y,nan,,,
202236,001,8168620,,,Y,nan,,,
215985,001,12220409,,,Y,nan,,,
210660,001,10653719,,,Y,nan,,,
210132,001,8993548,,,Y,nan,,,
212209,001,12208086,,,Y,nan,,,
219304,002,9181223,,Y,Y,nan,,,
215143,001,12295932,,,Y,nan,,,
211651,002,8735392,,Y,Y,nan,,,
200796,001,9066936,,,Y,nan,,,
215310,001,9796712,,Y,Y,nan,,,
209935,001,8415355,,Y,Y,nan,,,
214103,001,9828606,,Y,Y,nan,,,
217677,002,11884635,,,Y,nan,,,
209311,004,10182995,,,Y,nan,,,
205388,001,9486406,,,Y,nan,,,
208564,002,11116717,,,Y,nan,,,
211723,001,10786511,,,Y,nan,,,
022287,001,7790755,,,Y,nan,,,
208799,002,11969544,,,Y,nan,,,
216285,001,11351122,,,Y,nan,,,
206940,001,8609709,,Y,,nan,,,
209637,003,8684969,,,Y,nan,,,
205108,001,11013703,,,Y,nan,,,
204026,001,8828427,,Y,Y,nan,,,
209482,002,8746242,,,Y,nan,,,
202860,001,8944049,,,Y,nan,,,
208798,005,10765820,,,Y,nan,,,
214621,001,7300935,,Y,,nan,,,
210563,003,9181257,,Y,,nan,,,
219208,001,10016393,,,Y,nan,,,
022272,005,9775808,,,Y,nan,,,
209091,001,8221786,,,Y,nan,,,
215875,004,11207280,,,Y,nan,,,
022272,003,9770416,,,Y,nan,,,
203312,001,9089608,,,Y,nan,,,
208799,001,10195375,,,Y,nan,,,
208325,001,10344765,,,Y,nan,,,
213674,002,11839689,,,Y,nan,,,
209311,002,8927010,,,Y,nan,,,
218347,001,9951080,,Y,,nan,,,
207202,006,7978064,,,Y,nan,,,
209379,003,11998565,,,Y,nan,,,
217677,001,11884635,,,Y,nan,,,
207202,003,9119554,,,Y,nan,,,
021038,004,9616049,,,Y,nan,,,
208271,001,8956651,,,Y,nan,,,
211675,003,RE47221,,Y,,nan,,,
021747,001,7396341,,,Y,nan,,,
021641,001,7572834,,,Y,nan,,,
205122,001,9101545,,,Y,nan,,,
208799,001,9731087,,,Y,nan,,,
208798,008,9731087,,,Y,nan,,,
215401,002,8591941,,,Y,nan,,,
215401,001,9034370,,,Y,nan,,,
213756,001,11813246,,,Y,nan,,,
210563,002,8957079,,Y,Y,nan,,,
211635,003,9642913,,,Y,nan,,,
214410,003,11925648,,,Y,nan,,,
212849,002,11110094,,,Y,nan,,,
206628,003,9717796,,,Y,nan,,,
208325,003,9278995,,Y,,nan,,,
204223,001,9248229,,,Y,nan,,,
208313,005,9241948,,,Y,nan,,,
204790,002,8129385,,Y,Y,nan,,,
215498,003,11801226,,,Y,nan,,,
209482,002,7498440,,Y,Y,nan,,,
206038,002,9216969,,,Y,nan,,,
213051,005,11382957,,Y,Y,nan,,,
211970,001,RE47691,,,Y,nan,,,
211970,001,10227590,,Y,Y,nan,,,
206038,002,8993600,,,Y,nan,,,
202788,007,9241935,,,Y,nan,,,
204819,003,7173037,,Y,Y,nan,,,
022059,001,8821927,,Y,Y,nan,,,
217003,001,8957079,,Y,Y,nan,,,
212268,002,11813364,,,Y,nan,,,
218390,001,8039627,,Y,Y,nan,,,
206316,002,9149532,,,Y,nan,,,
212273,002,RE50453,,Y,Y,nan,,,
217064,001,12350366,,,Y,nan,,,
208799,003,9216260,,,Y,nan,,,
206544,003,7955619,,,Y,nan,,,
208073,001,9890141,,Y,,nan,,,
213378,002,7262298,,Y,,nan,,,
212994,002,10584112,,Y,Y,nan,,,
204242,004,10946010,,,Y,nan,,,
208798,004,9782550,,,Y,nan,,,
216457,001,9974793,,,Y,nan,,,
204441,001,10905694,,,Y,nan,,,
211710,001,10799505,,Y,,nan,,,
218730,002,10646481,,,Y,nan,,,
209022,001,10252010,,,Y,nan,,,
207202,002,8114021,,,Y,nan,,,
217186,001,12274793,,,Y,nan,,,
209819,002,10558394,,,Y,nan,,,
210913,001,10441630,,,Y,nan,,,
208147,001,8062667,,,Y,nan,,,
206089,003,11179402,,Y,Y,nan,,,
205836,005,10729653,,,Y,nan,,,
210632,002,9782376,,,Y,nan,,,
205437,001,7427638,,Y,Y,nan,,,
215179,001,11147817,,,Y,nan,,,
208547,001,9375498,,,Y,nan,,,
205552,002,8735403,,Y,Y,nan,,,
208056,001,9238029,,,Y,nan,,,
211913,004,9750711,,,Y,nan,,,
213931,003,8969377,,Y,Y,nan,,,
202833,001,8377919,,,Y,nan,,,
201280,001,12178819,,,Y,nan,,,
205353,001,7989494,,Y,Y,nan,,,
215842,002,11053502,,Y,Y,nan,,,
021137,012,10231931,,,Y,nan,,,
022387,001,9593066,,Y,,nan,,,
217906,001,8969566,,Y,,nan,,,
205649,003,9616028,,,Y,nan,,,
208798,005,10195375,,,Y,nan,,,
213137,002,10806733,,Y,,nan,,,
217603,001,11752137,,,Y,nan,,,
212038,005,10512612,,,Y,nan,,,
208798,006,9463288,,,Y,nan,,,
217677,003,11820748,,,Y,nan,,,
219008,001,11453656,,Y,Y,nan,,,
208447,001,11091459,,,Y,nan,,,
214200,001,11040042,,,Y,nan,,,
210491,001,8410274,,,Y,nan,,,
203188,001,8410274,,,Y,nan,,,
208798,002,10124131,,,Y,nan,,,
213426,001,8846744,,,Y,nan,,,
207356,001,8226975,,,Y,nan,,,
206406,003,11419823,,,Y,nan,,,
210303,001,8822424,,,Y,nan,,,
022257,001,9642911,,,Y,nan,,,
209410,003,8895618,,,Y,nan,,,
218730,002,8623905,,Y,Y,nan,,,
218784,002,9579324,,Y,,nan,,,
214965,001,8298568,,,Y,nan,,,
208624,001,8686026,,,Y,nan,,,
204824,007,11497753,,,Y,nan,,,
205525,001,9345771,,Y,Y,nan,,,
209862,001,8926594,,,Y,nan,,,
205551,001,9242986,,Y,Y,nan,,,
217677,003,7795447,,Y,,nan,,,
207960,003,11103494,,,Y,nan,,,
208799,006,10569034,,,Y,nan,,,
213378,001,7262298,,Y,,nan,,,
208400,001,11969503,,,Y,nan,,,
209905,003,10441554,,,Y,nan,,,
208082,001,9233959,,,Y,nan,,,
215192,003,8343952,,Y,Y,nan,,,
204325,001,8709491,,,Y,nan,,,
215842,003,11053502,,Y,Y,nan,,,
208799,005,11000653,,,Y,nan,,,
219379,001,11084780,,Y,,nan,,,
218347,001,10981923,,Y,,nan,,,
207925,001,10646481,,,Y,nan,,,
022360,001,8940772,,,Y,nan,,,
215887,001,10385341,,Y,Y,nan,,,
215401,001,11559501,,,Y,nan,,,
205636,001,8651103,,,Y,nan,,,
216665,001,7799777,,Y,,nan,,,
204031,001,9050335,,,Y,nan,,,
209637,002,9108002,,,Y,nan,,,
213976,001,11197822,,,Y,nan,,,
206627,005,9872837,,,Y,nan,,,
209092,001,9193732,,Y,Y,nan,,,
217225,001,7803931,,Y,,nan,,,
022029,001,8809615,,,Y,nan,,,
204824,004,9629959,,,Y,nan,,,
211810,002,8404700,,Y,,nan,,,
213586,004,8802127,,,Y,nan,,,
205787,001,7749194,,,Y,nan,,,
205122,002,8889190,,,Y,nan,,,
207202,006,8114021,,,Y,nan,,,
215888,001,8236962,,Y,Y,nan,,,
204824,003,8562564,,,Y,nan,,,
210563,004,10010507,,,Y,nan,,,
215875,001,10653646,,,Y,nan,,,
209311,002,9023389,,,Y,nan,,,
205677,001,11566011,,Y,Y,nan,,,
202231,003,9168238,,,Y,nan,,,
211358,003,9216969,,,Y,nan,,,
216986,004,8114863,,Y,,nan,,,
208799,001,9216260,,,Y,nan,,,
213189,001,8236799,,Y,Y,nan,,,
202324,002,8791140,,Y,,nan,,,
022156,001,8658676,,,Y,nan,,,
202788,005,9642844,,,Y,nan,,,
211911,001,9492316,,,Y,nan,,,
219616,001,8247411,,Y,Y,nan,,,
203255,003,7759308,,,Y,nan,,,
207921,001,11395889,,,Y,nan,,,
216387,001,7459554,,Y,,nan,,,
215239,001,11833159,,,Y,nan,,,
217439,001,8735392,,Y,Y,nan,,,
213690,001,10265404,,,Y,nan,,,
021361,001,7906542,,Y,Y,nan,,,
213138,001,7378508,,Y,Y,nan,,,
022580,004,8895058,,,Y,nan,,,
209299,001,8445485,,,Y,nan,,,
217186,003,11622941,,,Y,nan,,,
216227,001,11969403,,,Y,nan,,,
212099,001,12329742,,,Y,nan,,,
216157,001,10017491,,,Y,nan,,,
207931,001,8686026,,,Y,nan,,,
203496,001,8410169,,,Y,nan,,,
212038,002,10688060,,,Y,nan,,,
208798,003,10195375,,,Y,nan,,,
202810,001,11896599,,,Y,nan,,,
210563,004,8754091,,,Y,nan,,,
210563,003,9296753,,Y,,nan,,,
213872,001,8071073,,,Y,nan,,,
211913,001,9700535,,,Y,nan,,,
215814,001,10532047,,Y,,nan,,,
210598,001,11247969,,,Y,nan,,,
022024,002,7959946,,,Y,nan,,,
208694,001,9254286,,,Y,nan,,,
212905,001,12290651,,,Y,nan,,,
216793,002,11673877,,Y,Y,nan,,,
209575,001,11040032,,,Y,nan,,,
205636,002,11351317,,,Y,nan,,,
213756,002,11813246,,,Y,nan,,,
209311,002,11241392,,,Y,nan,,,
206829,001,10125149,,,Y,nan,,,
205422,004,10307419,,,Y,nan,,,
214755,004,11896572,,,Y,nan,,,
210872,001,9011897,,,Y,nan,,,
212849,004,11110094,,,Y,nan,,,
206073,002,12178819,,,Y,nan,,,
205494,001,7196205,,Y,,nan,,,
208745,001,12146003,,,Y,nan,,,
216834,003,10835574,,,Y,nan,,,
209394,001,11246866,,,Y,nan,,,
213973,001,11896585,,,Y,nan,,,
022165,001,9827197,,,Y,nan,,,
022416,003,9643929,,,Y,nan,,,
207999,002,10174073,,Y,,nan,,,
212038,001,10507186,,,Y,nan,,,
212273,001,10646481,,,Y,nan,,,
205122,004,8889190,,,Y,nan,,,
211225,001,7893074,,Y,Y,nan,,,
208798,005,8651103,,,Y,nan,,,
213005,003,11744836,,,Y,nan,,,
021137,005,10231931,,,Y,nan,,,
216117,001,9707217,,,Y,nan,,,
204326,005,9017731,,,Y,nan,,,
216655,002,11331315,,,Y,nan,,,
022051,002,8347879,,,Y,nan,,,
205703,001,8829054,,,Y,nan,,,
211746,001,11679210,,,Y,nan,,,
204803,001,8153149,,,Y,nan,,,
018207,003,8133893,,Y,Y,nan,,,
022272,002,8894987,,,Y,nan,,,
214755,001,11896572,,,Y,nan,,,
214410,003,9815835,,,Y,nan,,,
209241,001,10906902,,Y,Y,nan,,,
210308,001,9889144,,,Y,nan,,,
206627,004,9750703,,,Y,nan,,,
208794,001,8193204,,Y,,nan,,,
022383,001,8479730,,,Y,nan,,,
207975,002,9572803,,,Y,nan,,,
211635,003,12268664,,,Y,nan,,,
206439,004,8168209,,,Y,nan,,,
206619,001,8420596,,Y,Y,nan,,,
022272,004,10407434,,Y,,nan,,,
212535,001,11826383,,,Y,nan,,,
204824,008,8814834,,,Y,nan,,,
204958,001,9439921,,,Y,nan,,,
206073,001,8883805,,,Y,nan,,,
022321,005,8685444,,,Y,nan,,,
020533,006,7857802,,,Y,nan,,,
204824,008,8562564,,,Y,nan,,,
208692,002,9724342,,,Y,nan,,,
210875,002,9044475,,,Y,nan,,,
021272,001,11723887,,Y,,nan,,,
202714,001,8207125,,Y,Y,nan,,,
212614,002,7579449,,Y,,nan,,,
207103,002,10723730,,Y,Y,nan,,,
022272,005,9522919,,Y,Y,nan,,,
214628,002,10568850,,,Y,nan,,,
019734,002,9364564,,,Y,nan,,,
022272,002,11964056,,,Y,nan,,,
217906,001,8835455,,,Y,nan,,,
217242,001,12011437,,,Y,nan,,,
207916,001,9427421,,,Y,nan,,,
204223,003,9072781,,,Y,nan,,,
210563,002,7514444,,Y,Y,nan,,,
206940,001,7786158,,Y,,nan,,,
217677,001,12110277,,,Y,nan,,,
212327,001,7825246,,Y,,nan,,,
209905,002,11160772,,,Y,nan,,,
208798,007,8651103,,,Y,nan,,,
021829,001,10350174,,,Y,nan,,,
212937,001,11617793,,,Y,nan,,,
208910,002,11638692,,,Y,nan,,,
204824,003,8021335,,,Y,nan,,,
206406,003,9549918,,,Y,nan,,,
214094,002,12116346,,Y,,nan,,,
022416,001,9566244,,,Y,nan,,,
022426,006,8288539,,Y,,nan,,,
213953,001,10576090,,,Y,nan,,,
209241,001,8039627,,Y,Y,nan,,,
209296,001,12115254,,,Y,nan,,,
022203,002,8071073,,,Y,nan,,,
215985,002,12042487,,,Y,nan,,,
209862,001,8016788,,,Y,nan,,,
208798,007,8714149,,,Y,nan,,,
022426,001,8637079,,,Y,nan,,,
022272,006,9763933,,,Y,nan,,,
212269,001,11458103,,,Y,nan,,,
211109,001,11578044,,Y,,nan,,,
213005,004,11744836,,,Y,nan,,,
209816,001,7553828,,Y,,nan,,,
202788,004,8835459,,,Y,nan,,,
201292,001,8545884,,,Y,nan,,,
208623,001,11304940,,Y,,nan,,,
204824,004,8562564,,,Y,nan,,,
206073,002,8883805,,,Y,nan,,,
213246,001,10112942,,Y,Y,nan,,,
208798,008,11000653,,,Y,nan,,,
205649,005,7919598,,Y,,nan,,,
206353,001,10039718,,,Y,nan,,,
206089,002,11179402,,Y,Y,nan,,,
021539,001,8148356,,,Y,nan,,,
021457,001,10022510,,,Y,nan,,,
205353,003,7989494,,Y,Y,nan,,,
201280,001,11033552,,,Y,nan,,,
214835,001,10085936,,,Y,nan,,,
212614,004,7713938,,Y,Y,nan,,,
210563,004,10125140,,Y,Y,nan,,,
211675,003,12110298,,Y,Y,nan,,,
021433,001,7500444,,,Y,nan,,,
203496,004,11723887,,Y,,nan,,,
215401,004,8591941,,,Y,nan,,,
209627,001,11529308,,,Y,nan,,,
201655,004,8192722,,,Y,nan,,,
210910,001,8529945,,,Y,nan,,,
218730,002,11066417,,Y,Y,nan,,,
208944,001,8895618,,,Y,nan,,,
217660,001,8410274,,,Y,nan,,,
205552,001,8735403,,Y,Y,nan,,,
212728,001,8759372,,Y,Y,nan,,,
020911,002,10022510,,,Y,nan,,,
210498,001,7777050,,Y,Y,nan,,,
209776,001,12171772,,Y,,nan,,,
207621,005,7815934,,,Y,nan,,,
217003,001,8735403,,Y,Y,nan,,,
213026,001,10287586,,Y,Y,nan,,,
214755,004,11839597,,,Y,nan,,,
206406,002,11419823,,,Y,nan,,,
210563,001,8754091,,,Y,nan,,,
213217,001,11851437,,Y,Y,nan,,,
215422,001,11654124,,,Y,nan,,,
204326,005,8840924,,,Y,nan,,,
022239,001,7901385,,,Y,nan,,,
207202,005,11229378,,,Y,nan,,,
212099,001,10010530,,Y,,nan,,,
214410,002,8927710,,,Y,nan,,,
218390,001,10906903,,Y,Y,nan,,,
208798,003,11969544,,,Y,nan,,,
209862,001,7749194,,,Y,nan,,,
212273,002,8623905,,Y,Y,nan,,,
213973,001,12318374,,,Y,nan,,,
213388,001,7419983,,Y,Y,nan,,,
215256,004,8536122,,Y,Y,nan,,,
210864,001,8410077,,,Y,nan,,,
205353,002,7989494,,Y,Y,nan,,,
214410,002,8987441,,Y,Y,nan,,,
211150,002,8207197,,Y,Y,nan,,,
200677,003,8299209,,Y,Y,nan,,,
211288,003,7772243,,Y,Y,nan,,,
217700,001,10426782,,,Y,nan,,,
210864,001,9200088,,,Y,nan,,,
211962,001,12161690,,,Y,nan,,,
216986,004,11590246,,,Y,nan,,,
022309,003,8754070,,,Y,nan,,,
216986,007,10973934,,Y,,nan,,,
213137,001,10722502,,,Y,nan,,,
208114,001,11085043,,,Y,nan,,,
206333,001,8461140,,,Y,nan,,,
217439,002,8012976,,Y,Y,nan,,,
202535,001,8450338,,,Y,nan,,,
217604,001,12042559,,,Y,nan,,,
201655,003,7851482,,Y,,nan,,,
211358,003,8653103,,,Y,nan,,,
204485,005,12186362,,,Y,nan,,,
021829,005,9925150,,,Y,nan,,,
207621,002,7815934,,,Y,nan,,,
205777,002,9522919,,Y,Y,nan,,,
202811,001,8933030,,,Y,nan,,,
206038,001,7495103,,Y,Y,nan,,,
216718,001,9701709,,Y,Y,nan,,,
210526,004,9675704,,,Y,nan,,,
212994,001,10584112,,Y,Y,nan,,,
204569,002,11980623,,,Y,nan,,,
213591,001,8420645,,Y,Y,nan,,,
022272,005,9770416,,,Y,nan,,,
214358,005,7932273,,Y,Y,nan,,,
218614,001,9181549,,Y,,nan,,,
204592,001,9180096,,,Y,nan,,,
212038,001,10688060,,,Y,nan,,,
213378,001,11707466,,,Y,nan,,,
203496,004,8497393,,Y,,nan,,,
022388,001,9962376,,,Y,nan,,,
213586,006,10736965,,,Y,nan,,,
215974,001,11267799,,Y,,nan,,,
208653,001,9549923,,Y,Y,nan,,,
212501,003,12329767,,,Y,nan,,,
212526,002,8476268,,Y,Y,nan,,,
217388,001,9181549,,Y,,nan,,,
205832,001,9907756,,,Y,nan,,,
218784,002,10172864,,Y,Y,nan,,,
213973,001,11576903,,,Y,nan,,,
202080,002,7201920,,,Y,nan,,,
021688,001,9375405,,,Y,nan,,,
207981,002,10457666,,Y,Y,nan,,,
217906,001,9695122,,Y,Y,nan,,,
211635,003,11793786,,,Y,nan,,,
216986,006,11590246,,,Y,nan,,,
217899,001,7709682,,Y,,nan,,,
205755,001,8039479,,Y,Y,nan,,,
212028,001,11026944,,,Y,nan,,,
212306,002,9714226,,Y,Y,nan,,,
209311,003,10905652,,,Y,nan,,,
207960,002,8999386,,,Y,nan,,,
204790,003,8129385,,Y,Y,nan,,,
207921,001,12296089,,,Y,nan,,,
217677,002,11820748,,,Y,nan,,,
206627,004,9492389,,,Y,nan,,,
206627,001,9084816,,,Y,nan,,,
203137,002,8916131,,,Y,nan,,,
209482,001,8534281,,,Y,nan,,,
209905,001,10441554,,,Y,nan,,,
021272,002,11723887,,Y,,nan,,,
208743,001,8148333,,,Y,nan,,,
212028,002,10702529,,,Y,nan,,,
022272,001,9522919,,Y,Y,nan,,,
215014,001,10125171,,Y,,nan,,,
022321,006,7682634,,,Y,nan,,,
209091,002,8716251,,,Y,nan,,,
212801,001,10143680,,,Y,nan,,,
202860,001,10926054,,,Y,nan,,,
214520,001,11738120,,Y,Y,nan,,,
203496,005,9593066,,Y,,nan,,,
208686,001,11040023,,,Y,nan,,,
204629,002,7579449,,Y,,nan,,,
208692,001,7579473,,Y,Y,nan,,,
215866,002,11357820,,,Y,nan,,,
203214,001,RE41783,,Y,,nan,,,
215014,001,7989589,,Y,,nan,,,
208065,001,11524951,,Y,Y,nan,,,
215498,004,11801226,,,Y,nan,,,
214755,003,12109186,,,Y,nan,,,
206940,002,9675587,,,Y,nan,,,
212489,002,8907099,,Y,,nan,,,
208799,006,10022510,,,Y,nan,,,
204223,003,9248229,,,Y,nan,,,
019430,002,9586010,,,Y,nan,,,
207202,005,8718193,,,Y,nan,,,
211358,003,7495103,,Y,Y,nan,,,
208798,004,10765820,,,Y,nan,,,
209401,001,8518437,,,Y,nan,,,
021764,001,7265117,,,Y,nan,,,
021947,002,7862832,,,Y,nan,,,
208799,006,9782550,,,Y,nan,,,
212690,001,9132107,,,Y,nan,,,
213138,001,7863249,,,Y,nan,,,
215192,003,7811595,,Y,Y,nan,,,
211913,006,9700535,,,Y,nan,,,
215457,001,8939943,,,Y,nan,,,
022272,006,10696684,,Y,,nan,,,
206627,007,9492389,,,Y,nan,,,
204824,003,8814834,,,Y,nan,,,
204824,003,9533102,,,Y,nan,,,
210132,002,8987237,,,Y,nan,,,
202788,007,10610523,,,Y,nan,,,
208232,001,8329198,,,Y,nan,,,
204326,001,8840924,,,Y,nan,,,
209863,002,10478560,,,Y,nan,,,
209884,003,7939519,,Y,Y,nan,,,
216318,001,12138271,,,Y,nan,,,
210192,001,9242986,,Y,Y,nan,,,
204114,001,8580304,,,Y,nan,,,
209863,001,10646495,,,Y,nan,,,
206073,001,7713938,,Y,Y,nan,,,
208564,001,11065197,,,Y,nan,,,
206030,001,9493582,,,Y,nan,,,
202788,006,9241935,,,Y,nan,,,
214200,001,10189850,,,Y,nan,,,
209606,001,9732062,,Y,,nan,,,
217242,001,12016848,,,Y,nan,,,
219008,001,12138351,,,Y,nan,,,
216718,001,9670147,,Y,,nan,,,
206111,004,7579449,,Y,,nan,,,
206544,001,10314788,,,Y,nan,,,
206406,002,9549918,,,Y,nan,,,
021272,004,11723887,,Y,,nan,,,
204417,001,8535717,,,Y,nan,,,
208325,001,9278995,,Y,,nan,,,
204153,001,9453006,,Y,,nan,,,
022360,001,8501164,,,Y,nan,,,
215499,001,12138264,,,Y,nan,,,
206073,002,7713938,,Y,Y,nan,,,
022239,001,7776007,,,Y,nan,,,
206030,001,7635773,,,Y,nan,,,
209269,001,11103517,,,Y,nan,,,
203414,002,8288539,,Y,,nan,,,
205934,002,9308195,,,Y,nan,,,
021343,001,11931559,,Y,,nan,,,
216196,002,RE49582,,Y,Y,nan,,,
202192,001,8415362,,Y,Y,nan,,,
214154,001,11957694,,,Y,nan,,,
208799,006,11344685,,,Y,nan,,,
202788,002,8486972,,,Y,nan,,,
207988,001,8546436,,Y,Y,nan,,,
208090,003,8557291,,,Y,nan,,,
202714,002,8207297,,Y,Y,nan,,,
207999,002,10751349,,,Y,nan,,,
022421,007,7695734,,,Y,nan,,,
208799,006,9731087,,,Y,nan,,,
202833,001,8372827,,,Y,nan,,,
206276,001,9533053,,,Y,nan,,,
213426,001,9012440,,Y,Y,nan,,,
021299,003,7598271,,Y,,nan,,,
202810,002,11166960,,,Y,nan,,,
207925,005,7495103,,Y,Y,nan,,,
218390,002,8039627,,Y,Y,nan,,,
207924,002,8158616,,Y,Y,nan,,,
214096,001,8580781,,Y,Y,nan,,,
200678,003,9339472,,,Y,nan,,,
204200,001,9119876,,,Y,nan,,,
214755,004,11766418,,,Y,nan,,,
206627,003,9750703,,,Y,nan,,,
208552,001,8883838,,,Y,nan,,,
212501,002,10993952,,,Y,nan,,,
022320,001,7820186,,,Y,nan,,,
202123,001,10857102,,,Y,nan,,,
202714,002,7737112,,,Y,nan,,,
204353,001,11576894,,,Y,nan,,,
210861,001,8513263,,Y,Y,nan,,,
218785,001,10927117,,Y,Y,nan,,,
212516,004,10959982,,,Y,nan,,,
215341,002,RE49826,,Y,,nan,,,
022108,001,7241805,,,Y,nan,,,
216660,001,11071742,,,Y,nan,,,
217677,002,11504354,,,Y,nan,,,
212327,001,7528143,,Y,Y,nan,,,
202429,001,8143271,,Y,Y,nan,,,
205636,002,9782551,,,Y,nan,,,
022309,002,8754070,,,Y,nan,,,
207202,001,11464423,,,Y,nan,,,
207202,005,11464423,,,Y,nan,,,
202810,001,9855278,,,Y,nan,,,
207921,001,10022510,,,Y,nan,,,
022421,005,7695734,,,Y,nan,,,
022321,001,7815934,,,Y,nan,,,
217660,002,8883206,,,Y,nan,,,
217677,002,12247012,,,Y,nan,,,
210132,001,8987237,,,Y,nan,,,
204803,001,11400019,,,Y,nan,,,
212304,001,10300025,,,Y,nan,,,
208798,001,9216260,,,Y,nan,,,
022321,004,8846104,,,Y,nan,,,
202810,002,9855278,,,Y,nan,,,
208026,001,9415016,,,Y,nan,,,
209606,001,9738625,,Y,,nan,,,
204569,001,10098892,,,Y,nan,,,
210565,001,10688045,,,Y,nan,,,
208325,001,11162500,,,Y,nan,,,
217677,001,7795447,,Y,,nan,,,
021976,005,7700645,,Y,Y,nan,,,
205580,001,10010533,,,Y,nan,,,
205552,001,10106548,,Y,Y,nan,,,
022500,001,8337890,,,Y,nan,,,
209637,002,11097063,,,Y,nan,,,
208742,001,8409606,,,Y,nan,,,
213535,001,12122789,,Y,Y,nan,,,
201281,003,10973827,,,Y,nan,,,
210875,004,9044475,,,Y,nan,,,
022405,002,8067427,,,Y,nan,,,
207925,002,10646481,,,Y,nan,,,
209311,003,9498447,,,Y,nan,,,
204441,004,8501730,,Y,,nan,,,
214835,001,10881605,,,Y,nan,,,
216158,001,10238643,,,Y,nan,,,
208026,002,9415016,,,Y,nan,,,
210632,001,9782376,,,Y,nan,,,
021610,007,8871779,,Y,,nan,,,
207202,003,8258962,,,Y,nan,,,
213137,002,10017491,,,Y,nan,,,
206439,001,8293794,,,Y,nan,,,
202811,002,8933030,,,Y,nan,,,
208798,005,11969544,,,Y,nan,,,
214755,002,11065224,,,Y,nan,,,
211675,003,11661425,,Y,Y,nan,,,
214621,001,11795178,,Y,Y,nan,,,
200063,001,8088786,,,Y,nan,,,
204708,001,8163725,,,Y,nan,,,
210875,001,9044475,,,Y,nan,,,
210491,001,7776905,,Y,Y,nan,,,
206627,001,9763933,,,Y,nan,,,
209311,001,9498447,,,Y,nan,,,
211566,002,10925871,,,Y,nan,,,
216018,002,12161761,,,Y,nan,,,
213260,001,12370136,,,Y,nan,,,
021880,002,7465800,,Y,Y,nan,,,
206307,001,9993483,,,Y,nan,,,
219293,001,11793809,,,Y,nan,,,
207947,002,8791122,,Y,Y,nan,,,
202880,002,9132096,,,Y,nan,,,
209863,001,11813435,,,Y,nan,,,
211765,001,8912210,,Y,Y,nan,,,
212520,001,10898573,,,Y,nan,,,
212306,005,8999996,,Y,Y,nan,,,
214755,001,10272062,,,Y,nan,,,
214755,002,10925844,,,Y,nan,,,
208383,002,8987463,,,Y,nan,,,
214628,001,12245996,,,Y,nan,,,
204768,001,8734847,,,Y,nan,,,
209637,004,11097063,,,Y,nan,,,
215151,002,9186411,,,Y,nan,,,
212038,002,10507186,,,Y,nan,,,
206111,004,10610489,,,Y,nan,,,
214324,003,9593066,,Y,,nan,,,
022309,001,8729057,,,Y,nan,,,
203923,001,9585912,,Y,Y,nan,,,
203826,005,11213480,,,Y,nan,,,
019734,002,7612102,,,Y,nan,,,
217581,002,7230098,,Y,,nan,,,
204326,004,9017731,,,Y,nan,,,
204326,002,8709491,,,Y,nan,,,
206038,001,8507534,,Y,Y,nan,,,
219304,003,9181223,,Y,Y,nan,,,
215151,002,7977488,,Y,,nan,,,
200603,002,8729085,,,Y,nan,,,
202813,001,7780038,,,Y,nan,,,
207202,002,8961412,,,Y,nan,,,
210861,002,8513263,,Y,Y,nan,,,
209637,002,9775953,,,Y,nan,,,
207947,001,8791122,,Y,Y,nan,,,
208010,001,9861644,,,Y,nan,,,
205489,003,9072680,,,Y,nan,,,
213593,001,12329752,,,Y,nan,,,
215866,005,11357820,,,Y,nan,,,
209482,002,7488827,,Y,Y,nan,,,
212273,001,7645789,,Y,Y,nan,,,
216018,002,10898444,,,Y,nan,,,
205109,001,10695367,,,Y,nan,,,
211988,001,10398686,,,Y,nan,,,
213137,002,10034879,,Y,Y,nan,,,
214938,003,9907834,,,Y,nan,,,
217186,001,12303605,,,Y,nan,,,
203697,001,10646431,,,Y,nan,,,
213756,002,8178693,,Y,Y,nan,,,
217806,006,9474780,,Y,Y,nan,,,
202714,003,8207126,,,Y,nan,,,
206162,001,8247416,,Y,,nan,,,
210951,001,9987261,,,Y,nan,,,
216340,001,12281113,,Y,Y,nan,,,
204824,003,9629959,,,Y,nan,,,
208401,001,10265370,,,Y,nan,,,
207975,004,8445018,,,Y,nan,,,
207103,001,10723730,,Y,Y,nan,,,
022030,001,8501723,,,Y,nan,,,
021272,006,11723887,,Y,,nan,,,
208798,001,10124131,,,Y,nan,,,
214755,003,12226377,,,Y,nan,,,
217901,001,11872314,,,Y,nan,,,
216059,001,10342780,,Y,Y,nan,,,
208798,004,9782551,,,Y,nan,,,
213976,001,11413296,,,Y,nan,,,
022224,002,7259186,,Y,,nan,,,
210884,001,9283280,,,Y,nan,,,
209376,003,11786548,,,Y,nan,,,
211675,002,12091415,,,Y,nan,,,
021137,009,10231931,,,Y,nan,,,
217186,003,12274793,,,Y,nan,,,
208081,001,11540981,,,Y,nan,,,
217806,005,11357820,,,Y,nan,,,
204790,001,9242986,,Y,Y,nan,,,
204640,001,10130592,,,Y,nan,,,
208437,001,10376661,,,Y,nan,,,
208798,008,10569034,,,Y,nan,,,
215875,002,12133837,,,Y,nan,,,
217677,003,11905255,,,Y,nan,,,
206544,004,7955619,,,Y,nan,,,
209863,002,11446440,,,Y,nan,,,
218390,003,8039627,,Y,Y,nan,,,
019430,001,7449012,,,Y,nan,,,
203752,002,9833419,,,Y,nan,,,
206406,001,9549918,,,Y,nan,,,
209805,002,9308204,,,Y,nan,,,
204017,001,8747888,,,Y,nan,,,
019034,007,9248229,,,Y,nan,,,
022309,003,8729057,,,Y,nan,,,
203975,001,9750726,,,Y,nan,,,
218347,001,11680069,,Y,,nan,,,
022272,006,8894988,,,Y,nan,,,
209963,001,10231961,,,Y,nan,,,
203255,004,7473761,,Y,Y,nan,,,
211765,002,12168004,,,Y,nan,,,
217439,003,8420650,,Y,Y,nan,,,
215813,003,10398785,,,Y,nan,,,
209637,004,10376652,,,Y,nan,,,
211280,001,12071423,,,Y,nan,,,
211810,002,10730876,,Y,,nan,,,
020911,001,10086156,,,Y,nan,,,
206038,001,8653103,,,Y,nan,,,
208434,001,10350214,,,Y,nan,,,
211210,002,8545879,,,Y,nan,,,
214755,002,12115143,,,Y,nan,,,
022127,001,7985418,,,Y,nan,,,
213586,007,8802127,,,Y,nan,,,
211675,002,10981924,,,Y,nan,,,
215192,003,RE47437,,Y,Y,nan,,,
210875,005,10821074,,,Y,nan,,,
213586,003,9023897,,,Y,nan,,,
204031,001,8597681,,,Y,nan,,,
209637,001,9687611,,,Y,nan,,,
205636,002,11344685,,,Y,nan,,,
204370,002,7943621,,Y,Y,nan,,,
206627,007,9095615,,,Y,nan,,,
208798,004,10124131,,,Y,nan,,,
205109,001,11013762,,,Y,nan,,,
207925,005,8410274,,,Y,nan,,,
022321,003,7682634,,,Y,nan,,,
202570,002,7858643,,Y,Y,nan,,,
210884,001,12090139,,,Y,nan,,,
207768,001,8790700,,,Y,nan,,,
212273,002,7645789,,Y,Y,nan,,,
204223,001,9072781,,,Y,nan,,,
211988,003,10398686,,,Y,nan,,,
216793,002,8071623,,Y,Y,nan,,,
208352,001,11439610,,Y,Y,nan,,,
204326,003,8709491,,,Y,nan,,,
207925,003,8754224,,Y,Y,nan,,,
022156,003,11103490,,,Y,nan,,,
211358,001,8653103,,,Y,nan,,,
204708,001,8231885,,,Y,nan,,,
022108,001,7645802,,,Y,nan,,,
210942,001,10383821,,,Y,nan,,,
206940,002,7786158,,Y,,nan,,,
215842,001,11053502,,Y,Y,nan,,,
022110,001,7531623,,Y,,nan,,,
201281,001,9415016,,,Y,nan,,,
210563,001,10213386,,,Y,nan,,,
212526,001,8476268,,Y,Y,nan,,,
202810,002,7722898,,,Y,nan,,,
210450,001,12102637,,,Y,nan,,,
021223,003,7932241,,,Y,nan,,,
215401,001,8591941,,,Y,nan,,,
022287,001,9238029,,,Y,nan,,,
202810,001,7722898,,,Y,nan,,,
200603,001,9907794,,,Y,nan,,,
206073,001,11033552,,,Y,nan,,,
214998,003,RE50050,,Y,Y,nan,,,
218213,002,10294242,,Y,,nan,,,
206333,001,8653058,,,Y,nan,,,
208798,005,11464923,,,Y,nan,,,
205422,003,10307419,,,Y,nan,,,
209863,003,10646495,,,Y,nan,,,
213176,001,9150579,,Y,Y,nan,,,
211882,001,11679116,,,Y,nan,,,
211651,005,8012976,,Y,Y,nan,,,
215904,001,8022054,,,Y,nan,,,
205787,001,8226610,,,Y,nan,,,
213586,001,9023897,,,Y,nan,,,
202293,001,7851502,,,Y,nan,,,
206099,001,8899229,,,Y,nan,,,
209511,001,11746141,,,Y,nan,,,
020066,002,8323683,,,Y,nan,,,
207202,003,9060708,,,Y,nan,,,
213005,002,11744835,,,Y,nan,,,
022272,003,9073933,,Y,,nan,,,
205677,001,12049457,,Y,Y,nan,,,
211617,001,11613511,,Y,,nan,,,
215272,001,10647649,,Y,,nan,,,
219249,001,8242104,,Y,Y,nan,,,
211617,001,11760714,,,Y,nan,,,
211844,002,10966990,,,Y,nan,,,
204242,004,8940330,,,Y,nan,,,
210557,001,6794489,,Y,Y,nan,,,
205494,001,11458119,,Y,Y,nan,,,
215358,001,12252478,,,Y,nan,,,
204768,002,8992982,,,Y,nan,,,
021986,005,7491725,,Y,Y,nan,,,
022108,003,7572935,,,Y,nan,,,
214998,001,RE50050,,Y,Y,nan,,,
208653,003,8828978,,,Y,nan,,,
217677,003,7951958,,Y,,nan,,,
209092,001,12064434,,,Y,nan,,,
207202,001,10441194,,,Y,nan,,,
021514,002,8632802,,,Y,nan,,,
206627,003,9872837,,,Y,nan,,,
216540,001,9642838,,Y,Y,nan,,,
021985,002,8617595,,,Y,nan,,,
212273,001,7776905,,Y,Y,nan,,,
218490,001,7094781,,Y,Y,nan,,,
020696,001,7553863,,Y,Y,nan,,,
022272,003,11964056,,,Y,nan,,,
211340,001,10799453,,,Y,nan,,,
217439,005,8012976,,Y,Y,nan,,,
210854,001,8927710,,,Y,nan,,,
218730,002,8865902,,Y,Y,nan,,,
021821,001,7879828,,,Y,nan,,,
206843,002,8329159,,Y,,nan,,,
214755,003,12115143,,,Y,nan,,,
207202,003,11464423,,,Y,nan,,,
214622,002,10278969,,,Y,nan,,,
214628,003,10159657,,,Y,nan,,,
216986,006,10973934,,Y,,nan,,,
205718,001,9951016,,Y,Y,nan,,,
213051,001,10960052,,,Y,nan,,,
021457,001,10086156,,,Y,nan,,,
214755,002,12138239,,,Y,nan,,,
203496,003,11723887,,Y,,nan,,,
217564,001,7829574,,Y,Y,nan,,,
207921,002,11957832,,,Y,nan,,,
209637,004,9775953,,,Y,nan,,,
214755,004,12115144,,,Y,nan,,,
205677,001,10829465,,Y,Y,nan,,,
200603,002,8883794,,,Y,nan,,,
217603,001,12213964,,,Y,nan,,,
022497,001,7674479,,,Y,nan,,,
203975,001,7498440,,Y,Y,nan,,,
212614,004,8883805,,,Y,nan,,,
213137,002,10493035,,,Y,nan,,,
205703,001,8835505,,,Y,nan,,,
215515,001,10806791,,Y,,nan,,,
208901,001,10806792,,,Y,nan,,,
203469,001,8114874,,Y,Y,nan,,,
214787,002,9949994,,Y,,nan,,,
202155,002,9326945,,,Y,nan,,,
210496,002,8946250,,Y,Y,nan,,,
208564,002,11123283,,,Y,nan,,,
215973,001,10071985,,Y,Y,nan,,,
212306,004,11807629,,Y,Y,nan,,,
021947,001,7862833,,,Y,nan,,,
022426,006,8637079,,,Y,nan,,,
022272,007,9770416,,,Y,nan,,,
214697,001,12324838,,,Y,nan,,,
210526,004,8337890,,,Y,nan,,,
202570,001,8217057,,Y,Y,nan,,,
212018,001,8895601,,Y,Y,nan,,,
022574,001,8617597,,,Y,nan,,,
205636,002,11000653,,,Y,nan,,,
206627,007,9872837,,,Y,nan,,,
209311,004,9283214,,,Y,nan,,,
208610,001,8871938,,Y,,nan,,,
203341,002,7767678,,Y,Y,nan,,,
211358,002,8754224,,Y,Y,nan,,,
209863,001,10357609,,,Y,nan,,,
213535,001,11938136,,,Y,nan,,,
207202,002,9320455,,,Y,nan,,,
021947,003,7862832,,,Y,nan,,,
206940,001,11007179,,,Y,nan,,,
214622,002,8552002,,Y,Y,nan,,,
217660,002,10646481,,,Y,nan,,,
208798,008,8651103,,,Y,nan,,,
213137,002,9018210,,Y,Y,nan,,,
213051,003,11759502,,,Y,nan,,,
205649,004,9616028,,,Y,nan,,,
204326,006,9839619,,,Y,nan,,,
209478,001,10888570,,,Y,nan,,,
217581,003,7858643,,Y,Y,nan,,,
216196,003,RE49582,,Y,Y,nan,,,
205636,002,9216260,,,Y,nan,,,
209940,001,RE46791,,Y,Y,nan,,,
203565,002,7612109,,Y,Y,nan,,,
209863,002,10881798,,,Y,nan,,,
204485,004,9919026,,,Y,nan,,,
213411,002,8648087,,Y,Y,nan,,,
202429,001,9447089,,,Y,nan,,,
218944,001,10683302,,Y,Y,nan,,,
210864,001,9750822,,,Y,nan,,,
202813,001,10188811,,,Y,nan,,,
212595,001,9962336,,,Y,nan,,,
215309,001,8722693,,Y,Y,nan,,,
207925,004,7495103,,Y,Y,nan,,,
205787,001,8206360,,,Y,nan,,,
210450,001,11542239,,Y,Y,nan,,,
206627,001,9486413,,,Y,nan,,,
212268,003,11123305,,,Y,nan,,,
022272,006,9522919,,Y,Y,nan,,,
211810,002,7893075,,Y,,nan,,,
211950,001,9937075,,,Y,nan,,,
208799,003,10022510,,,Y,nan,,,
208798,002,9216260,,,Y,nan,,,
212516,001,9839626,,,Y,nan,,,
204592,001,9017721,,,Y,nan,,,
214622,001,10278969,,,Y,nan,,,
217604,001,10925833,,,Y,nan,,,
212045,001,11975096,,,Y,nan,,,
218201,001,9427351,,,Y,nan,,,
216951,001,8324208,,Y,Y,nan,,,
215192,002,8343952,,Y,Y,nan,,,
208910,002,10493028,,,Y,nan,,,
214155,001,9649352,,Y,Y,nan,,,
215985,002,12016848,,,Y,nan,,,
210563,002,8735403,,Y,Y,nan,,,
216986,006,8114863,,Y,,nan,,,
021829,006,8246980,,,Y,nan,,,
211367,001,11478487,,,Y,nan,,,
212849,001,11110094,,,Y,nan,,,
022321,006,7815934,,,Y,nan,,,
210854,003,9815835,,,Y,nan,,,
210491,001,7495103,,Y,Y,nan,,,
021991,001,7456219,,Y,,nan,,,
022309,001,8759329,,,Y,nan,,,
214096,001,8329692,,Y,Y,nan,,,
022217,002,8168616,,,Y,nan,,,
022395,001,9226903,,,Y,nan,,,
201444,001,12304813,,,Y,nan,,,
210563,002,10961251,,,Y,nan,,,
215344,001,12290529,,,Y,nan,,,
022360,002,8501164,,,Y,nan,,,
212436,002,10723730,,Y,Y,nan,,,
022545,003,8613949,,,Y,nan,,,
212516,003,11202772,,,Y,nan,,,
021379,001,11931559,,Y,,nan,,,
202331,002,7157584,,Y,,nan,,,
206321,001,8114833,,,Y,nan,,,
205636,001,9216260,,,Y,nan,,,
211527,001,7807708,,Y,Y,nan,,,
215498,002,11802115,,,Y,nan,,,
022288,001,8784789,,,Y,nan,,,
213422,001,10265265,,,Y,nan,,,
211230,001,11439597,,,Y,nan,,,
022474,001,8735380,,,Y,nan,,,
217660,001,7776905,,Y,Y,nan,,,
211321,001,8809322,,,Y,nan,,,
213051,001,11759503,,,Y,nan,,,
212516,003,9839626,,,Y,nan,,,
208798,008,11357935,,,Y,nan,,,
213895,001,10849956,,,Y,nan,,,
022569,001,9731869,,,Y,nan,,,
211675,001,11198697,,,Y,nan,,,
201739,002,8226610,,,Y,nan,,,
204242,006,10946010,,,Y,nan,,,
212516,002,11202772,,,Y,nan,,,
212516,002,10413525,,,Y,nan,,,
202317,001,8450375,,,Y,nan,,,
215904,001,8367651,,,Y,nan,,,
209311,004,11241392,,,Y,nan,,,
022249,004,8445524,,Y,,nan,,,
204819,004,7173037,,Y,Y,nan,,,
211988,004,10980886,,,Y,nan,,,
021038,004,8242158,,,Y,nan,,,
210496,001,8946250,,Y,Y,nan,,,
206323,001,9107921,,,Y,nan,,,
212614,002,7713938,,Y,Y,nan,,,
201655,006,8871779,,Y,,nan,,,
203975,001,7488827,,Y,Y,nan,,,
215866,010,11357820,,Y,Y,nan,,,
211964,003,9358204,,,Y,nan,,,
022156,002,10010537,,,Y,nan,,,
022156,003,10010537,,,Y,nan,,,
218010,001,10206813,,,Y,nan,,,
214518,001,8039504,,,Y,nan,,,
211358,002,7495103,,Y,Y,nan,,,
208700,001,10596278,,,Y,nan,,,
216665,001,7572789,,Y,Y,nan,,,
207962,001,9283174,,,Y,nan,,,
209347,001,9486530,,,Y,nan,,,
202344,001,9592195,,,Y,nan,,,
214860,002,11433041,,,Y,nan,,,
211172,001,9061044,,Y,,nan,,,
211651,005,8420650,,Y,Y,nan,,,
214410,003,8927710,,,Y,nan,,,
211616,001,11760714,,,Y,nan,,,
021829,005,10130589,,,Y,nan,,,
022051,002,8062264,,,Y,nan,,,
209637,004,8920383,,,Y,nan,,,
210735,002,9662342,,,Y,nan,,,
022272,002,10696684,,Y,,nan,,,
213378,003,7262298,,Y,,nan,,,
050795,002,8715724,,,Y,nan,,,
209863,002,8021335,,,Y,nan,,,
204251,001,9044484,,,Y,nan,,,
209279,001,8309126,,,Y,nan,,,
050808,002,7544373,,,Y,nan,,,
205836,002,10729653,,,Y,nan,,,
211675,001,11661425,,Y,Y,nan,,,
208090,001,7399488,,,Y,nan,,,
208325,001,9820938,,,Y,nan,,,
208171,001,10414831,,Y,Y,nan,,,
202155,003,9326945,,,Y,nan,,,
207202,006,11229378,,,Y,nan,,,
211810,001,8722702,,Y,,nan,,,
205836,004,10729653,,,Y,nan,,,
207925,004,8754224,,Y,Y,nan,,,
209637,002,10357616,,,Y,nan,,,
218730,001,8754224,,Y,Y,nan,,,
209884,002,7939519,,Y,Y,nan,,,
216974,001,9309245,,Y,,nan,,,
205109,001,10624855,,,Y,nan,,,
207202,006,8258962,,,Y,nan,,,
210132,002,11166963,,,Y,nan,,,
212038,006,9974752,,,Y,nan,,,
217424,001,8956658,,Y,,nan,,,
217677,003,7342118,,Y,,nan,,,
209637,001,10376652,,,Y,nan,,,
216665,003,7572789,,Y,Y,nan,,,
209311,005,11241392,,,Y,nan,,,
021318,001,7517334,,,Y,nan,,,
202810,003,9370525,,,Y,nan,,,
207103,001,RE47739,,Y,Y,nan,,,
211580,001,11712320,,,Y,nan,,,
213051,003,11759503,,,Y,nan,,,
022181,001,7566462,,,Y,nan,,,
208379,001,8829186,,Y,Y,nan,,,
212994,001,10584113,,,Y,nan,,,
210132,002,8993549,,,Y,nan,,,
216457,001,12290520,,,Y,nan,,,
205422,006,7888362,,Y,,nan,,,
214628,001,10568850,,,Y,nan,,,
021038,002,10016396,,,Y,nan,,,
215985,001,12016848,,,Y,nan,,,
217660,001,10646481,,,Y,nan,,,
206627,002,9095615,,,Y,nan,,,
211675,002,10981923,,Y,,nan,,,
208854,001,RE46365,,Y,Y,nan,,,
204242,002,8940330,,,Y,nan,,,
202788,001,8486972,,,Y,nan,,,
217581,003,8785632,,Y,Y,nan,,,
214628,002,12245996,,,Y,nan,,,
215192,001,9701636,,Y,Y,nan,,,
208854,001,9108975,,Y,Y,nan,,,
022426,005,8637079,,,Y,nan,,,
215309,001,7598257,,Y,Y,nan,,,
050790,002,8292129,,,Y,nan,,,
204026,002,10555939,,,Y,nan,,,
208910,002,10688046,,,Y,nan,,,
209637,004,9861757,,,Y,nan,,,
206627,004,9861584,,,Y,nan,,,
215498,004,12091394,,Y,,nan,,,
021137,012,10406108,,,Y,nan,,,
214410,002,11261198,,,Y,nan,,,
210251,002,9216996,,Y,Y,nan,,,
202057,001,8298554,,,Y,nan,,,
205422,001,RE48059,,Y,,nan,,,
217806,011,9474780,,Y,Y,nan,,,
203634,001,10660858,,,Y,nan,,,
204168,003,8865937,,Y,Y,nan,,,
206229,001,12004992,,Y,,nan,,,
206316,001,7365205,,Y,,nan,,,
210660,001,10918662,,,Y,nan,,,
213498,008,RE43728,,Y,Y,nan,,,
217186,004,11622941,,,Y,nan,,,
216984,002,11975013,,,Y,nan,,,
212038,006,10512612,,,Y,nan,,,
206627,002,9750703,,,Y,nan,,,
215457,001,9022022,,,Y,nan,,,
022328,002,8252809,,,Y,nan,,,
019734,003,9364564,,,Y,nan,,,
208799,005,10022510,,,Y,nan,,,
208627,001,9339466,,Y,Y,nan,,,
200677,003,7473761,,Y,Y,nan,,,
211225,001,8039479,,Y,Y,nan,,,
211617,001,7335799,,Y,,nan,,,
208010,001,8361488,,,Y,nan,,,
213586,003,10736965,,,Y,nan,,,
211349,001,11938133,,,Y,nan,,,
207925,005,10646481,,,Y,nan,,,
202293,001,8721615,,,Y,nan,,,
210874,001,8716251,,,Y,nan,,,
215866,004,11357820,,,Y,nan,,,
209819,001,10558394,,,Y,nan,,,
209863,002,9533102,,,Y,nan,,,
208090,001,8557291,,,Y,nan,,,
211155,001,11312718,,,Y,nan,,,
208745,001,7041786,,Y,,nan,,,
217729,002,7919625,,,Y,nan,,,
209299,002,8211889,,Y,,nan,,,
205552,001,10752634,,,Y,nan,,,
022411,001,8133893,,Y,Y,nan,,,
208798,005,9782551,,,Y,nan,,,
208798,006,11439777,,,Y,nan,,,
213006,001,8653260,,Y,,nan,,,
212994,002,10759778,,,Y,nan,,,
021936,002,7396341,,,Y,nan,,,
207202,002,9149577,,,Y,nan,,,
021361,001,9271968,,,Y,nan,,,
022275,001,8501730,,Y,,nan,,,
021457,001,10695512,,,Y,nan,,,
204026,003,8828427,,Y,Y,nan,,,
206829,001,8906898,,Y,Y,nan,,,
209241,001,10919892,,Y,Y,nan,,,
215457,001,9814838,,,Y,nan,,,
202331,001,7157584,,Y,,nan,,,
207921,001,10695512,,,Y,nan,,,
211358,002,10646481,,,Y,nan,,,
208573,003,8546399,,Y,Y,nan,,,
204768,001,8992982,,,Y,nan,,,
214965,001,9132071,,,Y,nan,,,
212994,003,9079928,,,Y,nan,,,
217806,010,11357820,,,Y,nan,,,
214313,001,12290494,,,Y,nan,,,
214324,003,10421729,,,Y,nan,,,
205739,001,8147873,,,Y,nan,,,
022416,001,9206135,,Y,,nan,,,
204824,008,11497753,,,Y,nan,,,
208798,002,10022510,,,Y,nan,,,
211340,001,11701326,,,Y,nan,,,
217785,003,9266861,,Y,Y,nan,,,
206940,002,11007179,,,Y,nan,,,
208798,004,11464923,,,Y,nan,,,
210864,002,9200088,,,Y,nan,,,
201655,001,8192722,,,Y,nan,,,
202231,001,9168239,,,Y,nan,,,
206977,011,11096913,,,Y,nan,,,
210563,003,9725455,,Y,,nan,,,
210872,001,8226971,,,Y,nan,,,
201848,001,10369264,,,Y,nan,,,
208090,003,7771707,,,Y,nan,,,
209241,002,10919892,,Y,Y,nan,,,
214755,004,12115142,,,Y,nan,,,
206679,001,9597289,,,Y,nan,,,
215039,002,8476268,,Y,Y,nan,,,
208325,001,8377880,,Y,Y,nan,,,
209394,001,8937150,,Y,Y,nan,,,
022512,003,7932273,,Y,Y,nan,,,
208798,004,9216260,,,Y,nan,,,
211172,001,8101743,,Y,Y,nan,,,
209777,003,10314788,,,Y,nan,,,
212306,004,9714226,,Y,Y,nan,,,
205637,001,9522188,,,Y,nan,,,
203697,002,10646431,,,Y,nan,,,
215192,002,7811595,,Y,Y,nan,,,
022088,001,8026276,,,Y,nan,,,
206977,007,11096913,,,Y,nan,,,
216354,001,8524733,,Y,Y,nan,,,
210864,002,9750822,,,Y,nan,,,
209410,001,8987333,,,Y,nan,,,
208692,002,11298349,,,Y,nan,,,
021272,007,9593066,,Y,,nan,,,
204824,006,10709844,,,Y,nan,,,
217186,004,12064521,,,Y,nan,,,
210864,002,8410077,,,Y,nan,,,
209482,002,8534281,,,Y,nan,,,
208912,001,10799642,,,Y,nan,,,
210045,001,10350171,,,Y,nan,,,
207960,003,11633389,,,Y,nan,,,
021038,002,9616049,,,Y,nan,,,
205649,001,7919598,,Y,,nan,,,
214755,001,11504347,,,Y,nan,,,
210852,002,10849916,,,Y,nan,,,
210874,003,7919598,,Y,,nan,,,
204223,005,9248229,,,Y,nan,,,
214200,001,10189849,,Y,,nan,,,
202714,001,8207126,,,Y,nan,,,
210864,002,9493582,,,Y,nan,,,
207202,004,8718193,,,Y,nan,,,
206627,001,9572779,,,Y,nan,,,
022108,001,7585897,,,Y,nan,,,
209637,002,9616180,,,Y,nan,,,
208082,001,8524733,,Y,Y,nan,,,
022309,003,8759329,,,Y,nan,,,
210583,001,9974746,,,Y,nan,,,
205552,002,9713617,,,Y,nan,,,
208799,002,8714149,,,Y,nan,,,
211962,004,11628200,,,Y,nan,,,
207921,001,8132712,,,Y,nan,,,
208799,006,11173259,,,Y,nan,,,
205920,001,8367734,,,Y,nan,,,
205175,001,10071054,,,Y,nan,,,
204353,003,7943788,,Y,Y,nan,,,
204824,006,9629959,,,Y,nan,,,
211651,001,8735392,,Y,Y,nan,,,
209091,001,8716251,,,Y,nan,,,
209862,001,8206360,,,Y,nan,,,
210922,001,11141378,,,Y,nan,,,
206940,001,9700542,,,Y,nan,,,
215429,001,7776358,,,Y,nan,,,
211340,001,11484498,,,Y,nan,,,
206627,004,9775809,,,Y,nan,,,
208447,001,8436185,,Y,,nan,,,
213871,002,9035074,,Y,Y,nan,,,
204286,001,10729667,,,Y,nan,,,
210598,001,10550081,,Y,,nan,,,
209482,002,9750726,,,Y,nan,,,
216986,002,8114863,,Y,,nan,,,
201655,002,7851482,,Y,,nan,,,
202714,001,7417042,,Y,Y,nan,,,
208447,001,8071623,,Y,Y,nan,,,
204353,004,7943788,,Y,Y,nan,,,
207921,001,10022509,,,Y,nan,,,
021829,006,9925150,,,Y,nan,,,
204824,006,11684723,,,Y,nan,,,
214755,003,11896572,,,Y,nan,,,
210496,001,9593099,,Y,,nan,,,
211225,001,8399450,,Y,Y,nan,,,
207793,001,9782349,,Y,Y,nan,,,
206038,002,10646481,,,Y,nan,,,
210132,001,11529360,,,Y,nan,,,
212535,001,10905714,,,Y,nan,,,
209500,002,8648077,,Y,Y,nan,,,
214998,002,RE50050,,Y,Y,nan,,,
210793,001,11452721,,,Y,nan,,,
217660,001,RE50453,,Y,Y,nan,,,
214755,004,12226377,,,Y,nan,,,
022568,001,8481565,,,Y,nan,,,
204031,001,8980319,,,Y,nan,,,
022272,005,12280152,,,Y,nan,,,
216354,003,11813232,,,Y,nan,,,
022474,001,9844510,,,Y,nan,,,
213586,003,8802127,,,Y,nan,,,
202192,001,8722693,,Y,Y,nan,,,
206940,002,11090291,,,Y,nan,,,
205739,001,8282913,,,Y,nan,,,
208611,001,7728143,,Y,,nan,,,
021137,004,10231931,,,Y,nan,,,
209863,002,9744302,,,Y,nan,,,
201739,001,11590286,,,Y,nan,,,
022272,001,9073933,,Y,,nan,,,
204242,003,9259421,,,Y,nan,,,
206627,001,9492389,,,Y,nan,,,
022433,002,8425934,,,Y,nan,,,
217006,002,8399469,,Y,,nan,,,
213591,002,10596178,,,Y,nan,,,
209195,001,9868745,,Y,Y,nan,,,
217347,001,8147809,,Y,Y,nan,,,
211962,004,10849956,,,Y,nan,,,
202088,002,8440170,,,Y,nan,,,
210565,001,11642317,,,Y,nan,,,
211962,002,10849956,,,Y,nan,,,
203188,001,8754224,,Y,Y,nan,,,
208772,001,9012462,,Y,,nan,,,
204325,001,9017731,,,Y,nan,,,
206488,002,RE47769,,,Y,nan,,,
212269,001,10940116,,,Y,nan,,,
216490,002,11890326,,Y,Y,nan,,,
019430,002,7449012,,,Y,nan,,,
209862,001,10960155,,,Y,nan,,,
022321,002,8846104,,,Y,nan,,,
214755,001,12109186,,,Y,nan,,,
206627,002,9486412,,,Y,nan,,,
215866,012,11357820,,Y,Y,nan,,,
214755,004,10925844,,,Y,nan,,,
206977,012,11096913,,,Y,nan,,,
022117,003,8022228,,Y,Y,nan,,,
206038,002,8754224,,Y,Y,nan,,,
022272,004,9492389,,,Y,nan,,,
208798,008,10195375,,,Y,nan,,,
213593,001,10751333,,,Y,nan,,,
021829,004,10130589,,,Y,nan,,,
210660,001,10905713,,,Y,nan,,,
213036,001,12121506,,,Y,nan,,,
204326,004,9265737,,,Y,nan,,,
207202,001,9060708,,,Y,nan,,,
208798,006,8978966,,,Y,nan,,,
205382,001,7488827,,Y,Y,nan,,,
022272,006,12280152,,,Y,nan,,,
209410,002,8895618,,,Y,nan,,,
202293,001,8221786,,,Y,nan,,,
219008,002,11453656,,Y,Y,nan,,,
207921,002,8931476,,,Y,nan,,,
208799,001,10022510,,,Y,nan,,,
219839,001,11007198,,Y,Y,nan,,,
204417,002,8163306,,,Y,nan,,,
200677,001,8299209,,Y,Y,nan,,,
203752,005,9833419,,,Y,nan,,,
208611,001,9200088,,,Y,nan,,,
211765,001,11925709,,,Y,nan,,,
208798,006,10569034,,,Y,nan,,,
216984,001,11975013,,,Y,nan,,,
050795,001,8715724,,,Y,nan,,,
209940,002,10603384,,,Y,nan,,,
208073,001,8927574,,,Y,nan,,,
207202,002,9258035,,,Y,nan,,,
211801,001,8969377,,Y,Y,nan,,,
021821,001,9254328,,,Y,nan,,,
209355,001,11957753,,,Y,nan,,,
209637,001,9861757,,,Y,nan,,,
022272,001,9775808,,,Y,nan,,,
208798,006,11464923,,,Y,nan,,,
207953,001,8895557,,,Y,nan,,,
206940,002,8609709,,Y,,nan,,,
212436,001,RE47739,,Y,Y,nan,,,
213586,002,9023897,,,Y,nan,,,
208082,002,9814708,,,Y,nan,,,
212028,002,11026944,,,Y,nan,,,
209311,004,9023389,,,Y,nan,,,
206627,006,9861584,,,Y,nan,,,
022108,003,7645802,,,Y,nan,,,
208798,005,11439777,,,Y,nan,,,
209299,001,8652492,,,Y,nan,,,
022272,007,12246094,,,Y,nan,,,
206099,001,9108015,,,Y,nan,,,
208325,003,11162500,,,Y,nan,,,
208313,009,9241948,,,Y,nan,,,
204275,003,8746242,,,Y,nan,,,
215400,001,10532049,,,Y,nan,,,
215875,005,11207280,,,Y,nan,,,
213591,002,7767675,,Y,Y,nan,,,
203085,001,9458107,,,Y,nan,,,
207921,001,10561808,,,Y,nan,,,
209637,001,9616180,,,Y,nan,,,
208798,002,9731087,,,Y,nan,,,
205422,003,RE48059,,Y,,nan,,,
208573,002,10730873,,Y,,nan,,,
213687,001,9186344,,,Y,nan,,,
216059,002,10342780,,Y,Y,nan,,,
202429,001,7863288,,Y,Y,nan,,,
208611,001,9750822,,,Y,nan,,,
207103,003,10723730,,Y,Y,nan,,,
204286,001,8778365,,,Y,nan,,,
205649,003,7919598,,Y,,nan,,,
201655,007,7851482,,Y,,nan,,,
201699,001,7378508,,Y,Y,nan,,,
210655,002,9597402,,,Y,nan,,,
214876,002,11091459,,,Y,nan,,,
207921,002,10086156,,,Y,nan,,,
206627,005,9861584,,,Y,nan,,,
205636,002,9731087,,,Y,nan,,,
210132,001,8993549,,,Y,nan,,,
022272,003,9522919,,Y,Y,nan,,,
205109,001,10933090,,,Y,nan,,,
022115,005,8637512,,,Y,nan,,,
208798,008,9782551,,,Y,nan,,,
215814,001,12053463,,Y,Y,nan,,,
213491,001,9173851,,,Y,nan,,,
213312,001,10206887,,,Y,nan,,,
217677,003,12116347,,,Y,nan,,,
205739,004,8282913,,,Y,nan,,,
208799,004,10022510,,,Y,nan,,,
208692,003,11091440,,,Y,nan,,,
216986,004,10973934,,Y,,nan,,,
021038,004,8338470,,,Y,nan,,,
206494,001,9284314,,Y,,nan,,,
021747,001,7837235,,,Y,nan,,,
205787,001,9278182,,,Y,nan,,,
216457,001,12115254,,,Y,nan,,,
219122,001,12295953,,,Y,nan,,,
210632,003,11135190,,,Y,nan,,,
201739,003,10335549,,,Y,nan,,,
203340,002,11806338,,,Y,nan,,,
209381,001,10780112,,,Y,nan,,,
210563,004,10213386,,,Y,nan,,,
208798,008,8714149,,,Y,nan,,,
202788,002,10610523,,,Y,nan,,,
210656,001,8148401,,Y,Y,nan,,,
206756,001,8733341,,,Y,nan,,,
206977,003,11096913,,,Y,nan,,,
210655,001,10010612,,,Y,nan,,,
213756,001,12318367,,,Y,nan,,,
214012,001,10806791,,Y,,nan,,,
208686,001,9669008,,,Y,nan,,,
216986,001,11590246,,,Y,nan,,,
207921,001,11793953,,,Y,nan,,,
201922,003,7544373,,,Y,nan,,,
209482,001,8746242,,,Y,nan,,,
050795,005,8715724,,,Y,nan,,,
022287,001,8871273,,,Y,nan,,,
210906,003,10130646,,,Y,nan,,,
209637,001,10357616,,,Y,nan,,,
217439,005,8735392,,Y,Y,nan,,,
022272,006,9775808,,,Y,nan,,,
207793,001,10722508,,Y,Y,nan,,,
208799,004,9463288,,,Y,nan,,,
022416,002,10912781,,,Y,nan,,,
216158,002,10925832,,,Y,nan,,,
217064,001,11844858,,,Y,nan,,,
205122,005,8652527,,,Y,nan,,,
208799,005,11173259,,,Y,nan,,,
022572,001,8186511,,,Y,nan,,,
206627,004,9486413,,,Y,nan,,,
022421,002,7695734,,,Y,nan,,,
204623,001,9168304,,,Y,nan,,,
212535,001,11045438,,,Y,nan,,,
218201,001,11850181,,,Y,nan,,,
021925,002,8071130,,,Y,nan,,,
022272,001,12246094,,,Y,nan,,,
209311,005,10182995,,,Y,nan,,,
206940,002,9700542,,,Y,nan,,,
210884,001,8268791,,,Y,nan,,,
213973,001,11903933,,,Y,nan,,,
211488,001,10646572,,,Y,nan,,,
050444,001,11944634,,,Y,nan,,,
208400,001,10610485,,,Y,nan,,,
214755,002,10973795,,,Y,nan,,,
210933,001,11642317,,,Y,nan,,,
202231,001,9168238,,,Y,nan,,,
212273,001,7495103,,Y,Y,nan,,,
215431,001,10058614,,,Y,nan,,,
215272,001,11617724,,,Y,nan,,,
205552,002,7514444,,Y,Y,nan,,,
203505,001,8642079,,,Y,nan,,,
204242,002,10874661,,,Y,nan,,,
214253,001,11154498,,,Y,nan,,,
022321,001,8846104,,,Y,nan,,,
211988,004,10398686,,,Y,nan,,,
219301,001,10364238,,Y,Y,nan,,,
217439,004,8420650,,Y,Y,nan,,,
207981,001,9527833,,Y,Y,nan,,,
216834,001,10835574,,,Y,nan,,,
211635,001,10265402,,,Y,nan,,,
219249,002,10851091,,Y,Y,nan,,,
208799,004,10195375,,,Y,nan,,,
209128,001,9744129,,,Y,nan,,,
214324,003,10130685,,,Y,nan,,,
210565,001,10646437,,,Y,nan,,,
216285,001,11123299,,,Y,nan,,,
214324,001,10421729,,,Y,nan,,,
213137,001,10493035,,,Y,nan,,,
219285,001,9586955,,Y,Y,nan,,,
207202,002,9119554,,,Y,nan,,,
216354,007,8524733,,Y,Y,nan,,,
211810,002,10941142,,,Y,nan,,,
205122,004,8652527,,,Y,nan,,,
206500,001,8361500,,,Y,nan,,,
022580,002,9011905,,,Y,nan,,,
022433,001,8425934,,,Y,nan,,,
209863,003,8021335,,,Y,nan,,,
210598,001,8273894,,,Y,nan,,,
022203,002,9919050,,,Y,nan,,,
208686,001,10772868,,,Y,nan,,,
216903,001,11110054,,,Y,nan,,,
213498,005,RE43728,,Y,Y,nan,,,
218784,001,10172864,,Y,Y,nan,,,
022421,001,7695734,,,Y,nan,,,
203085,001,9957232,,Y,,nan,,,
213983,001,9242986,,Y,Y,nan,,,
206756,001,7727984,,Y,,nan,,,
211723,001,9090562,,Y,Y,nan,,,
209862,001,8021344,,,Y,nan,,,
209354,001,12076403,,,Y,nan,,,
214487,001,11951214,,,Y,nan,,,
200327,001,9629861,,,Y,nan,,,
202293,001,7919598,,Y,,nan,,,
210854,003,8927710,,,Y,nan,,,
208025,001,11077055,,,Y,nan,,,
208798,008,11969544,,,Y,nan,,,
212018,002,9902714,,,Y,nan,,,
203093,001,8981103,,Y,Y,nan,,,
214755,001,11839597,,,Y,nan,,,
217003,001,10106548,,Y,Y,nan,,,
201655,005,7851482,,Y,,nan,,,
208434,001,11433076,,,Y,nan,,,
208056,001,8461187,,,Y,nan,,,
206111,003,7713938,,Y,Y,nan,,,
208564,002,11065197,,,Y,nan,,,
212690,001,8901173,,,Y,nan,,,
209575,001,10231961,,,Y,nan,,,
216834,003,11965040,,,Y,nan,,,
214755,002,12115142,,,Y,nan,,,
218010,001,12201555,,Y,Y,nan,,,
205060,001,9050309,,Y,,nan,,,
210861,001,10799505,,Y,Y,nan,,,
211349,001,11944620,,,Y,nan,,,
216285,001,11439598,,,Y,nan,,,
207155,001,11020363,,,Y,nan,,,
203496,001,9604901,,Y,,nan,,,
022203,001,8071073,,,Y,nan,,,
021252,002,8217083,,,Y,nan,,,
206099,001,8978647,,,Y,nan,,,
215358,002,11407735,,Y,,nan,,,
213051,002,11759503,,,Y,nan,,,
214755,003,10272062,,,Y,nan,,,
214835,002,10881605,,,Y,nan,,,
209637,004,RE46363,,,Y,nan,,,
021137,005,10406108,,,Y,nan,,,
213586,002,9895447,,,Y,nan,,,
209311,005,10905652,,,Y,nan,,,
211651,006,8012976,,Y,Y,nan,,,
021514,003,8632802,,,Y,nan,,,
021610,003,8871779,,Y,,nan,,,
208798,004,9731087,,,Y,nan,,,
202714,002,8207125,,Y,Y,nan,,,
207925,002,8754224,,Y,Y,nan,,,
208798,005,9216260,,,Y,nan,,,
209128,001,8945592,,,Y,nan,,,
217388,001,8101743,,Y,Y,nan,,,
214846,001,12325714,,Y,Y,nan,,,
206627,002,9861584,,,Y,nan,,,
207925,004,8883206,,,Y,nan,,,
207202,005,11476952,,,Y,nan,,,
208564,001,9289382,,,Y,nan,,,
202231,003,9168239,,,Y,nan,,,
218390,002,10919892,,Y,Y,nan,,,
207533,003,8431576,,Y,,nan,,,
216665,002,7572789,,Y,Y,nan,,,
214985,002,9790208,,Y,Y,nan,,,
021947,004,7862833,,,Y,nan,,,
210951,002,9987261,,,Y,nan,,,
022249,001,8609863,,,Y,nan,,,
202293,002,8221786,,,Y,nan,,,
206494,001,7612087,,,Y,nan,,,
218347,001,12110298,,Y,,nan,,,
214410,001,10759814,,Y,Y,nan,,,
215809,001,9345772,,,Y,nan,,,
208798,004,10022510,,,Y,nan,,,
207202,005,7978064,,,Y,nan,,,
204286,001,10695303,,,Y,nan,,,
206627,007,9763933,,,Y,nan,,,
207975,005,9572803,,,Y,nan,,,
217604,001,12233166,,,Y,nan,,,
214517,001,12049457,,Y,Y,nan,,,
212273,002,8410274,,,Y,nan,,,
215092,001,10774072,,Y,,nan,,,
205551,001,8129385,,Y,Y,nan,,,
212306,001,11807629,,Y,Y,nan,,,
213051,001,10933120,,,Y,nan,,,
208434,001,9126931,,Y,,nan,,,
206627,005,9095615,,,Y,nan,,,
021821,001,8975242,,,Y,nan,,,
211675,001,12103933,,,Y,nan,,,
050813,001,8357394,,,Y,nan,,,
211962,006,11628200,,,Y,nan,,,
204824,007,11446441,,,Y,nan,,,
208564,001,10806697,,,Y,nan,,,
215985,002,12336983,,,Y,nan,,,
215092,001,8648097,,Y,Y,nan,,,
210493,002,11312698,,Y,Y,nan,,,
207202,004,9258035,,,Y,nan,,,
020873,001,7582727,,,Y,nan,,,
211675,002,11718627,,Y,Y,nan,,,
217806,007,9474780,,Y,Y,nan,,,
022321,004,7682634,,,Y,nan,,,
214410,001,8987441,,Y,Y,nan,,,
209637,001,9457154,,,Y,nan,,,
209637,002,9861757,,,Y,nan,,,
210428,003,9504655,,,Y,nan,,,
208798,005,10022510,,,Y,nan,,,
020911,001,9463289,,,Y,nan,,,
208558,002,11975001,,,Y,nan,,,
208799,006,8651103,,,Y,nan,,,
019034,002,9248229,,,Y,nan,,,
022580,003,8895058,,,Y,nan,,,
210251,001,11744802,,,Y,nan,,,
204516,001,7598271,,Y,,nan,,,
203496,003,9593066,,Y,,nan,,,
206111,001,7713938,,Y,Y,nan,,,
214410,001,11925648,,,Y,nan,,,
022012,003,8101209,,,Y,nan,,,
205636,002,10569034,,,Y,nan,,,
208798,003,10765820,,,Y,nan,,,
215499,001,10927129,,Y,Y,nan,,,
212268,001,10022445,,,Y,nan,,,
218033,001,8293752,,Y,Y,nan,,,
205109,001,10925897,,,Y,nan,,,
050795,003,8715724,,,Y,nan,,,
209128,001,8252329,,,Y,nan,,,
207921,001,10792447,,,Y,nan,,,
212436,002,RE47739,,Y,Y,nan,,,
208799,004,9782550,,,Y,nan,,,
208956,001,10166181,,,Y,nan,,,
208743,001,11977067,,,Y,nan,,,
217660,001,8623905,,Y,Y,nan,,,
217369,001,9512165,,Y,Y,nan,,,
204824,001,8562564,,,Y,nan,,,
201023,001,7241907,,Y,,nan,,,
210854,001,8987441,,Y,Y,nan,,,
212854,001,11027072,,,Y,nan,,,
216834,001,11535650,,,Y,nan,,,
021829,005,8246980,,,Y,nan,,,
208799,002,10124131,,,Y,nan,,,
207318,001,7732615,,Y,Y,nan,,,
212279,001,9849199,,,Y,nan,,,
213051,002,10960052,,,Y,nan,,,
206977,015,10537538,,,Y,nan,,,
215192,001,RE47437,,Y,Y,nan,,,
208799,005,10195375,,,Y,nan,,,
211964,002,9358204,,,Y,nan,,,
217677,001,12234210,,,Y,nan,,,
209401,001,9271931,,,Y,nan,,,
210563,003,8957079,,Y,Y,nan,,,
212306,004,8999996,,Y,Y,nan,,,
214755,002,12115144,,,Y,nan,,,
207078,002,10413569,,Y,,nan,,,
211988,001,9744163,,,Y,nan,,,
202317,001,8501818,,,Y,nan,,,
208147,001,8597684,,,Y,nan,,,
216655,001,11701352,,,Y,nan,,,
216117,003,9707217,,,Y,nan,,,
022181,001,8003126,,,,nan,,,
210132,002,8633178,,,Y,nan,,,
207930,001,8182838,,,Y,nan,,,
213491,002,9233077,,,Y,nan,,,
203414,001,8900638,,,Y,nan,,,
202810,003,9855278,,,Y,nan,,,
022063,002,8846100,,,Y,nan,,,
204824,007,8021335,,,Y,nan,,,
207202,005,10441194,,,Y,nan,,,
205755,001,8399450,,Y,Y,nan,,,
212516,001,10413525,,,Y,nan,,,
214985,001,9790208,,Y,Y,nan,,,
216196,001,RE49582,,Y,Y,nan,,,
214755,003,10925844,,,Y,nan,,,
215272,001,11597692,,Y,Y,nan,,,
208798,008,10918816,,,Y,nan,,,
216387,001,9290504,,Y,Y,nan,,,
205874,001,9387191,,,Y,nan,,,
022321,004,8877247,,,Y,nan,,,
211675,003,11198697,,,Y,nan,,,
217729,001,7767678,,Y,Y,nan,,,
214517,001,10829465,,Y,Y,nan,,,
203565,003,7612109,,Y,Y,nan,,,
209862,001,11590286,,,Y,nan,,,
213436,001,10940278,,,Y,nan,,,
206627,001,9750703,,,Y,nan,,,
208799,004,8714149,,,Y,nan,,,
210496,002,9387208,,,Y,nan,,,
209355,001,12076403,,,Y,nan,,,
217159,001,12257285,,,Y,nan,,,
214846,001,11795178,,Y,Y,nan,,,
217604,001,10987311,,,Y,nan,,,
217684,001,12016857,,,Y,nan,,,
204734,002,8980327,,,Y,nan,,,
208558,001,11633396,,,Y,nan,,,
208147,001,10086087,,,Y,nan,,,
205787,001,8021344,,,Y,nan,,,
211810,002,10435404,,,Y,nan,,,
210854,002,8927710,,,Y,nan,,,
208798,007,9216260,,,Y,nan,,,
202788,003,8835459,,,Y,nan,,,
206494,001,8471025,,Y,,nan,,,
214902,001,12053546,,,Y,nan,,,
206038,001,8754224,,Y,Y,nan,,,
216158,002,10238643,,,Y,nan,,,
209627,001,10918649,,,Y,nan,,,
216986,005,8114863,,Y,,nan,,,
207202,006,11476952,,,Y,nan,,,
216158,003,10925832,,,Y,nan,,,
217514,001,11504333,,,Y,nan,,,
213535,001,9586955,,Y,Y,nan,,,
207925,003,10646481,,,Y,nan,,,
208798,007,8978966,,,Y,nan,,,
022076,001,7981877,,,Y,nan,,,
211810,001,10730876,,Y,,nan,,,
213586,004,9895447,,,Y,nan,,,
214876,003,8436185,,Y,,nan,,,
208090,002,7399488,,,Y,nan,,,
215875,003,11207280,,,Y,nan,,,
204824,004,10709844,,,Y,nan,,,
204824,003,11684723,,,Y,nan,,,
207958,004,11160786,,,Y,nan,,,
207103,003,RE47739,,Y,Y,nan,,,
206030,001,9750822,,,Y,nan,,,
202331,001,9169238,,,Y,nan,,,
212099,001,11046713,,Y,,nan,,,
204242,006,9259421,,,Y,nan,,,
208623,001,11612594,,Y,,nan,,,
209394,001,RE48923,,Y,,nan,,,
217514,001,8415345,,Y,Y,nan,,,
209637,002,9687611,,,Y,nan,,,
216203,001,8217156,,Y,Y,nan,,,
211367,001,11504334,,,Y,nan,,,
212614,004,9155705,,,Y,nan,,,
209241,002,10906903,,Y,Y,nan,,,
206940,001,11311516,,,Y,nan,,,
216318,001,11642355,,,Y,nan,,,
211675,003,10981923,,Y,,nan,,,
208082,003,9296739,,,Y,nan,,,
210660,001,10905714,,,Y,nan,,,
206627,001,9775809,,,Y,nan,,,
208799,005,8978966,,,Y,nan,,,
209091,002,7919598,,Y,,nan,,,
209863,003,9629959,,,Y,nan,,,
213895,001,11000567,,,Y,nan,,,
208573,002,8546399,,Y,Y,nan,,,
202810,003,11166960,,,Y,nan,,,
204824,003,11497753,,,Y,nan,,,
212839,006,7598279,,Y,,nan,,,
216482,001,12097284,,,Y,nan,,,
203255,003,9351923,,,Y,nan,,,
215206,001,9850246,,Y,,nan,,,
214520,002,11738120,,Y,Y,nan,,,
207925,001,7495103,,Y,Y,nan,,,
211672,001,8071643,,Y,Y,nan,,,
208798,003,8714149,,,Y,nan,,,
208400,001,9855215,,,Y,nan,,,
205636,001,9731087,,,Y,nan,,,
207202,003,9258035,,,Y,nan,,,
214510,001,12350382,,,Y,nan,,,
207589,001,9566286,,,Y,nan,,,
204824,001,10709844,,,Y,nan,,,
210563,003,10125140,,Y,Y,nan,,,
209817,001,7553828,,Y,,nan,,,
208254,001,9415043,,Y,,nan,,,
204026,001,10555939,,,Y,nan,,,
213217,001,10927117,,Y,Y,nan,,,
208653,003,9549923,,Y,Y,nan,,,
219104,002,RE46791,,Y,Y,nan,,,
205637,001,8703177,,,Y,nan,,,
205649,004,7919598,,Y,,nan,,,
214200,001,10927120,,,Y,nan,,,
022416,001,8372431,,,Y,nan,,,
205832,001,10105323,,,Y,nan,,,
209311,005,9283214,,,Y,nan,,,
212379,001,8945516,,,Y,nan,,,
201739,003,8231573,,,Y,nan,,,
209354,001,10251895,,,Y,nan,,,
207500,002,10603280,,,Y,nan,,,
206910,001,9283209,,Y,Y,nan,,,
203312,003,9089608,,,Y,nan,,,
211651,004,8735392,,Y,Y,nan,,,
202810,001,8821930,,,Y,nan,,,
208798,003,8978966,,,Y,nan,,,
212801,002,8835646,,Y,Y,nan,,,
209311,002,9498447,,,Y,nan,,,
208799,004,11439777,,,Y,nan,,,
205552,001,8957079,,Y,Y,nan,,,
022341,001,8114833,,Y,Y,nan,,,
207960,002,11633389,,,Y,nan,,,
022309,002,8729057,,,Y,nan,,,
215153,001,9186411,,,Y,nan,,,
209529,001,9918970,,,Y,nan,,,
204026,004,10555939,,,Y,nan,,,
208798,001,10022510,,,Y,nan,,,
215813,001,10398785,,,Y,nan,,,
217369,002,9512165,,Y,Y,nan,,,
201739,003,8021344,,,Y,nan,,,
214787,001,11492353,,Y,,nan,,,
211962,004,12161690,,,Y,nan,,,
050818,001,8450287,,,Y,nan,,,
212535,001,11642370,,,Y,nan,,,
212516,001,12171742,,,Y,nan,,,
207947,006,8791122,,Y,Y,nan,,,
207947,008,8791122,,Y,Y,nan,,,
204200,001,12280024,,,Y,nan,,,
210874,003,8716251,,,Y,nan,,,
209299,002,8263122,,,Y,nan,,,
215331,001,12005069,,,Y,nan,,,
216099,006,11298356,,,Y,nan,,,
022272,001,10407434,,Y,,nan,,,
205636,002,11266796,,,Y,nan,,,
212516,002,9839626,,,Y,nan,,,
209531,001,8361977,,Y,Y,nan,,,
205787,001,8231573,,,Y,nan,,,
204153,001,9199977,,Y,Y,nan,,,
215833,001,10398791,,Y,Y,nan,,,
211810,001,9802932,,Y,,nan,,,
209381,001,10016504,,,Y,nan,,,
206111,001,10610489,,,Y,nan,,,
208798,001,8714149,,,Y,nan,,,
212306,003,11807629,,Y,Y,nan,,,
204824,003,11446441,,,Y,nan,,,
213973,001,12226406,,,Y,nan,,,
203094,002,10039718,,,Y,nan,,,
210563,002,10106548,,Y,Y,nan,,,
204417,001,8163306,,,Y,nan,,,
214787,001,8318682,,Y,Y,nan,,,
022272,005,11964056,,,Y,nan,,,
218390,003,10906903,,Y,Y,nan,,,
205552,002,10294231,,,Y,nan,,,
206627,005,9572779,,,Y,nan,,,
212123,002,8932557,,Y,,nan,,,
216686,001,12042504,,,Y,nan,,,
215192,003,9701636,,Y,Y,nan,,,
201848,001,10098997,,,Y,nan,,,
209863,002,10357609,,,Y,nan,,,
214628,003,10568850,,,Y,nan,,,
211913,003,9750711,,,Y,nan,,,
212038,005,9974752,,,Y,nan,,,
213586,005,10736965,,,Y,nan,,,
207202,006,8961412,,,Y,nan,,,
211765,001,12168004,,,Y,nan,,,
216117,005,9707217,,,Y,nan,,,
218730,001,7776905,,Y,Y,nan,,,
212038,003,10512612,,,Y,nan,,,
201848,001,11083831,,,Y,nan,,,
210951,002,9388159,,Y,Y,nan,,,
214375,001,10583205,,,Y,nan,,,
213378,001,9119848,,Y,,nan,,,
205122,003,9555005,,,Y,nan,,,
021731,001,11931559,,Y,,nan,,,
208026,002,7407955,,Y,Y,nan,,,
218213,001,10294242,,Y,,nan,,,
206406,001,11419823,,,Y,nan,,,
021137,007,10231931,,,Y,nan,,,
207155,001,10864183,,,Y,nan,,,
209589,001,10624879,,,Y,nan,,,
200603,005,RE45573,,Y,,nan,,,
204569,004,11980623,,,Y,nan,,,
208692,003,11298349,,,Y,nan,,,
213586,004,9925268,,,Y,nan,,,
214377,003,10736896,,Y,Y,nan,,,
202860,001,8607785,,,Y,nan,,,
213586,002,9717799,,,Y,nan,,,
217564,002,7829574,,Y,Y,nan,,,
214517,001,10071977,,Y,Y,nan,,,
020845,003,8573209,,,Y,nan,,,
209637,003,9616180,,,Y,nan,,,
208383,002,7598276,,Y,,nan,,,
215446,001,10987341,,,Y,nan,,,
214755,001,12097175,,,Y,nan,,,
208798,004,8714149,,,Y,nan,,,
210793,001,10449185,,,Y,nan,,,
022107,003,8618172,,,Y,nan,,,
209905,003,11160772,,,Y,nan,,,
215092,001,8685986,,,Y,nan,,,
209482,001,9750726,,,Y,nan,,,
208313,006,9241948,,,Y,nan,,,
212614,002,7407955,,Y,Y,nan,,,
203255,005,9351923,,,Y,nan,,,
206627,005,9763933,,,Y,nan,,,
209637,003,9457154,,,Y,nan,,,
202971,002,11648347,,,Y,nan,,,
213586,004,10736965,,,Y,nan,,,
201281,002,7407955,,Y,Y,nan,,,
210868,002,11299500,,Y,,nan,,,
204326,003,9839619,,,Y,nan,,,
207202,003,10441194,,,Y,nan,,,
209184,001,8685442,,,Y,nan,,,
212725,002,9085558,,,Y,nan,,,
210874,002,9616028,,,Y,nan,,,
209299,001,8263122,,,Y,nan,,,
207202,004,11476952,,,Y,nan,,,
217677,003,11884635,,,Y,nan,,,
203565,001,7612109,,Y,Y,nan,,,
204734,001,9023397,,,Y,nan,,,
203491,001,9662398,,,Y,nan,,,
022421,003,7695734,,,Y,nan,,,
209863,002,8562564,,,Y,nan,,,
217003,001,9181257,,Y,,nan,,,
213218,002,10154963,,,Y,nan,,,
201373,001,8933097,,,Y,nan,,,
211913,005,9700535,,,Y,nan,,,
214622,001,8552002,,Y,Y,nan,,,
217159,001,12268725,,,Y,nan,,,
207960,001,8202537,,,Y,nan,,,
207921,002,11395888,,,Y,nan,,,
203756,001,11091440,,,Y,nan,,,
208799,006,11969544,,,Y,nan,,,
213736,002,9611267,,Y,Y,nan,,,
207202,005,9060708,,,Y,nan,,,
206192,001,7803839,,Y,Y,nan,,,
215401,002,9474722,,,Y,nan,,,
217064,001,9795560,,,Y,nan,,,
211367,001,11123299,,,Y,nan,,,
201655,004,7851482,,Y,,nan,,,
206439,003,8293794,,,Y,nan,,,
207921,002,10022509,,,Y,nan,,,
208799,006,11464923,,,Y,nan,,,
207947,007,8791122,,Y,Y,nan,,,
206627,005,11304908,,,Y,nan,,,
212849,003,11110094,,,Y,nan,,,
210874,004,9616028,,,Y,nan,,,
202611,001,12059409,,,Y,nan,,,
021355,001,8906890,,,Y,nan,,,
217439,002,10189837,,Y,Y,nan,,,
208082,002,9296739,,,Y,nan,,,
209777,001,7955619,,,Y,nan,,,
211988,001,10980886,,,Y,nan,,,
209311,003,8927010,,,Y,nan,,,
207071,001,9265725,,,Y,nan,,,
215192,001,8598210,,Y,Y,nan,,,
207500,001,10206879,,,Y,nan,,,
207975,004,9216176,,,Y,nan,,,
022321,003,8877247,,,Y,nan,,,
207202,006,9149577,,,Y,nan,,,
021610,006,8871779,,Y,,nan,,,
213586,001,9925268,,,Y,nan,,,
210565,001,9393213,,,Y,nan,,,
210563,004,9296753,,Y,,nan,,,
022416,003,10912781,,,Y,nan,,,
207960,002,11103494,,,Y,nan,,,
204223,005,9072781,,,Y,nan,,,
212436,003,10723730,,Y,Y,nan,,,
202834,005,8772497,,Y,,nan,,,
206627,001,11304908,,,Y,nan,,,
210906,001,10130646,,,Y,nan,,,
206843,001,8329159,,Y,,nan,,,
214622,001,9067896,,Y,,nan,,,
211675,002,10344036,,,Y,nan,,,
218709,001,11045461,,,Y,nan,,,
214410,003,11261198,,,Y,nan,,,
208799,006,10195375,,,Y,nan,,,
214622,002,9067896,,Y,,nan,,,
022272,003,8894988,,,Y,nan,,,
207988,001,8003681,,Y,,nan,,,
216993,001,8883783,,Y,,nan,,,
209022,001,8550073,,,Y,nan,,,
213150,001,11931559,,Y,,nan,,,
210854,003,11261198,,,Y,nan,,,
203756,002,11091440,,,Y,nan,,,
208854,001,10952968,,Y,Y,nan,,,
212038,002,10292938,,,Y,nan,,,
210563,002,9296753,,Y,,nan,,,
208623,001,12042488,,Y,,nan,,,
202833,001,9833429,,,Y,nan,,,
206439,002,8338485,,,Y,nan,,,
203341,002,7919625,,,Y,nan,,,
209354,001,8809307,,,Y,nan,,,
214787,002,8318682,,Y,Y,nan,,,
214860,003,11154521,,,Y,nan,,,
214755,002,12115145,,,Y,nan,,,
219293,001,10874671,,,Y,nan,,,
212937,001,11510984,,,Y,nan,,,
204824,007,8562564,,,Y,nan,,,
213586,005,9717799,,,Y,nan,,,
215341,003,RE49826,,Y,,nan,,,
202834,004,8772497,,Y,,nan,,,
205436,001,9988406,,,Y,nan,,,
205422,001,7888362,,Y,,nan,,,
208259,001,11185538,,,Y,nan,,,
212273,002,8754224,,Y,Y,nan,,,
207202,003,8961412,,,Y,nan,,,
203923,001,12304813,,,Y,nan,,,
209863,003,10905827,,,Y,nan,,,
216665,002,7799777,,Y,,nan,,,
208073,001,9085553,,,Y,nan,,,
214461,001,8962829,,Y,Y,nan,,,
202331,002,9169238,,,Y,nan,,,
208799,005,10569034,,,Y,nan,,,
216354,005,8524733,,Y,Y,nan,,,
215320,001,11213498,,,Y,nan,,,
020911,001,10695512,,,Y,nan,,,
203389,001,9173851,,,Y,nan,,,
202811,001,8802628,,,Y,nan,,,
212535,001,10493051,,,Y,nan,,,
214324,002,11723887,,Y,,nan,,,
211675,003,11186584,,Y,,nan,,,
215256,001,8129343,,Y,Y,nan,,,
217171,001,10035822,,Y,,nan,,,
215875,004,10653646,,,Y,nan,,,
204326,003,9265737,,,Y,nan,,,
208794,001,7553840,,Y,,nan,,,
204447,003,8722684,,Y,Y,nan,,,
213051,001,10086047,,,Y,nan,,,
213312,001,11497737,,,Y,nan,,,
022500,001,8623409,,,Y,nan,,,
210563,002,9181257,,Y,,nan,,,
021669,001,7427574,,,Y,nan,,,
217439,001,10189837,,Y,Y,nan,,,
207202,004,8961412,,,Y,nan,,,
216718,001,8440854,,,Y,nan,,,
209445,001,10004750,,Y,Y,nan,,,
212994,001,9079928,,,Y,nan,,,
205109,001,11234938,,,Y,nan,,,
021717,001,10603293,,,Y,nan,,,
216951,002,8324208,,Y,Y,nan,,,
216540,001,8877795,,,Y,nan,,,
207620,002,8101659,,,Y,nan,,,
209305,001,10493103,,,Y,nan,,,
211675,001,11773105,,Y,Y,nan,,,
218197,001,9006430,,,Y,nan,,,
203496,002,9593066,,Y,,nan,,,
206316,003,7365205,,Y,,nan,,,
209091,001,7919598,,Y,,nan,,,
202834,002,8772497,,Y,,nan,,,
209410,003,8889740,,,Y,nan,,,
206229,001,11571328,,,Y,nan,,,
210793,001,7923564,,Y,Y,nan,,,
212268,003,11813364,,,Y,nan,,,
208010,001,10300078,,,Y,nan,,,
217806,002,9474780,,Y,Y,nan,,,
217677,001,11884634,,,Y,nan,,,
021038,003,8242158,,,Y,nan,,,
215985,002,12011437,,,Y,nan,,,
208056,001,9011926,,,Y,nan,,,
206073,002,11033552,,,Y,nan,,,
209128,001,12033733,,,Y,nan,,,
210656,001,10414748,,Y,Y,nan,,,
218160,002,10112942,,Y,Y,nan,,,
203634,001,10307375,,,Y,nan,,,
214787,002,8008264,,Y,Y,nan,,,
208276,004,9593066,,Y,,nan,,,
202714,003,7232818,,Y,Y,nan,,,
219285,001,12122789,,Y,Y,nan,,,
211109,002,8906887,,,Y,nan,,,
212725,002,8299057,,Y,Y,nan,,,
211651,001,8012976,,Y,Y,nan,,,
204223,004,9072781,,,Y,nan,,,
204275,003,8534281,,,Y,nan,,,
218160,003,10112942,,Y,Y,nan,,,
217660,002,8623905,,Y,Y,nan,,,
212304,001,10307379,,,Y,nan,,,
021908,001,8779187,,,Y,nan,,,
210942,001,9907751,,,Y,nan,,,
021137,003,10406108,,,Y,nan,,,
211913,002,9700535,,,Y,nan,,,
208798,005,9463288,,,Y,nan,,,
210875,002,10821074,,,Y,nan,,,
203496,004,7417070,,Y,,nan,,,
215179,003,11147817,,,Y,nan,,,
022272,004,10696684,,Y,,nan,,,
209637,001,8920383,,,Y,nan,,,
202971,003,11648347,,,Y,nan,,,
210563,002,10010507,,,Y,nan,,,
022108,002,7662407,,,Y,nan,,,
211765,002,10117836,,,Y,nan,,,
202834,003,8772497,,Y,,nan,,,
207202,002,10517507,,,Y,nan,,,
218197,002,10059714,,Y,Y,nan,,,
207960,002,8202537,,,Y,nan,,,
022271,002,8288539,,Y,,nan,,,
202788,003,9241935,,,Y,nan,,,
022260,001,8598227,,,,nan,,,
205109,001,10682376,,,Y,nan,,,
206333,001,8367649,,,Y,nan,,,
214965,001,9220694,,,Y,nan,,,
211988,002,10980886,,,Y,nan,,,
211358,003,8410274,,,Y,nan,,,
202100,001,9040083,,,Y,nan,,,
217677,002,11905255,,,Y,nan,,,
210854,003,10759814,,Y,Y,nan,,,
208271,001,9314461,,,Y,nan,,,
214324,002,10421729,,,Y,nan,,,
203496,001,8349892,,,Y,nan,,,
211844,001,10966990,,,Y,nan,,,
210874,004,8716251,,,Y,nan,,,
208026,001,8883805,,,Y,nan,,,
209884,003,12071402,,,Y,nan,,,
210563,001,7514444,,Y,Y,nan,,,
212888,002,10927129,,Y,Y,nan,,,
215192,001,7811595,,Y,Y,nan,,,
204326,003,8840924,,,Y,nan,,,
215192,002,10149842,,Y,Y,nan,,,
208573,001,11369599,,,Y,nan,,,
213793,001,11129869,,,Y,nan,,,
214876,002,8071623,,Y,Y,nan,,,
212614,004,9415016,,,Y,nan,,,
202833,002,8377919,,,Y,nan,,,
205879,004,7943788,,Y,Y,nan,,,
204824,004,8021335,,,Y,nan,,,
211962,005,11628200,,,Y,nan,,,
205552,001,10294231,,,Y,nan,,,
205636,002,11173259,,,Y,nan,,,
213973,001,11844788,,,Y,nan,,,
206627,006,9763933,,,Y,nan,,,
208171,002,10414831,,Y,Y,nan,,,
215830,001,12116368,,Y,,nan,,,
022399,002,6818787,,Y,Y,nan,,,
207931,001,8691938,,Y,Y,nan,,,
212725,002,9085565,,Y,Y,nan,,,
206977,009,10537538,,,Y,nan,,,
210563,002,10213386,,,Y,nan,,,
215888,001,9840492,,Y,Y,nan,,,
216903,001,11938217,,,Y,nan,,,
204592,001,9173854,,,Y,nan,,,
208437,001,7931212,,,Y,nan,,,
211675,002,11680069,,Y,Y,nan,,,
213586,001,10736965,,,Y,nan,,,
203255,005,7759308,,,Y,nan,,,
214902,001,8617580,,,Y,nan,,,
210526,003,8747902,,,Y,nan,,,
205879,002,7943788,,Y,Y,nan,,,
210251,001,9732092,,Y,Y,nan,,,
021829,002,10130589,,,Y,nan,,,
022272,002,9763933,,,Y,nan,,,
207960,001,11103494,,,Y,nan,,,
207202,001,8545402,,,Y,nan,,,
209637,002,8920383,,,Y,nan,,,
022500,002,8337890,,,Y,nan,,,
209241,002,10906902,,Y,Y,nan,,,
212018,002,8895601,,Y,Y,nan,,,
208798,001,9463288,,,Y,nan,,,
202570,001,7858643,,Y,Y,nan,,,
212306,003,8999996,,Y,Y,nan,,,
216993,002,9675549,,,Y,nan,,,
213674,002,7709517,,Y,Y,nan,,,
208051,001,7399865,,Y,Y,nan,,,
207921,001,11865247,,,Y,nan,,,
215985,002,10940142,,,Y,nan,,,
216059,001,12109193,,,Y,nan,,,
021829,004,8246980,,,Y,nan,,,
211367,001,10987364,,,Y,nan,,,
022115,004,8637512,,,Y,nan,,,
205552,002,9725455,,Y,,nan,,,
202860,001,11511252,,,Y,nan,,,
212306,005,9714226,,Y,Y,nan,,,
205435,001,10442829,,Y,,nan,,,
214096,001,8921357,,Y,Y,nan,,,
205677,001,11760740,,Y,Y,nan,,,
205777,002,9073933,,Y,,nan,,,
202057,002,8298554,,,Y,nan,,,
217604,001,10881617,,,Y,nan,,,
205579,001,7758890,,,Y,nan,,,
208692,001,11091440,,,Y,nan,,,
021137,006,10406108,,,Y,nan,,,
210493,002,11529362,,,Y,nan,,,
212725,001,9029356,,Y,Y,nan,,,
212304,002,10300025,,,Y,nan,,,
202810,003,7722898,,,Y,nan,,,
208798,006,11000653,,,Y,nan,,,
204326,003,9017731,,,Y,nan,,,
217064,001,11090261,,,Y,nan,,,
209311,005,8927010,,,Y,nan,,,
210656,001,8431597,,,Y,nan,,,
209863,001,11446441,,,Y,nan,,,
208082,003,9233959,,,Y,nan,,,
022156,003,8658676,,,Y,nan,,,
206111,003,10610489,,,Y,nan,,,
204441,003,8501730,,Y,,nan,,,
207202,001,9119554,,,Y,nan,,,
022272,004,9775808,,,Y,nan,,,
210852,001,10849916,,,Y,nan,,,
022321,005,7815934,,,Y,nan,,,
218730,002,RE50453,,Y,Y,nan,,,
210132,001,10639375,,,Y,nan,,,
204485,005,9919026,,,Y,nan,,,
206073,002,7407955,,Y,Y,nan,,,
208799,003,9731087,,,Y,nan,,,
212295,001,9777007,,,Y,nan,,,
213189,001,8980890,,Y,Y,nan,,,
217110,001,10537520,,,Y,nan,,,
204824,005,11497753,,,Y,nan,,,
215866,008,11357820,,Y,Y,nan,,,
210563,001,10752634,,,Y,nan,,,
217677,002,12234210,,,Y,nan,,,
207975,002,8445018,,,Y,nan,,,
205649,002,7919598,,Y,,nan,,,
202293,001,8716251,,,Y,nan,,,
206111,002,7579449,,Y,,nan,,,
207103,002,RE47739,,Y,Y,nan,,,
022024,001,7959946,,,Y,nan,,,
202880,005,10322120,,,Y,nan,,,
211566,003,10925871,,,Y,nan,,,
214755,003,12115142,,,Y,nan,,,
209410,002,8895614,,,Y,nan,,,
215985,001,9884050,,,Y,nan,,,
210296,001,9517209,,,Y,nan,,,
209500,003,9616061,,,Y,nan,,,
201848,001,10195334,,,Y,nan,,,
211230,001,10195151,,,Y,nan,,,
214047,001,9050307,,,Y,nan,,,
200796,001,7157584,,Y,,nan,,,
214755,003,11839597,,,Y,nan,,,
213378,004,7262298,,Y,,nan,,,
021991,001,8093295,,,Y,nan,,,
200677,002,8299209,,Y,Y,nan,,,
214787,002,RE46762,,Y,Y,nan,,,
216490,002,11759504,,,Y,nan,,,
207768,001,8062667,,,Y,nan,,,
208944,002,8895618,,,Y,nan,,,
205636,001,8978966,,,Y,nan,,,
214755,004,10973795,,,Y,nan,,,
022524,001,9095577,,,Y,nan,,,
217003,001,8008309,,Y,Y,nan,,,
202192,002,8415362,,Y,Y,nan,,,
205422,004,7888362,,Y,,nan,,,
215875,005,12133837,,,Y,nan,,,
208799,004,8651103,,,Y,nan,,,
210496,002,9593099,,Y,,nan,,,
206627,007,9084816,,,Y,nan,,,
217347,001,11584715,,Y,Y,nan,,,
206947,001,7253286,,Y,Y,nan,,,
022321,003,8685444,,,Y,nan,,,
022426,004,8288539,,Y,,nan,,,
022108,002,7572935,,,Y,nan,,,
211651,006,8735392,,Y,Y,nan,,,
021137,008,10231931,,,Y,nan,,,
215413,001,9242986,,Y,Y,nan,,,
207155,001,10040872,,,Y,nan,,,
217581,002,7858643,,Y,Y,nan,,,
209500,001,11753419,,,Y,nan,,,
213051,003,10960052,,,Y,nan,,,
217439,003,8012976,,Y,Y,nan,,,
203684,001,10232061,,,Y,nan,,,
205422,004,RE48059,,Y,,nan,,,
210951,001,12303493,,,Y,nan,,,
206627,005,9492389,,,Y,nan,,,
208401,001,9463183,,,Y,nan,,,
022012,002,8101209,,,Y,nan,,,
215064,001,11083733,,,Y,nan,,,
206110,001,9636407,,,Y,nan,,,
209637,002,10376652,,,Y,nan,,,
211675,001,12110298,,Y,Y,nan,,,
204790,002,9242986,,Y,Y,nan,,,
207501,001,6812238,,Y,,nan,,,
209510,002,10525033,,,Y,nan,,,
021908,002,8779187,,,Y,nan,,,
201281,003,9415016,,,Y,nan,,,
212038,004,9974752,,,Y,nan,,,
214377,001,10736896,,Y,Y,nan,,,
203341,001,7767678,,Y,Y,nan,,,
211566,001,10925871,,,Y,nan,,,
210296,001,9566259,,,Y,nan,,,
205122,005,9555005,,,Y,nan,,,
203496,005,9604901,,Y,,nan,,,
216834,002,10835574,,,Y,nan,,,
204824,008,10709844,,,Y,nan,,,
214835,002,10058504,,,Y,nan,,,
208437,001,9789270,,,Y,nan,,,
208798,005,11357935,,,Y,nan,,,
213312,001,12061183,,,Y,nan,,,
213976,001,10293052,,,Y,nan,,,
205834,002,8088368,,Y,Y,nan,,,
203496,005,11723887,,Y,,nan,,,
205552,001,10294232,,,Y,nan,,,
021986,006,7491725,,Y,Y,nan,,,
208798,008,11464923,,,Y,nan,,,
022260,001,8318802,,,Y,nan,,,
207202,004,11464423,,,Y,nan,,,
211616,001,7335799,,Y,,nan,,,
019034,001,9731082,,,Y,nan,,,
205552,001,9713617,,,Y,nan,,,
212614,004,7407955,,Y,Y,nan,,,
019430,001,8048035,,,Y,nan,,,
216755,001,11541035,,,Y,nan,,,
217645,001,8062667,,,Y,nan,,,
209092,001,8415355,,Y,Y,nan,,,
205636,002,8978966,,,Y,nan,,,
205489,003,9089496,,,Y,nan,,,
206030,001,9770407,,,Y,nan,,,
204760,001,7786133,,Y,Y,nan,,,
205395,001,7700645,,Y,Y,nan,,,
206977,006,11096913,,,Y,nan,,,
022524,002,8580830,,,Y,nan,,,
214094,001,10329260,,Y,,nan,,,
216264,001,11845867,,Y,,nan,,,
021829,006,10130589,,,Y,nan,,,
022024,001,7785627,,,Y,nan,,,
205552,001,8008309,,Y,Y,nan,,,
215401,004,11559501,,,Y,nan,,,
211150,001,8207197,,Y,Y,nan,,,
212304,002,9993466,,,Y,nan,,,
212608,001,11964980,,Y,Y,nan,,,
215239,001,11382922,,Y,Y,nan,,,
217901,001,12102754,,,Y,nan,,,
206947,001,7612208,,Y,Y,nan,,,
207958,002,11160786,,,Y,nan,,,
202788,006,8486972,,,Y,nan,,,
210854,003,8987441,,Y,Y,nan,,,
207921,002,11865247,,,Y,nan,,,
210563,004,9725455,,Y,,nan,,,
210563,001,9296753,,Y,,nan,,,
208798,003,9731087,,,Y,nan,,,
202788,007,10016403,,,Y,nan,,,
207202,001,11476952,,,Y,nan,,,
217389,001,12251384,,,Y,nan,,,
209203,001,8003681,,Y,,nan,,,
209862,001,7731690,,,Y,nan,,,
204026,002,8828427,,Y,Y,nan,,,
211962,005,10849956,,,Y,nan,,,
205122,002,8652527,,,Y,nan,,,
216655,001,11331315,,,Y,nan,,,
202317,001,7838564,,,Y,nan,,,
208090,002,7771707,,,Y,nan,,,
202100,001,8062667,,,Y,nan,,,
206627,005,9775809,,,Y,nan,,,
212273,002,7495103,,Y,Y,nan,,,
022108,002,7585897,,,Y,nan,,,
204824,005,11684723,,,Y,nan,,,
209863,001,10905827,,,Y,nan,,,
211746,001,10561672,,,Y,nan,,,
202714,001,7737112,,,Y,nan,,,
022272,001,9492389,,,Y,nan,,,
209805,001,9308204,,,Y,nan,,,
213051,001,11382957,,,Y,nan,,,
202833,001,8372828,,,Y,nan,,,
208147,001,8747902,,,Y,nan,,,
208798,005,11266796,,,Y,nan,,,
206302,001,7803838,,,Y,nan,,,
203684,001,10335502,,,Y,nan,,,
209296,001,9974793,,,Y,nan,,,
206500,001,8178550,,Y,Y,nan,,,
210251,002,7390791,,Y,Y,nan,,,
215014,001,10035822,,Y,,nan,,,
215814,001,10959994,,,Y,nan,,,
205489,002,9089496,,,Y,nan,,,
214755,004,12115143,,,Y,nan,,,
204441,002,8501730,,Y,,nan,,,
213871,003,9545405,,Y,Y,nan,,,
209410,002,8987333,,,Y,nan,,,
207620,001,8877938,,Y,Y,nan,,,
022321,001,8685444,,,Y,nan,,,
210868,001,11020376,,,Y,nan,,,
206627,004,11304908,,,Y,nan,,,
216986,003,11590246,,,Y,nan,,,
203922,001,8568793,,Y,Y,nan,,,
218171,002,9126947,,Y,,nan,,,
215446,001,12285409,,,Y,nan,,,
214962,001,9925138,,,Y,nan,,,
217439,004,8735392,,Y,Y,nan,,,
213872,002,8071073,,,Y,nan,,,
211488,001,11717555,,,Y,nan,,,
204824,002,9629959,,,Y,nan,,,
021514,003,9034370,,,Y,nan,,,
201655,001,7851482,,Y,,nan,,,
208799,005,11969544,,,Y,nan,,,
202860,001,7618594,,,Y,nan,,,
021137,009,10406108,,,Y,nan,,,
214324,002,10130685,,,Y,nan,,,
204114,003,9271941,,,Y,nan,,,
208798,002,8714149,,,Y,nan,,,
208399,001,8178550,,Y,Y,nan,,,
209310,001,10406332,,,Y,nan,,,
212839,003,7598279,,Y,,nan,,,
209482,001,7498440,,Y,Y,nan,,,
212801,002,9434754,,Y,,nan,,,
205552,001,9181257,,Y,Y,nan,,,
208558,001,8475842,,,Y,nan,,,
207078,002,10695365,,Y,,nan,,,
008975,002,12324787,,,Y,nan,,,
211911,001,7799336,,,Y,nan,,,
206627,003,9084816,,,Y,nan,,,
021829,004,9925150,,,Y,nan,,,
207621,004,7815934,,,Y,nan,,,
216834,002,11535650,,,Y,nan,,,
206627,005,9486412,,,Y,nan,,,
208264,003,9931458,,,Y,nan,,,
209862,001,7947017,,,Y,nan,,,
204168,004,8865937,,Y,Y,nan,,,
208798,007,9731087,,,Y,nan,,,
019734,004,10758616,,,Y,nan,,,
205122,001,9555005,,,Y,nan,,,
022110,002,7531623,,Y,,nan,,,
210428,004,9700530,,,Y,nan,,,
217186,002,12178918,,,Y,nan,,,
201281,002,9155705,,,Y,nan,,,
204569,001,11980623,,,Y,nan,,,
215814,001,10414752,,,Y,nan,,,
203496,004,9593066,,Y,,nan,,,
209410,004,8889740,,,Y,nan,,,
210852,003,11382923,,,Y,nan,,,
215401,003,8632802,,,Y,nan,,,
214461,001,9371344,,,Y,nan,,,
209241,003,8039627,,Y,Y,nan,,,
208232,001,9265812,,,Y,nan,,,
050808,005,9192615,,,Y,nan,,,
207202,005,9258035,,,Y,nan,,,
212801,002,10143680,,,Y,nan,,,
203414,001,8288539,,Y,,nan,,,
206627,006,9492389,,,Y,nan,,,
213378,003,9119848,,Y,,nan,,,
218785,001,12233069,,,Y,nan,,,
022272,005,11304908,,,Y,nan,,,
217806,010,9474780,,Y,Y,nan,,,
206185,001,9629852,,,Y,nan,,,
211675,003,10202393,,,Y,nan,,,
211109,002,10961190,,Y,,nan,,,
217806,005,9474780,,Y,Y,nan,,,
207975,002,9216176,,,Y,nan,,,
209311,003,9283214,,,Y,nan,,,
021829,003,10350174,,,Y,nan,,,
214835,001,10058504,,,Y,nan,,,
209777,004,10314788,,,Y,nan,,,
210136,005,11135215,,,Y,nan,,,
205636,002,11357935,,,Y,nan,,,
219122,001,11944621,,,Y,nan,,,
217677,002,11884634,,,Y,nan,,,
214324,005,9593066,,Y,,nan,,,
210563,001,9655857,,,Y,nan,,,
219301,001,11001578,,Y,Y,nan,,,
211635,003,8895546,,,Y,nan,,,
022161,001,8106183,,Y,,nan,,,
200678,001,8628799,,,Y,nan,,,
205636,002,11464923,,,Y,nan,,,
205552,001,9296753,,Y,Y,nan,,,
215974,001,10071985,,Y,Y,nan,,,
206628,003,9649296,,,Y,nan,,,
207078,001,8877255,,Y,,nan,,,
207589,001,10130640,,,Y,nan,,,
203168,001,8129431,,Y,Y,nan,,,
208798,006,8714149,,,Y,nan,,,
205636,001,10765820,,,Y,nan,,,
206038,002,8653103,,,Y,nan,,,
216986,001,10973934,,Y,,nan,,,
021527,001,8474447,,,Y,nan,,,
211710,001,8513263,,Y,Y,nan,,,
216986,003,8114863,,Y,,nan,,,
208078,001,10626088,,,Y,nan,,,
021821,001,8372995,,,Y,nan,,,
204026,004,9993467,,,Y,nan,,,
050795,008,8715724,,,Y,nan,,,
208780,002,10188637,,,Y,nan,,,
019734,002,10758616,,,Y,nan,,,
214755,004,12097175,,,Y,nan,,,
214324,001,9593066,,Y,,nan,,,
021272,004,9593066,,Y,,nan,,,
208558,001,12048695,,,Y,nan,,,
209988,001,10272064,,,Y,nan,,,
213953,002,10576090,,,Y,nan,,,
213591,002,8420645,,Y,Y,nan,,,
205787,001,7947017,,,Y,nan,,,
206627,003,9763933,,,Y,nan,,,
211358,001,7495103,,Y,Y,nan,,,
201532,001,RE46965,,,Y,nan,,,
205637,002,9522188,,,Y,nan,,,
211651,006,8420650,,Y,Y,nan,,,
022075,002,8318201,,,Y,nan,,,
022325,002,7635773,,,Y,nan,,,
209311,002,10905652,,,Y,nan,,,
208799,006,10918816,,,Y,nan,,,
213422,001,11696919,,,Y,nan,,,
204768,002,8734847,,,Y,nan,,,
203100,001,10039718,,,Y,nan,,,
206333,001,8101593,,,Y,nan,,,
209863,003,11191908,,,Y,nan,,,
207202,003,10517507,,,Y,nan,,,
211988,002,10398686,,,Y,nan,,,
215499,001,8410103,,Y,Y,nan,,,
022272,003,9775808,,,Y,nan,,,
201655,007,8871779,,Y,,nan,,,
204822,001,9144561,,,Y,nan,,,
022287,002,9238029,,,Y,nan,,,
206627,006,9770416,,,Y,nan,,,
215192,002,RE47437,,Y,Y,nan,,,
214665,002,10519146,,Y,Y,nan,,,
209905,004,11160772,,,Y,nan,,,
214324,001,11723887,,Y,,nan,,,
209510,001,10525033,,,Y,nan,,,
022388,001,9474746,,,Y,nan,,,
021038,002,8338470,,,Y,nan,,,
216956,001,11091435,,Y,Y,nan,,,
208400,001,9259427,,,Y,nan,,,
202207,001,6409990,,Y,,nan,,,
212436,003,11065250,,,Y,nan,,,
215272,001,10195160,,,Y,nan,,,
211358,003,8507534,,Y,Y,nan,,,
208799,004,11969544,,,Y,nan,,,
210491,001,7645789,,Y,Y,nan,,,
210251,001,10548846,,,Y,nan,,,
208313,008,9241948,,,Y,nan,,,
211349,001,11938130,,,Y,nan,,,
213591,001,10596178,,,Y,nan,,,
022108,001,7662407,,,Y,nan,,,
206627,003,9095615,,,Y,nan,,,
212194,001,9150605,,Y,Y,nan,,,
219423,001,10322117,,,Y,nan,,,
210910,001,8263120,,,Y,nan,,,
208653,002,8828978,,,Y,nan,,,
205832,002,10105323,,,Y,nan,,,
021908,001,8026393,,,Y,nan,,,
021862,001,8071648,,,Y,nan,,,
210493,001,11312698,,Y,Y,nan,,,
208623,001,11357764,,Y,,nan,,,
213756,002,12220403,,,Y,nan,,,
201739,001,8206360,,,Y,nan,,,
212209,001,11844784,,,Y,nan,,,
213436,001,9550036,,,Y,nan,,,
211810,001,8404700,,Y,,nan,,,
206111,002,10610489,,,Y,nan,,,
208798,004,10195375,,,Y,nan,,,
200677,002,7473761,,Y,Y,nan,,,
207202,002,7978064,,,Y,nan,,,
213051,003,10933120,,,Y,nan,,,
201739,003,8206360,,,Y,nan,,,
216354,001,11813232,,,Y,nan,,,
022272,004,8894987,,,Y,nan,,,
205596,001,9750822,,,Y,nan,,,
207202,002,8545402,,,Y,nan,,,
217686,001,12297189,,,Y,nan,,,
213498,001,RE43728,,Y,Y,nan,,,
206089,002,10617696,,Y,Y,nan,,,
212516,002,10959982,,,Y,nan,,,
207975,001,9216176,,,Y,nan,,,
205552,001,10125140,,Y,Y,nan,,,
210563,001,10010507,,,Y,nan,,,
219249,001,11028100,,Y,Y,nan,,,
211340,001,10952998,,,Y,nan,,,
204114,001,7378423,,Y,Y,nan,,,
213586,007,9023897,,,Y,nan,,,
217901,001,10792253,,,Y,nan,,,
050795,007,9511031,,,Y,nan,,,
203826,005,11471400,,,Y,nan,,,
208470,001,8268806,,,Y,nan,,,
204242,002,9259421,,,Y,nan,,,
209445,001,9949982,,,Y,nan,,,
212535,001,10918662,,,Y,nan,,,
206977,010,10537538,,,Y,nan,,,
209863,002,10279131,,,Y,nan,,,
212304,002,10307379,,,Y,nan,,,
205436,001,10442829,,Y,,nan,,,
208082,001,11813232,,,Y,nan,,,
212268,001,11123305,,,Y,nan,,,
207925,002,8410274,,,Y,nan,,,
202834,006,8772497,,Y,,nan,,,
210632,002,10398669,,,Y,nan,,,
209203,002,8003681,,Y,,nan,,,
207202,005,8258962,,,Y,nan,,,
208799,004,10765820,,,Y,nan,,,
210498,001,9562016,,Y,Y,nan,,,
208686,001,10786482,,,Y,nan,,,
205109,001,10925896,,,Y,nan,,,
207924,003,8158616,,Y,Y,nan,,,
213586,004,9717799,,,Y,nan,,,
214096,001,9062029,,,Y,nan,,,
219839,002,11007198,,Y,Y,nan,,,
205388,001,9066856,,,Y,nan,,,
022108,001,7572935,,,Y,nan,,,
214324,005,11723887,,Y,,nan,,,
209863,002,11497753,,,Y,nan,,,
022321,004,8685444,,,Y,nan,,,
208745,001,9925231,,,Y,nan,,,
204275,002,8534281,,,Y,nan,,,
209500,002,9168258,,,Y,nan,,,
202810,002,9370525,,,Y,nan,,,
022287,001,8105626,,,Y,nan,,,
208558,002,12178816,,,Y,nan,,,
211358,002,8507534,,Y,Y,nan,,,
202788,005,10610523,,,Y,nan,,,
212273,001,8410274,,,Y,nan,,,
208611,001,7635773,,,Y,nan,,,
201655,005,8192722,,,Y,nan,,,
214410,002,9815835,,,Y,nan,,,
208325,002,8377880,,Y,Y,nan,,,
208082,002,11666566,,,Y,nan,,,
022512,002,7932273,,Y,Y,nan,,,
202570,002,7230098,,Y,,nan,,,
212038,003,10688060,,,Y,nan,,,
022549,001,8387612,,,Y,nan,,,
211448,001,9694008,,,Y,nan,,,
214755,001,12115144,,,Y,nan,,,
214755,003,12138239,,,Y,nan,,,
200678,003,8628799,,,Y,nan,,,
215401,002,8632802,,,Y,nan,,,
208799,003,8651103,,,Y,nan,,,
213793,001,9458195,,Y,Y,nan,,,
022108,003,7671094,,,Y,nan,,,
211810,001,10435404,,,Y,nan,,,
213378,002,11707466,,,Y,nan,,,
206977,014,10537538,,,Y,nan,,,
211651,005,10189837,,Y,Y,nan,,,
212273,002,10646481,,,Y,nan,,,
212888,001,11389448,,,Y,nan,,,
207533,002,11969469,,,Y,nan,,,
021936,002,7837235,,,Y,nan,,,
208082,001,9296739,,,Y,nan,,,
214755,004,12138239,,,Y,nan,,,
203826,004,11213480,,,Y,nan,,,
219097,001,11957681,,,Y,nan,,,
022068,002,8501760,,,Y,nan,,,
217677,002,7342118,,Y,,nan,,,
022117,001,8022228,,Y,Y,nan,,,
202810,002,8821930,,,Y,nan,,,
208558,002,11633396,,,Y,nan,,,
213586,002,10736965,,,Y,nan,,,
208798,001,10765820,,,Y,nan,,,
203752,001,9833419,,,Y,nan,,,
208799,002,8978966,,,Y,nan,,,
217806,009,9474780,,Y,Y,nan,,,
207078,002,8877255,,Y,,nan,,,
020911,002,10086156,,,Y,nan,,,
207202,001,10517507,,,Y,nan,,,
021338,001,9731121,,,Y,nan,,,
022272,004,9770416,,,Y,nan,,,
207202,003,9941931,,,Y,nan,,,
212801,002,8314097,,Y,Y,nan,,,
217806,012,9474780,,Y,Y,nan,,,
213224,001,10342850,,,Y,nan,,,
216834,001,10562934,,Y,,nan,,,
212099,001,10383853,,Y,,nan,,,
209863,002,11813435,,,Y,nan,,,
207533,002,8431576,,Y,,nan,,,
209311,003,10182995,,,Y,nan,,,
208611,001,8410077,,,Y,nan,,,
212306,001,9714226,,Y,Y,nan,,,
215256,002,8129343,,Y,Y,nan,,,
210598,001,9765028,,Y,,nan,,,
204824,005,9629959,,,Y,nan,,,
207500,001,6812238,,Y,,nan,,,
209637,003,9108002,,,Y,nan,,,
209936,001,10383876,,Y,Y,nan,,,
213586,007,9925268,,,Y,nan,,,
204114,003,7378423,,Y,Y,nan,,,
205777,003,9073933,,Y,,nan,,,
201739,001,8231573,,,Y,nan,,,
204819,001,7173037,,Y,Y,nan,,,
207202,002,11476952,,,Y,nan,,,
207202,004,9941931,,,Y,nan,,,
207999,001,10751349,,,Y,nan,,,
202293,002,7851502,,,Y,nan,,,
202192,003,8415362,,Y,Y,nan,,,
209863,002,10905827,,,Y,nan,,,
207078,001,11406662,,Y,,nan,,,
217439,004,8012976,,Y,Y,nan,,,
021829,001,9925150,,,Y,nan,,,
211675,001,RE47221,,Y,,nan,,,
205266,001,8063043,,Y,Y,nan,,,
207620,001,8101659,,,Y,nan,,,
022474,001,8512745,,,Y,nan,,,
022580,001,8895058,,,Y,nan,,,
209478,001,11389461,,,Y,nan,,,
205787,001,11590286,,,Y,nan,,,
210655,001,9597402,,,Y,nan,,,
209863,003,11446441,,,Y,nan,,,
213871,001,9545405,,Y,Y,nan,,,
207999,001,10174073,,Y,,nan,,,
208692,003,11091439,,Y,,nan,,,
203567,001,9662394,,,Y,nan,,,
206627,006,9572779,,,Y,nan,,,
210868,002,8680111,,Y,Y,nan,,,
213973,001,8188113,,Y,Y,nan,,,
204824,005,8562564,,,Y,nan,,,
207925,001,8754224,,Y,Y,nan,,,
213931,003,12016856,,Y,Y,nan,,,
219304,001,9181223,,Y,Y,nan,,,
208215,001,7390791,,Y,Y,nan,,,
204441,005,10905694,,,Y,nan,,,
205636,002,10022510,,,Y,nan,,,
200603,003,RE45573,,Y,,nan,,,
216986,005,11590246,,,Y,nan,,,
214835,002,10085936,,,Y,nan,,,
206627,006,9486413,,,Y,nan,,,
218171,002,8551995,,Y,,nan,,,
214835,001,10463607,,,Y,nan,,,
206544,003,10314788,,,Y,nan,,,
207924,001,8158616,,Y,Y,nan,,,
021731,001,11771841,,Y,Y,nan,,,
217677,001,11905255,,,Y,nan,,,
205122,004,9555005,,,Y,nan,,,
210951,001,9388159,,Y,Y,nan,,,
022580,002,8580298,,,Y,nan,,,
203568,001,7511131,,Y,,nan,,,
206488,001,9018368,,Y,Y,nan,,,
208658,003,7579449,,Y,,nan,,,
205422,002,RE48059,,Y,,nan,,,
211651,003,8012976,,Y,Y,nan,,,
217684,001,12290499,,,Y,nan,,,
204441,005,8501730,,Y,,nan,,,
207925,001,8883206,,,Y,nan,,,
207975,003,9216176,,,Y,nan,,,
212018,001,9902714,,,Y,nan,,,
206406,002,10166190,,,Y,nan,,,
022272,007,10696684,,Y,,nan,,,
212306,001,8999996,,Y,Y,nan,,,
212614,001,7407955,,Y,Y,nan,,,
211215,001,11992514,,,Y,nan,,,
214860,005,11154521,,,Y,nan,,,
216951,004,8324208,,Y,Y,nan,,,
209863,001,11497753,,,Y,nan,,,
209806,003,9308204,,,Y,nan,,,
216157,001,9018210,,Y,Y,nan,,,
218347,001,RE47221,,Y,,nan,,,
212477,002,8088368,,Y,Y,nan,,,
215431,001,10463736,,,Y,nan,,,
204819,002,7173037,,Y,Y,nan,,,
202860,001,10737051,,,Y,nan,,,
021379,001,11771841,,Y,Y,nan,,,
209863,001,9744302,,,Y,nan,,,
213953,003,11590146,,,Y,nan,,,
208573,001,8546399,,Y,Y,nan,,,
204485,006,9919026,,,Y,nan,,,
021137,006,10231931,,,Y,nan,,,
213872,002,9919050,,,Y,nan,,,
209637,004,9687611,,,Y,nan,,,
215256,005,8129343,,Y,Y,nan,,,
204441,001,8501730,,Y,,nan,,,
050795,004,8715724,,,Y,nan,,,
209296,001,9974742,,,Y,nan,,,
022512,001,7932273,,Y,Y,nan,,,
022416,004,10912781,,,Y,nan,,,
208799,006,10765820,,,Y,nan,,,
210563,004,10828259,,,Y,nan,,,
217677,003,11884634,,,Y,nan,,,
206940,002,7741356,,Y,Y,nan,,,
208056,001,9241910,,,Y,nan,,,
217581,001,7858643,,Y,Y,nan,,,
209203,002,8546436,,Y,,nan,,,
208799,002,10022510,,,Y,nan,,,
209637,001,9775953,,,Y,nan,,,
217906,001,7612087,,,Y,nan,,,
206099,001,10722667,,,Y,nan,,,
204326,002,8840924,,,Y,nan,,,
201739,001,7947017,,,Y,nan,,,
204223,004,9248229,,,Y,nan,,,
214622,002,11160804,,,Y,nan,,,
217806,003,11357820,,,Y,nan,,,
213436,001,10507295,,,Y,nan,,,
206099,001,10398859,,,Y,nan,,,
217806,006,11357820,,,Y,nan,,,
022272,001,8894987,,,Y,nan,,,
210906,002,10342813,,,Y,nan,,,
206333,001,8883770,,,Y,nan,,,
207078,001,8802152,,Y,,nan,,,
219249,001,10851091,,Y,Y,nan,,,
022272,003,10407434,,Y,,nan,,,
214938,001,9907834,,,Y,nan,,,
211728,001,9950069,,,Y,nan,,,
210563,001,8697711,,Y,Y,nan,,,
213586,006,8802127,,,Y,nan,,,
211962,003,11628200,,,Y,nan,,,
201292,003,8426586,,Y,,nan,,,
213426,001,10245276,,Y,Y,nan,,,
208325,003,9820938,,,Y,nan,,,
019034,004,9248229,,,Y,nan,,,
204569,002,10098892,,,Y,nan,,,
214120,001,11571436,,,Y,nan,,,
214324,004,11723887,,Y,,nan,,,
022272,007,9492392,,,Y,nan,,,
216578,001,8871761,,Y,,nan,,,
205596,001,9493582,,,Y,nan,,,
205122,002,9101545,,,Y,nan,,,
211158,001,9855335,,,Y,nan,,,
209241,003,10906902,,Y,Y,nan,,,
200603,001,8883794,,,Y,nan,,,
202788,006,9642844,,,Y,nan,,,
211651,004,10189837,,Y,Y,nan,,,
206977,013,11096913,,,Y,nan,,,
206627,007,9486412,,,Y,nan,,,
208215,002,7390791,,Y,Y,nan,,,
022426,005,8288539,,Y,,nan,,,
208798,004,11351317,,,Y,nan,,,
212268,002,9687474,,,Y,nan,,,
208082,002,11813232,,,Y,nan,,,
212436,003,RE47739,,Y,Y,nan,,,
214154,001,11793760,,,Y,nan,,,
213687,001,8697748,,,Y,nan,,,
204824,006,9533102,,,Y,nan,,,
213135,001,11638697,,,Y,nan,,,
217439,001,8012976,,Y,Y,nan,,,
022108,002,7645802,,,Y,nan,,,
207925,002,8883206,,,Y,nan,,,
207925,002,7495103,,Y,Y,nan,,,
211675,003,11680069,,Y,Y,nan,,,
210632,001,11135190,,,Y,nan,,,
205703,002,8835505,,,Y,nan,,,
212038,002,9974752,,,Y,nan,,,
209830,001,11154552,,,Y,nan,,,
021457,001,10022509,,,Y,nan,,,
204031,001,8394408,,,Y,nan,,,
213586,001,8802127,,,Y,nan,,,
214755,003,11504347,,,Y,nan,,,
212516,004,9839626,,,Y,nan,,,
050795,006,8715724,,,Y,nan,,,
208799,004,11464923,,,Y,nan,,,
208745,001,9616097,,,Y,nan,,,
022426,001,8288539,,Y,,nan,,,
205787,001,8939943,,,Y,nan,,,
204353,004,11576894,,,Y,nan,,,
207202,004,7978064,,,Y,nan,,,
209500,002,11753419,,,Y,nan,,,
215192,003,10149842,,Y,Y,nan,,,
214278,001,10076494,,,Y,nan,,,
021361,001,8193196,,Y,Y,nan,,,
206494,001,8969566,,Y,,nan,,,
217242,001,12005052,,,Y,nan,,,
209939,001,RE46791,,Y,Y,nan,,,
021976,006,7700645,,Y,Y,nan,,,
209115,001,8754072,,Y,Y,nan,,,
208246,001,RE41783,,Y,,nan,,,
208798,001,11969544,,,Y,nan,,,
206940,001,9675587,,,Y,nan,,,
204242,001,9439900,,,Y,nan,,,
211340,001,10695329,,,Y,nan,,,
207533,001,11969469,,,Y,nan,,,
213586,006,9925268,,,Y,nan,,,
212099,001,11168058,,Y,Y,nan,,,
211675,001,10981924,,,Y,nan,,,
208798,006,10918816,,,Y,nan,,,
209637,002,10220155,,,Y,nan,,,
215383,001,12358870,,,Y,nan,,,
209115,003,9045487,,Y,Y,nan,,,
215498,004,11802115,,,Y,nan,,,
208658,002,7713938,,Y,Y,nan,,,
213973,001,8461179,,Y,Y,nan,,,
206977,001,11096913,,,Y,nan,,,
022032,001,9023391,,,Y,nan,,,
213491,002,9173851,,,Y,nan,,,
204441,002,10905694,,,Y,nan,,,
021936,001,7396341,,,Y,nan,,,
214697,001,10576156,,,Y,nan,,,
207958,001,11160786,,,Y,nan,,,
215814,001,10550098,,,Y,nan,,,
210951,002,12303493,,,Y,nan,,,
205060,001,7960370,,,Y,nan,,,
021035,002,8802142,,,Y,nan,,,
205580,001,11872214,,,Y,nan,,,
214628,001,10159657,,,Y,nan,,,
214273,001,11529333,,,Y,nan,,,
212725,001,9085558,,,Y,nan,,,
019034,004,9731082,,,Y,nan,,,
207318,001,7601740,,Y,Y,nan,,,
217581,002,8217057,,Y,,nan,,,
216457,001,9974742,,,Y,nan,,,
210132,001,8633178,,,Y,nan,,,
022272,002,9770416,,,Y,nan,,,
021038,002,8648106,,,Y,nan,,,
211988,003,10980886,,,Y,nan,,,
212608,004,11964980,,Y,Y,nan,,,
209817,001,9265740,,,Y,nan,,,
207921,001,11957832,,,Y,nan,,,
204824,002,9867949,,,Y,nan,,,
202860,001,7560076,,,Y,nan,,,
202811,003,10675325,,,Y,nan,,,
209376,001,11998565,,,Y,nan,,,
215842,001,10351854,,Y,Y,nan,,,
208798,006,11969544,,,Y,nan,,,
212950,001,8461333,,Y,,nan,,,
216718,001,8993640,,Y,Y,nan,,,
022416,001,10912781,,,Y,nan,,,
206038,001,10646481,,,Y,nan,,,
210933,001,10688045,,,Y,nan,,,
210136,002,11135215,,,Y,nan,,,
204168,002,8865937,,Y,Y,nan,,,
209311,002,9283214,,,Y,nan,,,
208090,001,7771707,,,Y,nan,,,
210365,001,10709673,,,Y,nan,,,
208462,003,8859504,,Y,Y,nan,,,
209863,003,11497753,,,Y,nan,,,
213953,001,11590146,,,Y,nan,,,
200603,004,RE45573,,Y,,nan,,,
204325,001,9265737,,,Y,nan,,,
022272,006,10407434,,Y,,nan,,,
213137,001,9447071,,Y,Y,nan,,,
217003,001,9725455,,Y,,nan,,,
208799,003,10765820,,,Y,nan,,,
021441,001,7863287,,,Y,nan,,,
204026,003,9993467,,,Y,nan,,,
210906,001,10342813,,,Y,nan,,,
209863,001,9533102,,,Y,nan,,,
217604,001,11666536,,,Y,nan,,,
050795,008,9511031,,,Y,nan,,,
021947,002,7862833,,,Y,nan,,,
212102,001,10947183,,Y,Y,nan,,,
208082,003,8524733,,Y,Y,nan,,,
022560,001,8246989,,,Y,nan,,,
208798,007,10124131,,,Y,nan,,,
213994,001,10869845,,,Y,nan,,,
215092,001,10765750,,,Y,nan,,,
022020,001,7544370,,,Y,nan,,,
204031,001,8992975,,,Y,nan,,,
022350,001,7951400,,,Y,nan,,,
206627,003,9572779,,,Y,nan,,,
201292,003,8545884,,,Y,nan,,,
021936,001,7837235,,,Y,nan,,,
206073,001,7579449,,Y,,nan,,,
204824,006,11446441,,,Y,nan,,,
021529,002,10821277,,,Y,nan,,,
200327,002,9629861,,,Y,nan,,,
209830,001,8431576,,Y,,nan,,,
021986,006,8680103,,,Y,nan,,,
206627,007,9572779,,,Y,nan,,,
215985,001,12005052,,,Y,nan,,,
022532,001,8617597,,,Y,nan,,,
217660,002,7776905,,Y,Y,nan,,,
204326,006,8840924,,,Y,nan,,,
209269,002,11103517,,,Y,nan,,,
200603,004,8883794,,,Y,nan,,,
212516,003,10413525,,,Y,nan,,,
213137,001,10034879,,Y,Y,nan,,,
209400,001,10835488,,,Y,nan,,,
210875,003,9044475,,,Y,nan,,,
215272,001,11622945,,,Y,nan,,,
211635,001,11793786,,,Y,nan,,,
203634,001,9132093,,,Y,nan,,,
213586,007,10736965,,,Y,nan,,,
208799,004,8978966,,,Y,nan,,,
019430,002,7794432,,,Y,nan,,,
206977,002,10537538,,,Y,nan,,,
218213,001,12187739,,,Y,nan,,,
217677,002,7795447,,Y,,nan,,,
021903,001,8415337,,Y,Y,nan,,,
210660,001,11684636,,,Y,nan,,,
207975,004,9572803,,,Y,nan,,,
211635,002,11793786,,,Y,nan,,,
202788,004,9642844,,,Y,nan,,,
215446,001,11241416,,,Y,nan,,,
206977,013,10537538,,,Y,nan,,,
207202,001,9433371,,,Y,nan,,,
204242,003,9439900,,,Y,nan,,,
215401,002,9034370,,,Y,nan,,,
213005,001,11744836,,,Y,nan,,,
217439,006,10189837,,Y,Y,nan,,,
212725,001,11253515,,,Y,nan,,,
217677,001,7342118,,Y,,nan,,,
022036,001,9907780,,,Y,nan,,,
208462,002,8859504,,Y,Y,nan,,,
213994,002,10869845,,,Y,nan,,,
206073,001,7407955,,Y,Y,nan,,,
209299,001,8211889,,Y,,nan,,,
204822,001,8722735,,,Y,nan,,,
215256,005,8536122,,Y,Y,nan,,,
209311,004,9498447,,,Y,nan,,,
207071,001,7700076,,,Y,nan,,,
208854,001,12350377,,,Y,nan,,,
022428,001,9114168,,,Y,nan,,,
209884,002,12071402,,,Y,nan,,,
208171,001,12030962,,Y,Y,nan,,,
207921,002,11395889,,,Y,nan,,,
216632,001,12138278,,,Y,nan,,,
021829,001,8246980,,,Y,nan,,,
208912,001,10159683,,,Y,nan,,,
210598,001,8541451,,Y,,nan,,,
203255,001,7759308,,,Y,nan,,,
213586,006,9895447,,,Y,nan,,,
018612,002,8323683,,,,nan,,,
209022,001,8978647,,,Y,nan,,,
209128,001,10896751,,,Y,nan,,,
208171,001,11851504,,Y,Y,nan,,,
204417,001,8425938,,,Y,nan,,,
208223,001,12097183,,,Y,nan,,,
022272,004,12280152,,,Y,nan,,,
204824,006,8562564,,,Y,nan,,,
205832,002,6762180,,Y,Y,nan,,,
213586,003,9717799,,,Y,nan,,,
022184,001,8278353,,,Y,nan,,,
022430,001,9060939,,,Y,nan,,,
210923,001,9427402,,,Y,nan,,,
215206,003,9850246,,Y,,nan,,,
210491,002,7645789,,Y,Y,nan,,,
215700,002,RE49422,,,Y,nan,,,
022580,004,9011905,,,Y,nan,,,
206439,002,8293794,,,Y,nan,,,
021610,002,8871779,,Y,,nan,,,
216655,003,11701352,,,Y,nan,,,
212018,003,9902714,,,Y,nan,,,
217369,001,11236121,,Y,,nan,,,
201739,001,8021344,,,Y,nan,,,
205718,001,8951969,,,Y,nan,,,
210933,001,10646436,,,Y,nan,,,
212516,001,11202772,,,Y,nan,,,
021842,001,9320714,,,Y,nan,,,
207078,001,10413569,,Y,,nan,,,
204308,001,8568747,,,Y,nan,,,
209531,001,7838657,,Y,,nan,,,
021925,001,8071130,,,Y,nan,,,
205858,001,RE44638,,Y,Y,nan,,,
200603,002,RE45573,,Y,,nan,,,
209935,001,10799506,,,Y,nan,,,
022272,007,8894988,,,Y,nan,,,
207921,002,10022510,,,Y,nan,,,
205777,001,9522919,,Y,Y,nan,,,
209863,001,10881798,,,Y,nan,,,
216354,008,11813232,,,Y,nan,,,
022318,002,9095509,,,Y,nan,,,
204824,002,10709844,,,Y,nan,,,
218197,001,10059714,,Y,Y,nan,,,
020911,002,9808587,,,Y,nan,,,
209092,001,8685980,,Y,Y,nan,,,
210656,002,8431597,,,Y,nan,,,
208026,002,8883805,,,Y,nan,,,
215700,003,10888534,,,Y,nan,,,
202788,005,10016403,,,Y,nan,,,
204629,001,7713938,,Y,Y,nan,,,
215110,001,8937150,,Y,Y,nan,,,
022321,003,8846104,,,Y,nan,,,
217677,002,12297177,,,Y,nan,,,
207793,001,8147867,,Y,Y,nan,,,
210045,002,10945960,,,Y,nan,,,
202810,001,8617600,,,Y,nan,,,
212268,001,11813364,,,Y,nan,,,
214510,001,12156946,,,Y,nan,,,
212273,002,7776905,,Y,Y,nan,,,
210296,001,9326947,,,Y,nan,,,
215498,003,12091394,,Y,,nan,,,
022309,002,8466136,,,Y,nan,,,
209115,002,10278974,,,Y,nan,,,
212725,002,10398693,,,Y,nan,,,
210563,003,8008309,,Y,Y,nan,,,
211673,001,12121582,,,Y,nan,,,
217603,001,12364685,,,Y,nan,,,
021529,002,8888745,,,Y,nan,,,
202810,003,8821930,,,Y,nan,,,
208090,004,8557291,,,Y,nan,,,
217242,001,12257242,,,Y,nan,,,
214755,003,12115145,,,Y,nan,,,
022272,007,10407434,,Y,,nan,,,
211155,002,11312718,,,Y,nan,,,
210563,004,10106548,,Y,Y,nan,,,
208558,002,7449464,,Y,Y,nan,,,
208325,002,9278995,,Y,,nan,,,
212614,003,9415016,,,Y,nan,,,
208558,001,12178816,,,Y,nan,,,
211371,001,9200088,,,Y,nan,,,
208700,001,10596276,,,Y,nan,,,
211970,001,10968450,,Y,Y,nan,,,
208694,001,9750684,,,Y,nan,,,
203312,002,9089608,,,Y,nan,,,
218614,001,9163239,,Y,,nan,,,
205858,001,9469643,,Y,,nan,,,
215014,001,7888323,,Y,,nan,,,
204242,005,9439900,,,Y,nan,,,
215401,001,8632802,,,Y,nan,,,
209637,003,10376652,,,Y,nan,,,
217003,001,8754091,,,Y,nan,,,
208658,004,7579449,,Y,,nan,,,
214998,004,RE50050,,Y,Y,nan,,,
211367,001,11291632,,,Y,nan,,,
205718,001,10676440,,Y,Y,nan,,,
201739,002,11590286,,,Y,nan,,,
212801,003,9434754,,Y,,nan,,,
214755,002,11766418,,,Y,nan,,,
203479,001,8057811,,,Y,nan,,,
021925,002,7700128,,,Y,nan,,,
205636,002,10918816,,,Y,nan,,,
206256,001,8835501,,,Y,nan,,,
217639,002,10385008,,Y,Y,nan,,,
022556,001,9522191,,,Y,nan,,,
211651,004,8012976,,Y,Y,nan,,,
212614,003,9155705,,,Y,nan,,,
214755,001,12144793,,,Y,nan,,,
207695,001,8039451,,Y,Y,nan,,,
022272,006,11304908,,,Y,nan,,,
204569,003,11980623,,,Y,nan,,,
214487,001,8906938,,Y,Y,nan,,,
208082,003,11666566,,,Y,nan,,,
204447,001,8722684,,Y,Y,nan,,,
207999,001,RE48286,,Y,Y,nan,,,
219249,002,8242104,,Y,Y,nan,,,
202880,003,10322120,,,Y,nan,,,
207202,005,9119554,,,Y,nan,,,
214755,003,12097175,,,Y,nan,,,
217186,001,11622941,,,Y,nan,,,
203756,002,11298349,,,Y,nan,,,
204569,004,10098892,,,Y,nan,,,
207589,001,10617698,,,Y,nan,,,
206038,002,8410274,,,Y,nan,,,
217186,002,12303605,,,Y,nan,,,
203565,004,7612109,,Y,Y,nan,,,
217906,001,8471025,,Y,,nan,,,
204592,001,8679544,,,Y,nan,,,
204114,002,8580304,,,Y,nan,,,
204824,001,9629959,,,Y,nan,,,
215401,003,11559501,,,Y,nan,,,
210136,003,11135215,,,Y,nan,,,
210875,003,10821074,,,Y,nan,,,
217186,003,12064521,,,Y,nan,,,
210854,003,10392406,,Y,,nan,,,
208799,003,11969544,,,Y,nan,,,
211675,002,11773105,,Y,Y,nan,,,
209115,001,9987285,,,Y,nan,,,
211710,001,10668072,,,Y,nan,,,
215390,002,11478422,,,Y,nan,,,
219016,001,11065198,,,Y,nan,,,
208647,004,10413543,,,Y,nan,,,
022030,002,8501723,,,Y,nan,,,
203085,001,8637553,,Y,Y,nan,,,
203752,005,8231906,,Y,Y,nan,,,
208798,005,11173259,,,Y,nan,,,
207202,006,8545402,,,Y,nan,,,
200603,003,8883794,,,Y,nan,,,
209863,003,9180259,,,Y,nan,,,
207975,003,9572803,,,Y,nan,,,
214860,001,11433041,,,Y,nan,,,
213931,003,8541448,,Y,Y,nan,,,
211225,001,7964592,,Y,Y,nan,,,
212690,001,10195168,,,Y,nan,,,
210238,001,7638536,,Y,Y,nan,,,
204326,006,9017731,,,Y,nan,,,
211723,001,12168015,,Y,Y,nan,,,
211962,002,12161690,,,Y,nan,,,
208798,001,9731087,,,Y,nan,,,
208573,003,11369599,,,Y,nan,,,
208090,003,8449909,,,Y,nan,,,
210259,001,9290504,,Y,Y,nan,,,
215272,001,11458108,,,Y,nan,,,
214665,003,10519146,,Y,Y,nan,,,
202880,002,10322120,,,Y,nan,,,
205832,001,6762180,,Y,Y,nan,,,
205755,001,9309229,,Y,Y,nan,,,
207533,003,11969469,,,Y,nan,,,
022108,002,7671094,,,Y,nan,,,
203137,001,8916131,,,Y,nan,,,
022107,004,8618172,,,Y,nan,,,
209935,001,8324225,,Y,Y,nan,,,
217186,004,12178918,,,Y,nan,,,
207925,001,8410274,,,Y,nan,,,
209637,003,9775953,,,Y,nan,,,
209203,001,8546436,,Y,,nan,,,
217785,001,7452882,,Y,Y,nan,,,
210864,001,7635773,,,Y,nan,,,
215309,001,8415362,,Y,Y,nan,,,
208558,001,12144810,,,Y,nan,,,
219423,003,10322117,,,Y,nan,,,
209863,002,9180259,,,Y,nan,,,
212268,002,10022445,,,Y,nan,,,
209115,003,10278974,,,Y,nan,,,
207154,001,11273132,,,Y,nan,,,
211675,002,9951080,,Y,Y,nan,,,
050790,002,9676525,,,Y,nan,,,
212690,001,8591922,,,Y,nan,,,
211913,002,9750711,,,Y,nan,,,
204824,005,9867949,,,Y,nan,,,
216099,003,11298356,,,Y,nan,,,
216354,002,8524733,,Y,Y,nan,,,
215309,001,10758543,,,Y,nan,,,
022272,002,9522919,,Y,Y,nan,,,
207620,003,8877938,,Y,Y,nan,,,
210660,001,10933089,,,Y,nan,,,
021936,002,8733341,,,Y,nan,,,
204485,003,9919026,,,Y,nan,,,
207202,002,11229378,,,Y,nan,,,
219008,002,12138351,,,Y,nan,,,
207202,006,9060708,,,Y,nan,,,
203752,002,8231906,,Y,Y,nan,,,
209500,002,RE48825,,Y,,nan,,,
211635,002,9642913,,,Y,nan,,,
207202,006,9941931,,,Y,nan,,,
216675,001,11357738,,,Y,nan,,,
211371,001,9750822,,,Y,nan,,,
210563,002,8697711,,Y,Y,nan,,,
208798,006,10124131,,,Y,nan,,,
022272,002,12280152,,,Y,nan,,,
021572,003,9138456,,,Y,nan,,,
208798,002,9463288,,,Y,nan,,,
214965,001,9956289,,,Y,nan,,,
019034,007,9731082,,,Y,nan,,,
210563,004,9181257,,Y,,nan,,,
207981,001,10457666,,Y,Y,nan,,,
214410,003,10759814,,Y,Y,nan,,,
206111,004,7713938,,Y,Y,nan,,,
218785,001,11851437,,Y,Y,nan,,,
215358,001,11407735,,Y,,nan,,,
208462,001,8859504,,Y,Y,nan,,,
215168,001,7344702,,Y,,nan,,,
021992,001,8269040,,Y,,nan,,,
215866,006,11357820,,,Y,nan,,,
022156,001,10010537,,,Y,nan,,,
208944,002,8889740,,,Y,nan,,,
208799,002,8651103,,,Y,nan,,,
208401,001,11179434,,,Y,nan,,,
205388,001,9855246,,,Y,nan,,,
209500,001,8648077,,Y,Y,nan,,,
204326,006,9265737,,,Y,nan,,,
207202,006,9320455,,,Y,nan,,,
204824,001,11446441,,,Y,nan,,,
205122,001,8652527,,,Y,nan,,,
022569,003,9731869,,,Y,nan,,,
021986,002,7491725,,Y,Y,nan,,,
207202,006,11464423,,,Y,nan,,,
204417,002,8535717,,,Y,nan,,,
202611,002,12059409,,,Y,nan,,,
203496,002,7417070,,Y,,nan,,,
215446,001,11957660,,,Y,nan,,,
215422,002,11654124,,,Y,nan,,,
215341,001,8436180,,Y,Y,nan,,,
201739,001,10335549,,,Y,nan,,,
218160,004,10112942,,Y,Y,nan,,,
207931,001,8420596,,Y,Y,nan,,,
209884,001,7939519,,Y,Y,nan,,,
211673,001,8071643,,Y,Y,nan,,,
210861,001,10172861,,Y,Y,nan,,,
216117,006,9707217,,,Y,nan,,,
021361,002,8518949,,,Y,nan,,,
211962,001,10849956,,,Y,nan,,,
022321,002,7682634,,,Y,nan,,,
209637,001,8684969,,,Y,nan,,,
215422,002,11931328,,,Y,nan,,,
214410,002,10759814,,Y,Y,nan,,,
020372,002,9549999,,,Y,nan,,,
021829,006,10350174,,,Y,nan,,,
208401,001,9814751,,,Y,nan,,,
022325,001,7635773,,,Y,nan,,,
218730,002,7776905,,Y,Y,nan,,,
217171,001,7989589,,Y,,nan,,,
205223,001,7893097,,,Y,nan,,,
210045,003,10350171,,,Y,nan,,,
022029,002,9233184,,,Y,nan,,,
215499,001,11224597,,,Y,nan,,,
208798,004,11357935,,,Y,nan,,,
217660,002,7495103,,Y,Y,nan,,,
206627,002,9084816,,,Y,nan,,,
019034,006,9248229,,,Y,nan,,,
217604,001,11911515,,,Y,nan,,,
211210,001,8545879,,,Y,nan,,,
215206,002,9850246,,Y,,nan,,,
204958,001,9700575,,,Y,nan,,,
210192,001,12011506,,,Y,nan,,,
210598,001,7550595,,,Y,nan,,,
217660,002,7645789,,Y,Y,nan,,,
212516,004,10413525,,,Y,nan,,,
209501,001,9144559,,,Y,nan,,,
021936,002,9027967,,,Y,nan,,,
204326,001,9839619,,,Y,nan,,,
022545,002,8613949,,,Y,nan,,,
209296,001,12115255,,,Y,nan,,,
206977,012,10537538,,,Y,nan,,,
212614,004,7579449,,Y,,nan,,,
207202,002,10441194,,,Y,nan,,,
207202,003,7978064,,,Y,nan,,,
214835,001,11752093,,,Y,nan,,,
213586,003,9925268,,,Y,nan,,,
216354,003,8524733,,Y,Y,nan,,,
210854,001,10759814,,Y,Y,nan,,,
211155,001,RE46621,,Y,Y,nan,,,
200678,002,9339472,,,Y,nan,,,
212028,001,10702529,,,Y,nan,,,
206940,001,11229627,,,Y,nan,,,
219389,002,11084780,,Y,,nan,,,
210132,002,10052386,,,Y,nan,,,
021137,008,10406108,,,Y,nan,,,
213407,001,11464752,,,Y,nan,,,
201739,002,8231573,,,Y,nan,,,
218490,002,7094781,,Y,Y,nan,,,
022108,003,7649019,,,Y,nan,,,
216903,001,10456354,,,Y,nan,,,
214094,002,10329260,,Y,,nan,,,
207986,001,11246863,,,Y,nan,,,
206110,002,9636407,,,Y,nan,,,
210493,002,9908907,,Y,Y,nan,,,
208171,002,11851504,,Y,Y,nan,,,
205122,004,9101545,,,Y,nan,,,
210854,001,11261198,,,Y,nan,,,
022036,002,9907780,,,Y,nan,,,
208401,001,10940177,,,Y,nan,,,
216993,001,8557810,,,Y,nan,,,
208054,001,10010632,,,Y,nan,,,
203826,005,12257342,,,Y,nan,,,
211970,001,9024007,,Y,Y,nan,,,
214324,001,10772883,,,Y,nan,,,
204592,002,8679544,,,Y,nan,,,
215331,002,12005069,,,Y,nan,,,
217171,001,7888323,,Y,,nan,,,
022272,004,9522919,,Y,Y,nan,,,
217806,008,9474780,,Y,Y,nan,,,
022115,006,8637512,,,Y,nan,,,
218201,001,10918516,,,Y,nan,,,
202788,001,9241935,,,Y,nan,,,
210874,002,8716251,,,Y,nan,,,
211349,001,10786500,,,Y,nan,,,
202788,002,9241935,,,Y,nan,,,
209637,002,8114833,,,Y,nan,,,
210854,002,8987441,,Y,Y,nan,,,
209863,001,9180259,,,Y,nan,,,
206627,004,9770416,,,Y,nan,,,
208799,003,10195375,,,Y,nan,,,
211988,002,9744163,,,Y,nan,,,
207155,001,9200088,,,Y,nan,,,
200603,005,8883794,,,Y,nan,,,
213871,002,9545405,,Y,Y,nan,,,
205223,001,8877792,,,Y,nan,,,
206679,002,9597289,,,Y,nan,,,
217806,008,11357820,,,Y,nan,,,
212576,001,12195496,,,Y,nan,,,
204824,007,9867949,,,Y,nan,,,
205580,001,12138248,,,Y,nan,,,
213591,002,8461330,,Y,Y,nan,,,
203341,003,7919625,,,Y,nan,,,
019430,001,9586010,,,Y,nan,,,
204824,008,8021335,,,Y,nan,,,
209410,002,8252331,,,Y,nan,,,
021976,001,7700645,,Y,Y,nan,,,
209816,001,8383610,,Y,,nan,,,
207921,002,10792447,,,Y,nan,,,
208798,008,11344685,,,Y,nan,,,
205122,005,9101545,,,Y,nan,,,
208944,002,11065213,,,Y,nan,,,
217639,001,10385008,,Y,Y,nan,,,
209806,002,9308204,,,Y,nan,,,
209478,001,10660907,,,Y,nan,,,
214094,001,12116346,,Y,,nan,,,
208313,010,9241948,,,Y,nan,,,
209637,004,9616180,,,Y,nan,,,
208573,003,10730873,,Y,,nan,,,
216285,001,11291633,,,Y,nan,,,
207962,001,10765749,,,Y,nan,,,
212801,003,8835646,,Y,Y,nan,,,
022249,002,8895756,,,Y,nan,,,
218709,001,10953003,,,Y,nan,,,
216956,001,10301262,,Y,Y,nan,,,
209310,001,8763222,,,Y,nan,,,
211675,003,11773105,,Y,Y,nan,,,
209394,001,9321807,,Y,,nan,,,
022012,001,8101209,,,Y,nan,,,
204824,006,8814834,,,Y,nan,,,
205422,005,RE48059,,Y,,nan,,,
202231,002,9168238,,,Y,nan,,,
210132,001,10052386,,,Y,nan,,,
208653,002,8748413,,Y,Y,nan,,,
021947,005,7862832,,,Y,nan,,,
201655,006,8192722,,,Y,nan,,,
208611,001,9493582,,,Y,nan,,,
212038,005,10292938,,,Y,nan,,,
211635,003,11241414,,,Y,nan,,,
206544,004,10314788,,,Y,nan,,,
204308,001,9855214,,,Y,nan,,,
209354,001,11957753,,,Y,nan,,,
202714,003,7737112,,,Y,nan,,,
214410,001,10392406,,Y,,nan,,,
210251,001,9216996,,Y,Y,nan,,,
208232,001,9566246,,,Y,nan,,,
214755,002,12097175,,,Y,nan,,,
208090,002,8557291,,,Y,nan,,,
211651,005,8735392,,Y,Y,nan,,,
217677,003,10590087,,Y,,nan,,,
022309,001,8754070,,,Y,nan,,,
208271,001,10376505,,,Y,nan,,,
206627,004,9572779,,,Y,nan,,,
022321,006,8846104,,,Y,nan,,,
209296,001,11173118,,,Y,nan,,,
212520,001,10814001,,,Y,nan,,,
208799,001,8651103,,,Y,nan,,,
209637,002,RE46363,,,Y,nan,,,
217806,001,11357820,,,Y,nan,,,
203100,001,8981103,,Y,Y,nan,,,
216354,004,8524733,,Y,Y,nan,,,
204824,001,9533102,,,Y,nan,,,
212608,002,11964980,,Y,Y,nan,,,
201739,002,7947017,,,Y,nan,,,
201922,001,7544373,,,Y,nan,,,
209379,001,11998565,,,Y,nan,,,
022287,002,8461187,,,Y,nan,,,
208798,008,11351317,,,Y,nan,,,
213973,001,11850241,,,Y,nan,,,
208313,002,9241948,,,Y,nan,,,
215498,001,12091394,,Y,,nan,,,
214755,004,12144793,,,Y,nan,,,
214846,001,7300935,,Y,,nan,,,
022272,002,12246094,,,Y,nan,,,
201281,003,8883805,,,Y,nan,,,
022271,003,8697125,,,Y,nan,,,
212501,002,12329767,,,Y,nan,,,
208798,005,9782550,,,Y,nan,,,
211675,003,12134621,,,Y,nan,,,
207318,002,7601740,,Y,Y,nan,,,
218197,002,9006430,,,Y,nan,,,
209128,001,10342762,,,Y,nan,,,
215152,001,9186411,,,Y,nan,,,
212614,003,8883805,,,Y,nan,,,
209863,003,10881798,,,Y,nan,,,
207975,001,9572803,,,Y,nan,,,
213138,001,9808530,,,Y,nan,,,
200678,001,9339472,,,Y,nan,,,
206439,003,8338485,,,Y,nan,,,
216490,001,11890326,,Y,Y,nan,,,
022556,001,8062667,,,Y,nan,,,
211746,001,9370483,,,Y,nan,,,
208798,004,11969544,,,Y,nan,,,
208745,001,10011637,,Y,,nan,,,
214958,001,10000480,,Y,Y,nan,,,
214697,002,12324838,,,Y,nan,,,
204824,004,11497753,,,Y,nan,,,
208686,001,10039745,,,Y,nan,,,
212099,001,10711013,,Y,Y,nan,,,
207975,003,8445018,,,Y,nan,,,
210563,001,10106548,,Y,Y,nan,,,
022272,006,12246094,,,Y,nan,,,
216903,001,12151020,,,Y,nan,,,
214358,003,7932273,,Y,Y,nan,,,
021272,008,9593066,,Y,,nan,,,
208462,001,7687662,,Y,Y,nan,,,
022108,001,7649019,,,Y,nan,,,
022272,007,9522919,,Y,Y,nan,,,
210852,001,11382923,,,Y,nan,,,
208799,005,11357935,,,Y,nan,,,
207925,004,8410274,,,Y,nan,,,
214628,002,11602508,,,Y,nan,,,
203469,002,8114874,,Y,Y,nan,,,
217186,004,12274793,,,Y,nan,,,
212516,001,10959982,,,Y,nan,,,
206038,001,8993600,,,Y,nan,,,
022272,001,11964056,,,Y,nan,,,
210632,002,11135190,,,Y,nan,,,
214324,002,10772883,,,Y,nan,,,
217677,003,12110277,,,Y,nan,,,
207793,001,12059497,,,Y,nan,,,
205649,001,9616028,,,Y,nan,,,
210660,001,11826383,,,Y,nan,,,
213407,002,11464752,,,Y,nan,,,
202860,001,11103669,,,Y,nan,,,
206947,002,11186547,,Y,,nan,,,
210132,002,11865179,,Y,Y,nan,,,
214835,001,10335366,,,Y,nan,,,
207921,002,11896759,,,Y,nan,,,
210906,002,10130646,,,Y,nan,,,
217003,001,8697711,,Y,Y,nan,,,
211970,001,10421966,,Y,Y,nan,,,
206619,001,8686026,,,Y,nan,,,
208798,002,8651103,,,Y,nan,,,
203496,001,7417070,,Y,,nan,,,
021986,004,7491725,,Y,Y,nan,,,
209637,003,8114833,,,Y,nan,,,
209500,001,RE48825,,Y,Y,nan,,,
020873,001,7598343,,,Y,nan,,,
207202,004,8545402,,,Y,nan,,,
215422,001,11931328,,,Y,nan,,,
210136,001,11135215,,,Y,nan,,,
211675,002,11661425,,Y,Y,nan,,,
210563,001,8008309,,Y,Y,nan,,,
210933,001,9393213,,,Y,nan,,,
022272,003,11304908,,,Y,nan,,,
208010,001,10357502,,,Y,nan,,,
021920,001,9693979,,,Y,nan,,,
201655,005,8871779,,Y,,nan,,,
213150,001,11771841,,Y,Y,nan,,,
022029,002,8809615,,,Y,nan,,,
209501,002,9144559,,,Y,nan,,,
214787,001,9724360,,Y,Y,nan,,,
208799,004,11000653,,,Y,nan,,,
208073,001,7314938,,Y,Y,nan,,,
208171,003,12030962,,Y,Y,nan,,,
214876,003,8071623,,Y,Y,nan,,,
022272,006,9073933,,Y,,nan,,,
203752,001,8231906,,Y,Y,nan,,,
204370,004,7943621,,Y,Y,nan,,,
208700,001,11904027,,,Y,nan,,,
217900,001,12247034,,Y,Y,nan,,,
214697,002,10576156,,,Y,nan,,,
207621,006,7815934,,,Y,nan,,,
209863,001,9629959,,,Y,nan,,,
214755,004,10272062,,,Y,nan,,,
208798,006,10022510,,,Y,nan,,,
202155,001,9326945,,,Y,nan,,,
212614,001,8883805,,,Y,nan,,,
213246,002,10112942,,Y,Y,nan,,,
204790,001,8129385,,Y,Y,nan,,,
211488,001,9744207,,,Y,nan,,,
208799,005,9216260,,,Y,nan,,,
204592,002,9180096,,,Y,nan,,,
211913,001,9750711,,,Y,nan,,,
210428,002,9700530,,,Y,nan,,,
022249,002,8609863,,,Y,nan,,,
208437,001,11278683,,,Y,nan,,,
214860,003,11433041,,,Y,nan,,,
206627,003,9770416,,,Y,nan,,,
210632,001,10398669,,,Y,nan,,,
214755,001,11052061,,,Y,nan,,,
022272,002,11304908,,,Y,nan,,,
208056,001,8871273,,,Y,nan,,,
209862,001,9238108,,,Y,nan,,,
202813,002,7780038,,,Y,nan,,,
207202,002,9060708,,,Y,nan,,,
214801,001,11833151,,,Y,nan,,,
211358,003,8754224,,Y,Y,nan,,,
208623,001,11376244,,Y,,nan,,,
216993,001,7820657,,Y,,nan,,,
202714,003,7417042,,Y,Y,nan,,,
210493,001,8426450,,Y,Y,nan,,,
022257,001,8889109,,,Y,nan,,,
021920,001,9693978,,,Y,nan,,,
208437,001,9604018,,,Y,nan,,,
212839,005,7598279,,Y,,nan,,,
211675,003,12077545,,,Y,nan,,,
207533,004,11969469,,,Y,nan,,,
209862,001,10335549,,,Y,nan,,,
215498,001,11802115,,,Y,nan,,,
204824,004,9533102,,,Y,nan,,,
208246,002,RE41783,,Y,,nan,,,
213498,007,RE43728,,Y,Y,nan,,,
022249,002,8436190,,,Y,nan,,,
204417,002,8431156,,,Y,nan,,,
022416,002,9566244,,,Y,nan,,,
208799,005,11464923,,,Y,nan,,,
217186,001,12178918,,,Y,nan,,,
206977,003,10537538,,,Y,nan,,,
205552,002,10294232,,,Y,nan,,,
208799,003,8978966,,,Y,nan,,,
215866,011,11357820,,Y,Y,nan,,,
214628,002,10159657,,,Y,nan,,,
201923,001,8871241,,,Y,nan,,,
201281,002,10973827,,,Y,nan,,,
205109,001,11446252,,,Y,nan,,,
209905,002,10441554,,,Y,nan,,,
019430,001,8870827,,,Y,nan,,,
022272,004,9763933,,,Y,nan,,,
210563,004,9655857,,,Y,nan,,,
215985,001,12042487,,,Y,nan,,,
215039,002,8227462,,Y,Y,nan,,,
215358,003,12252478,,,Y,nan,,,
208798,004,11000653,,,Y,nan,,,
206679,001,10300041,,,Y,nan,,,
208246,001,9937181,,,Y,nan,,,
212888,001,10927129,,Y,Y,nan,,,
214755,003,10973795,,,Y,nan,,,
208798,006,11351317,,,Y,nan,,,
022068,001,8293756,,,Y,nan,,,
217660,002,8754224,,Y,Y,nan,,,
213436,001,11266799,,,Y,nan,,,
202788,001,10016403,,,Y,nan,,,
200603,002,9907794,,,Y,nan,,,
022272,006,9770416,,,Y,nan,,,
212994,001,10759778,,,Y,nan,,,
206829,001,9872906,,,Y,nan,,,
213586,002,8802127,,,Y,nan,,,
022272,001,9763933,,,Y,nan,,,
208799,002,10765820,,,Y,nan,,,
207921,001,10086156,,,Y,nan,,,
219423,002,10322117,,,Y,nan,,,
218730,002,7645789,,Y,Y,nan,,,
209863,002,10646495,,,Y,nan,,,
208090,004,8449909,,,Y,nan,,,
208653,003,8461137,,Y,Y,nan,,,
021821,001,9694078,,,Y,nan,,,
209500,003,11753419,,,Y,nan,,,
211675,002,RE47221,,Y,,nan,,,
212295,001,9914738,,,Y,nan,,,
212122,001,11833292,,,Y,nan,,,
218158,001,10588913,,,Y,nan,,,
214410,003,8987441,,Y,Y,nan,,,
206488,001,RE47769,,,Y,nan,,,
211723,001,8410088,,Y,Y,nan,,,
203188,001,7495103,,Y,Y,nan,,,
209311,001,9283214,,,Y,nan,,,
209092,001,10799506,,,Y,nan,,,
211651,004,8420650,,Y,Y,nan,,,
019034,001,9248229,,,Y,nan,,,
211651,006,10189837,,Y,Y,nan,,,
021985,001,8617595,,,Y,nan,,,
202714,003,9493582,,,Y,nan,,,
208558,001,7449464,,Y,Y,nan,,,
022117,002,8022228,,Y,Y,nan,,,
216951,005,8324208,,Y,Y,nan,,,
209637,002,9457154,,,Y,nan,,,
208799,005,10918816,,,Y,nan,,,
211675,001,11787815,,,Y,nan,,,
022048,001,8128960,,,Y,nan,,,
207202,003,9320455,,,Y,nan,,,
214755,004,10736866,,,Y,nan,,,
213978,001,9504645,,,Y,nan,,,
202810,003,9351975,,,Y,nan,,,
217677,001,11820748,,,Y,nan,,,
021272,002,9593066,,Y,,nan,,,
019034,005,9248229,,,Y,nan,,,
021829,004,10350174,,,Y,nan,,,
022321,005,8877247,,,Y,nan,,,
022272,003,9492392,,,Y,nan,,,
210854,001,12064438,,,Y,nan,,,
208147,001,8883217,,,Y,nan,,,
205739,003,8147873,,,Y,nan,,,
208271,001,8524276,,,Y,nan,,,
202860,001,9701538,,,Y,nan,,,
022068,001,8163904,,Y,Y,nan,,,
213137,001,10806733,,Y,,nan,,,
204822,001,8754123,,,Y,nan,,,
203756,001,11298349,,,Y,nan,,,
202788,005,9241935,,,Y,nan,,,
022271,001,8697125,,,Y,nan,,,
209400,001,10076494,,,Y,nan,,,
205065,002,9216178,,,Y,nan,,,
208277,001,8772497,,Y,,nan,,,
215153,001,7977488,,Y,,nan,,,
213756,001,7425637,,Y,,nan,,,
022272,003,10696684,,Y,,nan,,,
212489,001,10071085,,,Y,nan,,,
204824,001,11497753,,,Y,nan,,,
212516,004,11202772,,,Y,nan,,,
207921,002,10695512,,,Y,nan,,,
208799,005,9463288,,,Y,nan,,,
202788,004,8486972,,,Y,nan,,,
217003,001,10125140,,Y,Y,nan,,,
209115,001,10278974,,,Y,nan,,,
205489,001,9089496,,,Y,nan,,,
218201,001,10188546,,,Y,nan,,,
214755,004,11065224,,,Y,nan,,,
217064,001,10278918,,,Y,nan,,,
206977,011,10537538,,,Y,nan,,,
204824,002,11497753,,,Y,nan,,,
204242,005,8940330,,,Y,nan,,,
021976,004,7700645,,Y,Y,nan,,,
204353,002,7943788,,Y,Y,nan,,,
021038,003,8648106,,,Y,nan,,,
021880,001,7465800,,Y,Y,nan,,,
207233,002,9526734,,,Y,nan,,,
212306,005,11807629,,Y,,nan,,,
215866,001,11357820,,,Y,nan,,,
207589,001,10682364,,,Y,nan,,,
210526,001,9675704,,,Y,nan,,,
022272,002,9492392,,,Y,nan,,,
207999,002,10052337,,,Y,nan,,,
212038,004,10292938,,,Y,nan,,,
209899,003,8796318,,Y,Y,nan,,,
208090,004,7771707,,,Y,nan,,,
207202,001,8114021,,,Y,nan,,,
206940,002,10188632,,,Y,nan,,,
217677,003,12247012,,,Y,nan,,,
203826,004,11471400,,,Y,nan,,,
207923,001,8479730,,,Y,nan,,,
206627,003,9775809,,,Y,nan,,,
208558,002,12048695,,,Y,nan,,,
021829,002,9925150,,,Y,nan,,,
211675,001,12077545,,,Y,nan,,,
020263,009,8921326,,,Y,nan,,,
207202,001,9258035,,,Y,nan,,,
211911,001,8629185,,Y,Y,nan,,,
217779,002,7494982,,Y,Y,nan,,,
215110,001,9321807,,Y,Y,nan,,,
202192,005,8722693,,Y,Y,nan,,,
211675,001,11780847,,,Y,nan,,,
022524,002,9095577,,,Y,nan,,,
022405,001,8067427,,,Y,nan,,,
217660,001,8754224,,Y,Y,nan,,,
204824,002,11684723,,,Y,nan,,,
209863,001,10279131,,,Y,nan,,,
208090,001,8449909,,,Y,nan,,,
209091,002,8221786,,,Y,nan,,,
201281,001,7407955,,Y,Y,nan,,,
206977,010,11096913,,,Y,nan,,,
204441,003,10905694,,,Y,nan,,,
208623,001,11612593,,Y,,nan,,,
206628,004,9717796,,,Y,nan,,,
210496,001,9593100,,,Y,nan,,,
205122,001,8889190,,,Y,nan,,,
209637,003,8920383,,,Y,nan,,,
202788,004,10610523,,,Y,nan,,,
212038,004,10688060,,,Y,nan,,,
210854,001,10392406,,Y,,nan,,,
209115,003,9987285,,,Y,nan,,,
201655,003,8192722,,,Y,nan,,,
208424,001,9101592,,,Y,nan,,,
021272,008,11723887,,Y,,nan,,,
208082,002,9233959,,,Y,nan,,,
207962,001,9931403,,,Y,nan,,,
215422,003,11931328,,,Y,nan,,,
218591,002,8877938,,Y,Y,nan,,,
204734,002,9023397,,,Y,nan,,,
212535,001,10702490,,,Y,nan,,,
206333,001,8242294,,Y,,nan,,,
209776,001,8680136,,Y,Y,nan,,,
218201,001,11207209,,,Y,nan,,,
215904,001,9029355,,,Y,nan,,,
213756,001,9156795,,Y,Y,nan,,,
205637,003,8703177,,,Y,nan,,,
210852,002,11382923,,,Y,nan,,,
215039,003,8476268,,Y,Y,nan,,,
210854,002,9815835,,,Y,nan,,,
217785,003,7452882,,Y,Y,nan,,,
022580,004,8580298,,,Y,nan,,,
022308,001,8604020,,,Y,nan,,,
217677,002,12116347,,,Y,nan,,,
214517,001,11202770,,,Y,nan,,,
202880,005,9132096,,,Y,nan,,,
208910,001,10688046,,,Y,nan,,,
211225,001,9309229,,Y,Y,nan,,,
211358,003,8993600,,,Y,nan,,,
214621,001,12325714,,Y,Y,nan,,,
214860,006,11433041,,,Y,nan,,,
208799,005,9782551,,,Y,nan,,,
211358,001,9216969,,,Y,nan,,,
211675,001,9963459,,,Y,nan,,,
217677,001,10590087,,Y,,nan,,,
208623,001,11622962,,Y,,nan,,,
218730,001,7495103,,Y,Y,nan,,,
201281,002,9415016,,,Y,nan,,,
210455,001,7390791,,Y,Y,nan,,,
209606,002,9732062,,Y,,nan,,,
216354,002,11813232,,,Y,nan,,,
202810,001,11166960,,,Y,nan,,,
212273,002,11453655,,Y,Y,nan,,,
208798,006,9216260,,,Y,nan,,,
209410,004,8895614,,,Y,nan,,,
209862,001,8627816,,,Y,nan,,,
209863,003,11813435,,,Y,nan,,,
022360,002,8940772,,,Y,nan,,,
217660,002,RE50453,,Y,Y,nan,,,
213976,001,11260064,,,Y,nan,,,
213973,001,11395818,,,Y,nan,,,
208611,001,8871938,,Y,,nan,,,
218591,002,8101659,,,Y,nan,,,
022428,001,8450311,,,Y,nan,,,
202324,001,6534524,,Y,Y,nan,,,
215888,001,10414751,,Y,Y,nan,,,
205649,002,9616028,,,Y,nan,,,
217369,003,11236121,,Y,,nan,,,
208010,001,10213442,,,Y,nan,,,
211675,002,12116373,,,Y,nan,,,
208798,002,10765820,,,Y,nan,,,
216285,001,10987364,,,Y,nan,,,
204275,001,8534281,,,Y,nan,,,
214324,001,10130685,,,Y,nan,,,
203496,003,8349892,,,Y,nan,,,
205596,001,10117951,,,Y,nan,,,
208799,004,11344685,,,Y,nan,,,
208653,001,8828978,,,Y,nan,,,
205223,001,10238634,,,Y,nan,,,
205879,001,7943788,,Y,Y,nan,,,
203414,002,8900638,,,Y,nan,,,
214755,004,11052061,,,Y,nan,,,
022416,003,8372431,,,Y,nan,,,
205836,001,10729653,,,Y,nan,,,
213498,009,RE43728,,Y,Y,nan,,,
202860,001,11291793,,,Y,nan,,,
204629,002,7713938,,Y,Y,nan,,,
216285,001,11291632,,,Y,nan,,,
022421,004,7695734,,,Y,nan,,,
021488,001,11771841,,Y,Y,nan,,,
214755,002,11504347,,,Y,nan,,,
022416,001,9643929,,,Y,nan,,,
022503,001,11918559,,,Y,nan,,,
021035,003,8802142,,,Y,nan,,,
205525,001,11253472,,Y,Y,nan,,,
216490,001,11918628,,Y,Y,nan,,,
204114,001,9399021,,,Y,nan,,,
204824,006,11497753,,,Y,nan,,,
214755,001,12226377,,,Y,nan,,,
021936,001,9027967,,,Y,nan,,,
204061,001,8415332,,,Y,nan,,,
216793,001,11673877,,Y,Y,nan,,,
211358,002,9216969,,,Y,nan,,,
022272,007,12280152,,,Y,nan,,,
202860,001,10213572,,,Y,nan,,,
022272,001,11304908,,,Y,nan,,,
202331,001,9066936,,,Y,nan,,,
204326,002,9265737,,,Y,nan,,,
021137,004,10406108,,,Y,nan,,,
209311,001,9023389,,,Y,nan,,,
217242,001,12336983,,,Y,nan,,,
205004,001,8962572,,,Y,nan,,,
212123,001,8932557,,Y,,nan,,,
208910,001,10959946,,,Y,nan,,,
208799,003,10124131,,,Y,nan,,,
022387,001,11723887,,Y,,nan,,,
218944,003,10683302,,Y,Y,nan,,,
209115,003,8754072,,Y,Y,nan,,,
209022,001,10076614,,,Y,nan,,,
215422,003,11654124,,,Y,nan,,,
211994,001,9242986,,Y,Y,nan,,,
214373,001,8987323,,Y,Y,nan,,,
205122,003,9101545,,,Y,nan,,,
210296,001,10105335,,,Y,nan,,,
204824,004,9867949,,,Y,nan,,,
216956,001,8580841,,Y,Y,nan,,,
022287,002,7790755,,,Y,nan,,,
216718,001,8124799,,Y,,nan,,,
212501,001,10993952,,,Y,nan,,,
214200,001,8598186,,Y,Y,nan,,,
213976,001,8679545,,,Y,nan,,,
218590,001,11857547,,,Y,nan,,,
021986,003,8680103,,,Y,nan,,,
204485,002,9750785,,,Y,nan,,,
203491,001,8921337,,,Y,nan,,,
210655,002,10010612,,,Y,nan,,,
215498,002,10975046,,Y,,nan,,,
201656,002,9539302,,,Y,nan,,,
208692,003,7579473,,Y,Y,nan,,,
022416,002,9643929,,,Y,nan,,,
210563,003,7514444,,Y,Y,nan,,,
212520,001,11311515,,,Y,nan,,,
201688,001,7559325,,,Y,nan,,,
215498,001,10975046,,Y,,nan,,,
211230,002,11439597,,,Y,nan,,,
207202,004,10441194,,,Y,nan,,,
217242,001,12220409,,,Y,nan,,,
218171,001,8551995,,Y,,nan,,,
210793,001,7732615,,Y,Y,nan,,,
211358,001,8507534,,Y,Y,nan,,,
203496,002,8410169,,,Y,nan,,,
208798,001,8651103,,,Y,nan,,,
050795,007,8715724,,,Y,nan,,,
206627,003,9492389,,,Y,nan,,,
202880,003,9132096,,,Y,nan,,,
213591,001,8461330,,Y,Y,nan,,,
209296,001,12290520,,,Y,nan,,,
206940,001,7741356,,Y,Y,nan,,,
022272,007,9775808,,,Y,nan,,,
203469,003,8114874,,Y,Y,nan,,,
216354,004,11813232,,,Y,nan,,,
022416,002,8372431,,,Y,nan,,,
209863,002,9629959,,,Y,nan,,,
212038,004,10512612,,,Y,nan,,,
209863,003,8562564,,,Y,nan,,,
204326,002,9017731,,,Y,nan,,,
216793,001,8071623,,Y,Y,nan,,,
206627,002,9775809,,,Y,nan,,,
207925,003,8410274,,,Y,nan,,,
206829,001,8476425,,Y,,nan,,,
207921,002,11559637,,,Y,nan,,,
207975,005,9216176,,,Y,nan,,,
206627,002,9763933,,,Y,nan,,,
214410,002,10392406,,Y,,nan,,,
208798,008,8978966,,,Y,nan,,,
207202,002,11464423,,,Y,nan,,,
022184,001,8933127,,,Y,nan,,,
202810,003,8617600,,,Y,nan,,,
204026,001,9993467,,,Y,nan,,,
212725,002,11253515,,,Y,nan,,,
021829,002,8246980,,,Y,nan,,,
207233,001,9526734,,,Y,nan,,,
021137,010,10231931,,,Y,nan,,,
204824,003,9867949,,,Y,nan,,,
204790,003,9242986,,Y,Y,nan,,,
211226,002,11541012,,,Y,nan,,,
208653,002,9549923,,Y,Y,nan,,,
207202,002,9941931,,,Y,nan,,,
217389,001,10945950,,,Y,nan,,,
207202,005,9433371,,,Y,nan,,,
214907,001,9254341,,Y,Y,nan,,,
204592,002,9173854,,,Y,nan,,,
212614,002,8883805,,,Y,nan,,,
214755,002,10736866,,,Y,nan,,,
214324,005,10772883,,,Y,nan,,,
204629,001,7579449,,Y,,nan,,,
205832,002,9907756,,,Y,nan,,,
210563,001,10961251,,,Y,nan,,,
021717,001,10751305,,,Y,nan,,,
216117,002,9707217,,,Y,nan,,,
021817,001,7932241,,,Y,nan,,,
208780,003,10188637,,,Y,nan,,,
210566,001,10857159,,,Y,nan,,,
203389,002,9173851,,,Y,nan,,,
207986,001,11369566,,,Y,nan,,,
022545,004,8613949,,,Y,nan,,,
019034,006,9731082,,,Y,nan,,,
021338,001,8301238,,,Y,nan,,,
218197,002,9487525,,Y,Y,nan,,,
210861,002,10799505,,Y,Y,nan,,,
019734,005,7612102,,,Y,nan,,,
201922,005,7544373,,,Y,nan,,,
022309,003,8486925,,,Y,nan,,,
213426,001,8598152,,Y,Y,nan,,,
205382,001,7498440,,Y,Y,nan,,,
204824,001,11684723,,,Y,nan,,,
204677,001,9308284,,,Y,nan,,,
210491,001,8623905,,Y,Y,nan,,,
022287,002,8105626,,,Y,nan,,,
210923,001,8889722,,Y,Y,nan,,,
209381,001,10646512,,,Y,nan,,,
208090,003,7399488,,,Y,nan,,,
214787,001,10065958,,Y,,nan,,,
217865,001,7329689,,Y,Y,nan,,,
207202,003,8114021,,,Y,nan,,,
204824,001,8021335,,,Y,nan,,,
202788,005,8486972,,,Y,nan,,,
214679,001,11633374,,,Y,nan,,,
206111,002,7713938,,Y,Y,nan,,,
216018,001,11510878,,,Y,nan,,,
207925,005,8883206,,,Y,nan,,,
205703,002,8829054,,,Y,nan,,,
210861,001,9127013,,Y,Y,nan,,,
022308,001,8481526,,Y,,nan,,,
214358,004,7932273,,Y,Y,nan,,,
210045,002,10350171,,,Y,nan,,,
208065,002,11524951,,Y,Y,nan,,,
018207,002,8133893,,Y,Y,nan,,,
204767,001,8741959,,,Y,nan,,,
022063,003,8846100,,,Y,nan,,,
204640,001,9119876,,,Y,nan,,,
211155,002,RE46621,,Y,Y,nan,,,
211970,001,9994851,,Y,Y,nan,,,
021862,001,8324281,,,Y,nan,,,
211371,001,7635773,,,Y,nan,,,
204640,001,12280024,,,Y,nan,,,
022055,001,7875630,,Y,,nan,,,
210854,002,12064438,,,Y,nan,,,
215596,001,12295940,,Y,Y,nan,,,
214358,006,7932273,,Y,Y,nan,,,
211616,001,11613511,,Y,,nan,,,
209862,001,7731686,,,Y,nan,,,
217514,001,7994185,,Y,Y,nan,,,
217700,001,8293752,,Y,Y,nan,,,
210874,004,7919598,,Y,,nan,,,
207202,004,9119554,,,Y,nan,,,
212690,001,11554102,,,Y,nan,,,
210656,002,8148401,,Y,Y,nan,,,
217779,001,7494982,,Y,Y,nan,,,
020533,007,7828787,,,Y,nan,,,
020911,002,10695512,,,Y,nan,,,
214324,004,10130685,,,Y,nan,,,
022115,003,8637512,,,Y,nan,,,
207202,006,8718193,,,Y,nan,,,
022272,002,10407434,,Y,,nan,,,
210660,001,11679125,,,Y,nan,,,
211810,002,8722702,,Y,,nan,,,
201292,002,8426586,,Y,,nan,,,
022272,007,9492389,,,Y,nan,,,
209627,001,10925882,,,Y,nan,,,
207233,001,9649318,,,Y,nan,,,
210493,002,8426450,,Y,Y,nan,,,
206947,001,11186547,,Y,,nan,,,
211733,001,11918693,,,Y,nan,,,
215192,001,8343952,,Y,Y,nan,,,
204824,001,9867949,,,Y,nan,,,
215866,003,11357820,,,Y,nan,,,
022068,001,8501760,,,Y,nan,,,
206977,001,10537538,,,Y,nan,,,
215842,002,10351854,,Y,Y,nan,,,
217677,003,12234210,,,Y,nan,,,
203496,005,7417070,,Y,,nan,,,
213026,001,9447415,,Y,Y,nan,,,
202834,001,8772497,,Y,,nan,,,
205525,001,8222292,,Y,Y,nan,,,
206038,001,9216969,,Y,Y,nan,,,
205552,002,8008309,,Y,Y,nan,,,
208845,001,8828440,,,Y,nan,,,
210491,002,8410274,,,Y,nan,,,
211358,001,10646481,,,Y,nan,,,
209637,001,11097063,,,Y,nan,,,
209637,001,RE46363,,,Y,nan,,,
208745,001,11142549,,,Y,nan,,,
219847,001,11576878,,,Y,nan,,,
211810,001,7893075,,Y,,nan,,,
214375,001,11052161,,,Y,nan,,,
206627,005,9750703,,,Y,nan,,,
021936,001,8733341,,,Y,nan,,,
021514,001,9034370,,,Y,nan,,,
208743,001,10996208,,,Y,nan,,,
208081,001,12280146,,,Y,nan,,,
207202,004,9433371,,,Y,nan,,,
203388,001,7888364,,Y,Y,nan,,,
208401,001,11771733,,,Y,nan,,,
213498,010,RE43728,,Y,Y,nan,,,
203567,001,9861698,,,Y,nan,,,
212501,001,12329767,,,Y,nan,,,
202100,001,8287903,,,Y,nan,,,
214902,001,11071878,,,Y,nan,,,
211675,002,10730883,,,Y,nan,,,
208798,004,11439777,,,Y,nan,,,
208611,001,12138257,,,Y,nan,,,
218709,001,12115156,,,Y,nan,,,
021299,002,7598271,,Y,,nan,,,
022108,003,7241805,,,Y,nan,,,
210493,001,12208109,,,Y,nan,,,
207155,001,9493582,,,Y,nan,,,
214755,004,12115145,,,Y,nan,,,
216793,002,8436185,,Y,Y,nan,,,
021880,004,7465800,,Y,Y,nan,,,
201280,001,8883805,,,Y,nan,,,
207999,001,10052337,,,Y,nan,,,
021908,002,8026393,,,Y,nan,,,
022416,004,9566244,,,Y,nan,,,
218171,001,9126947,,Y,,nan,,,
205109,001,11013761,,,Y,nan,,,
207793,001,10456360,,,Y,nan,,,
207202,004,9060708,,,Y,nan,,,
208564,001,11123283,,,Y,nan,,,
213931,002,8541448,,Y,Y,nan,,,
208799,002,9463288,,,Y,nan,,,
218347,001,11718627,,Y,,nan,,,
208798,005,8978966,,,Y,nan,,,
204242,006,9439900,,,Y,nan,,,
213135,001,10143656,,,Y,nan,,,
206977,004,10537538,,,Y,nan,,,
216986,001,8114863,,Y,,nan,,,
202714,001,8207297,,Y,Y,nan,,,
214231,001,10442847,,Y,Y,nan,,,
212801,001,8314097,,Y,Y,nan,,,
217901,001,10758532,,,Y,nan,,,
206627,002,9572779,,,Y,nan,,,
210872,001,8703828,,,Y,nan,,,
022271,002,8697125,,,Y,nan,,,
022309,001,8466136,,,Y,nan,,,
205834,001,8088368,,Y,Y,nan,,,
209500,003,10464938,,,Y,nan,,,
208082,001,11666566,,,Y,nan,,,
207999,002,RE48286,,Y,Y,nan,,,
022068,003,8501760,,,Y,nan,,,
018207,001,8133893,,Y,Y,nan,,,
201739,003,8226610,,,Y,nan,,,
210491,001,8754224,,Y,Y,nan,,,
201281,003,7407955,,Y,Y,nan,,,
205677,001,10071977,,Y,Y,nan,,,
209381,001,9707297,,,Y,nan,,,
208798,001,8978966,,,Y,nan,,,
203752,003,9833419,,,Y,nan,,,
202293,002,8721615,,,Y,nan,,,
211371,001,10322139,,,Y,nan,,,
210136,004,11135215,,,Y,nan,,,
203496,004,8349892,,,Y,nan,,,
212994,002,10584113,,,Y,nan,,,
207960,001,8999386,,,Y,nan,,,
021908,002,8338639,,,Y,nan,,,
215039,001,8227462,,Y,Y,nan,,,
219616,001,7897792,,Y,Y,nan,,,
202788,007,9642844,,,Y,nan,,,
209128,001,8574189,,,Y,nan,,,
208798,008,11173259,,,Y,nan,,,
207202,005,9320455,,,Y,nan,,,
216354,007,11813232,,,Y,nan,,,
205098,001,9480652,,,Y,nan,,,
217347,001,11566000,,Y,Y,nan,,,
204824,008,9629959,,,Y,nan,,,
217513,001,7378423,,Y,Y,nan,,,
204569,003,10098892,,,Y,nan,,,
205636,001,10022510,,,Y,nan,,,
210868,002,11020376,,,Y,nan,,,
217899,001,7301050,,Y,Y,nan,,,
210735,003,9662342,,,Y,nan,,,
218395,001,12263176,,,Y,nan,,,
205489,002,8840924,,,Y,nan,,,
210361,001,10543192,,,Y,nan,,,
210563,003,10213386,,,Y,nan,,,
211962,002,11628200,,,Y,nan,,,
217677,003,11504354,,,Y,nan,,,
217677,001,7951958,,Y,,nan,,,
206627,001,9872837,,,Y,nan,,,
210491,002,7776905,,Y,Y,nan,,,
211651,001,8420650,,Y,Y,nan,,,
203168,001,10085958,,,Y,nan,,,
022416,002,9206135,,Y,,nan,,,
208799,005,11344685,,,Y,nan,,,
208798,003,9216260,,,Y,nan,,,
209376,001,11786548,,,Y,nan,,,
213137,001,10017491,,,Y,nan,,,
021610,004,8871779,,Y,,nan,,,
214755,003,11065224,,,Y,nan,,,
218718,001,12178824,,,Y,nan,,,
204824,006,8021335,,,Y,nan,,,
209311,005,9498447,,,Y,nan,,,
210922,001,8642076,,,Y,nan,,,
214787,001,RE46762,,Y,Y,nan,,,
022426,003,8637079,,,Y,nan,,,
022569,002,9731869,,,Y,nan,,,
215985,001,12336983,,,Y,nan,,,
204824,005,11446441,,,Y,nan,,,
022321,001,7682634,,,Y,nan,,,
202880,006,9132096,,,Y,nan,,,
213260,001,12168069,,,Y,nan,,,
217064,001,10772829,,,Y,nan,,,
212725,001,9085565,,Y,Y,nan,,,
021829,005,10350174,,,Y,nan,,,
019034,003,9731082,,,Y,nan,,,
022115,001,8637512,,,Y,nan,,,
206439,001,8338485,,,Y,nan,,,
209299,002,8445485,,,Y,nan,,,
213931,001,8969377,,Y,Y,nan,,,
212535,001,11648262,,,Y,nan,,,
214900,001,10927142,,Y,,nan,,,
217901,001,12263162,,,Y,nan,,,
206627,003,9486413,,,Y,nan,,,
208610,001,8273892,,Y,,nan,,,
213871,003,9035074,,Y,Y,nan,,,
213491,001,9233077,,,Y,nan,,,
207202,004,8258962,,,Y,nan,,,
215206,001,10117836,,,Y,nan,,,
214755,002,11839597,,,Y,nan,,,
021829,001,10130589,,,Y,nan,,,
208798,006,8651103,,,Y,nan,,,
202788,004,9241935,,,Y,nan,,,
209637,001,9108002,,,Y,nan,,,
209939,002,RE46791,,Y,Y,nan,,,
217424,001,10376538,,,Y,nan,,,
203108,001,7727984,,Y,,nan,,,
213051,002,11759502,,,Y,nan,,,
207533,003,9526726,,,Y,nan,,,
205580,001,9265831,,,Y,nan,,,
206940,002,11229627,,,Y,nan,,,
217439,006,8420650,,Y,Y,nan,,,
218276,001,9682968,,Y,Y,nan,,,
201655,006,7851482,,Y,,nan,,,
211349,001,8969336,,Y,Y,nan,,,
211988,004,9744163,,,Y,nan,,,
213586,001,9895447,,,Y,nan,,,
206756,001,7396341,,,Y,nan,,,
201655,002,8192722,,,Y,nan,,,
021272,006,9593066,,Y,,nan,,,
213793,001,8039435,,Y,Y,nan,,,
217581,002,8785632,,Y,Y,nan,,,
216354,005,11813232,,,Y,nan,,,
207947,003,8791122,,Y,Y,nan,,,
021272,001,9593066,,Y,,nan,,,
219293,002,11793809,,,Y,nan,,,
212516,002,12171742,,,Y,nan,,,
021514,001,8632802,,,Y,nan,,,
209500,001,9586960,,Y,Y,nan,,,
209311,001,10905652,,,Y,nan,,,
204485,001,9750785,,,Y,nan,,,
211810,001,9169250,,Y,,nan,,,
209296,001,10500208,,,Y,nan,,,
217901,001,11744967,,,Y,nan,,,
208745,001,11834521,,,Y,nan,,,
213586,002,9925268,,,Y,nan,,,
022272,005,9492389,,,Y,nan,,,
208798,002,8978966,,,Y,nan,,,
022427,001,8512717,,,Y,nan,,,
209410,001,8252331,,,Y,nan,,,
205552,002,8957079,,Y,Y,nan,,,
021529,002,8722037,,,Y,nan,,,
203752,004,9833419,,,Y,nan,,,
214876,002,11730725,,,Y,nan,,,
208799,004,10569034,,,Y,nan,,,
215985,002,12005052,,,Y,nan,,,
214755,002,12226377,,,Y,nan,,,
208313,001,9241948,,,Y,nan,,,
211994,001,8129385,,Y,Y,nan,,,
022184,001,8933120,,,Y,nan,,,
202833,002,9833428,,,Y,nan,,,
210496,002,RE49556,,Y,Y,nan,,,
205636,002,10765820,,,Y,nan,,,
202788,001,8835459,,,Y,nan,,,
206627,007,9750703,,,Y,nan,,,
210922,001,8492359,,,Y,nan,,,
022416,003,9566244,,,Y,nan,,,
218390,003,10919892,,Y,Y,nan,,,
201655,004,8871779,,Y,,nan,,,
022395,001,10034841,,,Y,nan,,,
208026,001,7407955,,Y,Y,nan,,,
217242,001,12042487,,,Y,nan,,,
210598,001,11691948,,,Y,nan,,,
212576,001,11963971,,,Y,nan,,,
216986,003,10973934,,Y,,nan,,,
214324,004,9593066,,Y,,nan,,,
215206,003,10117836,,,Y,nan,,,
209241,003,10906903,,Y,Y,nan,,,
205777,001,9073933,,Y,,nan,,,
210660,001,11648262,,,Y,nan,,,
022416,003,9206135,,Y,,nan,,,
204353,003,11576894,,,Y,nan,,,
208944,001,11065213,,,Y,nan,,,
204286,001,10166206,,,Y,nan,,,
022275,003,10905694,,,Y,nan,,,
216264,001,10927258,,Y,,nan,,,
204326,004,9839619,,,Y,nan,,,
208259,001,11197853,,,Y,nan,,,
201655,001,8871779,,Y,,nan,,,
203255,004,7759308,,,Y,nan,,,
210526,002,8337890,,,Y,nan,,,
208082,002,8524733,,Y,Y,nan,,,
022272,004,11304908,,,Y,nan,,,
205552,002,9181257,,Y,,nan,,,
217806,002,11357820,,,Y,nan,,,
216986,002,11590246,,,Y,nan,,,
211651,003,8735392,,Y,Y,nan,,,
213260,001,11369567,,,Y,nan,,,
208090,005,7399488,,,Y,nan,,,
217785,002,7452882,,Y,Y,nan,,,
217439,002,8420650,,Y,Y,nan,,,
207561,001,8981103,,Y,Y,nan,,,
203341,001,7919625,,,Y,nan,,,
022275,002,8501730,,Y,,nan,,,
208798,005,10124131,,,Y,nan,,,
208073,001,11058677,,,Y,nan,,,
204417,002,8470367,,,Y,nan,,,
206089,003,8778916,,,Y,nan,,,
019430,001,7794432,,,Y,nan,,,
205489,002,9072680,,,Y,nan,,,
216158,001,10925832,,,Y,nan,,,
208798,002,10195375,,,Y,nan,,,
215650,001,12303563,,,Y,nan,,,
210874,003,9616028,,,Y,nan,,,
208798,003,9463288,,,Y,nan,,,
217186,001,12064521,,,Y,nan,,,
208798,006,11173259,,,Y,nan,,,
204824,007,10709844,,,Y,nan,,,
208647,001,10413543,,,Y,nan,,,
209863,003,10478560,,,Y,nan,,,
207960,003,8999386,,,Y,nan,,,
211710,001,10137127,,,Y,nan,,,
201444,001,9585912,,Y,Y,nan,,,
205787,001,9022022,,,Y,nan,,,
213586,005,9925268,,,Y,nan,,,
213378,003,11707466,,,Y,nan,,,
022260,002,8318802,,,Y,nan,,,
206627,002,9492389,,,Y,nan,,,
218614,001,9127276,,Y,,nan,,,
022063,001,8846100,,,Y,nan,,,
211155,001,8193182,,Y,,nan,,,
213433,001,9433628,,,Y,nan,,,
206494,001,8835455,,,Y,nan,,,
022427,001,7842714,,Y,Y,nan,,,
208798,004,11173259,,,Y,nan,,,
202971,001,11648347,,,Y,nan,,,
208341,001,9757406,,,Y,nan,,,
212526,003,8476268,,Y,Y,nan,,,
214120,002,11571436,,,Y,nan,,,
213591,001,7767675,,Y,Y,nan,,,
209863,003,10279131,,,Y,nan,,,
200603,003,8729085,,,Y,nan,,,
206947,002,7612208,,Y,Y,nan,,,
212161,001,7214695,,Y,Y,nan,,,
210660,001,10912795,,,Y,nan,,,
217171,001,10125171,,Y,,nan,,,
022580,003,9011905,,,Y,nan,,,
021038,003,10016396,,,Y,nan,,,
205755,001,7893074,,Y,Y,nan,,,
202813,002,10188811,,,Y,nan,,,
216196,001,11254652,,Y,Y,nan,,,
218390,001,10919892,,Y,Y,nan,,,
213586,003,9895447,,,Y,nan,,,
209637,003,10220155,,,Y,nan,,,
021748,002,7780987,,Y,Y,nan,,,
202788,002,9642844,,,Y,nan,,,
207925,004,10646481,,,Y,nan,,,
214860,002,11154521,,,Y,nan,,,
211964,001,9358204,,,Y,nan,,,
214377,002,10736896,,Y,Y,nan,,,
208798,004,11266796,,,Y,nan,,,
209627,001,10940157,,,Y,nan,,,
208798,003,10124131,,,Y,nan,,,
212950,001,7745625,,Y,,nan,,,
208276,002,9593066,,Y,,nan,,,
205395,002,10039718,,,Y,nan,,,
217424,001,9526738,,,Y,nan,,,
208653,003,8748413,,Y,Y,nan,,,
202278,001,9272137,,,Y,nan,,,
216285,001,11504334,,,Y,nan,,,
021338,001,9095706,,,Y,nan,,,
213736,003,9611267,,Y,Y,nan,,,
214962,002,10925829,,,Y,nan,,,
214860,001,11154521,,,Y,nan,,,
205552,002,10125140,,Y,Y,nan,,,
207921,001,11896759,,,Y,nan,,,
208437,001,9168556,,,Y,nan,,,
207921,002,11583643,,,Y,nan,,,
209299,002,8652492,,,Y,nan,,,
208686,001,11173141,,,Y,nan,,,
204251,001,9421265,,,Y,nan,,,
211488,001,12133878,,,Y,nan,,,
204485,004,12186362,,,Y,nan,,,
022287,002,8871273,,,Y,nan,,,
214938,002,9907834,,,Y,nan,,,
204242,003,10946010,,,Y,nan,,,
205636,002,9782550,,,Y,nan,,,
209935,001,12064434,,,Y,nan,,,
202714,002,9493582,,,Y,nan,,,
206627,006,9486412,,,Y,nan,,,
211651,001,10189837,,Y,Y,nan,,,
022321,002,7815934,,,Y,nan,,,
205437,002,7427638,,Y,Y,nan,,,
022249,003,8445524,,Y,,nan,,,
210906,003,10342813,,,Y,nan,,,
022287,001,8461187,,,Y,nan,,,
209376,002,11998565,,,Y,nan,,,
215700,001,RE49422,,,Y,nan,,,
214835,002,10463607,,,Y,nan,,,
209637,003,9687611,,,Y,nan,,,
209806,001,9308204,,,Y,nan,,,
021038,004,9320712,,,Y,nan,,,
205718,001,10961195,,Y,Y,nan,,,
202880,006,10322120,,,Y,nan,,,
022271,003,8288539,,Y,,nan,,,
208798,006,9782551,,,Y,nan,,,
208623,001,11357765,,Y,,nan,,,
213051,002,11382957,,,Y,nan,,,
206333,001,10500214,,,Y,nan,,,
209128,001,8252328,,,Y,nan,,,
208745,001,11319346,,,Y,nan,,,
021038,003,8338470,,,Y,nan,,,
201739,002,8206360,,,Y,nan,,,
208470,001,8629129,,,Y,nan,,,
022184,001,7851504,,Y,Y,nan,,,
214755,001,10925844,,,Y,nan,,,
206627,007,9486413,,,Y,nan,,,
207930,001,8479730,,,Y,nan,,,
209410,003,8252331,,,Y,nan,,,
022272,002,9492389,,,Y,nan,,,
209376,003,11998565,,,Y,nan,,,
202570,002,8785632,,Y,,nan,,,
208798,006,10195375,,,Y,nan,,,
208558,002,12144810,,,Y,nan,,,
210807,001,10603282,,,Y,nan,,,
212614,003,7407955,,Y,Y,nan,,,
209311,003,9023389,,,Y,nan,,,
210910,001,8486446,,,Y,nan,,,
205552,001,10961251,,,Y,nan,,,
210491,001,RE50453,,Y,Y,nan,,,
212436,001,11065250,,,Y,nan,,,
213498,003,RE43728,,Y,Y,nan,,,
207202,005,8545402,,,Y,nan,,,
213593,001,11103492,,,Y,nan,,,
207958,003,11160786,,,Y,nan,,,
208798,006,11266796,,,Y,nan,,,
216099,001,11298356,,,Y,nan,,,
206073,001,12178819,,,Y,nan,,,
208944,001,8889740,,,Y,nan,,,
022156,001,11103490,,,Y,nan,,,
208798,003,10022510,,,Y,nan,,,
209862,001,8939943,,,Y,nan,,,
206947,002,10407393,,Y,,nan,,,
215985,001,11793796,,,Y,nan,,,
220018,001,11267799,,Y,,nan,,,
202570,001,8785632,,Y,,nan,,,
213976,001,9050368,,,Y,nan,,,
214200,001,9957276,,Y,,nan,,,
215430,001,12156914,,,Y,nan,,,
207589,001,10716799,,,Y,nan,,,
212479,001,11129833,,,Y,nan,,,
204242,005,9259421,,,Y,nan,,,
208799,001,8978966,,,Y,nan,,,
202833,001,9833428,,,Y,nan,,,
206488,001,10781451,,Y,Y,nan,,,
219389,001,11066358,,Y,,nan,,,
215358,003,11407735,,Y,,nan,,,
209482,001,7488827,,Y,Y,nan,,,
022545,001,8613949,,,Y,nan,,,
211651,002,10189837,,Y,Y,nan,,,
212477,001,8088368,,Y,Y,nan,,,
215814,001,11723905,,,Y,nan,,,
206627,002,9486413,,,Y,nan,,,
216157,001,10722502,,,Y,nan,,,
205739,002,8282913,,,Y,nan,,,
208082,003,9814708,,,Y,nan,,,
208799,006,10124131,,,Y,nan,,,
213218,001,10154963,,,Y,nan,,,
212801,003,8314097,,Y,Y,nan,,,
205637,003,9522188,,,Y,nan,,,
217186,003,12178918,,,Y,nan,,,
201655,002,8871779,,Y,,nan,,,
210655,002,9180197,,,Y,nan,,,
214755,003,11052061,,,Y,nan,,,
214907,001,9341629,,Y,Y,nan,,,
207960,001,8287903,,,Y,nan,,,
215985,002,12220409,,,Y,nan,,,
208026,001,9155705,,,Y,nan,,,
216660,001,11583542,,,Y,nan,,,
204326,005,9839619,,,Y,nan,,,
021947,001,7862832,,,Y,nan,,,
022272,001,9492392,,,Y,nan,,,
213137,001,9018210,,Y,Y,nan,,,
021514,002,9034370,,,Y,nan,,,
206910,003,9283209,,Y,Y,nan,,,
020911,001,10022509,,,Y,nan,,,
217469,001,10813976,,,Y,nan,,,
210493,002,10624911,,,Y,nan,,,
204242,001,9259421,,,Y,nan,,,
021880,006,7465800,,Y,Y,nan,,,
209376,002,11786548,,,Y,nan,,,
022321,006,8877247,,,Y,nan,,,
208254,001,11185538,,,Y,nan,,,
213051,006,11382957,,Y,Y,nan,,,
212839,001,7598279,,Y,,nan,,,
203159,001,11628088,,,Y,nan,,,
211358,002,8410274,,,Y,nan,,,
214755,001,12115143,,,Y,nan,,,
206099,001,8550073,,,Y,nan,,,
218591,001,8877938,,Y,Y,nan,,,
208627,001,8039504,,,Y,nan,,,
218772,001,11890273,,,Y,nan,,,
021272,003,9593066,,Y,,nan,,,
217603,001,8383659,,Y,Y,nan,,,
218730,001,7645789,,Y,Y,nan,,,
022399,001,6818787,,Y,Y,nan,,,
203094,001,10039718,,,Y,nan,,,
207921,001,11395888,,,Y,nan,,,
206627,001,9486412,,,Y,nan,,,
209410,001,8895618,,,Y,nan,,,
213312,001,10705070,,,Y,nan,,,
203469,004,8114874,,Y,Y,nan,,,
212273,001,8754224,,Y,Y,nan,,,
208798,008,11266796,,,Y,nan,,,
214876,001,8071623,,Y,Y,nan,,,
218347,001,11661425,,Y,,nan,,,
205739,003,8282913,,,Y,nan,,,
209863,001,11191908,,,Y,nan,,,
021747,001,8733341,,,Y,nan,,,
213189,001,7300931,,Y,Y,nan,,,
202514,001,9999593,,,Y,nan,,,
207202,001,8718193,,,Y,nan,,,
022275,002,10905694,,,Y,nan,,,
022068,003,8163904,,Y,Y,nan,,,
214410,003,10392406,,Y,,nan,,,
215875,003,12133837,,,Y,nan,,,
212614,001,9155705,,,Y,nan,,,
205787,001,9238108,,,Y,nan,,,
210563,003,8754091,,,Y,nan,,,
210251,002,9732092,,Y,Y,nan,,,
210493,001,11529362,,,Y,nan,,,
217439,006,8735392,,Y,Y,nan,,,
204017,001,8246978,,,Y,nan,,,
215358,002,12252478,,,Y,nan,,,
202971,003,8399469,,Y,,nan,,,
020911,001,9808587,,,Y,nan,,,
209863,001,11446440,,,Y,nan,,,
209963,001,11040032,,,Y,nan,,,
216059,001,12268666,,,Y,nan,,,
022272,003,9763933,,,Y,nan,,,
206627,004,9095615,,,Y,nan,,,
206038,002,7495103,,Y,Y,nan,,,
217677,001,12297177,,,Y,nan,,,
208383,001,7598276,,Y,,nan,,,
212038,003,10292938,,,Y,nan,,,
216540,001,10513497,,Y,,nan,,,
022309,002,8759329,,,Y,nan,,,
215401,004,8632802,,,Y,nan,,,
210491,002,10646481,,,Y,nan,,,
211746,001,10376526,,,Y,nan,,,
208623,001,11426396,,Y,,nan,,,
212614,001,7713938,,Y,Y,nan,,,
202080,001,7201920,,,Y,nan,,,
206977,005,10537538,,,Y,nan,,,
210861,002,9127013,,Y,Y,nan,,,
217242,001,9884050,,,Y,nan,,,
022321,002,8685444,,,Y,nan,,,
210563,003,8735403,,Y,Y,nan,,,
211801,001,12016856,,Y,Y,nan,,,
021137,011,10406108,,,Y,nan,,,
216318,001,11311554,,,Y,nan,,,
210192,001,8129385,,Y,Y,nan,,,
202714,003,8207125,,Y,Y,nan,,,
211288,001,7772243,,Y,Y,nan,,,
211723,001,10821113,,Y,Y,nan,,,
213973,001,11612591,,,Y,nan,,,
021038,002,8242158,,,Y,nan,,,
212273,001,RE50453,,Y,Y,nan,,,
213953,003,10576090,,,Y,nan,,,
208010,001,11253528,,,Y,nan,,,
214628,003,12245996,,,Y,nan,,,
022272,005,9763933,,,Y,nan,,,
208313,007,9241948,,,Y,nan,,,
208798,006,9731087,,,Y,nan,,,
206940,002,11311516,,,Y,nan,,,
214231,002,10442847,,Y,Y,nan,,,
201281,002,8883805,,,Y,nan,,,
214755,003,12115144,,,Y,nan,,,
021925,001,7700128,,,Y,nan,,,
209940,001,10603384,,,Y,nan,,,
210491,002,8623905,,Y,Y,nan,,,
208798,007,10022510,,,Y,nan,,,
021937,001,8598185,,,Y,nan,,,
202788,007,8486972,,,Y,nan,,,
208798,005,8714149,,,Y,nan,,,
209637,001,9132239,,,Y,nan,,,
218201,001,10159596,,,Y,nan,,,
217415,001,11759497,,,Y,nan,,,
209637,004,8114833,,,Y,nan,,,
209830,001,10688091,,,Y,nan,,,
019034,002,9731082,,,Y,nan,,,
213051,002,10086047,,,Y,nan,,,
204824,003,10709844,,,Y,nan,,,
209311,005,9023389,,,Y,nan,,,
217906,001,9284314,,Y,,nan,,,
203496,002,8497393,,Y,,nan,,,
209299,001,RE48898,,,Y,nan,,,
211913,006,9750711,,,Y,nan,,,
202714,003,8207297,,Y,Y,nan,,,
211349,001,11938131,,,Y,nan,,,
022145,002,9649311,,,Y,nan,,,
208799,004,11266796,,,Y,nan,,,
021842,002,9101660,,,Y,nan,,,
208944,002,8895614,,,Y,nan,,,
202231,003,9006289,,,Y,nan,,,
210852,003,10849916,,,Y,nan,,,
213756,001,12220403,,,Y,nan,,,
204824,005,8021335,,,Y,nan,,,
022411,002,8133893,,Y,Y,nan,,,
211710,001,10172861,,Y,,nan,,,
212725,001,10398693,,,Y,nan,,,
204760,001,9012469,,Y,Y,nan,,,
216540,001,11260047,,,Y,nan,,,
212614,002,9155705,,,Y,nan,,,
202788,007,8835459,,,Y,nan,,,
209500,003,8648077,,Y,Y,nan,,,
200603,005,8729085,,,Y,nan,,,
203567,001,8486978,,,Y,nan,,,
204326,005,9265737,,,Y,nan,,,
208772,003,9012462,,Y,,nan,,,
206038,001,8410274,,,Y,nan,,,
210563,003,10010507,,,Y,nan,,,
208799,005,8651103,,,Y,nan,,,
022224,001,7259186,,Y,,nan,,,
205395,002,7700645,,Y,Y,nan,,,
208799,006,9216260,,,Y,nan,,,
019734,003,7612102,,,Y,nan,,,
211635,001,12268664,,,Y,nan,,,
207078,001,10695365,,Y,,nan,,,
216986,007,11590246,,,Y,nan,,,
204242,003,8940330,,,Y,nan,,,
212268,001,9687474,,,Y,nan,,,
215039,001,8476268,,Y,Y,nan,,,
215110,001,RE48923,,Y,,nan,,,
208798,008,10765820,,,Y,nan,,,
212535,001,11510941,,,Y,nan,,,
020911,001,10022510,,,Y,nan,,,
021821,001,10588975,,,Y,nan,,,
204275,002,8746242,,,Y,nan,,,
205422,002,10307419,,,Y,nan,,,
209311,004,10905652,,,Y,nan,,,
211367,001,11291633,,,Y,nan,,,
208798,008,9216260,,,Y,nan,,,
204114,002,9155706,,,Y,nan,,,
211109,001,10961190,,Y,,nan,,,
210428,003,9700530,,,Y,nan,,,
210854,002,10392406,,Y,,nan,,,
217186,003,12303605,,,Y,nan,,,
216354,006,11813232,,,Y,nan,,,
218944,002,10683302,,Y,Y,nan,,,
202088,001,8440170,,,Y,nan,,,
218213,002,9714258,,Y,Y,nan,,,
213973,001,11185535,,,Y,nan,,,
206544,001,7955619,,,Y,nan,,,
208564,001,11304959,,,Y,nan,,,
215866,007,11357820,,Y,Y,nan,,,
202810,003,11896599,,,Y,nan,,,
216834,003,10562934,,Y,,nan,,,
215192,003,11324734,,,Y,nan,,,
022075,001,8318201,,,Y,nan,,,
216490,002,11918628,,Y,Y,nan,,,
211964,003,9662338,,,Y,nan,,,
213026,001,9228187,,Y,Y,nan,,,
205858,002,10730879,,Y,Y,nan,,,
201848,001,11241522,,,Y,nan,,,
210526,001,8337890,,,Y,nan,,,
215498,003,10975046,,Y,,nan,,,
209115,002,8754072,,Y,Y,nan,,,
022350,002,7951400,,,Y,nan,,,
215814,001,11498913,,,Y,nan,,,
218201,001,10022264,,,Y,nan,,,
021994,001,8323630,,,Y,nan,,,
208799,006,11000653,,,Y,nan,,,
205787,001,8016788,,,Y,nan,,,
206439,004,8338485,,,Y,nan,,,
216655,002,11701352,,,Y,nan,,,
021829,003,10130589,,,Y,nan,,,
021842,001,9101660,,,Y,nan,,,
212038,006,10507186,,,Y,nan,,,
213005,003,11744835,,,Y,nan,,,
206627,004,9486412,,,Y,nan,,,
204114,002,9271941,,,Y,nan,,,
207202,003,11229378,,,Y,nan,,,
218390,003,10906902,,Y,Y,nan,,,
019430,002,8048035,,,Y,nan,,,
211962,003,12161690,,,Y,nan,,,
021992,002,8269040,,Y,,nan,,,
022519,001,8318202,,,Y,nan,,,
207793,001,10993914,,,Y,nan,,,
210875,001,10821074,,,Y,nan,,,
210563,001,9725455,,Y,,nan,,,
022272,001,12280152,,,Y,nan,,,
022500,002,8623409,,,Y,nan,,,
202192,004,8415362,,Y,Y,nan,,,
022156,002,8658676,,,Y,nan,,,
219379,001,11571402,,,Y,nan,,,
204734,001,8980327,,,Y,nan,,,
210864,001,9493582,,,Y,nan,,,
212614,002,9415016,,,Y,nan,,,
202788,001,10610523,,,Y,nan,,,
205596,001,8410077,,,Y,nan,,,
020911,002,9463289,,,Y,nan,,,
022272,002,8894988,,,Y,nan,,,
205787,001,10335549,,,Y,nan,,,
020911,002,10022509,,,Y,nan,,,
211358,002,8653103,,,Y,nan,,,
207947,005,8791122,,Y,Y,nan,,,
208624,001,10201541,,,Y,nan,,,
210563,001,10125140,,Y,Y,nan,,,
210526,002,8747902,,,Y,nan,,,
217439,004,10189837,,Y,Y,nan,,,
021986,004,8680103,,,Y,nan,,,
203188,001,10646481,,,Y,nan,,,
212725,001,8299057,,Y,Y,nan,,,
210259,001,7459554,,Y,,nan,,,
019034,003,9248229,,,Y,nan,,,
216986,007,8114863,,Y,,nan,,,
213378,004,9119848,,Y,,nan,,,
208799,002,9216260,,,Y,nan,,,
212535,001,11679125,,,Y,nan,,,
022272,007,11304908,,,Y,nan,,,
211746,001,12303635,,Y,Y,nan,,,
208798,007,10195375,,,Y,nan,,,
203496,002,11723887,,Y,,nan,,,
215039,003,8227462,,Y,Y,nan,,,
213593,001,11633478,,,Y,nan,,,
202788,003,9642844,,,Y,nan,,,
210136,007,11135215,,,Y,nan,,,
202324,002,6534524,,Y,Y,nan,,,
211962,007,10849956,,,Y,nan,,,
214787,002,10065958,,Y,,nan,,,
206316,001,9149532,,,Y,nan,,,
209776,001,10172874,,,Y,nan,,,
214755,001,12115142,,,Y,nan,,,
212887,001,10927129,,Y,Y,nan,,,
213388,001,11542239,,Y,Y,nan,,,
208798,008,11439777,,,Y,nan,,,
214755,001,11065224,,,Y,nan,,,
218390,001,10906902,,Y,Y,nan,,,
209311,001,8927010,,,Y,nan,,,
216793,001,11091459,,Y,Y,nan,,,
211675,003,11718627,,Y,Y,nan,,,
022426,002,8288539,,Y,,nan,,,
213433,001,9211295,,,Y,nan,,,
213051,003,11382957,,,Y,nan,,,
022387,001,9339507,,,Y,nan,,,
207925,003,8883206,,,Y,nan,,,
201373,002,8933097,,,Y,nan,,,
021272,003,11723887,,Y,,nan,,,
216834,002,10562934,,Y,,nan,,,
201739,002,8021344,,,Y,nan,,,
208653,001,8461137,,Y,Y,nan,,,
022108,001,7671094,,,Y,nan,,,
208686,001,11141405,,,Y,nan,,,
206439,004,8598233,,,Y,nan,,,
208901,001,8921374,,,Y,nan,,,
022068,002,8293756,,,Y,nan,,,
202192,004,8722693,,Y,Y,nan,,,
206627,003,9486412,,,Y,nan,,,
022524,001,8580830,,,Y,nan,,,
201292,001,RE43431,,Y,,nan,,,
205552,001,7514444,,Y,Y,nan,,,
214377,001,8420656,,Y,Y,nan,,,
203756,002,9717720,,,Y,nan,,,
217186,002,12274793,,,Y,nan,,,
206940,001,11160792,,,Y,nan,,,
212516,003,10959982,,,Y,nan,,,
206628,004,9649296,,,Y,nan,,,
208799,005,10124131,,,Y,nan,,,
200603,003,9907794,,,Y,nan,,,
209862,001,8226610,,,Y,nan,,,
200678,002,8628799,,,Y,nan,,,
212839,004,7598279,,Y,,nan,,,
209410,004,8895618,,,Y,nan,,,
210563,004,7514444,,Y,Y,nan,,,
211358,001,8410274,,,Y,nan,,,
216490,003,11759504,,,Y,nan,,,
202992,002,8802735,,,Y,nan,,,
209305,001,10729720,,,Y,nan,,,
210296,001,10105337,,,Y,nan,,,
200063,001,7375111,,,Y,nan,,,
209637,002,9132239,,,Y,nan,,,
210563,003,9655857,,,Y,nan,,,
022272,005,8894988,,,Y,nan,,,
205065,001,9216178,,,Y,nan,,,
202788,003,10016403,,,Y,nan,,,
218201,001,10166141,,,Y,nan,,,
212535,001,10653719,,,Y,nan,,,
208799,004,10124131,,,Y,nan,,,
214377,002,8420656,,Y,Y,nan,,,
209115,002,9987285,,,Y,nan,,,
207500,002,6812238,,Y,,nan,,,
209128,001,11676691,,,Y,nan,,,
214876,001,8436185,,Y,,nan,,,
205122,003,8652527,,,Y,nan,,,
208799,006,8714149,,,Y,nan,,,
204242,006,8940330,,,Y,nan,,,
022272,002,9073933,,Y,,nan,,,
213005,001,11744835,,,Y,nan,,,
208090,002,8449909,,,Y,nan,,,
021035,004,8802142,,,Y,nan,,,
204822,001,8178582,,,Y,nan,,,
022287,001,9011926,,,Y,nan,,,
202895,001,7700645,,Y,Y,nan,,,
207621,001,7815934,,,Y,nan,,,
218637,001,8133893,,Y,Y,nan,,,
214278,001,10835488,,,Y,nan,,,
212122,001,11331442,,,Y,nan,,,
209311,003,11241392,,,Y,nan,,,
204824,004,8814834,,,Y,nan,,,
022272,004,11964056,,,Y,nan,,,
207921,001,11559637,,,Y,nan,,,
215985,001,12257242,,,Y,nan,,,
019734,005,9364564,,,Y,nan,,,
202810,002,8617600,,,Y,nan,,,
208401,001,12186360,,,Y,nan,,,
214876,001,11730725,,,Y,nan,,,
022318,001,9095509,,,Y,nan,,,
207202,004,8114021,,,Y,nan,,,
212379,001,10265404,,,Y,nan,,,
219616,001,7928109,,Y,Y,nan,,,
205787,001,7731686,,,Y,nan,,,
210428,004,9504655,,,Y,nan,,,
208573,002,8722657,,Y,,nan,,,
205489,001,9072680,,,Y,nan,,,
021908,001,8338639,,,Y,nan,,,
209905,001,11160772,,,Y,nan,,,
213189,001,10669236,,Y,Y,nan,,,
212904,001,7166722,,Y,Y,nan,,,
022272,003,9492389,,,Y,nan,,,
217660,001,11453655,,Y,Y,nan,,,
201292,002,8545884,,,Y,nan,,,
215401,004,9474722,,,Y,nan,,,
203255,002,7473761,,Y,Y,nan,,,
202788,006,10610523,,,Y,nan,,,
205552,001,8697711,,Y,Y,nan,,,
217006,001,8399469,,Y,,nan,,,
210874,001,7919598,,Y,,nan,,,
219301,001,11230537,,Y,Y,nan,,,
211675,003,9951080,,Y,Y,nan,,,
022272,003,12246094,,,Y,nan,,,
200796,002,9066936,,,Y,nan,,,
206940,002,11160792,,,Y,nan,,,
214096,001,9284300,,,Y,nan,,,
204824,007,9629959,,,Y,nan,,,
208564,002,10806697,,,Y,nan,,,
202714,002,8207126,,,Y,nan,,,
210496,001,9387208,,,Y,nan,,,
208799,003,9463288,,,Y,nan,,,
208434,001,9440922,,,Y,nan,,,
021514,004,8632802,,,Y,nan,,,
202833,002,8372827,,,Y,nan,,,
211109,001,8906887,,,Y,nan,,,
022272,007,11964056,,,Y,nan,,,
211340,001,11364230,,,Y,nan,,,
215413,001,8129385,,Y,Y,nan,,,
209863,003,9533102,,,Y,nan,,,
217729,001,7919625,,,Y,nan,,,
204026,004,8828427,,Y,Y,nan,,,
208799,005,9731087,,,Y,nan,,,
208798,007,11969544,,,Y,nan,,,
215192,003,8598210,,Y,Y,nan,,,
207202,001,8961412,,,Y,nan,,,
210875,004,10821074,,,Y,nan,,,
208910,002,10959946,,,Y,nan,,,
205636,002,11439777,,,Y,nan,,,
208573,003,8722657,,Y,,nan,,,
205636,002,9463288,,,Y,nan,,,
211765,001,10117836,,,Y,nan,,,
204760,002,9012469,,Y,Y,nan,,,
207960,003,8287903,,,Y,nan,,,
214154,001,11964055,,,Y,nan,,,
207999,001,9238673,,,Y,nan,,,
022108,003,7662407,,,Y,nan,,,
214755,001,12138239,,,Y,nan,,,
210875,005,9044475,,,Y,nan,,,
206627,003,11304908,,,Y,nan,,,
202992,001,8802735,,,Y,nan,,,
214876,003,11730725,,,Y,nan,,,
022107,001,8618172,,,Y,nan,,,
204824,008,9533102,,,Y,nan,,,
209863,001,10478560,,,Y,nan,,,
218709,001,10548889,,,Y,nan,,,
213137,002,9447071,,Y,Y,nan,,,
212038,001,10512612,,,Y,nan,,,
211488,001,9572857,,,Y,nan,,,
209279,001,7959945,,,Y,nan,,,
217677,002,10590087,,Y,,nan,,,
202293,002,7919598,,Y,,nan,,,
021976,002,7700645,,Y,Y,nan,,,
208171,003,10414831,,Y,Y,nan,,,
215700,003,10251848,,,Y,nan,,,
210428,001,9504655,,,Y,nan,,,
214755,003,11766418,,,Y,nan,,,
215985,002,12257242,,,Y,nan,,,
208910,001,10493028,,,Y,nan,,,
217439,002,8735392,,Y,Y,nan,,,
216962,001,10730895,,Y,,nan,,,
210428,001,9700530,,,Y,nan,,,
211765,002,11925709,,,Y,nan,,,
205395,001,10039718,,,Y,nan,,,
214755,001,10973795,,,Y,nan,,,
218276,001,11603363,,Y,Y,nan,,,
218730,001,8623905,,Y,Y,nan,,,
211810,001,10941142,,,Y,nan,,,
204326,004,8840924,,,Y,nan,,,
207921,002,10561808,,,Y,nan,,,
219293,002,10874671,,,Y,nan,,,
207202,003,8545402,,,Y,nan,,,
021035,001,8802142,,,Y,nan,,,
214324,004,10772883,,,Y,nan,,,
208462,003,7687662,,Y,Y,nan,,,
214755,003,10736866,,,Y,nan,,,
212268,003,10022445,,,Y,nan,,,
215256,002,8536122,,Y,Y,nan,,,
218390,002,10906902,,Y,Y,nan,,,
212614,003,7713938,,Y,Y,nan,,,
217806,003,9474780,,Y,Y,nan,,,
204114,002,9399021,,,Y,nan,,,
212801,003,10143680,,,Y,nan,,,
210493,001,10624911,,,Y,nan,,,
210563,002,9655857,,,Y,nan,,,
208692,003,9724342,,,Y,nan,,,
210563,004,10961251,,,Y,nan,,,
205436,001,10065947,,,Y,nan,,,
204708,001,10201517,,,Y,nan,,,
214377,003,8420656,,Y,Y,nan,,,
214755,002,12144793,,,Y,nan,,,
215904,001,8318714,,,Y,nan,,,
205637,002,8703177,,,Y,nan,,,
216157,001,9447071,,Y,Y,nan,,,
205755,001,7964592,,Y,Y,nan,,,
213005,002,11744836,,,Y,nan,,,
213051,002,11759501,,,Y,nan,,,
215192,001,11324734,,,Y,nan,,,
209410,004,8987333,,,Y,nan,,,
212801,001,9434754,,Y,,nan,,,
212306,002,8999996,,Y,Y,nan,,,
208325,003,10344765,,,Y,nan,,,
214902,001,12156946,,,Y,nan,,,
021610,005,8871779,,Y,,nan,,,
201281,003,9155705,,,Y,nan,,,
203496,001,11723887,,Y,,nan,,,
208799,005,10765820,,,Y,nan,,,
208799,004,9216260,,,Y,nan,,,
211635,002,10265402,,,Y,nan,,,
217003,001,10961251,,,Y,nan,,,
216117,004,9707217,,,Y,nan,,,
202714,001,9493582,,,Y,nan,,,
208799,001,8714149,,,Y,nan,,,
204824,007,9533102,,,Y,nan,,,
209637,001,8114833,,,Y,nan,,,
208798,006,11357935,,,Y,nan,,,
206947,002,10259791,,Y,,nan,,,
021361,002,9271968,,,Y,nan,,,
211367,001,12280151,,,Y,nan,,,
209884,001,12071402,,,Y,nan,,,
202231,002,9006289,,,Y,nan,,,
209299,001,7449458,,Y,,nan,,,
207202,003,8718193,,,Y,nan,,,
209637,003,RE46363,,,Y,nan,,,
216457,001,11173118,,,Y,nan,,,
210868,001,11299500,,Y,,nan,,,
210563,003,8697711,,Y,Y,nan,,,
209627,001,12303518,,,Y,nan,,,
204592,002,9017721,,,Y,nan,,,
202880,004,9132096,,,Y,nan,,,
211673,001,8153689,,Y,Y,nan,,,
207960,002,8287903,,,Y,nan,,,
209637,001,10220155,,,Y,nan,,,
218711,001,12090135,,,Y,nan,,,
207202,006,9119554,,,Y,nan,,,
207793,001,8992970,,Y,Y,nan,,,
022496,002,12156940,,,Y,nan,,,
201739,001,8226610,,,Y,nan,,,
202331,002,9066936,,,Y,nan,,,
210136,006,11135215,,,Y,nan,,,
208437,001,10688518,,,Y,nan,,,
207202,003,11476952,,,Y,nan,,,
022321,006,8685444,,,Y,nan,,,
211801,001,8541448,,Y,Y,nan,,,
209478,001,10624906,,,Y,nan,,,
022395,001,8821920,,,Y,nan,,,
210491,002,RE50453,,Y,Y,nan,,,
208171,002,12030962,,Y,Y,nan,,,
201699,001,7863249,,Y,Y,nan,,,
201292,002,10004743,,,Y,nan,,,
216354,006,8524733,,Y,Y,nan,,,
208090,005,8449909,,,Y,nan,,,
210660,001,11642370,,,Y,nan,,,
215875,001,11207280,,,Y,nan,,,
021829,002,10350174,,,Y,nan,,,
208026,002,9155705,,,Y,nan,,,
217604,001,11229606,,,Y,nan,,,
205739,002,8147873,,,Y,nan,,,
217003,001,9296753,,Y,,nan,,,
021688,003,9375405,,,Y,nan,,,
212304,001,9993466,,,Y,nan,,,
206494,001,9695122,,Y,,nan,,,
208799,001,10124131,,,Y,nan,,,
208798,002,11969544,,,Y,nan,,,
218390,002,10906903,,Y,Y,nan,,,
021272,007,11723887,,Y,,nan,,,
021717,001,10350180,,,Y,nan,,,
210331,001,8871241,,,Y,nan,,,
208780,001,10188637,,,Y,nan,,,
022309,001,8486925,,,Y,nan,,,
204441,004,10905694,,,Y,nan,,,
202833,001,8278292,,,Y,nan,,,
208799,005,9782550,,,Y,nan,,,
204760,002,7786133,,Y,Y,nan,,,
216986,005,10973934,,Y,,nan,,,
210296,001,10918617,,,Y,nan,,,
204242,002,10946010,,,Y,nan,,,
209184,001,8945612,,,Y,nan,,,
212937,001,11291728,,,Y,nan,,,
213593,001,12042539,,,Y,nan,,,
202570,002,8217057,,Y,Y,nan,,,
202811,002,8802628,,,Y,nan,,,
209637,004,9132239,,,Y,nan,,,
210450,002,11542239,,Y,Y,nan,,,
218730,001,10646481,,,Y,nan,,,
211765,001,12310953,,,Y,nan,,,
214628,001,11602508,,,Y,nan,,,
208799,004,11173259,,,Y,nan,,,
211358,001,8754224,,Y,Y,nan,,,
022309,002,8486925,,,Y,nan,,,
208799,001,10765820,,,Y,nan,,,
211675,002,12077545,,,Y,nan,,,
214324,004,10421729,,,Y,nan,,,
217677,001,12116347,,,Y,nan,,,
204824,006,9867949,,,Y,nan,,,
204223,002,9248229,,,Y,nan,,,
201739,003,7947017,,,Y,nan,,,
207561,001,7390791,,Y,Y,nan,,,
022024,002,7785627,,,Y,nan,,,
204370,003,7943621,,Y,Y,nan,,,
207202,003,9149577,,,Y,nan,,,
216951,003,8324208,,Y,Y,nan,,,
208799,002,9731087,,,Y,nan,,,
208798,008,10124131,,,Y,nan,,,
022249,001,8436190,,,Y,nan,,,
213586,007,9717799,,,Y,nan,,,
204242,001,10946010,,,Y,nan,,,
211962,001,11628200,,,Y,nan,,,
206627,007,9770416,,,Y,nan,,,
215206,002,10117836,,,Y,nan,,,
217581,001,7230098,,Y,,nan,,,
022309,003,8466136,,,Y,nan,,,
216490,001,11759504,,,Y,nan,,,
217225,001,7538211,,Y,,nan,,,
209299,002,7449458,,Y,,nan,,,
214487,001,8445515,,Y,Y,nan,,,
214410,001,8927710,,,Y,nan,,,
209905,005,10441554,,,Y,nan,,,
203826,004,12257342,,,Y,nan,,,
213586,005,9895447,,,Y,nan,,,
217677,001,11504354,,,Y,nan,,,
205422,005,7888362,,Y,,nan,,,
211996,001,7214695,,Y,Y,nan,,,
208799,004,11351317,,,Y,nan,,,
210864,002,7635773,,,Y,nan,,,
202714,002,7232818,,Y,Y,nan,,,
204824,008,11446441,,,Y,nan,,,
215498,002,12091394,,Y,,nan,,,
215401,003,8591941,,,Y,nan,,,
214324,005,10421729,,,Y,nan,,,
208658,003,7713938,,Y,Y,nan,,,
217186,002,12064521,,,Y,nan,,,
019734,004,9364564,,,Y,nan,,,
208799,005,11439777,,,Y,nan,,,
050819,001,9078870,,,Y,nan,,,
204326,001,9017731,,,Y,nan,,,
203255,001,9351923,,,Y,nan,,,
209241,003,10919892,,Y,Y,nan,,,
210563,001,8957079,,Y,Y,nan,,,
211765,002,8912210,,Y,Y,nan,,,
219389,002,11066358,,Y,,nan,,,
208573,002,11369599,,,Y,nan,,,
217424,001,8282967,,Y,,nan,,,
204824,004,11684723,,,Y,nan,,,
214275,001,8791122,,Y,Y,nan,,,
022580,003,8580298,,,Y,nan,,,
206627,001,9770416,,,Y,nan,,,
209863,003,10357609,,,Y,nan,,,
210491,002,8754224,,Y,Y,nan,,,
205422,002,7888362,,Y,,nan,,,
022427,001,9192571,,,Y,nan,,,
206089,001,11179402,,Y,Y,nan,,,
208610,001,7728143,,Y,,nan,,,
210655,001,9180197,,,Y,nan,,,
202428,001,8808716,,,Y,nan,,,
211675,001,11718627,,Y,Y,nan,,,
211675,002,11198697,,,Y,nan,,,
022426,004,8637079,,,Y,nan,,,
212801,001,8835646,,Y,Y,nan,,,
204447,004,8722684,,Y,Y,nan,,,
208325,002,11162500,,,Y,nan,,,
217439,005,10189837,,Y,Y,nan,,,
021514,004,9034370,,,Y,nan,,,
018207,004,8133893,,Y,Y,nan,,,
210598,001,8034946,,,Y,nan,,,
216457,001,12115255,,,Y,nan,,,
200603,001,RE45573,,Y,,nan,,,
206030,001,8410077,,,Y,nan,,,
217806,004,9474780,,Y,Y,nan,,,
050790,002,9669974,,,Y,nan,,,
207202,001,9149577,,,Y,nan,,,
209472,001,11793813,,,Y,nan,,,
204417,002,8425938,,,Y,nan,,,
204326,001,9265737,,,Y,nan,,,
208246,002,10639309,,,Y,nan,,,
206089,003,10617696,,Y,Y,nan,,,
210598,001,7288657,,Y,,nan,,,
210450,002,12102637,,,Y,nan,,,
205636,001,10124131,,,Y,nan,,,
210656,002,10414748,,Y,Y,nan,,,
213498,004,RE43728,,Y,Y,nan,,,
213871,001,9035074,,Y,Y,nan,,,
022275,001,10905694,,,Y,nan,,,
211675,001,12110297,,,Y,nan,,,
215875,005,10653646,,,Y,nan,,,
218730,002,10047053,,Y,,nan,,,
210854,002,10759814,,Y,Y,nan,,,
211675,001,9951080,,Y,Y,nan,,,
212436,002,11065250,,,Y,nan,,,
202971,004,11648347,,,Y,nan,,,
203756,001,11091439,,Y,,nan,,,
215700,001,10888534,,,Y,nan,,,
022519,001,8309127,,,Y,nan,,,
201739,003,11590286,,,Y,nan,,,
209862,001,9022022,,,Y,nan,,,
212018,003,8895601,,Y,Y,nan,,,
202880,001,9132096,,,Y,nan,,,
217186,001,11357733,,,Y,nan,,,
210251,001,7390791,,Y,Y,nan,,,
212994,002,9079928,,,Y,nan,,,
215700,002,10888534,,,Y,nan,,,
021610,001,8871779,,Y,,nan,,,
204242,005,10946010,,,Y,nan,,,
208624,001,8691938,,Y,Y,nan,,,
209899,001,8796318,,Y,Y,nan,,,
214200,001,8598197,,Y,Y,nan,,,
205435,001,10065947,,,Y,nan,,,
213378,004,11707466,,,Y,nan,,,
215192,001,10149842,,Y,Y,nan,,,
018613,001,7977324,,,Y,nan,,,
203752,005,9724310,,Y,Y,nan,,,
208692,002,11091440,,,Y,nan,,,
201292,003,RE43431,,Y,,nan,,,
207925,005,8754224,,Y,Y,nan,,,
213973,001,11793795,,,Y,nan,,,
213378,002,9119848,,Y,,nan,,,
212614,001,9415016,,,Y,nan,,,
022272,005,12246094,,,Y,nan,,,
207202,002,8718193,,,Y,nan,,,
214876,002,8436185,,Y,,nan,,,
210793,001,10646480,,,Y,nan,,,
210134,001,10765602,,,Y,nan,,,
021986,005,8680103,,,Y,nan,,,
209940,002,RE46791,,Y,Y,nan,,,
205489,001,8840924,,,Y,nan,,,
214200,001,12168666,,Y,Y,nan,,,
206089,001,10617696,,Y,Y,nan,,,
021252,002,8436051,,,Y,nan,,,
214103,001,11446380,,Y,Y,nan,,,
207318,001,7923564,,Y,Y,nan,,,
211746,001,9937189,,,Y,nan,,,
208313,003,9241948,,,Y,nan,,,
206627,006,9095615,,,Y,nan,,,
207986,001,9220796,,,Y,nan,,,
213756,001,8178693,,Y,Y,nan,,,
022321,002,8877247,,,Y,nan,,,
216686,001,11065265,,,Y,nan,,,
200677,001,7473761,,Y,Y,nan,,,
201292,001,10004743,,,Y,nan,,,
212038,003,10507186,,,Y,nan,,,
208259,001,9415043,,Y,,nan,,,
209935,001,8685980,,Y,Y,nan,,,
213591,001,12208101,,,Y,nan,,,
207561,001,10039718,,,Y,nan,,,
208798,004,9463288,,,Y,nan,,,
209500,001,9616061,,,Y,nan,,,
022430,001,7947739,,,Y,nan,,,
214965,001,7973081,,,Y,nan,,,
021947,003,7862833,,,Y,nan,,,
207202,006,9433371,,,Y,nan,,,
208611,001,RE46617,,Y,,nan,,,
213411,001,8648087,,Y,Y,nan,,,
210455,001,10039718,,,Y,nan,,,
209410,004,8252331,,,Y,nan,,,
216490,003,11890326,,Y,Y,nan,,,
207202,001,9941931,,,Y,nan,,,
217660,001,7645789,,Y,Y,nan,,,
210854,002,11261198,,,Y,nan,,,
213586,001,9717799,,,Y,nan,,,
208434,001,9365514,,,Y,nan,,,
215498,004,10975046,,Y,,nan,,,
210913,001,10918694,,,Y,nan,,,
210296,001,9636319,,,Y,nan,,,
210563,002,9725455,,Y,,nan,,,
209637,004,9457154,,,Y,nan,,,
208798,007,10765820,,,Y,nan,,,
212038,005,10688060,,,Y,nan,,,
209355,001,8809307,,,Y,nan,,,
214846,001,8058280,,Y,Y,nan,,,
202833,002,8372828,,,Y,nan,,,
207233,002,9649318,,,Y,nan,,,
207533,004,8431576,,Y,,nan,,,
206111,001,7579449,,Y,,nan,,,
209478,001,10493083,,,Y,nan,,,
210854,003,12064438,,,Y,nan,,,
207318,002,7732615,,Y,Y,nan,,,
217186,004,11357733,,,Y,nan,,,
215341,001,RE49826,,Y,,nan,,,
209816,001,9314475,,,Y,nan,,,
021343,001,11771841,,Y,Y,nan,,,
212489,002,10071085,,,Y,nan,,,
218213,002,12187739,,,Y,nan,,,
204114,001,9155706,,,Y,nan,,,
207155,001,8410077,,,Y,nan,,,
212614,003,7579449,,Y,,nan,,,
210735,001,9662342,,,Y,nan,,,
213586,006,9023897,,,Y,nan,,,
206977,015,11096913,,,Y,nan,,,
207202,001,9320455,,,Y,nan,,,
211710,001,9127013,,Y,Y,nan,,,
022275,003,8501730,,Y,,nan,,,
207202,004,11229378,,,Y,nan,,,
218730,001,8865902,,Y,Y,nan,,,
206977,007,10537538,,,Y,nan,,,
208194,001,11872214,,,Y,nan,,,
210565,001,11872318,,,Y,nan,,,
216986,002,10973934,,Y,,nan,,,
214755,001,11766418,,,Y,nan,,,
209410,002,8889740,,,Y,nan,,,
208090,005,7771707,,,Y,nan,,,
209862,001,8231573,,,Y,nan,,,
208799,006,11439777,,,Y,nan,,,
215446,001,11826352,,,Y,nan,,,
207533,001,8431576,,Y,,nan,,,
209022,001,11033696,,,Y,nan,,,
210563,004,8735403,,Y,Y,nan,,,
204242,004,9439900,,,Y,nan,,,
208799,006,11357935,,,Y,nan,,,
207078,002,11406662,,Y,,nan,,,
210526,003,9675704,,,Y,nan,,,
214787,001,11975017,,,Y,nan,,,
209379,002,11998565,,,Y,nan,,,
203496,003,8497393,,Y,,nan,,,
207202,005,9941931,,,Y,nan,,,
216655,003,11331315,,,Y,nan,,,
215401,004,9034370,,,Y,nan,,,
205858,001,10730879,,Y,Y,nan,,,
205552,002,8754091,,,Y,nan,,,
211728,001,9040074,,,Y,nan,,,
022496,001,12156940,,,Y,nan,,,
209637,004,8684969,,,Y,nan,,,
206619,001,8691938,,Y,Y,nan,,,
212154,001,9079934,,Y,Y,nan,,,
203389,002,9233077,,,Y,nan,,,
203752,003,8231906,,Y,Y,nan,,,
206977,005,11096913,,,Y,nan,,,
021994,001,8268299,,,Y,nan,,,
214860,004,11154521,,,Y,nan,,,
204824,002,8562564,,,Y,nan,,,
209410,003,8987333,,,Y,nan,,,
208558,001,11975001,,,Y,nan,,,
217439,006,8012976,,Y,Y,nan,,,
208692,002,11091439,,Y,,nan,,,
204824,002,9533102,,,Y,nan,,,
022115,002,8637512,,,Y,nan,,,
202570,001,7230098,,Y,,nan,,,
208090,005,8557291,,,Y,nan,,,
215401,003,9034370,,,Y,nan,,,
208798,005,9731087,,,Y,nan,,,
214410,001,11261198,,,Y,nan,,,
210526,001,8747902,,,Y,nan,,,
204114,002,7378423,,Y,Y,nan,,,
202207,001,9439985,,,Y,nan,,,
210874,001,9616028,,,Y,nan,,,
022051,002,8147461,,,Y,nan,,,
050790,002,8561859,,,Y,nan,,,
207960,003,8202537,,,Y,nan,,,
209090,001,8633194,,,Y,nan,,,
214876,001,11091459,,,Y,nan,,,
208692,002,7579473,,Y,Y,nan,,,
022036,002,9532971,,,Y,nan,,,
206627,004,9872837,,,Y,nan,,,
210563,002,8008309,,Y,Y,nan,,,
217424,001,10265334,,,Y,nan,,,
204286,001,10166205,,,Y,nan,,,
205223,001,10596155,,,Y,nan,,,
208564,001,11116717,,,Y,nan,,,
022272,005,9492392,,,Y,nan,,,
021488,001,11931559,,Y,,nan,,,
214900,001,10174074,,Y,Y,nan,,,
201848,001,9314561,,,Y,nan,,,
204370,001,7943621,,Y,Y,nan,,,
212516,004,12171742,,,Y,nan,,,
215842,003,10351854,,Y,Y,nan,,,
217677,002,7951958,,Y,,nan,,,
208798,005,10569034,,,Y,nan,,,
218466,001,8227462,,Y,Y,nan,,,
211911,001,10441543,,,Y,nan,,,
218213,001,9714258,,Y,Y,nan,,,
212306,003,9714226,,Y,Y,nan,,,
201656,001,9539302,,,Y,nan,,,
214517,001,11566011,,Y,Y,nan,,,
206544,002,10314788,,,Y,nan,,,
211226,001,11541012,,,Y,nan,,,
204042,001,7943788,,Y,Y,nan,,,
204824,008,11684723,,,Y,nan,,,
214801,001,10434103,,Y,Y,nan,,,
206627,006,9084816,,,Y,nan,,,
203756,001,7579473,,Y,Y,nan,,,
211371,001,10117951,,,Y,nan,,,
019734,003,10758616,,,Y,nan,,,
214410,002,11925648,,,Y,nan,,,
205636,002,8651103,,,Y,nan,,,
208799,004,11357935,,,Y,nan,,,
021688,002,9375405,,,Y,nan,,,
212520,001,11541036,,,Y,nan,,,
208798,003,8651103,,,Y,nan,,,
209184,001,8545878,,,Y,nan,,,
211635,002,12268664,,,Y,nan,,,
202231,001,9006289,,,Y,nan,,,
210854,001,9815835,,,Y,nan,,,
202714,002,7417042,,Y,Y,nan,,,
207202,004,9320455,,,Y,nan,,,
021361,002,7906542,,Y,Y,nan,,,
216834,003,11535650,,,Y,nan,,,
021433,002,7500444,,,Y,nan,,,
211172,001,8697860,,,Y,nan,,,
204114,003,9399021,,,Y,nan,,,
208799,001,9463288,,,Y,nan,,,
214358,002,7932273,,Y,Y,nan,,,
207202,006,10517507,,,Y,nan,,,
207202,005,8961412,,,Y,nan,,,
203756,001,9717720,,,Y,nan,,,
208798,008,9782550,,,Y,nan,,,
022426,003,8288539,,Y,,nan,,,
204242,004,9259421,,,Y,nan,,,
208798,004,10569034,,,Y,nan,,,
022249,001,8895756,,,Y,nan,,,
208573,001,10730873,,Y,,nan,,,
021038,003,9320712,,,Y,nan,,,
218730,001,11066417,,Y,Y,nan,,,
210632,003,9782376,,,Y,nan,,,
203389,001,9233077,,,Y,nan,,,
214621,001,10350170,,,Y,nan,,,
209241,002,8039627,,Y,Y,nan,,,
205552,002,10106548,,Y,Y,nan,,,
213051,004,11382957,,Y,Y,nan,,,
212994,003,10759778,,,Y,nan,,,
202429,001,8741920,,Y,Y,nan,,,
211962,007,11628200,,,Y,nan,,,
214787,002,11492353,,Y,,nan,,,
201281,001,8883805,,,Y,nan,,,
208624,001,8420596,,Y,Y,nan,,,
210563,003,10106548,,Y,Y,nan,,,
021842,002,9320714,,,Y,nan,,,
214755,003,12144793,,,Y,nan,,,
210861,002,10172861,,Y,Y,nan,,,
218730,001,10047053,,Y,,nan,,,
021641,002,7572834,,,Y,nan,,,
022272,005,10407434,,Y,,nan,,,
208437,001,9265900,,,Y,nan,,,
207202,002,8258962,,,Y,nan,,,
216793,002,11091459,,Y,Y,nan,,,
201281,001,10973827,,,Y,nan,,,
019034,005,9731082,,,Y,nan,,,
022399,001,8026279,,Y,Y,nan,,,
204958,001,9295687,,,Y,nan,,,
208692,001,11091439,,Y,,nan,,,
210942,001,10226423,,,Y,nan,,,
021947,005,7862833,,,Y,nan,,,
211913,003,9700535,,,Y,nan,,,
211448,002,9694008,,,Y,nan,,,
219249,002,11028100,,Y,Y,nan,,,
214787,001,8008264,,Y,Y,nan,,,
022272,006,9492389,,,Y,nan,,,
210296,001,10945985,,,Y,nan,,,
213978,001,11903942,,,Y,nan,,,
210922,001,8058069,,,Y,nan,,,
214755,002,11896572,,,Y,nan,,,
211367,001,11351122,,,Y,nan,,,
022272,006,9492392,,,Y,nan,,,
208910,001,11638692,,,Y,nan,,,
212516,003,12171742,,,Y,nan,,,
202860,001,8821801,,,Y,nan,,,
207921,001,11583643,,,Y,nan,,,
211911,001,9149428,,,Y,nan,,,
211672,001,8153689,,Y,Y,nan,,,
212994,003,10584113,,,Y,nan,,,
212489,001,8907099,,Y,,nan,,,
020533,006,7828787,,,Y,nan,,,
206829,001,9320740,,,Y,nan,,,
207793,001,9724303,,Y,Y,nan,,,
213586,007,9895447,,,Y,nan,,,
213004,001,10238606,,,Y,nan,,,
214324,005,10130685,,,Y,nan,,,
022108,003,7585897,,,Y,nan,,,
215498,002,11801226,,,Y,nan,,,
211988,003,9744163,,,Y,nan,,,
206488,002,10781451,,Y,Y,nan,,,
207533,002,9526726,,,Y,nan,,,
217186,002,11357733,,,Y,nan,,,
211855,001,8669281,,Y,Y,nan,,,
215985,002,9884050,,,Y,nan,,,
204824,005,10709844,,,Y,nan,,,
210132,001,11865179,,Y,Y,nan,,,
205394,001,9301948,,Y,Y,nan,,,
218730,002,8410274,,,Y,nan,,,
208610,001,RE46617,,Y,,nan,,,
209128,001,8231900,,,Y,nan,,,
213973,001,12213968,,,Y,nan,,,
216490,003,11918628,,Y,Y,nan,,,
201655,007,8192722,,,Y,nan,,,
208799,004,10918816,,,Y,nan,,,
206947,001,10407393,,Y,,nan,,,
210493,001,9908907,,Y,Y,nan,,,
206627,007,9861584,,,Y,nan,,,
218730,002,7495103,,Y,Y,nan,,,
211962,003,10849956,,,Y,nan,,,
215256,003,8129343,,Y,Y,nan,,,
209637,004,10220155,,,Y,nan,,,
207202,004,10517507,,,Y,nan,,,
022108,002,7241805,,,Y,nan,,,
208798,008,9463288,,,Y,nan,,,
212576,001,9567363,,Y,,nan,,,
022321,005,7682634,,,Y,nan,,,
020845,002,8573209,,,Y,nan,,,
209299,002,RE48898,,,Y,nan,,,
211675,001,10981923,,Y,,nan,,,
209777,004,7955619,,,Y,nan,,,
206977,006,10537538,,,Y,nan,,,
212268,003,9687474,,,Y,nan,,,
215256,004,8129343,,Y,Y,nan,,,
211192,001,10449184,,,Y,nan,,,
208798,001,10195375,,,Y,nan,,,
217242,001,10940142,,,Y,nan,,,
204824,004,11446441,,,Y,nan,,,
022321,004,7815934,,,Y,nan,,,
217242,001,11793796,,,Y,nan,,,
213051,001,11759501,,,Y,nan,,,
208558,002,8475842,,,Y,nan,,,
203567,001,10828369,,,Y,nan,,,
205266,001,10266523,,Y,Y,nan,,,
212520,001,11103482,,,Y,nan,,,
214962,001,10925829,,,Y,nan,,,
022580,002,8895058,,,Y,nan,,,
210251,002,9708342,,Y,Y,nan,,,
213051,001,11759502,,,Y,nan,,,
217186,003,11357733,,,Y,nan,,,
207202,003,9433371,,,Y,nan,,,
211358,003,10646481,,,Y,nan,,,
050808,004,9192615,,,Y,nan,,,
205422,006,RE48059,,Y,,nan,,,
201444,001,8568793,,Y,Y,nan,,,
203255,002,9351923,,,Y,nan,,,
208573,001,8722657,,Y,,nan,,,
021976,003,7700645,,Y,Y,nan,,,
209637,003,11097063,,,Y,nan,,,
201739,002,10335549,,,Y,nan,,,
207793,001,8329213,,Y,Y,nan,,,
215256,003,8536122,,Y,Y,nan,,,
202429,001,7504509,,Y,Y,nan,,,
213690,001,8945516,,,Y,nan,,,
208798,005,10918816,,,Y,nan,,,
022108,002,7649019,,,Y,nan,,,
215760,001,10988436,,Y,,nan,,,
209410,001,8895614,,,Y,nan,,,
021747,001,9027967,,,Y,nan,,,
214787,002,9724360,,Y,Y,nan,,,
022012,004,8101209,,,Y,nan,,,
022272,006,11964056,,,Y,nan,,,
207356,001,8642075,,,Y,nan,,,
216196,002,11254652,,Y,Y,nan,,,
211635,002,11241414,,,Y,nan,,,
022519,001,8449910,,,Y,nan,,,
211448,003,9694008,,,Y,nan,,,
209905,004,10441554,,,Y,nan,,,
022272,004,8894988,,,Y,nan,,,
207202,006,9258035,,,Y,nan,,,
204017,001,9050348,,,Y,nan,,,
210933,001,11872318,,,Y,nan,,,
203496,002,8349892,,,Y,nan,,,
211962,007,12161690,,,Y,nan,,,
208564,002,9289382,,,Y,nan,,,
216993,002,7820657,,Y,,nan,,,
022426,002,8637079,,,Y,nan,,,
213498,006,RE43728,,Y,Y,nan,,,
206627,002,11304908,,,Y,nan,,,
214373,001,10981942,,Y,Y,nan,,,
205934,001,9308195,,,Y,nan,,,
211675,002,12110298,,Y,Y,nan,,,
022272,007,9073933,,Y,,nan,,,
202788,006,10016403,,,Y,nan,,,
207078,002,8802152,,Y,,nan,,,
203214,002,RE41783,,Y,,nan,,,
218784,001,9579324,,Y,,nan,,,
210251,001,9708342,,Y,Y,nan,,,
209311,001,10182995,,,Y,nan,,,
207921,002,11793953,,,Y,nan,,,
022272,005,10696684,,Y,,nan,,,
208799,005,8714149,,,Y,nan,,,
206947,001,10259791,,Y,,nan,,,
205636,002,10124131,,,Y,nan,,,
213586,006,9717799,,,Y,nan,,,
211964,001,9662338,,,Y,nan,,,
204824,007,8814834,,,Y,nan,,,
208462,002,7687662,,Y,Y,nan,,,
215830,001,9617258,,Y,Y,nan,,,
204824,001,8814834,,,Y,nan,,,
207962,001,11278623,,,Y,nan,,,
216665,003,7799777,,Y,,nan,,,
213591,002,12208101,,,Y,nan,,,
206627,004,9763933,,,Y,nan,,,
217677,002,12110277,,,Y,nan,,,
209299,002,8771648,,,Y,nan,,,
207202,006,10441194,,,Y,nan,,,
212123,004,8932557,,Y,,nan,,,
208798,007,9463288,,,Y,nan,,,
021038,002,9320712,,,Y,nan,,,
203756,002,11091439,,Y,,nan,,,
202833,002,8278292,,,Y,nan,,,
210132,001,11110099,,,Y,nan,,,
208799,006,8978966,,,Y,nan,,,
213005,004,11744835,,,Y,nan,,,
214835,002,11752093,,,Y,nan,,,
202810,002,11896599,,,Y,nan,,,
208325,002,10344765,,,Y,nan,,,
214517,001,11760740,,Y,Y,nan,,,
208623,001,11633387,,Y,,nan,,,
212904,002,7166722,,Y,Y,nan,,,
203697,001,9216150,,,Y,nan,,,
208564,002,11304959,,,Y,nan,,,
215192,002,8598210,,Y,Y,nan,,,
202192,005,8415362,,Y,Y,nan,,,
218201,001,9089418,,,Y,nan,,,
217677,003,12297177,,,Y,nan,,,
201655,003,8871779,,Y,,nan,,,
214622,001,11160804,,,Y,nan,,,
202880,001,10322120,,,Y,nan,,,
204042,002,7943788,,Y,Y,nan,,,
210526,003,8337890,,,Y,nan,,,
215192,002,9701636,,Y,Y,nan,,,
213931,002,8969377,,Y,Y,nan,,,
217686,001,10919881,,Y,Y,nan,,,
211109,002,11578044,,Y,,nan,,,
211765,002,12310953,,,Y,nan,,,
203093,002,8981103,,Y,Y,nan,,,
207975,005,8445018,,,Y,nan,,,
206756,001,9027967,,,Y,nan,,,
212273,001,8623905,,Y,Y,nan,,,
205437,003,7427638,,Y,Y,nan,,,
202293,002,8716251,,,Y,nan,,,
213586,005,9023897,,,Y,nan,,,
210563,004,8008309,,Y,Y,nan,,,
217729,002,7767678,,Y,Y,nan,,,
210491,001,10646481,,,Y,nan,,,
210563,004,8957079,,Y,Y,nan,,,
210132,001,11103516,,,Y,nan,,,
211675,002,11186584,,Y,,nan,,,
021829,003,9925150,,,Y,nan,,,
209500,003,RE48825,,Y,,nan,,,
210563,002,10125140,,Y,Y,nan,,,
219389,001,11084780,,Y,,nan,,,
211635,002,8895546,,,Y,nan,,,
217369,002,11236121,,Y,,nan,,,
210493,002,12208109,,,Y,nan,,,
202788,001,9642844,,,Y,nan,,,
201292,001,8426586,,Y,,nan,,,
214755,004,12109186,,,Y,nan,,,
021038,003,9616049,,,Y,nan,,,
021986,002,8680103,,,Y,nan,,,
208799,005,11266796,,,Y,nan,,,
203567,001,10105444,,,Y,nan,,,
204824,002,11446441,,,Y,nan,,,
203496,005,8349892,,,Y,nan,,,
206038,002,8507534,,Y,Y,nan,,,
216632,001,12133859,,,Y,nan,,,
204485,003,12186362,,,Y,nan,,,
207202,005,8114021,,,Y,nan,,,
217186,004,12303605,,,Y,nan,,,
022399,002,8026279,,Y,Y,nan,,,
206627,004,9084816,,,Y,nan,,,
214835,002,10335366,,,Y,nan,,,
022272,003,12280152,,,Y,nan,,,
212268,002,11123305,,,Y,nan,,,
207202,005,9149577,,,Y,nan,,,
212614,001,7579449,,Y,,nan,,,
200603,005,9907794,,,Y,nan,,,
203496,001,9593066,,Y,,nan,,,
022325,003,7635773,,,Y,nan,,,
217660,001,8883206,,,Y,nan,,,
214755,001,12115145,,,Y,nan,,,
210493,002,10717721,,Y,,nan,,,
207916,002,9427421,,,Y,nan,,,
214358,001,7932273,,Y,Y,nan,,,
203341,003,7767678,,Y,Y,nan,,,
209830,001,10016415,,,Y,nan,,,
217806,004,11357820,,,Y,nan,,,
204819,005,7173037,,Y,Y,nan,,,
211962,005,12161690,,,Y,nan,,,
206977,014,11096913,,,Y,nan,,,
209472,001,9604990,,Y,,nan,,,
204026,003,10555939,,,Y,nan,,,
206439,004,8293794,,,Y,nan,,,
214860,004,11433041,,,Y,nan,,,
216157,001,10806733,,Y,,nan,,,
215401,002,11559501,,,Y,nan,,,
213433,001,11938141,,,Y,nan,,,
208798,004,10918816,,,Y,nan,,,
211358,001,8993600,,,Y,nan,,,
021986,001,8680103,,,Y,nan,,,
220018,001,10071985,,Y,Y,nan,,,
207981,002,9527833,,Y,Y,nan,,,
208194,001,12138248,,,Y,nan,,,
212535,001,10912795,,,Y,nan,,,
209777,003,7955619,,,Y,nan,,,
211672,001,9120727,,Y,Y,nan,,,
209863,002,11446441,,,Y,nan,,,
021947,004,7862832,,,Y,nan,,,
210807,001,10842751,,,Y,nan,,,
218197,001,9487525,,Y,Y,nan,,,
205934,003,9308195,,,Y,nan,,,
208313,004,9241948,,,Y,nan,,,
202324,001,8791140,,Y,,nan,,,
210491,002,7495103,,Y,Y,nan,,,
217722,001,11806428,,,Y,nan,,,
210496,002,9593100,,,Y,nan,,,
209195,001,10912814,,,Y,nan,,,
021880,003,7465800,,Y,Y,nan,,,
209299,001,8771648,,,Y,nan,,,
206089,002,8778916,,,Y,nan,,,
206977,008,11096913,,,Y,nan,,,
206544,002,7955619,,,Y,nan,,,
021299,001,7598271,,Y,,nan,,,
213433,001,8785427,,,Y,nan,,,
022271,001,8288539,,Y,,nan,,,
213983,001,8129385,,Y,Y,nan,,,
208194,001,10010533,,,Y,nan,,,
206627,002,9770416,,,Y,nan,,,
213973,001,11850240,,,Y,nan,,,
204153,001,8980931,,,Y,nan,,,
204824,008,9867949,,,Y,nan,,,
210428,002,9504655,,,Y,nan,,,
202971,002,8399469,,Y,,nan,,,
200603,004,9907794,,,Y,nan,,,
203567,001,9302009,,,Y,nan,,,
214860,005,11433041,,,Y,nan,,,
206334,001,9649352,,,Y,nan,,,
203752,004,8231906,,Y,Y,nan,,,
206627,001,9095615,,,Y,nan,,,
210132,002,8993548,,,Y,nan,,,
022063,004,8846100,,,Y,nan,,,
212038,005,10507186,,,Y,nan,,,
206940,001,10188632,,,Y,nan,,,
218347,001,11773105,,Y,,nan,,,
217660,001,7495103,,Y,Y,nan,,,
208623,001,11826360,,Y,,nan,,,
200603,004,8729085,,,Y,nan,,,
212038,002,10512612,,,Y,nan,,,
208351,001,7390791,,Y,Y,nan,,,
216196,003,11254652,,Y,Y,nan,,,
217581,001,8785632,,Y,Y,nan,,,
211635,001,8895546,,,Y,nan,,,
217003,001,7514444,,Y,Y,nan,,,
211349,001,11938132,,,Y,nan,,,
209478,001,11491166,,,Y,nan,,,
208658,002,7579449,,Y,,nan,,,
215309,001,12226419,,,Y,nan,,,
205787,001,8926594,,,Y,nan,,,
208623,001,11786516,,Y,,nan,,,
202810,002,9351975,,,Y,nan,,,
203255,003,7473761,,Y,Y,nan,,,
208653,001,8748413,,Y,Y,nan,,,
204417,001,8431156,,,Y,nan,,,
203255,004,9351923,,,Y,nan,,,
204275,001,8746242,,,Y,nan,,,
215401,001,9474722,,,Y,nan,,,
220020,001,11267799,,Y,,nan,,,
206406,003,10166190,,,Y,nan,,,
205123,001,7671032,,Y,Y,nan,,,
204824,002,8021335,,,Y,nan,,,
206910,002,9283209,,Y,Y,nan,,,
209500,002,9616061,,,Y,nan,,,
211230,002,10195151,,,Y,nan,,,
205787,001,8627816,,,Y,nan,,,
209115,002,9045487,,Y,Y,nan,,,
022421,006,7695734,,,Y,nan,,,
216354,008,8524733,,Y,Y,nan,,,
206977,004,11096913,,,Y,nan,,,
206627,006,9750703,,,Y,nan,,,
216993,002,8883783,,Y,,nan,,,
204824,005,8814834,,,Y,nan,,,
208692,001,11298349,,,Y,nan,,,
215866,009,11357820,,Y,Y,nan,,,
216993,002,8557810,,,Y,nan,,,
022580,001,8580298,,,Y,nan,,,
207202,001,11229378,,,Y,nan,,,
212888,002,11389448,,,Y,nan,,,
208464,001,7390791,,Y,Y,nan,,,
216203,002,8217156,,Y,Y,nan,,,
202714,001,7232818,,Y,Y,nan,,,
213006,001,12180219,,Y,Y,nan,,,
210563,004,8697711,,Y,Y,nan,,,
022272,001,9770416,,,Y,nan,,,
212950,001,8168615,,,Y,nan,,,
209606,002,9738625,,Y,,nan,,,
214628,003,11602508,,,Y,nan,,,
205858,002,RE44638,,Y,Y,nan,,,
206099,001,10076614,,,Y,nan,,,
209637,003,9132239,,,Y,nan,,,
206940,001,11090291,,,Y,nan,,,
217581,003,8217057,,Y,,nan,,,
216099,005,11298356,,,Y,nan,,,
213931,002,12016856,,Y,Y,nan,,,
215973,001,11267799,,Y,,nan,,,
022161,001,RE47301,,,Y,nan,,,
213931,001,12016856,,Y,Y,nan,,,
205552,001,8754091,,,Y,nan,,,
209637,003,9861757,,,Y,nan,,,
208090,004,7399488,,,Y,nan,,,
210598,001,7910608,,Y,Y,nan,,,
217785,001,9266861,,Y,Y,nan,,,
214755,002,12109186,,,Y,nan,,,
212038,006,10688060,,,Y,nan,,,
213674,001,7709517,,Y,Y,nan,,,
200796,002,7157584,,Y,,nan,,,
209637,004,9108002,,,Y,nan,,,
208073,001,9353088,,,Y,nan,,,
215875,004,12133837,,,Y,nan,,,
215602,001,11324696,,,Y,nan,,,
209777,001,10314788,,,Y,nan,,,
207925,003,7495103,,Y,Y,nan,,,
214755,004,11504347,,,Y,nan,,,
205122,003,8889190,,,Y,nan,,,
204242,002,9439900,,,Y,nan,,,
205552,002,8697711,,Y,Y,nan,,,
204417,001,8470367,,,Y,nan,,,
204168,001,8865937,,Y,Y,nan,,,
210632,003,10398669,,,Y,nan,,,
217593,001,12059423,,Y,Y,nan,,,
219104,001,RE46791,,Y,Y,nan,,,
208401,001,12128083,,,Y,nan,,,
206977,008,10537538,,,Y,nan,,,
209311,004,8927010,,,Y,nan,,,
208325,002,9820938,,,Y,nan,,,
021272,005,11723887,,Y,,nan,,,
209862,001,9278182,,,Y,nan,,,
216834,001,11965040,,,Y,nan,,,
217439,001,8420650,,Y,Y,nan,,,
212501,003,10993952,,,Y,nan,,,
022328,001,8252809,,,Y,nan,,,
204326,002,9839619,,,Y,nan,,,
210455,001,7700645,,Y,Y,nan,,,
022156,002,11103490,,,Y,nan,,,
208010,001,8906410,,,Y,nan,,,
218730,001,RE50453,,Y,Y,nan,,,
213137,002,10722502,,,Y,nan,,,
207202,001,8258962,,,Y,nan,,,
212038,003,9974752,,,Y,nan,,,
214787,001,10675296,,,Y,nan,,,
205649,005,9616028,,,Y,nan,,,
207621,003,7815934,,,Y,nan,,,
216099,002,11298356,,,Y,nan,,,
206627,003,9861584,,,Y,nan,,,
208647,003,10413543,,,Y,nan,,,
206439,004,8329752,,,Y,nan,,,
208611,001,8273892,,Y,,nan,,,
210922,001,8334373,,Y,Y,nan,,,
217469,001,8614178,,,Y,nan,,,
215309,001,11571425,,,Y,nan,,,
201292,002,RE43431,,Y,,nan,,,
205552,001,9725455,,Y,,nan,,,
213756,002,7425637,,Y,,nan,,,
208799,005,11351317,,,Y,nan,,,
209381,001,8999313,,,Y,nan,,,
210563,002,10828259,,,Y,nan,,,
201110,001,10537584,,,Y,nan,,,
202535,001,8481083,,,Y,nan,,,
209500,001,10464938,,,Y,nan,,,
203496,003,7417070,,Y,,nan,,,
206627,006,9872837,,,Y,nan,,,
206488,002,9018368,,Y,Y,nan,,,
216264,001,11499050,,Y,,nan,,,
213189,001,10323001,,,Y,nan,,,
202317,001,9382191,,,Y,nan,,,
203496,003,8410169,,,Y,nan,,,
214324,003,10772883,,,Y,nan,,,
206073,002,7579449,,Y,,nan,,,
208799,006,9463288,,,Y,nan,,,
209092,001,8324225,,Y,Y,nan,,,
209637,003,10357616,,,Y,nan,,,
208379,002,8829186,,Y,Y,nan,,,
214621,001,8058280,,Y,Y,nan,,,
211964,002,9662338,,,Y,nan,,,
207921,002,8132712,,,Y,nan,,,
204114,003,8580304,,,Y,nan,,,
208082,001,9814708,,,Y,nan,,,
211810,002,9802932,,Y,,nan,,,
021880,005,7465800,,Y,Y,nan,,,
203255,002,7759308,,,Y,nan,,,
217369,003,9512165,,Y,Y,nan,,,
217439,003,8735392,,Y,Y,nan,,,
208073,001,8084047,,Y,Y,nan,,,
209311,002,10182995,,,Y,nan,,,
211379,001,10537585,,,Y,nan,,,
207947,004,8791122,,Y,Y,nan,,,
209195,001,9296782,,Y,Y,nan,,,
022107,002,8618172,,,Y,nan,,,
210563,003,10961251,,,Y,nan,,,
212306,002,11807629,,Y,Y,nan,,,
204353,002,11576894,,,Y,nan,,,
209899,002,8796318,,Y,Y,nan,,,
021064,002,10022460,,Y,Y,nan,,,
206679,002,10300041,,,Y,nan,,,
212038,006,10292938,,,Y,nan,,,
218160,001,10112942,,Y,Y,nan,,,
202788,004,10016403,,,Y,nan,,,
207921,001,8931476,,,Y,nan,,,
208799,006,11351317,,,Y,nan,,,
206947,002,7253286,,Y,Y,nan,,,
207500,002,10206879,,,Y,nan,,,
021038,004,8648106,,,Y,nan,,,
208325,003,8377880,,Y,Y,nan,,,
206627,006,9775809,,,Y,nan,,,
215179,002,11147817,,,Y,nan,,,
213736,001,9611267,,Y,Y,nan,,,
208171,003,11851504,,Y,Y,nan,,,
206316,002,7365205,,Y,,nan,,,
204031,001,8658631,,,Y,nan,,,
217806,011,11357820,,,Y,nan,,,
209184,001,9393210,,,Y,nan,,,
202810,001,9370525,,,Y,nan,,,
218347,001,11186584,,Y,,nan,,,
022572,001,7806265,,,Y,nan,,,
208025,001,11986554,,,Y,nan,,,
208798,004,11344685,,,Y,nan,,,
212994,003,10584112,,Y,Y,nan,,,
206627,005,9084816,,,Y,nan,,,
208799,006,9782551,,,Y,nan,,,
208647,002,10413543,,,Y,nan,,,
207202,005,10517507,,,Y,nan,,,
213498,002,RE43728,,Y,Y,nan,,,
214962,002,9925138,,,Y,nan,,,
207620,003,8101659,,,Y,nan,,,
212123,003,8932557,,Y,,nan,,,
204410,001,7094781,,Y,Y,nan,,,
207318,002,7923564,,Y,Y,nan,,,
217026,001,11370755,,Y,Y,nan,,,
210493,001,10717721,,Y,,nan,,,
210563,001,9181257,,Y,,nan,,,
021137,003,10231931,,,Y,nan,,,
021137,010,10406108,,,Y,nan,,,
202788,006,8835459,,,Y,nan,,,
211635,003,10265402,,,Y,nan,,,
215341,003,8436180,,Y,Y,nan,,,
204114,003,9155706,,,Y,nan,,,
219379,001,11066358,,Y,,nan,,,
208799,001,11969544,,,Y,nan,,,
209863,001,8021335,,,Y,nan,,,
204824,002,8814834,,,Y,nan,,,
209115,001,9045487,,Y,Y,nan,,,
210563,003,10828259,,,Y,nan,,,
211651,002,8012976,,Y,Y,nan,,,
217759,001,8653092,,Y,Y,nan,,,
021299,004,7598271,,Y,,nan,,,
209935,001,9193732,,Y,Y,nan,,,
214518,001,9233097,,,Y,nan,,,
209863,003,9744302,,,Y,nan,,,
207962,001,10765640,,,Y,nan,,,
209500,002,10464938,,,Y,nan,,,
019734,004,7612102,,,Y,nan,,,
216285,001,11478487,,,Y,nan,,,
022285,002,7858122,,,Y,nan,,,
022217,001,8168616,,,Y,nan,,,
209777,002,10314788,,,Y,nan,,,
205422,003,7888362,,Y,,nan,,,
212273,001,11453655,,Y,Y,nan,,,
210045,001,10945960,,,Y,nan,,,
022572,001,9205075,,,Y,nan,,,
202880,004,10322120,,,Y,nan,,,
208276,001,9593066,,Y,,nan,,,
214313,002,12290494,,,Y,nan,,,
212839,002,7598279,,Y,,nan,,,
215498,003,11802115,,,Y,nan,,,
216059,002,12268666,,,Y,nan,,,
205777,003,9522919,,Y,Y,nan,,,
217785,002,9266861,,Y,Y,nan,,,
206627,006,11304908,,,Y,nan,,,
215320,001,11389416,,,Y,nan,,,
201917,001,7820671,,Y,Y,nan,,,
206089,001,8778916,,,Y,nan,,,
215935,001,12171883,,,Y,nan,,,
203496,004,8410169,,,Y,nan,,,
207960,001,11633389,,,Y,nan,,,
208791,001,9504666,,,Y,nan,,,
050444,001,12161656,,,Y,nan,,,
211675,001,11680069,,Y,Y,nan,,,
208147,001,9675703,,,Y,nan,,,
208798,006,11344685,,,Y,nan,,,
209501,003,9144559,,,Y,nan,,,
020533,007,7857802,,,Y,nan,,,
205879,003,7943788,,Y,Y,nan,,,
206030,001,11529357,,,Y,nan,,,
212535,001,10933089,,,Y,nan,,,
210526,002,9675704,,,Y,nan,,,
212038,001,9974752,,,Y,nan,,,
204223,002,9072781,,,Y,nan,,,
203756,002,7579473,,Y,Y,nan,,,
212608,003,11964980,,Y,Y,nan,,,
202788,002,10016403,,,Y,nan,,,
208194,001,9265831,,,Y,nan,,,
207202,001,7978064,,,Y,nan,,,
206627,005,9486413,,,Y,nan,,,
208798,005,11000653,,,Y,nan,,,
211635,001,9642913,,,Y,nan,,,
207921,002,12296089,,,Y,nan,,,
210296,001,9820960,,,Y,nan,,,
210045,003,10945960,,,Y,nan,,,
021994,001,8388941,,,Y,nan,,,
212436,001,10723730,,Y,Y,nan,,,
022321,005,8846104,,,Y,nan,,,
206977,002,11096913,,,Y,nan,,,
202971,001,8399469,,Y,,nan,,,
207999,002,9238673,,,Y,nan,,,
218201,001,12138199,,,Y,nan,,,
214324,002,9593066,,Y,,nan,,,
213872,001,9919050,,,Y,nan,,,
215151,001,7977488,,Y,,nan,,,
208383,001,8987463,,,Y,nan,,,
211340,001,12053461,,,Y,nan,,,
211155,002,8193182,,Y,,nan,,,
213931,001,8541448,,Y,Y,nan,,,
202088,003,8440170,,,Y,nan,,,
215390,001,11478422,,,Y,nan,,,
021986,001,7491725,,Y,Y,nan,,,
204326,004,8709491,,,Y,nan,,,
208799,004,9782551,,,Y,nan,,,
209863,001,8562564,,,Y,nan,,,
202810,001,9351975,,,Y,nan,,,
214755,002,11052061,,,Y,nan,,,
211810,002,9169250,,Y,,nan,,,
210793,001,7601740,,Y,Y,nan,,,
208798,004,8651103,,,Y,nan,,,
216993,001,9675549,,,Y,nan,,,
215064,001,8828444,,,Y,nan,,,
216059,002,12109193,,,Y,nan,,,
207500,001,10603280,,,Y,nan,,,
212535,001,10905713,,,Y,nan,,,
216793,001,8436185,,Y,Y,nan,,,
202788,003,10610523,,,Y,nan,,,
205858,002,9469643,,Y,,nan,,,
214324,003,11723887,,Y,,nan,,,
215192,002,11324734,,,Y,nan,,,
208798,006,10765820,,,Y,nan,,,
212045,001,11135155,,,Y,nan,,,
206627,007,9775809,,,Y,nan,,,
201292,003,10004743,,,Y,nan,,,
207923,001,8182838,,,Y,nan,,,
022416,004,9643929,,,Y,nan,,,
216834,002,11965040,,,Y,nan,,,
022272,007,9763933,,,Y,nan,,,
210526,004,8747902,,,Y,nan,,,
208944,001,8895614,,,Y,nan,,,
022272,001,8894988,,,Y,nan,,,
204326,006,8709491,,,Y,nan,,,
213756,002,12318367,,,Y,nan,,,
204824,005,9533102,,,Y,nan,,,
217415,002,11759497,,,Y,nan,,,
215875,002,11207280,,,Y,nan,,,
207975,001,8445018,,,Y,nan,,,
218730,002,8754224,,Y,Y,nan,,,
204242,001,8940330,,,Y,nan,,,
208798,008,10022510,,,Y,nan,,,
211651,003,10189837,,Y,Y,nan,,,
213674,001,11839689,,,Y,nan,,,
214876,003,11091459,,,Y,nan,,,
215700,003,RE49443,,,Y,nan,,,
022260,002,8598227,,,,nan,,,
209410,001,8889740,,,Y,nan,,,
022321,001,8877247,,,Y,nan,,,
215985,001,12011437,,,Y,nan,,,
209410,003,8895614,,,Y,nan,,,
204026,002,9993467,,,Y,nan,,,
211675,001,11186584,,Y,,nan,,,
201848,001,9707331,,,Y,nan,,,
205422,005,10307419,,,Y,nan,,,
208271,001,10307417,,,Y,nan,,,
022036,001,9532971,,,Y,nan,,,
210563,001,10828259,,,Y,nan,,,
217225,001,7579456,,Y,,nan,,,
214755,001,10736866,,,Y,nan,,,
214755,002,10272062,,,Y,nan,,,
208114,001,11746348,,,Y,nan,,,
021986,003,7491725,,Y,Y,nan,,,
211651,003,8420650,,Y,Y,nan,,,
213051,003,10086047,,,Y,nan,,,
021137,007,10406108,,,Y,nan,,,
022272,001,10696684,,Y,,nan,,,
022272,003,8894987,,,Y,nan,,,
209905,005,11160772,,,Y,nan,,,
217003,001,12201690,,,Y,nan,,,
215875,001,12133837,,,Y,nan,,,
202860,001,9522249,,,Y,nan,,,
218730,001,8410274,,,Y,nan,,,
019430,002,8870827,,,Y,nan,,,
022580,001,9011905,,,Y,nan,,,
206627,007,11304908,,,Y,nan,,,
021892,001,7687075,,Y,Y,nan,,,
214860,006,11154521,,,Y,nan,,,
210660,001,11510941,,,Y,nan,,,
215875,003,10653646,,,Y,nan,,,
212535,001,11684636,,,Y,nan,,,
022416,004,8372431,,,Y,nan,,,
208224,001,11628088,,,Y,nan,,,
211962,006,12161690,,,Y,nan,,,
211358,002,8993600,,,Y,nan,,,
208901,001,9272046,,,Y,nan,,,
200603,001,8729085,,,Y,nan,,,
205489,003,8840924,,,Y,nan,,,
213082,001,RE41783,,Y,,nan,,,
210923,001,8530668,,Y,Y,nan,,,
209637,002,8684969,,,Y,nan,,,
022068,002,8163904,,Y,Y,nan,,,
217806,009,11357820,,,Y,nan,,,
208798,006,9782550,,,Y,nan,,,
213973,001,11911370,,,Y,nan,,,
209241,001,10906903,,Y,Y,nan,,,
208658,004,7713938,,Y,Y,nan,,,
022437,001,10166181,,,Y,nan,,,
211675,001,10519164,,,Y,nan,,,
204114,001,9271941,,,Y,nan,,,
217439,005,8420650,,Y,Y,nan,,,
210868,001,8680111,,Y,Y,nan,,,
215400,001,11304942,,,Y,nan,,,
203415,001,7709517,,Y,Y,nan,,,
217581,001,8217057,,Y,,nan,,,
214665,001,10519146,,Y,Y,nan,,,
022321,003,7815934,,,Y,nan,,,
215151,001,9186411,,,Y,nan,,,
208653,002,8461137,,Y,Y,nan,,,
205787,001,10960155,,,Y,nan,,,
021272,005,9593066,,Y,,nan,,,
214787,001,9949994,,Y,,nan,,,
211635,001,11241414,,,Y,nan,,,
202971,004,8399469,,Y,,nan,,,
210563,001,8735403,,Y,Y,nan,,,
208799,002,10195375,,,Y,nan,,,
201280,001,7407955,,Y,Y,nan,,,
203312,004,9089608,,,Y,nan,,,
209296,001,11744800,,,Y,nan,,,
217806,012,11357820,,,Y,nan,,,
211913,005,9750711,,,Y,nan,,,
205718,001,10233154,,Y,,nan,,,
215341,002,8436180,,Y,Y,nan,,,
214965,001,8524779,,,Y,nan,,,
202231,002,9168239,,,Y,nan,,,
215813,002,10398785,,,Y,nan,,,
022219,001,7718640,,,Y,nan,,,
204824,007,11684723,,,Y,nan,,,
218033,001,10426782,,,Y,nan,,,
215985,002,11793796,,,Y,nan,,,
205122,005,8889190,,,Y,nan,,,
206977,009,11096913,,,Y,nan,,,
217581,003,7230098,,Y,,nan,,,
217186,002,11622941,,,Y,nan,,,
207986,001,9233068,,,Y,nan,,,
208798,005,11351317,,,Y,nan,,,
203255,001,7473761,,Y,Y,nan,,,
215700,003,RE49422,,,Y,nan,,,
206756,001,7837235,,,Y,nan,,,
209091,001,8628799,,,Y,nan,,,
210874,001,8628799,,,Y,nan,,,
210874,002,8628799,,,Y,nan,,,
210874,003,8628799,,,Y,nan,,,
210874,004,8628799,,,Y,nan,,,
209091,002,8628799,,,Y,nan,,,
212477,001,10456414,,,Y,nan,,,
212477,002,10456414,,,Y,nan,,,
205834,001,10456414,,,Y,nan,,,
205834,002,10456414,,,Y,nan,,,
050795,007,9446057,,,Y,U-918,,,
050795,008,9446057,,,Y,U-918,,,
214324,001,10716793,,,,U-1849,,,
214324,002,10716793,,,,U-1849,,,
214324,003,10716793,,,,U-1849,,,
214324,004,10716793,,,,U-1849,,,
019627,002,8476010*PED,,,,nan,,,
020610,001,7452872*PED,,,,nan,,,
020610,001,7625884*PED,,,,nan,,,
020845,002,8282966*PED,,,,nan,,,
020845,002,8291904*PED,,,,nan,,,
020845,002,8293284*PED,,,,nan,,,
020845,002,8431163*PED,,,,nan,,,
020845,003,8282966*PED,,,,nan,,,
020845,003,8291904*PED,,,,nan,,,
020845,003,8293284*PED,,,,nan,,,
020845,003,8431163*PED,,,,nan,,,
020845,002,8776795*PED,,,,nan,,,
020845,002,8776794*PED,,,,nan,,,
020845,003,8776795*PED,,,,nan,,,
020845,003,8776794*PED,,,,nan,,,
020845,002,8795741*PED,,,,nan,,,
020845,003,8795741*PED,,,,nan,,,
020845,002,8573209*PED,,,,nan,,,
020845,003,8573209*PED,,,,nan,,,
020845,002,8846112*PED,,,,nan,,,
020845,003,8846112*PED,,,,nan,,,
020845,002,8573210*PED,,,,nan,,,
020845,003,8573210*PED,,,,nan,,,
020845,003,9295802*PED,,,,nan,,,
020845,003,9408993*PED,,,,nan,,,
020845,003,9265911*PED,,,,nan,,,
020845,003,9279794*PED,,,,nan,,,
020845,003,9770570*PED,,,,nan,,,
020845,003,11931377*PED,,,,nan,,,
020873,001,7582727*PED,,,,nan,,,
020873,001,7598343*PED,,,,nan,,,
021926,001,7332183*PED,,,,nan,,,
021926,002,7332183*PED,,,,nan,,,
021976,001,7700645*PED,,,,nan,,,
021976,002,7700645*PED,,,,nan,,,
021976,003,7700645*PED,,,,nan,,,
021976,004,7700645*PED,,,,nan,,,
021976,005,7700645*PED,,,,nan,,,
021976,006,7700645*PED,,,,nan,,,
021985,001,8617595*PED,,,,nan,,,
021985,002,8617595*PED,,,,nan,,,
021986,001,7491725*PED,,,,nan,,,
021986,002,7491725*PED,,,,nan,,,
021986,003,7491725*PED,,,,nan,,,
021986,004,7491725*PED,,,,nan,,,
021986,005,7491725*PED,,,,nan,,,
021986,006,7491725*PED,,,,nan,,,
021986,001,8680103*PED,,,,nan,,,
021986,002,8680103*PED,,,,nan,,,
021986,003,8680103*PED,,,,nan,,,
021986,004,8680103*PED,,,,nan,,,
021986,005,8680103*PED,,,,nan,,,
021986,006,8680103*PED,,,,nan,,,
021995,001,7326708*PED,,,,nan,,,
021995,002,7326708*PED,,,,nan,,,
021995,003,7326708*PED,,,,nan,,,
022012,001,8101209*PED,,,,nan,,,
022012,002,8101209*PED,,,,nan,,,
022012,003,8101209*PED,,,,nan,,,
022012,004,8101209*PED,,,,nan,,,
022020,001,7544370*PED,,,,nan,,,
022020,001,7550153*PED,,,,nan,,,
022020,001,7553498*PED,,,,nan,,,
022020,001,7838027*PED,,,,nan,,,
022030,001,7807715*PED,,,,nan,,,
022030,001,8088398*PED,,,,nan,,,
022030,002,7807715*PED,,,,nan,,,
022030,002,8088398*PED,,,,nan,,,
022030,001,8501723*PED,,,,nan,,,
022030,002,8501723*PED,,,,nan,,,
022044,001,7326708*PED,,,,nan,,,
022044,001,8414921*PED,,,,nan,,,
022044,002,7326708*PED,,,,nan,,,
022044,002,8414921*PED,,,,nan,,,
022065,001,7312237*PED,,,,nan,,,
022065,002,7312237*PED,,,,nan,,,
022068,001,8163904*PED,,,,nan,,,
022068,001,8389537*PED,,,,nan,,,
022068,001,8415363*PED,,,,nan,,,
022068,002,8163904*PED,,,,nan,,,
022068,002,8389537*PED,,,,nan,,,
022068,002,8415363*PED,,,,nan,,,
022068,001,8501760*PED,,,,nan,,,
022068,002,8501760*PED,,,,nan,,,
022068,001,8293756*PED,,,,nan,,,
022068,002,8293756*PED,,,,nan,,,
022068,001,9061029*PED,,,,nan,,,
022068,002,9061029*PED,,,,nan,,,
022068,003,8163904*PED,,,,nan,,,
022068,003,8415363*PED,,,,nan,,,
022068,003,8389537*PED,,,,nan,,,
022068,003,8293756*PED,,,,nan,,,
022068,003,8501760*PED,,,,nan,,,
022068,003,9061029*PED,,,,nan,,,
022088,001,8026276*PED,,,,nan,,,
022088,001,8791097*PED,,,,nan,,,
022117,001,7741358*PED,,,,nan,,,
022117,002,7741358*PED,,,,nan,,,
022117,001,8022228*PED,,,,nan,,,
022117,002,8022228*PED,,,,nan,,,
022117,003,7741358*PED,,,,nan,,,
022117,003,8022228*PED,,,,nan,,,
022145,001,7754731*PED,,,,nan,,,
022145,002,9649311*PED,,,,nan,,,
022145,002,7754731*PED,,,,nan,,,
021035,001,8802142*PED,,,,nan,,,
021035,002,8802142*PED,,,,nan,,,
021035,003,8802142*PED,,,,nan,,,
021035,004,8802142*PED,,,,nan,,,
021038,003,8455527*PED,,,,nan,,,
021038,002,8242158*PED,,,,nan,,,
021038,002,8338470*PED,,,,nan,,,
021038,002,8455527*PED,,,,nan,,,
021038,003,8242158*PED,,,,nan,,,
021038,003,8338470*PED,,,,nan,,,
021038,002,8648106*PED,,,,nan,,,
021038,003,8648106*PED,,,,nan,,,
021038,004,8648106*PED,,,,nan,,,
021038,004,8242158*PED,,,,nan,,,
021038,004,8455527*PED,,,,nan,,,
021038,004,8338470*PED,,,,nan,,,
021038,002,9320712*PED,,,,nan,,,
021038,003,9320712*PED,,,,nan,,,
021038,004,9320712*PED,,,,nan,,,
021038,002,9616049*PED,,,,nan,,,
021038,003,9616049*PED,,,,nan,,,
021038,004,9616049*PED,,,,nan,,,
021196,001,8772306*PED,,,,nan,,,
021196,001,9486426*PED,,,,nan,,,
021196,001,9050302*PED,,,,nan,,,
021196,001,11253494*PED,,,,nan,,,
021196,001,10213400*PED,,,,nan,,,
021196,001,10864181*PED,,,,nan,,,
021223,002,8324189*PED,,,,nan,,,
021223,003,8324189*PED,,,,nan,,,
021395,001,8022082*PED,,,,nan,,,
021433,002,7500444*PED,,,,nan,,,
021433,001,7500444*PED,,,,nan,,,
021445,001,7612058*PED,,,,nan,,,
021528,001,8008338*PED,,,,nan,,,
021660,001,7820788*PED,,,,nan,,,
021660,001,8034375*PED,,,,nan,,,
021660,001,8268348*PED,,,,nan,,,
021660,001,7758891*PED,,,,nan,,,
021660,001,9393318*PED,,,,nan,,,
021660,001,9101543*PED,,,,nan,,,
021660,001,9597409*PED,,,,nan,,,
021660,001,9511046*PED,,,,nan,,,
021817,001,7932241*PED,,,,nan,,,
021866,001,7115587*PED,,,,nan,,,
021866,001,7550445*PED,,,,nan,,,
022181,001,7566462*PED,,,,nan,,,
022181,001,7566714*PED,,,,nan,,,
022181,001,7612073*PED,,,,nan,,,
022181,001,7727987*PED,,,,nan,,,
022181,001,8003126*PED,,,,nan,,,
022181,001,8067416*PED,,,,nan,,,
022181,001,8318745*PED,,,,nan,,,
022181,001,RE43797*PED,,,,nan,,,
022181,001,9433624*PED,,,,nan,,,
022200,001,7456254*PED,,,,nan,,,
022200,001,7612176*PED,,,,nan,,,
022200,001,8329648*PED,,,,nan,,,
022200,001,8431685*PED,,,,nan,,,
022200,001,8461105*PED,,,,nan,,,
022200,001,8906851*PED,,,,nan,,,
022200,001,8501698*PED,,,,nan,,,
022200,001,8361972*PED,,,,nan,,,
022200,002,6515117*PED,,,,nan,,,
022200,002,8361972*PED,,,,nan,,,
022200,002,8501698*PED,,,,nan,,,
022200,001,6515117*PED,,,,nan,,,
022200,002,9884092*PED,,,,nan,,,
022200,002,7456254*PED,,,,nan,,,
022200,002,8461105*PED,,,,nan,,,
022200,002,8329648*PED,,,,nan,,,
022200,002,7612176*PED,,,,nan,,,
022200,002,8906851*PED,,,,nan,,,
022200,002,8431685*PED,,,,nan,,,
022200,001,9884092*PED,,,,nan,,,
022249,001,8436190*PED,,,,nan,,,
022249,001,8445524*PED,,,,nan,,,
022249,002,8436190*PED,,,,nan,,,
022249,002,8445524*PED,,,,nan,,,
022249,001,8883836*PED,,,,nan,,,
022249,001,8669279*PED,,,,nan,,,
022249,002,8883836*PED,,,,nan,,,
022249,002,8669279*PED,,,,nan,,,
022249,001,8791270*PED,,,,nan,,,
022249,002,8791270*PED,,,,nan,,,
022249,003,8791270*PED,,,,nan,,,
022249,004,8791270*PED,,,,nan,,,
022249,003,8344006*PED,,,,nan,,,
022249,003,8445524*PED,,,,nan,,,
022249,004,8445524*PED,,,,nan,,,
022249,004,8344006*PED,,,,nan,,,
022249,001,8609863*PED,,,,nan,,,
022249,002,8609863*PED,,,,nan,,,
022249,001,8895756*PED,,,,nan,,,
022249,002,8895756*PED,,,,nan,,,
022249,001,9533955*PED,,,,nan,,,
022249,002,9533955*PED,,,,nan,,,
022287,001,7790755*PED,,,,nan,,,
022287,001,8105626*PED,,,,nan,,,
022287,001,8173158*PED,,,,nan,,,
022287,001,8461187*PED,,,,nan,,,
022287,002,7790755*PED,,,,nan,,,
022287,002,8105626*PED,,,,nan,,,
022287,002,8173158*PED,,,,nan,,,
022287,002,8461187*PED,,,,nan,,,
022291,001,8828430*PED,,,,nan,,,
022291,002,8828430*PED,,,,nan,,,
022291,003,8828430*PED,,,,nan,,,
022291,004,8828430*PED,,,,nan,,,
022291,001,7547719*PED,,,,nan,,,
022291,001,8052993*PED,,,,nan,,,
022291,002,7547719*PED,,,,nan,,,
022291,002,8052994*PED,,,,nan,,,
022291,003,7547719*PED,,,,nan,,,
022291,003,8062665*PED,,,,nan,,,
022291,004,7547719*PED,,,,nan,,,
022291,004,8071129*PED,,,,nan,,,
022291,005,7547719*PED,,,,nan,,,
022291,001,8062665*PED,,,,nan,,,
022291,002,8062665*PED,,,,nan,,,
022291,004,8062665*PED,,,,nan,,,
022291,002,8052993*PED,,,,nan,,,
022291,003,8052993*PED,,,,nan,,,
022291,004,8052993*PED,,,,nan,,,
022291,001,8052994*PED,,,,nan,,,
022291,003,8052994*PED,,,,nan,,,
022291,004,8052994*PED,,,,nan,,,
022291,001,8071129*PED,,,,nan,,,
022291,002,8071129*PED,,,,nan,,,
022291,003,8071129*PED,,,,nan,,,
022304,001,7994364*PED,,,,nan,,,
022304,002,7994364*PED,,,,nan,,,
022304,003,7994364*PED,,,,nan,,,
022334,001,8410131*PED,,,,nan,,,
022334,002,8410131*PED,,,,nan,,,
022334,003,8410131*PED,,,,nan,,,
022334,004,8410131*PED,,,,nan,,,
022341,001,8114833*PED,,,,nan,,,
022341,001,9968659*PED,,,,nan,,,
022406,001,7157456*PED,,,,nan,,,
022406,002,7157456*PED,,,,nan,,,
022406,003,7157456*PED,,,,nan,,,
022406,001,9415053*PED,,,,nan,,,
022406,002,9415053*PED,,,,nan,,,
022406,003,9415053*PED,,,,nan,,,
022406,001,9539218*PED,,,,nan,,,
022406,002,9539218*PED,,,,nan,,,
022406,003,9539218*PED,,,,nan,,,
022406,004,7157456*PED,,,,nan,,,
022406,004,9415053*PED,,,,nan,,,
022406,004,10828310*PED,,,,nan,,,
022433,001,8425934*PED,,,,nan,,,
022433,002,8425934*PED,,,,nan,,,
022433,001,RE46276*PED,,,,nan,,,
022433,002,RE46276*PED,,,,nan,,,
022433,001,10300065*PED,,,,nan,,,
022433,002,10300065*PED,,,,nan,,,
022450,001,9610265*PED,,,,nan,,,
022450,001,9987238*PED,,,,nan,,,
022450,001,9399012*PED,,,,nan,,,
022512,001,7932273*PED,,,,nan,,,
022512,002,7932273*PED,,,,nan,,,
022512,003,9034822*PED,,,,nan,,,
022512,003,7932273*PED,,,,nan,,,
022512,001,9034822*PED,,,,nan,,,
022512,002,9034822*PED,,,,nan,,,
022525,001,8039009*PED,,,,nan,,,
022525,002,8039009*PED,,,,nan,,,
022525,003,8039009*PED,,,,nan,,,
022525,004,8039009*PED,,,,nan,,,
022527,002,9592208*PED,,,,nan,,,
201280,001,7407955*PED,,,,nan,,,
201280,001,8846695*PED,,,,nan,,,
201280,001,8883805*PED,,,,nan,,,
201280,001,8673927*PED,,,,nan,,,
201280,001,8853156*PED,,,,nan,,,
201280,001,10034877*PED,,,,nan,,,
201280,001,9486526*PED,,,,nan,,,
201280,001,11033552*PED,,,,nan,,,
201281,001,7407955*PED,,,,nan,,,
201281,002,7407955*PED,,,,nan,,,
201281,003,7407955*PED,,,,nan,,,
201281,001,8673927*PED,,,,nan,,,
201281,002,8673927*PED,,,,nan,,,
201281,003,8673927*PED,,,,nan,,,
201281,001,8846695*PED,,,,nan,,,
201281,002,8846695*PED,,,,nan,,,
201281,003,8846695*PED,,,,nan,,,
201281,001,8883805*PED,,,,nan,,,
201281,002,8883805*PED,,,,nan,,,
201281,003,8883805*PED,,,,nan,,,
201281,001,9155705*PED,,,,nan,,,
201281,002,9155705*PED,,,,nan,,,
201281,003,9155705*PED,,,,nan,,,
201281,001,10022379*PED,,,,nan,,,
201281,002,10022379*PED,,,,nan,,,
201281,003,10022379*PED,,,,nan,,,
201281,001,9415016*PED,,,,nan,,,
201281,002,9415016*PED,,,,nan,,,
201281,003,9415016*PED,,,,nan,,,
201281,001,10973827*PED,,,,nan,,,
201281,002,10973827*PED,,,,nan,,,
201281,003,10973827*PED,,,,nan,,,
201532,001,RE46965*PED,,,,nan,,,
201699,001,7378508*PED,,,,nan,,,
201699,001,7863249*PED,,,,nan,,,
201699,001,7906489*PED,,,,nan,,,
201699,001,8859510*PED,,,,nan,,,
202022,001,7125879*PED,,,,nan,,,
200533,001,7994364*PED,,,,nan,,,
200533,002,7994364*PED,,,,nan,,,
200533,003,7994364*PED,,,,nan,,,
200533,004,7994364*PED,,,,nan,,,
200533,005,7994364*PED,,,,nan,,,
200533,001,8536130*PED,,,,nan,,,
200533,002,8536130*PED,,,,nan,,,
200533,003,8536130*PED,,,,nan,,,
200533,004,8536130*PED,,,,nan,,,
200533,005,8536130*PED,,,,nan,,,
200533,001,11344512*PED,,,,nan,,,
200533,002,11344512*PED,,,,nan,,,
200533,003,11344512*PED,,,,nan,,,
200533,004,11344512*PED,,,,nan,,,
200533,005,11344512*PED,,,,nan,,,
200603,002,8883794*PED,,,,nan,,,
200603,001,8883794*PED,,,,nan,,,
200603,003,8883794*PED,,,,nan,,,
200603,004,8883794*PED,,,,nan,,,
200603,005,8883794*PED,,,,nan,,,
200603,001,8729085*PED,,,,nan,,,
200603,002,8729085*PED,,,,nan,,,
200603,003,8729085*PED,,,,nan,,,
200603,004,8729085*PED,,,,nan,,,
200603,005,8729085*PED,,,,nan,,,
200603,001,9907794*PED,,,,nan,,,
200603,002,9907794*PED,,,,nan,,,
200603,003,9907794*PED,,,,nan,,,
200603,004,9907794*PED,,,,nan,,,
200603,005,9907794*PED,,,,nan,,,
200603,001,9259423*PED,,,,nan,,,
200603,002,9259423*PED,,,,nan,,,
200603,003,9259423*PED,,,,nan,,,
200603,004,9259423*PED,,,,nan,,,
200603,005,9259423*PED,,,,nan,,,
200603,001,RE45573*PED,,,,nan,,,
200603,002,RE45573*PED,,,,nan,,,
200603,003,RE45573*PED,,,,nan,,,
200603,004,RE45573*PED,,,,nan,,,
200603,005,RE45573*PED,,,,nan,,,
201023,001,8927592*PED,,,,nan,,,
201023,001,7241907*PED,,,,nan,,,
206439,002,8039009*PED,,,,nan,,,
206439,004,8168209*PED,,,,nan,,,
206439,004,8173708*PED,,,,nan,,,
206439,001,8039009*PED,,,,nan,,,
206439,003,8039009*PED,,,,nan,,,
206439,004,8039009*PED,,,,nan,,,
206439,004,8362085*PED,,,,nan,,,
206439,004,8329752*PED,,,,nan,,,
206439,004,8598233*PED,,,,nan,,,
206439,004,8283379*PED,,,,nan,,,
206321,001,8114833*PED,,,,nan,,,
206321,001,9968659*PED,,,,nan,,,
021936,001,7284474*PED,,,,nan,,,
021936,001,7837235*PED,,,,nan,,,
021936,001,7396341*PED,,,,nan,,,
021936,001,9027967*PED,,,,nan,,,
021936,001,8733341*PED,,,,nan,,,
021936,002,7396341*PED,,,,nan,,,
021936,002,7837235*PED,,,,nan,,,
021936,002,8733341*PED,,,,nan,,,
021936,002,7284474*PED,,,,nan,,,
021936,002,9027967*PED,,,,nan,,,
203094,001,8148374*PED,,,,nan,,,
203094,001,10039718*PED,,,,nan,,,
203094,002,10039718*PED,,,,nan,,,
203094,002,8148374*PED,,,,nan,,,
203093,001,7635704*PED,,,,nan,,,
203093,001,7176220*PED,,,,nan,,,
203093,002,7176220*PED,,,,nan,,,
203093,002,7635704*PED,,,,nan,,,
203093,001,8981103*PED,,,,nan,,,
203093,002,8981103*PED,,,,nan,,,
205834,001,7964580*PED,,,,nan,,,
205834,001,8633309*PED,,,,nan,,,
205834,001,8618076*PED,,,,nan,,,
205834,001,8334270*PED,,,,nan,,,
205834,001,8822430*PED,,,,nan,,,
205834,001,8735372*PED,,,,nan,,,
205834,001,8088368*PED,,,,nan,,,
205834,001,8273341*PED,,,,nan,,,
205834,001,8580765*PED,,,,nan,,,
205834,001,8841278*PED,,,,nan,,,
205834,001,8889159*PED,,,,nan,,,
205834,001,9085573*PED,,,,nan,,,
205834,001,9393256*PED,,,,nan,,,
205834,001,10039779*PED,,,,nan,,,
205834,001,9284342*PED,,,,nan,,,
205834,001,9511056*PED,,,,nan,,,
205834,002,7964580*PED,,,,nan,,,
205834,002,8334270*PED,,,,nan,,,
205834,002,8273341*PED,,,,nan,,,
205834,002,8088368*PED,,,,nan,,,
205834,002,8580765*PED,,,,nan,,,
205834,002,8618076*PED,,,,nan,,,
205834,002,8633309*PED,,,,nan,,,
205834,002,8841278*PED,,,,nan,,,
205834,002,8822430*PED,,,,nan,,,
205834,002,8735372*PED,,,,nan,,,
205834,002,8889159*PED,,,,nan,,,
205834,002,10039779*PED,,,,nan,,,
205834,002,9511056*PED,,,,nan,,,
205834,002,9085573*PED,,,,nan,,,
205834,002,9284342*PED,,,,nan,,,
205834,002,9393256*PED,,,,nan,,,
204671,001,8580765*PED,,,,nan,,,
204671,001,7964580*PED,,,,nan,,,
204671,001,8334270*PED,,,,nan,,,
204671,001,8633309*PED,,,,nan,,,
204671,001,8618076*PED,,,,nan,,,
204671,001,8889159*PED,,,,nan,,,
204671,001,9085573*PED,,,,nan,,,
204671,001,9284342*PED,,,,nan,,,
204671,001,9549941*PED,,,,nan,,,
204671,002,8618076*PED,,,,nan,,,
204671,002,8889159*PED,,,,nan,,,
204671,002,8633309*PED,,,,nan,,,
204671,002,8580765*PED,,,,nan,,,
204671,002,8334270*PED,,,,nan,,,
204671,002,9284342*PED,,,,nan,,,
204671,002,9085573*PED,,,,nan,,,
204671,002,7964580*PED,,,,nan,,,
205065,001,8067416*PED,,,,nan,,,
205065,001,7612073*PED,,,,nan,,,
205065,001,RE43797*PED,,,,nan,,,
205065,001,7566714*PED,,,,nan,,,
205065,002,7612073*PED,,,,nan,,,
205065,002,RE43797*PED,,,,nan,,,
205065,002,8067416*PED,,,,nan,,,
205065,002,7566714*PED,,,,nan,,,
205065,001,9216178*PED,,,,nan,,,
205065,002,9216178*PED,,,,nan,,,
205065,001,9433624*PED,,,,nan,,,
205065,002,9433624*PED,,,,nan,,,
205388,001,9066856*PED,,,,nan,,,
205388,001,9486406*PED,,,,nan,,,
202611,001,8772315*PED,,,,nan,,,
202611,002,8772315*PED,,,,nan,,,
202611,001,11707451*PED,,,,nan,,,
202611,002,11707451*PED,,,,nan,,,
202611,001,12097189*PED,,,,nan,,,
202611,002,12097189*PED,,,,nan,,,
202611,001,10842780*PED,,,,nan,,,
202611,002,10842780*PED,,,,nan,,,
202611,001,12059409*PED,,,,nan,,,
202611,002,12059409*PED,,,,nan,,,
202714,001,7417042*PED,,,,nan,,,
202714,001,7737112*PED,,,,nan,,,
202714,002,7417042*PED,,,,nan,,,
202714,002,7737112*PED,,,,nan,,,
202714,001,9493582*PED,,,,nan,,,
202714,002,9493582*PED,,,,nan,,,
202714,003,7417042*PED,,,,nan,,,
202714,003,9493582*PED,,,,nan,,,
202714,003,7737112*PED,,,,nan,,,
202714,001,RE47954*PED,,,,nan,,,
202714,002,RE47954*PED,,,,nan,,,
202714,003,RE47954*PED,,,,nan,,,
202806,002,7994185*PED,,,,nan,,,
202806,002,8415345*PED,,,,nan,,,
202806,001,7994185*PED,,,,nan,,,
202806,001,8415345*PED,,,,nan,,,
202806,001,9233956*PED,,,,nan,,,
202806,002,9233956*PED,,,,nan,,,
202806,001,8835443*PED,,,,nan,,,
202806,001,8952018*PED,,,,nan,,,
202806,002,8952018*PED,,,,nan,,,
202806,002,8835443*PED,,,,nan,,,
202806,001,8703781*PED,,,,nan,,,
202806,002,8703781*PED,,,,nan,,,
202806,001,10869869*PED,,,,nan,,,
202806,002,10869869*PED,,,,nan,,,
202895,001,7700645*PED,,,,nan,,,
202992,001,8802735*PED,,,,nan,,,
202992,002,8802735*PED,,,,nan,,,
202992,001,6794410*PED,,,,nan,,,
202992,002,6794410*PED,,,,nan,,,
202992,001,9186346*PED,,,,nan,,,
202992,002,9186346*PED,,,,nan,,,
203045,001,7754731*PED,,,,nan,,,
203045,002,7754731*PED,,,,nan,,,
203100,001,7176220*PED,,,,nan,,,
203100,001,7635704*PED,,,,nan,,,
203100,001,8148374*PED,,,,nan,,,
203100,001,8633219*PED,,,,nan,,,
203100,001,10039718*PED,,,,nan,,,
203100,001,9891239*PED,,,,nan,,,
203100,001,8981103*PED,,,,nan,,,
203188,001,7495103*PED,,,,nan,,,
203188,001,8324242*PED,,,,nan,,,
203188,001,8410274*PED,,,,nan,,,
203188,001,8754224*PED,,,,nan,,,
203188,001,8354427*PED,,,,nan,,,
203188,001,9670163*PED,,,,nan,,,
203188,001,10646481*PED,,,,nan,,,
203188,001,11564916*PED,,,,nan,,,
203214,001,RE41783*PED,,,,nan,,,
203214,002,RE41783*PED,,,,nan,,,
203341,001,7417148*PED,,,,nan,,,
203341,001,7767678*PED,,,,nan,,,
203341,001,7919625*PED,,,,nan,,,
203341,002,7417148*PED,,,,nan,,,
203341,002,7767678*PED,,,,nan,,,
203341,002,7919625*PED,,,,nan,,,
203341,003,7919625*PED,,,,nan,,,
203341,003,7767678*PED,,,,nan,,,
203341,003,7417148*PED,,,,nan,,,
203341,001,11103497*PED,,,,nan,,,
203341,002,11103497*PED,,,,nan,,,
203341,003,11103497*PED,,,,nan,,,
203389,001,8026284*PED,,,,nan,,,
203389,002,8026284*PED,,,,nan,,,
203389,001,9198882*PED,,,,nan,,,
203389,002,9198882*PED,,,,nan,,,
203389,001,9192590*PED,,,,nan,,,
203389,002,9192590*PED,,,,nan,,,
203389,001,9233077*PED,,,,nan,,,
203389,002,9233077*PED,,,,nan,,,
203389,001,9925156*PED,,,,nan,,,
203389,002,9925156*PED,,,,nan,,,
203389,001,9925157*PED,,,,nan,,,
203389,001,9925158*PED,,,,nan,,,
203389,002,9925157*PED,,,,nan,,,
203389,002,9925158*PED,,,,nan,,,
203389,001,9173851*PED,,,,nan,,,
203389,002,9173851*PED,,,,nan,,,
203389,001,10143665*PED,,,,nan,,,
203389,002,10143665*PED,,,,nan,,,
203389,001,10548859*PED,,,,nan,,,
203389,002,10548859*PED,,,,nan,,,
203389,001,10328037*PED,,,,nan,,,
203389,002,10328037*PED,,,,nan,,,
203389,001,10905662*PED,,,,nan,,,
203389,002,10905662*PED,,,,nan,,,
203441,001,7847061*PED,,,,nan,,,
203441,001,9060992*PED,,,,nan,,,
204353,001,7943582*PED,,,,nan,,,
204353,001,8513202*PED,,,,nan,,,
204353,001,7943788*PED,,,,nan,,,
204353,001,8222219*PED,,,,nan,,,
204353,002,7943582*PED,,,,nan,,,
204353,002,7943788*PED,,,,nan,,,
204353,002,8222219*PED,,,,nan,,,
204353,002,8513202*PED,,,,nan,,,
204353,003,8222219*PED,,,,nan,,,
204353,003,7943788*PED,,,,nan,,,
204353,003,7943582*PED,,,,nan,,,
204353,003,8513202*PED,,,,nan,,,
204353,004,7943582*PED,,,,nan,,,
204353,004,7943788*PED,,,,nan,,,
204353,004,8222219*PED,,,,nan,,,
204353,004,8513202*PED,,,,nan,,,
203794,001,7994364*PED,,,,nan,,,
204026,001,8198262*PED,,,,nan,,,
204026,002,8198262*PED,,,,nan,,,
204026,003,8198262*PED,,,,nan,,,
204026,004,8198262*PED,,,,nan,,,
204026,001,8828427*PED,,,,nan,,,
204026,002,8828427*PED,,,,nan,,,
204026,003,8828427*PED,,,,nan,,,
204026,004,8828427*PED,,,,nan,,,
204026,001,9993467*PED,,,,nan,,,
204026,002,9993467*PED,,,,nan,,,
204026,003,9993467*PED,,,,nan,,,
204026,004,9993467*PED,,,,nan,,,
204026,001,10555939*PED,,,,nan,,,
204026,002,10555939*PED,,,,nan,,,
204026,003,10555939*PED,,,,nan,,,
204026,004,10555939*PED,,,,nan,,,
204042,001,7943582*PED,,,,nan,,,
204042,001,7943788*PED,,,,nan,,,
204042,001,8222219*PED,,,,nan,,,
204042,002,7943582*PED,,,,nan,,,
204042,002,7943788*PED,,,,nan,,,
204042,002,8222219*PED,,,,nan,,,
204042,001,8513202*PED,,,,nan,,,
204042,002,8513202*PED,,,,nan,,,
204114,001,7378423*PED,,,,nan,,,
204114,002,7378423*PED,,,,nan,,,
204114,003,7378423*PED,,,,nan,,,
204114,001,8835443*PED,,,,nan,,,
204114,002,8835443*PED,,,,nan,,,
204114,003,8835443*PED,,,,nan,,,
204114,001,8580304*PED,,,,nan,,,
204114,002,8580304*PED,,,,nan,,,
204114,003,8580304*PED,,,,nan,,,
204114,001,9155706*PED,,,,nan,,,
204114,003,9155706*PED,,,,nan,,,
204114,001,8952018*PED,,,,nan,,,
204114,002,8952018*PED,,,,nan,,,
204114,003,8952018*PED,,,,nan,,,
204114,002,9271941*PED,,,,nan,,,
204114,002,9155706*PED,,,,nan,,,
204114,001,9271941*PED,,,,nan,,,
204114,003,9271941*PED,,,,nan,,,
204114,001,8703781*PED,,,,nan,,,
204114,002,8703781*PED,,,,nan,,,
204114,003,8703781*PED,,,,nan,,,
204114,001,10869869*PED,,,,nan,,,
204114,002,10869869*PED,,,,nan,,,
204114,003,10869869*PED,,,,nan,,,
204114,001,9399021*PED,,,,nan,,,
204114,002,9399021*PED,,,,nan,,,
204114,003,9399021*PED,,,,nan,,,
204275,001,7439393*PED,,,,nan,,,
204275,001,8746242*PED,,,,nan,,,
204275,001,8534281*PED,,,,nan,,,
204275,001,8511304*PED,,,,nan,,,
204275,002,7439393*PED,,,,nan,,,
204275,002,8746242*PED,,,,nan,,,
204275,002,8534281*PED,,,,nan,,,
204275,002,8511304*PED,,,,nan,,,
204275,002,11116721*PED,,,,nan,,,
204275,003,7439393*PED,,,,nan,,,
204275,003,8511304*PED,,,,nan,,,
204275,003,8746242*PED,,,,nan,,,
204275,003,8534281*PED,,,,nan,,,
204275,003,11116721*PED,,,,nan,,,
204275,001,11116721*PED,,,,nan,,,
201292,001,8545884*PED,,,,nan,,,
201292,002,8545884*PED,,,,nan,,,
201292,003,8545884*PED,,,,nan,,,
201292,001,8426586*PED,,,,nan,,,
201292,001,RE43431*PED,,,,nan,,,
201292,002,RE43431*PED,,,,nan,,,
201292,002,8426586*PED,,,,nan,,,
201292,003,RE43431*PED,,,,nan,,,
201292,003,8426586*PED,,,,nan,,,
201292,001,10004743*PED,,,,nan,,,
201292,002,10004743*PED,,,,nan,,,
201292,003,10004743*PED,,,,nan,,,
201292,001,9539258*PED,,,,nan,,,
201292,002,9539258*PED,,,,nan,,,
201292,003,9539258*PED,,,,nan,,,
205437,001,7427638*PED,,,,nan,,,
205437,002,7427638*PED,,,,nan,,,
205437,003,7427638*PED,,,,nan,,,
205437,001,9872854*PED,,,,nan,,,
205437,002,9872854*PED,,,,nan,,,
205437,003,9872854*PED,,,,nan,,,
205437,001,10092541*PED,,,,nan,,,
205437,002,10092541*PED,,,,nan,,,
205437,003,10092541*PED,,,,nan,,,
205109,001,9561251*PED,,,,nan,,,
205109,001,11013762*PED,,,,nan,,,
205109,001,11446252*PED,,,,nan,,,
205109,001,10925896*PED,,,,nan,,,
205109,001,10925897*PED,,,,nan,,,
205109,001,10933090*PED,,,,nan,,,
205109,001,10682376*PED,,,,nan,,,
205109,001,11013761*PED,,,,nan,,,
205109,001,10624855*PED,,,,nan,,,
205109,001,11234938*PED,,,,nan,,,
205109,001,10695367*PED,,,,nan,,,
205552,001,8008309*PED,,,,nan,,,
205552,001,7514444*PED,,,,nan,,,
205552,001,8476284*PED,,,,nan,,,
205552,001,8497277*PED,,,,nan,,,
205552,001,8754091*PED,,,,nan,,,
205552,001,8697711*PED,,,,nan,,,
205552,001,8703780*PED,,,,nan,,,
205552,001,8735403*PED,,,,nan,,,
205552,001,9125889*PED,,,,nan,,,
205552,001,8957079*PED,,,,nan,,,
205552,001,9181257*PED,,,,nan,,,
205552,001,9296753*PED,,,,nan,,,
205552,001,9795604*PED,,,,nan,,,
205552,001,10004746*PED,,,,nan,,,
205552,002,10004746*PED,,,,nan,,,
205552,001,9801883*PED,,,,nan,,,
205552,001,9801881*PED,,,,nan,,,
205552,002,7514444*PED,,,,nan,,,
205552,002,8008309*PED,,,,nan,,,
205552,002,8476284*PED,,,,nan,,,
205552,002,8497277*PED,,,,nan,,,
205552,002,8703780*PED,,,,nan,,,
205552,002,8735403*PED,,,,nan,,,
205552,002,8697711*PED,,,,nan,,,
205552,002,8754091*PED,,,,nan,,,
205552,002,8952015*PED,,,,nan,,,
205552,002,8999999*PED,,,,nan,,,
205552,002,8957079*PED,,,,nan,,,
205552,002,9125889*PED,,,,nan,,,
205552,002,9181257*PED,,,,nan,,,
205552,002,9296753*PED,,,,nan,,,
205552,002,9540382*PED,,,,nan,,,
205552,002,9713617*PED,,,,nan,,,
205552,002,9795604*PED,,,,nan,,,
205552,002,9801881*PED,,,,nan,,,
205552,002,9725455*PED,,,,nan,,,
205552,002,9801883*PED,,,,nan,,,
205552,001,8563563*PED,,,,nan,,,
205552,002,8563563*PED,,,,nan,,,
205552,001,8952015*PED,,,,nan,,,
205552,001,9540382*PED,,,,nan,,,
205552,001,10016435*PED,,,,nan,,,
205552,002,10016435*PED,,,,nan,,,
205552,001,10106548*PED,,,,nan,,,
205552,002,10106548*PED,,,,nan,,,
205552,001,9713617*PED,,,,nan,,,
205552,001,9725455*PED,,,,nan,,,
205552,001,8999999*PED,,,,nan,,,
205552,001,10125140*PED,,,,nan,,,
205552,002,10125140*PED,,,,nan,,,
205552,001,10294232*PED,,,,nan,,,
205552,001,10294231*PED,,,,nan,,,
205552,002,10294231*PED,,,,nan,,,
205552,002,10294232*PED,,,,nan,,,
205552,001,10751342*PED,,,,nan,,,
205552,002,10751342*PED,,,,nan,,,
205552,001,10752634*PED,,,,nan,,,
205552,001,10478439*PED,,,,nan,,,
205552,002,10478439*PED,,,,nan,,,
205552,001,10961251*PED,,,,nan,,,
205552,002,10961251*PED,,,,nan,,,
205552,001,10463668*PED,,,,nan,,,
205552,002,10463668*PED,,,,nan,,,
205552,001,10695350*PED,,,,nan,,,
205552,002,10695350*PED,,,,nan,,,
205649,001,8501698*PED,,,,nan,,,
205649,001,7919598*PED,,,,nan,,,
205649,001,8685934*PED,,,,nan,,,
205649,001,6515117*PED,,,,nan,,,
205649,002,6515117*PED,,,,nan,,,
205649,002,8685934*PED,,,,nan,,,
205649,002,7919598*PED,,,,nan,,,
205649,002,8501698*PED,,,,nan,,,
205649,003,6515117*PED,,,,nan,,,
205649,003,8501698*PED,,,,nan,,,
205649,003,8685934*PED,,,,nan,,,
205649,003,7919598*PED,,,,nan,,,
205649,004,6515117*PED,,,,nan,,,
205649,004,7919598*PED,,,,nan,,,
205649,004,8501698*PED,,,,nan,,,
205649,004,8685934*PED,,,,nan,,,
205649,005,8501698*PED,,,,nan,,,
205649,005,6515117*PED,,,,nan,,,
205649,005,8685934*PED,,,,nan,,,
205649,005,7919598*PED,,,,nan,,,
205649,001,9616028*PED,,,,nan,,,
205649,002,9616028*PED,,,,nan,,,
205649,003,9616028*PED,,,,nan,,,
205649,004,9616028*PED,,,,nan,,,
205649,005,9616028*PED,,,,nan,,,
205786,001,7754731*PED,,,,nan,,,
203975,001,7439393*PED,,,,nan,,,
203975,001,8511304*PED,,,,nan,,,
202293,001,8221786*PED,,,,nan,,,
202293,001,6515117*PED,,,,nan,,,
202293,001,8501698*PED,,,,nan,,,
202293,001,8361972*PED,,,,nan,,,
202293,001,7851502*PED,,,,nan,,,
202293,001,7919598*PED,,,,nan,,,
202293,002,8361972*PED,,,,nan,,,
202293,002,8501698*PED,,,,nan,,,
202293,002,7851502*PED,,,,nan,,,
202293,002,6515117*PED,,,,nan,,,
202293,002,7919598*PED,,,,nan,,,
202293,002,8221786*PED,,,,nan,,,
202293,001,8716251*PED,,,,nan,,,
202293,002,8716251*PED,,,,nan,,,
202293,001,8685934*PED,,,,nan,,,
202293,002,8685934*PED,,,,nan,,,
202293,001,7456254*PED,,,,nan,,,
202293,002,7456254*PED,,,,nan,,,
202293,001,8329648*PED,,,,nan,,,
202293,002,8329648*PED,,,,nan,,,
202293,001,8461105*PED,,,,nan,,,
202293,001,8431685*PED,,,,nan,,,
202293,002,8431685*PED,,,,nan,,,
202293,002,8461105*PED,,,,nan,,,
202293,001,8721615*PED,,,,nan,,,
202293,002,8721615*PED,,,,nan,,,
202293,001,8906851*PED,,,,nan,,,
202293,002,8906851*PED,,,,nan,,,
202293,002,11826376*PED,,,,nan,,,
202293,002,11903955*PED,,,,nan,,,
202293,002,10973836*PED,,,,nan,,,
205551,001,8129385*PED,,,,nan,,,
205551,001,9242986*PED,,,,nan,,,
204629,001,7579449*PED,,,,nan,,,
204629,001,7713938*PED,,,,nan,,,
204629,002,7713938*PED,,,,nan,,,
204629,002,7579449*PED,,,,nan,,,
204629,001,9949998*PED,,,,nan,,,
204629,001,9949997*PED,,,,nan,,,
204629,002,9949997*PED,,,,nan,,,
204629,002,9949998*PED,,,,nan,,,
204629,001,8551957*PED,,,,nan,,,
204629,002,8551957*PED,,,,nan,,,
204629,001,10258637*PED,,,,nan,,,
204629,002,10258637*PED,,,,nan,,,
204629,001,11090323*PED,,,,nan,,,
204629,002,11090323*PED,,,,nan,,,
202155,001,6967208*PED,,,,nan,,,
202155,002,6967208*PED,,,,nan,,,
202155,001,9326945*PED,,,,nan,,,
202155,002,9326945*PED,,,,nan,,,
202155,003,6967208*PED,,,,nan,,,
202155,003,9326945*PED,,,,nan,,,
202192,001,7598257*PED,,,,nan,,,
202192,001,8415362*PED,,,,nan,,,
202192,002,7598257*PED,,,,nan,,,
202192,002,8415362*PED,,,,nan,,,
202192,003,7598257*PED,,,,nan,,,
202192,003,8415362*PED,,,,nan,,,
202192,004,7598257*PED,,,,nan,,,
202192,004,8415362*PED,,,,nan,,,
202192,005,7598257*PED,,,,nan,,,
202192,005,8415362*PED,,,,nan,,,
202192,001,8722693*PED,,,,nan,,,
202192,002,8722693*PED,,,,nan,,,
202192,003,8722693*PED,,,,nan,,,
202192,004,8722693*PED,,,,nan,,,
202192,005,8722693*PED,,,,nan,,,
202192,001,8822481*PED,,,,nan,,,
202192,002,8822481*PED,,,,nan,,,
202192,003,8822481*PED,,,,nan,,,
202192,004,8822481*PED,,,,nan,,,
202192,005,8822481*PED,,,,nan,,,
202192,001,8829013*PED,,,,nan,,,
202192,002,8829013*PED,,,,nan,,,
202192,003,8829013*PED,,,,nan,,,
202192,004,8829013*PED,,,,nan,,,
202192,005,8829013*PED,,,,nan,,,
202192,001,9079912*PED,,,,nan,,,
202192,002,9079912*PED,,,,nan,,,
202192,003,9079912*PED,,,,nan,,,
202192,004,9079912*PED,,,,nan,,,
202192,005,9079912*PED,,,,nan,,,
202192,001,9814722*PED,,,,nan,,,
202192,001,10016429*PED,,,,nan,,,
202192,002,10016429*PED,,,,nan,,,
202192,002,9814722*PED,,,,nan,,,
202192,003,9814722*PED,,,,nan,,,
202192,003,10016429*PED,,,,nan,,,
202192,004,10016429*PED,,,,nan,,,
202192,004,9814722*PED,,,,nan,,,
202192,005,10016429*PED,,,,nan,,,
202192,005,9814722*PED,,,,nan,,,
202236,001,8168620*PED,,,,nan,,,
202270,002,7326708*PED,,,,nan,,,
202270,003,7326708*PED,,,,nan,,,
202270,001,7326708*PED,,,,nan,,,
202324,001,6534524*PED,,,,nan,,,
202324,002,6534524*PED,,,,nan,,,
202324,001,8791140*PED,,,,nan,,,
202324,002,8791140*PED,,,,nan,,,
202324,001,10869924*PED,,,,nan,,,
202324,002,10869924*PED,,,,nan,,,
202324,001,10570202*PED,,,,nan,,,
202324,002,10570202*PED,,,,nan,,,
202343,002,7326708*PED,,,,nan,,,
202343,001,7326708*PED,,,,nan,,,
202343,003,7326708*PED,,,,nan,,,
202343,004,7326708*PED,,,,nan,,,
202343,005,7326708*PED,,,,nan,,,
202343,006,7326708*PED,,,,nan,,,
205832,001,6762180*PED,,,,nan,,,
205832,002,6762180*PED,,,,nan,,,
205832,001,9907756*PED,,,,nan,,,
205832,002,9907756*PED,,,,nan,,,
205832,001,10105323*PED,,,,nan,,,
205832,002,10105323*PED,,,,nan,,,
205832,001,10154990*PED,,,,nan,,,
205832,002,10154990*PED,,,,nan,,,
204790,001,8129385*PED,,,,nan,,,
204790,001,9242986*PED,,,,nan,,,
204790,002,9242986*PED,,,,nan,,,
204790,002,8129385*PED,,,,nan,,,
204790,003,9242986*PED,,,,nan,,,
204790,003,8129385*PED,,,,nan,,,
204447,001,8722684*PED,,,,nan,,,
204447,002,8722684*PED,,,,nan,,,
204447,003,8722684*PED,,,,nan,,,
204447,004,8722684*PED,,,,nan,,,
204447,001,7144884*PED,,,,nan,,,
204447,002,7144884*PED,,,,nan,,,
204447,003,7144884*PED,,,,nan,,,
204447,004,7144884*PED,,,,nan,,,
204447,001,8969355*PED,,,,nan,,,
204447,002,8969355*PED,,,,nan,,,
204447,003,8969355*PED,,,,nan,,,
204447,004,8969355*PED,,,,nan,,,
204447,001,9227946*PED,,,,nan,,,
204447,002,9227946*PED,,,,nan,,,
204447,003,9227946*PED,,,,nan,,,
204447,004,9227946*PED,,,,nan,,,
204447,001,9125908*PED,,,,nan,,,
204447,001,9125909*PED,,,,nan,,,
204447,002,9125908*PED,,,,nan,,,
204447,002,9125909*PED,,,,nan,,,
204447,003,9125908*PED,,,,nan,,,
204447,003,9125909*PED,,,,nan,,,
204447,004,9125908*PED,,,,nan,,,
204447,004,9125909*PED,,,,nan,,,
204447,001,9125910*PED,,,,nan,,,
204447,002,9125910*PED,,,,nan,,,
204447,003,9125910*PED,,,,nan,,,
204447,004,9125910*PED,,,,nan,,,
204447,001,9861630*PED,,,,nan,,,
204447,002,9861630*PED,,,,nan,,,
204447,003,9861630*PED,,,,nan,,,
204447,004,9861630*PED,,,,nan,,,
204447,001,9278096*PED,,,,nan,,,
204447,002,9278096*PED,,,,nan,,,
204447,003,9278096*PED,,,,nan,,,
204447,004,9278096*PED,,,,nan,,,
204447,001,11458134*PED,,,,nan,,,
204447,002,11458134*PED,,,,nan,,,
204447,003,11458134*PED,,,,nan,,,
204447,004,11458134*PED,,,,nan,,,
207589,001,9119781*PED,,,,nan,,,
207589,001,10130640*PED,,,,nan,,,
207953,001,8895557*PED,,,,nan,,,
207695,001,8039451*PED,,,,nan,,,
207695,001,8168614*PED,,,,nan,,,
207695,001,8501712*PED,,,,nan,,,
207695,001,9682092*PED,,,,nan,,,
209195,001,8575135*PED,,,,nan,,,
209195,001,8334270*PED,,,,nan,,,
209195,001,7964580*PED,,,,nan,,,
209195,001,8618076*PED,,,,nan,,,
209195,001,8580765*PED,,,,nan,,,
209195,001,8921341*PED,,,,nan,,,
209195,001,8735372*PED,,,,nan,,,
209195,001,8633309*PED,,,,nan,,,
209195,001,9085573*PED,,,,nan,,,
209195,001,8940718*PED,,,,nan,,,
209195,001,8889159*PED,,,,nan,,,
209195,001,9284342*PED,,,,nan,,,
209195,001,11338007*PED,,,,nan,,,
209195,001,11116783*PED,,,,nan,,,
210251,001,7390791*PED,,,,nan,,,
210251,001,9296769*PED,,,,nan,,,
210251,001,8754065*PED,,,,nan,,,
210251,002,9296769*PED,,,,nan,,,
210251,002,8754065*PED,,,,nan,,,
210251,002,7390791*PED,,,,nan,,,
206111,001,7579449*PED,,,,nan,,,
206111,001,7713938*PED,,,,nan,,,
206111,002,7713938*PED,,,,nan,,,
206111,002,7579449*PED,,,,nan,,,
206111,003,7579449*PED,,,,nan,,,
206111,003,7713938*PED,,,,nan,,,
206111,004,7713938*PED,,,,nan,,,
206111,004,7579449*PED,,,,nan,,,
206111,001,10258637*PED,,,,nan,,,
206111,002,10258637*PED,,,,nan,,,
206111,003,10258637*PED,,,,nan,,,
206111,004,10258637*PED,,,,nan,,,
206111,001,11090323*PED,,,,nan,,,
206111,002,11090323*PED,,,,nan,,,
206111,003,11090323*PED,,,,nan,,,
206111,004,11090323*PED,,,,nan,,,
206111,001,10610489*PED,,,,nan,,,
206111,002,10610489*PED,,,,nan,,,
206111,003,10610489*PED,,,,nan,,,
206111,004,10610489*PED,,,,nan,,,
206111,001,9949997*PED,,,,nan,,,
206111,004,9949997*PED,,,,nan,,,
206111,003,9949997*PED,,,,nan,,,
206111,002,9949997*PED,,,,nan,,,
207027,001,7547719*PED,,,,nan,,,
207027,002,7547719*PED,,,,nan,,,
211358,001,8410274*PED,,,,nan,,,
211358,001,8716338*PED,,,,nan,,,
211358,002,8716338*PED,,,,nan,,,
211358,001,7973038*PED,,,,nan,,,
211358,001,8324242*PED,,,,nan,,,
211358,001,7495103*PED,,,,nan,,,
211358,002,7495103*PED,,,,nan,,,
211358,002,8324242*PED,,,,nan,,,
211358,002,7973038*PED,,,,nan,,,
211358,002,8410274*PED,,,,nan,,,
211358,001,8507534*PED,,,,nan,,,
211358,001,8653103*PED,,,,nan,,,
211358,001,8741933*PED,,,,nan,,,
211358,002,8653103*PED,,,,nan,,,
211358,002,8507534*PED,,,,nan,,,
211358,002,8741933*PED,,,,nan,,,
211358,001,9150552*PED,,,,nan,,,
211358,001,8754224*PED,,,,nan,,,
211358,001,8993600*PED,,,,nan,,,
211358,001,8846718*PED,,,,nan,,,
211358,002,8993600*PED,,,,nan,,,
211358,002,8754224*PED,,,,nan,,,
211358,002,8846718*PED,,,,nan,,,
211358,002,9150552*PED,,,,nan,,,
211358,001,9931334*PED,,,,nan,,,
211358,001,9670163*PED,,,,nan,,,
211358,001,9216969*PED,,,,nan,,,
211358,002,9670163*PED,,,,nan,,,
211358,002,9216969*PED,,,,nan,,,
211358,002,9931334*PED,,,,nan,,,
211358,001,9192606*PED,,,,nan,,,
211358,002,9192606*PED,,,,nan,,,
211358,003,9931334*PED,,,,nan,,,
211358,003,9192606*PED,,,,nan,,,
211358,003,9216969*PED,,,,nan,,,
211358,003,9670163*PED,,,,nan,,,
211358,003,10597384*PED,,,,nan,,,
211358,003,10646481*PED,,,,nan,,,
211358,001,12065432*PED,,,,nan,,,
211358,003,12065432*PED,,,,nan,,,
211358,002,12065432*PED,,,,nan,,,
211358,001,10597384*PED,,,,nan,,,
211358,002,10597384*PED,,,,nan,,,
211358,001,10646481*PED,,,,nan,,,
211358,002,10646481*PED,,,,nan,,,
211358,003,7495103*PED,,,,nan,,,
211358,003,8324242*PED,,,,nan,,,
211358,003,7973038*PED,,,,nan,,,
211358,003,8410274*PED,,,,nan,,,
211358,003,8507534*PED,,,,nan,,,
211358,003,8653103*PED,,,,nan,,,
211358,003,8716338*PED,,,,nan,,,
211358,003,8741933*PED,,,,nan,,,
211358,003,8754224*PED,,,,nan,,,
211358,003,8846718*PED,,,,nan,,,
211358,003,8993600*PED,,,,nan,,,
211358,003,9150552*PED,,,,nan,,,
211358,001,11564916*PED,,,,nan,,,
211358,003,11564916*PED,,,,nan,,,
211358,002,11564916*PED,,,,nan,,,
207501,001,6812238*PED,,,,nan,,,
207500,001,6812238*PED,,,,nan,,,
207500,001,10603280*PED,,,,nan,,,
207500,001,10206879*PED,,,,nan,,,
207500,002,10603280*PED,,,,nan,,,
207500,002,10206879*PED,,,,nan,,,
207500,002,6812238*PED,,,,nan,,,
022225,002,RE44733*PED,,,,nan,,,
022225,001,RE44733*PED,,,,nan,,,
208351,001,8754065*PED,,,,nan,,,
208351,001,7390791*PED,,,,nan,,,
208351,001,9296769*PED,,,,nan,,,
206143,001,7879842*PED,,,,nan,,,
206143,001,7361649*PED,,,,nan,,,
206143,001,7361650*PED,,,,nan,,,
206143,001,7867996*PED,,,,nan,,,
206143,002,7879842*PED,,,,nan,,,
206143,002,7867996*PED,,,,nan,,,
206143,002,7361650*PED,,,,nan,,,
206143,002,7361649*PED,,,,nan,,,
208056,001,8461187*PED,,,,nan,,,
208056,001,8871273*PED,,,,nan,,,
209394,001,10028937*PED,,,,nan,,,
209394,001,8648037*PED,,,,nan,,,
209394,001,8937150*PED,,,,nan,,,
209394,001,9586978*PED,,,,nan,,,
209394,001,9321807*PED,,,,nan,,,
209394,001,10039754*PED,,,,nan,,,
209394,001,11246866*PED,,,,nan,,,
209394,001,10286029*PED,,,,nan,,,
209394,001,11484534*PED,,,,nan,,,
209394,001,RE48923*PED,,,,nan,,,
207561,001,8754065*PED,,,,nan,,,
207561,001,8981103*PED,,,,nan,,,
207561,001,10039718*PED,,,,nan,,,
207561,001,9891239*PED,,,,nan,,,
207561,001,7176220*PED,,,,nan,,,
207561,001,7390791*PED,,,,nan,,,
207561,001,7635704*PED,,,,nan,,,
207561,001,8148374*PED,,,,nan,,,
207561,001,8633219*PED,,,,nan,,,
207561,001,9296769*PED,,,,nan,,,
206192,001,8362002*PED,,,,nan,,,
206192,001,7803839*PED,,,,nan,,,
206192,001,11254649*PED,,,,nan,,,
206192,001,10478400*PED,,,,nan,,,
206192,001,10590102*PED,,,,nan,,,
206192,001,11087354*PED,,,,nan,,,
208082,001,9233959*PED,,,,nan,,,
208082,001,8524733*PED,,,,nan,,,
208082,002,8524733*PED,,,,nan,,,
208082,002,9233959*PED,,,,nan,,,
208082,003,9233959*PED,,,,nan,,,
208082,003,8524733*PED,,,,nan,,,
208082,001,9296739*PED,,,,nan,,,
208082,001,9550780*PED,,,,nan,,,
208082,002,9550780*PED,,,,nan,,,
208082,002,9296739*PED,,,,nan,,,
208082,003,9296739*PED,,,,nan,,,
208082,003,9550780*PED,,,,nan,,,
208082,001,9814708*PED,,,,nan,,,
208082,002,9814708*PED,,,,nan,,,
208082,003,9814708*PED,,,,nan,,,
208082,001,11813232*PED,,,,nan,,,
208082,002,11813232*PED,,,,nan,,,
208082,003,11813232*PED,,,,nan,,,
208082,001,10959996*PED,,,,nan,,,
208082,002,10959996*PED,,,,nan,,,
208082,003,10959996*PED,,,,nan,,,
208082,001,11564917*PED,,,,nan,,,
208082,003,11564917*PED,,,,nan,,,
208082,002,11564917*PED,,,,nan,,,
208082,001,11179386*PED,,,,nan,,,
208082,002,11179386*PED,,,,nan,,,
208082,003,11179386*PED,,,,nan,,,
208082,001,11666566*PED,,,,nan,,,
208082,002,11666566*PED,,,,nan,,,
208082,003,11666566*PED,,,,nan,,,
208082,001,11648244*PED,,,,nan,,,
208082,002,11648244*PED,,,,nan,,,
208082,003,11648244*PED,,,,nan,,,
208082,001,11446291*PED,,,,nan,,,
208082,002,11446291*PED,,,,nan,,,
208082,003,11446291*PED,,,,nan,,,
208082,001,11357772*PED,,,,nan,,,
208082,002,11357772*PED,,,,nan,,,
208082,003,11357772*PED,,,,nan,,,
208082,001,12016858*PED,,,,nan,,,
208082,002,12016858*PED,,,,nan,,,
208082,003,12016858*PED,,,,nan,,,
208694,001,8829005*PED,,,,nan,,,
208694,001,9254286*PED,,,,nan,,,
205879,001,7943788*PED,,,,nan,,,
205879,002,7943788*PED,,,,nan,,,
205879,003,7943788*PED,,,,nan,,,
205879,004,7943788*PED,,,,nan,,,
205879,001,8222219*PED,,,,nan,,,
205879,002,8222219*PED,,,,nan,,,
205879,003,8222219*PED,,,,nan,,,
205879,004,8222219*PED,,,,nan,,,
205879,001,8513202*PED,,,,nan,,,
205879,002,8513202*PED,,,,nan,,,
205879,003,8513202*PED,,,,nan,,,
205879,004,8513202*PED,,,,nan,,,
205879,001,7943582*PED,,,,nan,,,
205879,002,7943582*PED,,,,nan,,,
205879,003,7943582*PED,,,,nan,,,
205879,004,7943582*PED,,,,nan,,,
205395,001,7700645*PED,,,,nan,,,
205395,002,7700645*PED,,,,nan,,,
206073,001,8673927*PED,,,,nan,,,
206073,001,7579449*PED,,,,nan,,,
206073,001,7407955*PED,,,,nan,,,
206073,001,8551957*PED,,,,nan,,,
206073,001,8883805*PED,,,,nan,,,
206073,001,7713938*PED,,,,nan,,,
206073,002,7713938*PED,,,,nan,,,
206073,002,8551957*PED,,,,nan,,,
206073,002,8883805*PED,,,,nan,,,
206073,002,8673927*PED,,,,nan,,,
206073,002,7579449*PED,,,,nan,,,
206073,002,7407955*PED,,,,nan,,,
206073,001,10258637*PED,,,,nan,,,
206073,002,10258637*PED,,,,nan,,,
206073,001,11090323*PED,,,,nan,,,
206073,002,11090323*PED,,,,nan,,,
206073,001,11033552*PED,,,,nan,,,
206073,002,11033552*PED,,,,nan,,,
209482,001,7439393*PED,,,,nan,,,
209482,001,8534281*PED,,,,nan,,,
209482,001,8746242*PED,,,,nan,,,
209482,002,8534281*PED,,,,nan,,,
209482,002,8746242*PED,,,,nan,,,
209482,002,7439393*PED,,,,nan,,,
209091,001,6515117*PED,,,,nan,,,
209091,001,7919598*PED,,,,nan,,,
209091,001,8221786*PED,,,,nan,,,
209091,001,8361972*PED,,,,nan,,,
209091,001,8501698*PED,,,,nan,,,
209091,001,8716251*PED,,,,nan,,,
209091,002,8501698*PED,,,,nan,,,
209091,002,7919598*PED,,,,nan,,,
209091,002,8221786*PED,,,,nan,,,
209091,002,8716251*PED,,,,nan,,,
209091,002,8361972*PED,,,,nan,,,
209091,002,6515117*PED,,,,nan,,,
208246,001,RE41783*PED,,,,nan,,,
208246,001,9937181*PED,,,,nan,,,
208246,002,RE41783*PED,,,,nan,,,
208246,002,10639309*PED,,,,nan,,,
208246,001,11253523*PED,,,,nan,,,
208246,002,11253523*PED,,,,nan,,,
208700,001,12144873*PED,,,,nan,,,
208700,001,12151003*PED,,,,nan,,,
208700,001,10596278*PED,,,,nan,,,
208700,001,10596276*PED,,,,nan,,,
208700,001,12161732*PED,,,,nan,,,
208700,001,11904027*PED,,,,nan,,,
210563,003,10016435*PED,,,,nan,,,
210563,001,10016435*PED,,,,nan,,,
210563,002,10016435*PED,,,,nan,,,
210563,004,10016435*PED,,,,nan,,,
210563,001,8703780*PED,,,,nan,,,
210563,001,8754091*PED,,,,nan,,,
210563,001,8735403*PED,,,,nan,,,
210563,001,8697711*PED,,,,nan,,,
210563,001,8999999*PED,,,,nan,,,
210563,001,8957079*PED,,,,nan,,,
210563,001,8952015*PED,,,,nan,,,
210563,001,8563563*PED,,,,nan,,,
210563,001,8497277*PED,,,,nan,,,
210563,002,8703780*PED,,,,nan,,,
210563,002,8497277*PED,,,,nan,,,
210563,002,8952015*PED,,,,nan,,,
210563,002,8754091*PED,,,,nan,,,
210563,002,8999999*PED,,,,nan,,,
210563,002,8697711*PED,,,,nan,,,
210563,002,8563563*PED,,,,nan,,,
210563,002,8957079*PED,,,,nan,,,
210563,002,8735403*PED,,,,nan,,,
210563,003,8497277*PED,,,,nan,,,
210563,003,8957079*PED,,,,nan,,,
210563,003,8703780*PED,,,,nan,,,
210563,003,8563563*PED,,,,nan,,,
210563,003,8735403*PED,,,,nan,,,
210563,003,8999999*PED,,,,nan,,,
210563,003,8952015*PED,,,,nan,,,
210563,003,8754091*PED,,,,nan,,,
210563,003,8697711*PED,,,,nan,,,
210563,004,8999999*PED,,,,nan,,,
210563,004,8957079*PED,,,,nan,,,
210563,004,8754091*PED,,,,nan,,,
210563,004,8563563*PED,,,,nan,,,
210563,004,8754090*PED,,,,nan,,,
210563,004,8497277*PED,,,,nan,,,
210563,004,8697711*PED,,,,nan,,,
210563,001,8008309*PED,,,,nan,,,
210563,002,8008309*PED,,,,nan,,,
210563,003,8008309*PED,,,,nan,,,
210563,004,8008309*PED,,,,nan,,,
210563,004,8952015*PED,,,,nan,,,
210563,004,8735403*PED,,,,nan,,,
210563,004,8703780*PED,,,,nan,,,
210563,001,9725455*PED,,,,nan,,,
210563,001,9801881*PED,,,,nan,,,
210563,001,9125889*PED,,,,nan,,,
210563,001,9181257*PED,,,,nan,,,
210563,001,9795604*PED,,,,nan,,,
210563,001,9296753*PED,,,,nan,,,
210563,001,9655857*PED,,,,nan,,,
210563,001,8476284*PED,,,,nan,,,
210563,001,9801883*PED,,,,nan,,,
210563,002,9125889*PED,,,,nan,,,
210563,002,9181257*PED,,,,nan,,,
210563,002,9296753*PED,,,,nan,,,
210563,002,9795604*PED,,,,nan,,,
210563,002,9655857*PED,,,,nan,,,
210563,002,9725455*PED,,,,nan,,,
210563,002,8476284*PED,,,,nan,,,
210563,002,9801881*PED,,,,nan,,,
210563,002,9801883*PED,,,,nan,,,
210563,003,9181257*PED,,,,nan,,,
210563,003,9795604*PED,,,,nan,,,
210563,003,8476284*PED,,,,nan,,,
210563,003,9801883*PED,,,,nan,,,
210563,003,9125889*PED,,,,nan,,,
210563,003,9296753*PED,,,,nan,,,
210563,003,9655857*PED,,,,nan,,,
210563,003,9725455*PED,,,,nan,,,
210563,003,9801881*PED,,,,nan,,,
210563,004,8476284*PED,,,,nan,,,
210563,004,9814721*PED,,,,nan,,,
210563,004,9801881*PED,,,,nan,,,
210563,004,9296753*PED,,,,nan,,,
210563,004,9655857*PED,,,,nan,,,
210563,004,9125889*PED,,,,nan,,,
210563,004,9795604*PED,,,,nan,,,
210563,004,9801883*PED,,,,nan,,,
210563,004,9181257*PED,,,,nan,,,
210563,004,9725455*PED,,,,nan,,,
210563,001,10010507*PED,,,,nan,,,
210563,001,10004746*PED,,,,nan,,,
210563,002,10010507*PED,,,,nan,,,
210563,002,10004746*PED,,,,nan,,,
210563,003,10004746*PED,,,,nan,,,
210563,003,10010507*PED,,,,nan,,,
210563,004,10010507*PED,,,,nan,,,
210563,004,10004746*PED,,,,nan,,,
210563,001,7514444*PED,,,,nan,,,
210563,002,7514444*PED,,,,nan,,,
210563,003,7514444*PED,,,,nan,,,
210563,004,7514444*PED,,,,nan,,,
210563,001,10106548*PED,,,,nan,,,
210563,002,10106548*PED,,,,nan,,,
210563,003,10106548*PED,,,,nan,,,
210563,004,10106548*PED,,,,nan,,,
210563,001,10125140*PED,,,,nan,,,
210563,002,10125140*PED,,,,nan,,,
210563,003,10125140*PED,,,,nan,,,
210563,004,10125140*PED,,,,nan,,,
210563,001,10751342*PED,,,,nan,,,
210563,002,10751342*PED,,,,nan,,,
210563,003,10751342*PED,,,,nan,,,
210563,004,10751342*PED,,,,nan,,,
210563,001,10752634*PED,,,,nan,,,
210563,001,10478439*PED,,,,nan,,,
210563,002,10478439*PED,,,,nan,,,
210563,003,10478439*PED,,,,nan,,,
210563,004,10478439*PED,,,,nan,,,
210563,001,10213386*PED,,,,nan,,,
210563,002,10213386*PED,,,,nan,,,
210563,003,10213386*PED,,,,nan,,,
210563,004,10213386*PED,,,,nan,,,
210563,001,10828259*PED,,,,nan,,,
210563,002,10828259*PED,,,,nan,,,
210563,003,10828259*PED,,,,nan,,,
210563,004,10828259*PED,,,,nan,,,
210563,001,10463668*PED,,,,nan,,,
210563,002,10463668*PED,,,,nan,,,
210563,003,10463668*PED,,,,nan,,,
210563,004,10463668*PED,,,,nan,,,
210563,004,10653696*PED,,,,nan,,,
210563,001,10961251*PED,,,,nan,,,
210563,002,10961251*PED,,,,nan,,,
210563,003,10961251*PED,,,,nan,,,
210563,004,10961251*PED,,,,nan,,,
210563,001,10695350*PED,,,,nan,,,
210563,002,10695350*PED,,,,nan,,,
210563,003,10695350*PED,,,,nan,,,
210563,004,10695350*PED,,,,nan,,,
208799,001,8714149*PED,,,,nan,,,
208799,001,8651103*PED,,,,nan,,,
208799,001,8978966*PED,,,,nan,,,
208799,002,8651103*PED,,,,nan,,,
208799,002,8978966*PED,,,,nan,,,
208799,002,8714149*PED,,,,nan,,,
208799,003,8978966*PED,,,,nan,,,
208799,003,8714149*PED,,,,nan,,,
208799,003,8651103*PED,,,,nan,,,
208799,001,9463288*PED,,,,nan,,,
208799,001,9216260*PED,,,,nan,,,
208799,001,9415008*PED,,,,nan,,,
208799,001,9066957*PED,,,,nan,,,
208799,002,9216260*PED,,,,nan,,,
208799,002,9066957*PED,,,,nan,,,
208799,002,9463288*PED,,,,nan,,,
208799,003,9066957*PED,,,,nan,,,
208799,003,9216260*PED,,,,nan,,,
208799,003,9463288*PED,,,,nan,,,
208799,001,10022510*PED,,,,nan,,,
208799,002,10022510*PED,,,,nan,,,
208799,003,10022510*PED,,,,nan,,,
208799,001,9731087*PED,,,,nan,,,
208799,002,9731087*PED,,,,nan,,,
208799,003,9731087*PED,,,,nan,,,
208799,001,9987229*PED,,,,nan,,,
208799,002,9987229*PED,,,,nan,,,
208799,003,9987229*PED,,,,nan,,,
208799,001,9616024*PED,,,,nan,,,
208799,002,9616024*PED,,,,nan,,,
208799,003,9616024*PED,,,,nan,,,
208799,001,10124131*PED,,,,nan,,,
208799,002,10124131*PED,,,,nan,,,
208799,003,10124131*PED,,,,nan,,,
208799,001,10195375*PED,,,,nan,,,
208799,002,10195375*PED,,,,nan,,,
208799,003,10195375*PED,,,,nan,,,
208799,004,11173259*PED,,,,nan,,,
208799,006,11173259*PED,,,,nan,,,
208799,005,11173259*PED,,,,nan,,,
208799,004,10569034*PED,,,,nan,,,
208799,005,10569034*PED,,,,nan,,,
208799,006,10569034*PED,,,,nan,,,
208799,004,11351317*PED,,,,nan,,,
208799,006,11351317*PED,,,,nan,,,
208799,005,11351317*PED,,,,nan,,,
208799,004,11344685*PED,,,,nan,,,
208799,006,11344685*PED,,,,nan,,,
208799,005,11344685*PED,,,,nan,,,
208799,004,11000653*PED,,,,nan,,,
208799,005,11000653*PED,,,,nan,,,
208799,006,11000653*PED,,,,nan,,,
208799,004,9415008*PED,,,,nan,,,
208799,004,8651103*PED,,,,nan,,,
208799,005,8651103*PED,,,,nan,,,
208799,006,8651103*PED,,,,nan,,,
208799,004,8714149*PED,,,,nan,,,
208799,005,8714149*PED,,,,nan,,,
208799,006,8714149*PED,,,,nan,,,
208799,004,8978966*PED,,,,nan,,,
208799,005,8978966*PED,,,,nan,,,
208799,006,8978966*PED,,,,nan,,,
208799,004,9616024*PED,,,,nan,,,
208799,004,9463288*PED,,,,nan,,,
208799,004,9782551*PED,,,,nan,,,
208799,004,9987229*PED,,,,nan,,,
208799,004,9216260*PED,,,,nan,,,
208799,004,9782550*PED,,,,nan,,,
208799,004,9066957*PED,,,,nan,,,
208799,004,9731087*PED,,,,nan,,,
208799,005,9216260*PED,,,,nan,,,
208799,005,9782551*PED,,,,nan,,,
208799,005,9066957*PED,,,,nan,,,
208799,005,9731087*PED,,,,nan,,,
208799,005,9987229*PED,,,,nan,,,
208799,005,9782550*PED,,,,nan,,,
208799,005,9616024*PED,,,,nan,,,
208799,005,9463288*PED,,,,nan,,,
208799,006,9616024*PED,,,,nan,,,
208799,006,9782550*PED,,,,nan,,,
208799,006,9216260*PED,,,,nan,,,
208799,006,9731087*PED,,,,nan,,,
208799,006,9782551*PED,,,,nan,,,
208799,006,9066957*PED,,,,nan,,,
208799,006,9463288*PED,,,,nan,,,
208799,006,9987229*PED,,,,nan,,,
208799,004,10022510*PED,,,,nan,,,
208799,004,10124131*PED,,,,nan,,,
208799,004,10195375*PED,,,,nan,,,
208799,005,10195375*PED,,,,nan,,,
208799,005,10022510*PED,,,,nan,,,
208799,005,10124131*PED,,,,nan,,,
208799,006,10124131*PED,,,,nan,,,
208799,006,10195375*PED,,,,nan,,,
208799,006,10022510*PED,,,,nan,,,
208799,004,11266796*PED,,,,nan,,,
208799,006,11266796*PED,,,,nan,,,
208799,005,11266796*PED,,,,nan,,,
208799,004,11969544*PED,,,,nan,,,
208799,006,11969544*PED,,,,nan,,,
208799,005,11969544*PED,,,,nan,,,
208799,001,11969544*PED,,,,nan,,,
208799,003,11969544*PED,,,,nan,,,
208799,002,11969544*PED,,,,nan,,,
208799,001,10765820*PED,,,,nan,,,
208799,002,10765820*PED,,,,nan,,,
208799,003,10765820*PED,,,,nan,,,
208799,004,10765820*PED,,,,nan,,,
208799,005,10765820*PED,,,,nan,,,
208799,006,10765820*PED,,,,nan,,,
208799,004,10918816*PED,,,,nan,,,
208799,005,10918816*PED,,,,nan,,,
208799,006,10918816*PED,,,,nan,,,
208798,001,8651103*PED,,,,nan,,,
208798,002,8651103*PED,,,,nan,,,
208798,003,8651103*PED,,,,nan,,,
208798,001,9216260*PED,,,,nan,,,
208798,001,8978966*PED,,,,nan,,,
208798,001,8714149*PED,,,,nan,,,
208798,001,9463288*PED,,,,nan,,,
208798,002,9216260*PED,,,,nan,,,
208798,002,8978966*PED,,,,nan,,,
208798,002,9463288*PED,,,,nan,,,
208798,002,8714149*PED,,,,nan,,,
208798,003,9463288*PED,,,,nan,,,
208798,003,8978966*PED,,,,nan,,,
208798,003,9216260*PED,,,,nan,,,
208798,003,8714149*PED,,,,nan,,,
208798,001,10022510*PED,,,,nan,,,
208798,002,10022510*PED,,,,nan,,,
208798,003,10022510*PED,,,,nan,,,
208798,001,9731087*PED,,,,nan,,,
208798,002,9731087*PED,,,,nan,,,
208798,003,9731087*PED,,,,nan,,,
208798,001,9616024*PED,,,,nan,,,
208798,002,9616024*PED,,,,nan,,,
208798,003,9616024*PED,,,,nan,,,
208798,001,10124131*PED,,,,nan,,,
208798,002,10124131*PED,,,,nan,,,
208798,003,10124131*PED,,,,nan,,,
208798,008,9216260*PED,,,,nan,,,
208798,001,10195375*PED,,,,nan,,,
208798,002,10195375*PED,,,,nan,,,
208798,003,10195375*PED,,,,nan,,,
208798,004,10918816*PED,,,,nan,,,
208798,005,10918816*PED,,,,nan,,,
208798,006,10918816*PED,,,,nan,,,
208798,004,11357935*PED,,,,nan,,,
208798,008,11357935*PED,,,,nan,,,
208798,006,11357935*PED,,,,nan,,,
208798,005,11357935*PED,,,,nan,,,
208798,005,11173259*PED,,,,nan,,,
208798,004,11173259*PED,,,,nan,,,
208798,006,11173259*PED,,,,nan,,,
208798,004,10569034*PED,,,,nan,,,
208798,005,10569034*PED,,,,nan,,,
208798,006,10569034*PED,,,,nan,,,
208798,004,11351317*PED,,,,nan,,,
208798,008,11351317*PED,,,,nan,,,
208798,006,11351317*PED,,,,nan,,,
208798,005,11351317*PED,,,,nan,,,
208798,004,11344685*PED,,,,nan,,,
208798,008,11344685*PED,,,,nan,,,
208798,006,11344685*PED,,,,nan,,,
208798,005,11344685*PED,,,,nan,,,
208798,004,11000653*PED,,,,nan,,,
208798,005,11000653*PED,,,,nan,,,
208798,006,11000653*PED,,,,nan,,,
208798,001,11969544*PED,,,,nan,,,
208798,002,11969544*PED,,,,nan,,,
208798,003,11969544*PED,,,,nan,,,
208798,007,11969544*PED,,,,nan,,,
208798,004,9616024*PED,,,,nan,,,
208798,004,8651103*PED,,,,nan,,,
208798,004,9731087*PED,,,,nan,,,
208798,004,10124131*PED,,,,nan,,,
208798,005,8651103*PED,,,,nan,,,
208798,005,10124131*PED,,,,nan,,,
208798,005,9616024*PED,,,,nan,,,
208798,005,9731087*PED,,,,nan,,,
208798,006,9731087*PED,,,,nan,,,
208798,006,10124131*PED,,,,nan,,,
208798,006,9616024*PED,,,,nan,,,
208798,006,8651103*PED,,,,nan,,,
208798,004,9216260*PED,,,,nan,,,
208798,004,9463288*PED,,,,nan,,,
208798,004,10195375*PED,,,,nan,,,
208798,004,8714149*PED,,,,nan,,,
208798,005,9463288*PED,,,,nan,,,
208798,005,8714149*PED,,,,nan,,,
208798,005,9216260*PED,,,,nan,,,
208798,005,10195375*PED,,,,nan,,,
208798,006,8714149*PED,,,,nan,,,
208798,006,9463288*PED,,,,nan,,,
208798,006,10195375*PED,,,,nan,,,
208798,006,9216260*PED,,,,nan,,,
208798,004,9782550*PED,,,,nan,,,
208798,004,9782551*PED,,,,nan,,,
208798,004,10022510*PED,,,,nan,,,
208798,005,9782550*PED,,,,nan,,,
208798,005,10022510*PED,,,,nan,,,
208798,005,9782551*PED,,,,nan,,,
208798,006,10022510*PED,,,,nan,,,
208798,006,9782550*PED,,,,nan,,,
208798,006,9782551*PED,,,,nan,,,
208798,004,8978966*PED,,,,nan,,,
208798,005,8978966*PED,,,,nan,,,
208798,006,8978966*PED,,,,nan,,,
208798,007,8978966*PED,,,,nan,,,
208798,007,10765820*PED,,,,nan,,,
208798,007,8714149*PED,,,,nan,,,
208798,004,11266796*PED,,,,nan,,,
208798,005,11266796*PED,,,,nan,,,
208798,006,11266796*PED,,,,nan,,,
208798,007,9463288*PED,,,,nan,,,
208798,007,8651103*PED,,,,nan,,,
208798,007,10022510*PED,,,,nan,,,
208798,007,9216260*PED,,,,nan,,,
208798,007,9616024*PED,,,,nan,,,
208798,007,9731087*PED,,,,nan,,,
208798,007,10124131*PED,,,,nan,,,
208798,007,10195375*PED,,,,nan,,,
208798,004,11969544*PED,,,,nan,,,
208798,005,11969544*PED,,,,nan,,,
208798,006,11969544*PED,,,,nan,,,
208798,008,11969544*PED,,,,nan,,,
208798,001,10765820*PED,,,,nan,,,
208798,002,10765820*PED,,,,nan,,,
208798,003,10765820*PED,,,,nan,,,
208798,004,10765820*PED,,,,nan,,,
208798,005,10765820*PED,,,,nan,,,
208798,006,10765820*PED,,,,nan,,,
208798,004,11464923*PED,,,,nan,,,
208798,008,11464923*PED,,,,nan,,,
208798,006,11464923*PED,,,,nan,,,
208798,005,11464923*PED,,,,nan,,,
208798,004,11439777*PED,,,,nan,,,
208798,008,11439777*PED,,,,nan,,,
208798,006,11439777*PED,,,,nan,,,
208798,005,11439777*PED,,,,nan,,,
208798,008,8651103*PED,,,,nan,,,
208798,008,8714149*PED,,,,nan,,,
208798,008,8978966*PED,,,,nan,,,
208798,008,9463288*PED,,,,nan,,,
208798,008,9616024*PED,,,,nan,,,
208798,008,9731087*PED,,,,nan,,,
208798,008,9782550*PED,,,,nan,,,
208798,008,9782551*PED,,,,nan,,,
208798,008,10022510*PED,,,,nan,,,
208798,008,10124131*PED,,,,nan,,,
208798,008,10195375*PED,,,,nan,,,
208798,008,10569034*PED,,,,nan,,,
208798,008,10765820*PED,,,,nan,,,
208798,008,10918816*PED,,,,nan,,,
208798,008,11000653*PED,,,,nan,,,
208798,008,11173259*PED,,,,nan,,,
208798,008,11266796*PED,,,,nan,,,
209501,001,9144559*PED,,,,nan,,,
209501,002,9144559*PED,,,,nan,,,
209501,003,9144559*PED,,,,nan,,,
209501,001,10022447*PED,,,,nan,,,
209501,002,10022447*PED,,,,nan,,,
209501,003,10022447*PED,,,,nan,,,
209501,001,8945620*PED,,,,nan,,,
209501,002,8945620*PED,,,,nan,,,
209501,003,8945620*PED,,,,nan,,,
210192,001,8129385*PED,,,,nan,,,
210192,001,9242986*PED,,,,nan,,,
208464,001,9296769*PED,,,,nan,,,
208464,001,7390791*PED,,,,nan,,,
208464,001,8754065*PED,,,,nan,,,
209210,001,8329648*PED,,,,nan,,,
209210,001,7612176*PED,,,,nan,,,
209210,001,7456254*PED,,,,nan,,,
209210,001,8431685*PED,,,,nan,,,
209210,001,8461105*PED,,,,nan,,,
209210,001,8895033*PED,,,,nan,,,
209210,001,8906851*PED,,,,nan,,,
209210,001,9884092*PED,,,,nan,,,
209210,001,8501698*PED,,,,nan,,,
209210,001,6515117*PED,,,,nan,,,
209210,001,8361972*PED,,,,nan,,,
206038,002,8410274*PED,,,,nan,,,
206038,002,8507534*PED,,,,nan,,,
206038,002,9216969*PED,,,,nan,,,
206038,002,8754224*PED,,,,nan,,,
206038,002,7495103*PED,,,,nan,,,
206038,002,8993600*PED,,,,nan,,,
206038,002,8653103*PED,,,,nan,,,
206038,001,9670163*PED,,,,nan,,,
206038,002,9670163*PED,,,,nan,,,
206038,002,9150552*PED,,,,nan,,,
206038,002,8846718*PED,,,,nan,,,
206038,002,8741933*PED,,,,nan,,,
206038,002,8716338*PED,,,,nan,,,
206038,002,8324242*PED,,,,nan,,,
206038,001,9150552*PED,,,,nan,,,
206038,001,9931334*PED,,,,nan,,,
206038,002,9931334*PED,,,,nan,,,
206038,001,7495103*PED,,,,nan,,,
206038,001,8324242*PED,,,,nan,,,
206038,001,8410274*PED,,,,nan,,,
206038,001,8507534*PED,,,,nan,,,
206038,001,8653103*PED,,,,nan,,,
206038,001,8716338*PED,,,,nan,,,
206038,001,8754224*PED,,,,nan,,,
206038,001,8993600*PED,,,,nan,,,
206038,001,8741933*PED,,,,nan,,,
206038,001,8846718*PED,,,,nan,,,
206038,001,9216969*PED,,,,nan,,,
206038,001,9192606*PED,,,,nan,,,
206038,002,9192606*PED,,,,nan,,,
206038,001,10076513*PED,,,,nan,,,
206038,001,7973038*PED,,,,nan,,,
206038,002,7973038*PED,,,,nan,,,
206038,001,11052075*PED,,,,nan,,,
206038,002,11052075*PED,,,,nan,,,
206038,001,12065432*PED,,,,nan,,,
206038,002,12065432*PED,,,,nan,,,
206038,001,10597384*PED,,,,nan,,,
206038,002,10597384*PED,,,,nan,,,
206038,001,10646481*PED,,,,nan,,,
206038,002,10646481*PED,,,,nan,,,
206038,001,11564916*PED,,,,nan,,,
206038,002,11564916*PED,,,,nan,,,
205422,001,9839637*PED,,,,nan,,,
205422,002,9839637*PED,,,,nan,,,
205422,003,9839637*PED,,,,nan,,,
205422,004,9839637*PED,,,,nan,,,
205422,005,9839637*PED,,,,nan,,,
205422,006,9839637*PED,,,,nan,,,
205422,001,8618109*PED,,,,nan,,,
205422,002,8618109*PED,,,,nan,,,
205422,003,8618109*PED,,,,nan,,,
205422,004,8618109*PED,,,,nan,,,
205422,005,8618109*PED,,,,nan,,,
205422,006,8618109*PED,,,,nan,,,
205422,001,7888362*PED,,,,nan,,,
205422,002,7888362*PED,,,,nan,,,
205422,003,7888362*PED,,,,nan,,,
205422,004,7888362*PED,,,,nan,,,
205422,005,7888362*PED,,,,nan,,,
205422,006,7888362*PED,,,,nan,,,
205422,001,8349840*PED,,,,nan,,,
205422,002,8349840*PED,,,,nan,,,
205422,003,8349840*PED,,,,nan,,,
205422,004,8349840*PED,,,,nan,,,
205422,005,8349840*PED,,,,nan,,,
205422,006,8349840*PED,,,,nan,,,
205422,001,RE48059*PED,,,,nan,,,
205422,002,RE48059*PED,,,,nan,,,
205422,003,RE48059*PED,,,,nan,,,
205422,004,RE48059*PED,,,,nan,,,
205422,005,RE48059*PED,,,,nan,,,
205422,006,RE48059*PED,,,,nan,,,
205422,001,10307419*PED,,,,nan,,,
205422,002,10307419*PED,,,,nan,,,
205422,003,10307419*PED,,,,nan,,,
205422,004,10307419*PED,,,,nan,,,
205422,005,10307419*PED,,,,nan,,,
207931,001,8268349*PED,,,,nan,,,
207931,001,8420596*PED,,,,nan,,,
207931,001,8399015*PED,,,,nan,,,
207620,001,8877938*PED,,,,nan,,,
207620,001,8101659*PED,,,,nan,,,
207620,002,8101659*PED,,,,nan,,,
207620,002,8877938*PED,,,,nan,,,
207620,003,8877938*PED,,,,nan,,,
207620,003,8101659*PED,,,,nan,,,
207620,001,9388134*PED,,,,nan,,,
207620,002,9388134*PED,,,,nan,,,
207620,003,9388134*PED,,,,nan,,,
208215,001,9296769*PED,,,,nan,,,
208215,001,8754065*PED,,,,nan,,,
208215,001,7390791*PED,,,,nan,,,
208215,002,9296769*PED,,,,nan,,,
208215,002,7390791*PED,,,,nan,,,
208215,002,8754065*PED,,,,nan,,,
208026,001,9555001*PED,,,,nan,,,
208026,002,9555001*PED,,,,nan,,,
208026,001,10022379*PED,,,,nan,,,
208026,002,10022379*PED,,,,nan,,,
208026,001,9415016*PED,,,,nan,,,
208026,002,9415016*PED,,,,nan,,,
208026,001,9173859*PED,,,,nan,,,
208026,002,9173859*PED,,,,nan,,,
208026,001,7407955*PED,,,,nan,,,
208026,002,7407955*PED,,,,nan,,,
208026,001,8673927*PED,,,,nan,,,
208026,002,8673927*PED,,,,nan,,,
208026,001,9155705*PED,,,,nan,,,
208026,001,8883805*PED,,,,nan,,,
208026,002,9155705*PED,,,,nan,,,
208026,002,8883805*PED,,,,nan,,,
209805,001,7326708*PED,,,,nan,,,
209805,002,7326708*PED,,,,nan,,,
206947,001,7612208*PED,,,,nan,,,
206947,002,7612208*PED,,,,nan,,,
206947,001,7253286*PED,,,,nan,,,
206947,002,7253286*PED,,,,nan,,,
206947,001,9006256*PED,,,,nan,,,
206947,002,9006256*PED,,,,nan,,,
206947,001,11090386*PED,,,,nan,,,
206947,002,11090386*PED,,,,nan,,,
206947,001,11186547*PED,,,,nan,,,
206947,002,11186547*PED,,,,nan,,,
206947,001,10407393*PED,,,,nan,,,
206947,002,10407393*PED,,,,nan,,,
206947,001,12226409*PED,,,,nan,,,
206947,002,12226409*PED,,,,nan,,,
206947,001,10259791*PED,,,,nan,,,
206947,002,10259791*PED,,,,nan,,,
206947,001,12083112*PED,,,,nan,,,
206947,002,12083112*PED,,,,nan,,,
206510,001,7754731*PED,,,,nan,,,
207925,001,9670163*PED,,,,nan,,,
207925,002,9670163*PED,,,,nan,,,
207925,001,8324242*PED,,,,nan,,,
207925,001,8754224*PED,,,,nan,,,
207925,001,7495103*PED,,,,nan,,,
207925,001,8354427*PED,,,,nan,,,
207925,001,8883206*PED,,,,nan,,,
207925,001,8410274*PED,,,,nan,,,
207925,002,8354427*PED,,,,nan,,,
207925,002,8324242*PED,,,,nan,,,
207925,002,8410274*PED,,,,nan,,,
207925,002,8754224*PED,,,,nan,,,
207925,002,8883206*PED,,,,nan,,,
207925,002,7495103*PED,,,,nan,,,
207925,003,7495103*PED,,,,nan,,,
207925,003,8324242*PED,,,,nan,,,
207925,003,8354427*PED,,,,nan,,,
207925,003,8410274*PED,,,,nan,,,
207925,003,8754224*PED,,,,nan,,,
207925,003,8883206*PED,,,,nan,,,
207925,003,9670163*PED,,,,nan,,,
207925,003,10272046*PED,,,,nan,,,
207925,001,10272046*PED,,,,nan,,,
207925,002,10272046*PED,,,,nan,,,
207925,001,10646481*PED,,,,nan,,,
207925,002,10646481*PED,,,,nan,,,
207925,003,10646481*PED,,,,nan,,,
207925,001,11147770*PED,,,,nan,,,
207925,002,11147770*PED,,,,nan,,,
207925,003,11147770*PED,,,,nan,,,
207925,001,11752106*PED,,,,nan,,,
207925,002,11752106*PED,,,,nan,,,
207925,003,11752106*PED,,,,nan,,,
207925,004,11752106*PED,,,,nan,,,
207925,005,11752106*PED,,,,nan,,,
207925,001,12214083*PED,,,,nan,,,
207925,002,12214083*PED,,,,nan,,,
207925,004,12214083*PED,,,,nan,,,
207925,005,12214083*PED,,,,nan,,,
207925,003,12214083*PED,,,,nan,,,
207925,004,11147770*PED,,,,nan,,,
207925,004,11564916*PED,,,,nan,,,
207925,005,11564916*PED,,,,nan,,,
207925,005,11147770*PED,,,,nan,,,
207925,004,10646481*PED,,,,nan,,,
207925,004,10272046*PED,,,,nan,,,
207925,005,10646481*PED,,,,nan,,,
207925,005,10272046*PED,,,,nan,,,
207925,004,8883206*PED,,,,nan,,,
207925,004,9670163*PED,,,,nan,,,
207925,005,9670163*PED,,,,nan,,,
207925,005,8883206*PED,,,,nan,,,
207925,004,8754224*PED,,,,nan,,,
207925,005,8754224*PED,,,,nan,,,
207925,001,11564916*PED,,,,nan,,,
207925,003,11564916*PED,,,,nan,,,
207925,002,11564916*PED,,,,nan,,,
207925,004,8410274*PED,,,,nan,,,
207925,005,8410274*PED,,,,nan,,,
207925,004,8354427*PED,,,,nan,,,
207925,005,8354427*PED,,,,nan,,,
207925,004,8324242*PED,,,,nan,,,
207925,005,8324242*PED,,,,nan,,,
207925,004,7495103*PED,,,,nan,,,
207925,005,7495103*PED,,,,nan,,,
210566,001,10857159*PED,,,,nan,,,
208341,001,8580765*PED,,,,nan,,,
208341,001,8940718*PED,,,,nan,,,
208341,001,8618076*PED,,,,nan,,,
208341,001,8334270*PED,,,,nan,,,
208341,001,8575135*PED,,,,nan,,,
208341,001,8889159*PED,,,,nan,,,
208341,001,7964580*PED,,,,nan,,,
208341,001,8633309*PED,,,,nan,,,
208341,001,9085573*PED,,,,nan,,,
208341,001,8735372*PED,,,,nan,,,
208341,001,8921341*PED,,,,nan,,,
208341,001,9284342*PED,,,,nan,,,
208341,001,10086011*PED,,,,nan,,,
208341,001,9757406*PED,,,,nan,,,
208341,002,7964580*PED,,,,nan,,,
208341,002,8334270*PED,,,,nan,,,
208341,002,8575135*PED,,,,nan,,,
208341,002,8580765*PED,,,,nan,,,
208341,002,8618076*PED,,,,nan,,,
208341,002,8735372*PED,,,,nan,,,
208341,002,8889159*PED,,,,nan,,,
208341,002,9085573*PED,,,,nan,,,
208341,002,8921341*PED,,,,nan,,,
208341,002,8633309*PED,,,,nan,,,
208341,002,8940718*PED,,,,nan,,,
208341,002,9284342*PED,,,,nan,,,
208341,002,10086011*PED,,,,nan,,,
208341,002,9757406*PED,,,,nan,,,
208341,001,11116783*PED,,,,nan,,,
208341,002,11116783*PED,,,,nan,,,
206756,001,7396341*PED,,,,nan,,,
206756,001,7837235*PED,,,,nan,,,
206756,001,7284474*PED,,,,nan,,,
208658,001,9949998*PED,,,,nan,,,
208658,002,9949998*PED,,,,nan,,,
208658,003,9949998*PED,,,,nan,,,
208658,004,9949998*PED,,,,nan,,,
208658,001,7579449*PED,,,,nan,,,
208658,001,7713938*PED,,,,nan,,,
208658,002,7579449*PED,,,,nan,,,
208658,002,7713938*PED,,,,nan,,,
208658,003,7713938*PED,,,,nan,,,
208658,003,7579449*PED,,,,nan,,,
208658,004,7579449*PED,,,,nan,,,
208658,004,7713938*PED,,,,nan,,,
208658,001,10258637*PED,,,,nan,,,
208658,002,10258637*PED,,,,nan,,,
208658,003,10258637*PED,,,,nan,,,
208658,004,10258637*PED,,,,nan,,,
208658,001,11090323*PED,,,,nan,,,
208658,002,11090323*PED,,,,nan,,,
208658,003,11090323*PED,,,,nan,,,
208658,004,11090323*PED,,,,nan,,,
208658,001,10596120*PED,,,,nan,,,
208658,002,10596120*PED,,,,nan,,,
208658,003,10596120*PED,,,,nan,,,
208658,004,10596120*PED,,,,nan,,,
208658,001,9949997*PED,,,,nan,,,
208658,002,9949997*PED,,,,nan,,,
208658,003,9949997*PED,,,,nan,,,
208658,004,9949997*PED,,,,nan,,,
212480,001,8334270*PED,,,,nan,,,
212480,001,8580765*PED,,,,nan,,,
212480,001,7964580*PED,,,,nan,,,
212480,002,7964580*PED,,,,nan,,,
212480,002,8580765*PED,,,,nan,,,
212480,002,8334270*PED,,,,nan,,,
212480,001,8618076*PED,,,,nan,,,
212480,001,9284342*PED,,,,nan,,,
212480,001,9085573*PED,,,,nan,,,
212480,001,8633309*PED,,,,nan,,,
212480,001,8889159*PED,,,,nan,,,
212480,002,8633309*PED,,,,nan,,,
212480,002,9284342*PED,,,,nan,,,
212480,002,8618076*PED,,,,nan,,,
212480,002,8889159*PED,,,,nan,,,
212480,002,9085573*PED,,,,nan,,,
220073,001,6967208*PED,,,,nan,,,
220073,001,11896586*PED,,,,nan,,,
212102,001,11759440*PED,,,,nan,,,
212102,001,11406606*PED,,,,nan,,,
212102,001,9603815*PED,,,,nan,,,
212102,001,9549909*PED,,,,nan,,,
212102,001,10452815*PED,,,,nan,,,
212102,001,9610260*PED,,,,nan,,,
212102,001,9603814*PED,,,,nan,,,
212102,001,10603290*PED,,,,nan,,,
212102,001,10478442*PED,,,,nan,,,
212102,001,10478441*PED,,,,nan,,,
212102,001,11040018*PED,,,,nan,,,
212102,001,12097206*PED,,,,nan,,,
212102,001,11786487*PED,,,,nan,,,
212102,001,10947183*PED,,,,nan,,,
213801,001,10058536*PED,,,,nan,,,
216354,001,11813232*PED,,,,nan,,,
216354,002,11813232*PED,,,,nan,,,
216354,003,11813232*PED,,,,nan,,,
216354,001,11648244*PED,,,,nan,,,
216354,003,11648244*PED,,,,nan,,,
216354,002,11648244*PED,,,,nan,,,
216354,007,11446291*PED,,,,nan,,,
216354,004,11446291*PED,,,,nan,,,
216354,005,11446291*PED,,,,nan,,,
216354,006,11446291*PED,,,,nan,,,
216354,008,11446291*PED,,,,nan,,,
216354,004,11564917*PED,,,,nan,,,
216354,005,11564917*PED,,,,nan,,,
216354,006,11564917*PED,,,,nan,,,
216354,007,11564917*PED,,,,nan,,,
216354,008,11564917*PED,,,,nan,,,
216354,004,11648244*PED,,,,nan,,,
216354,005,11648244*PED,,,,nan,,,
216354,006,11648244*PED,,,,nan,,,
216354,007,11648244*PED,,,,nan,,,
216354,008,11648244*PED,,,,nan,,,
216354,004,11813232*PED,,,,nan,,,
216354,005,11813232*PED,,,,nan,,,
216354,006,11813232*PED,,,,nan,,,
216354,007,11813232*PED,,,,nan,,,
216354,008,11813232*PED,,,,nan,,,
216354,004,9550780*PED,,,,nan,,,
216354,005,9550780*PED,,,,nan,,,
216354,006,9550780*PED,,,,nan,,,
216354,007,9550780*PED,,,,nan,,,
216354,008,9550780*PED,,,,nan,,,
216354,004,11179386*PED,,,,nan,,,
216354,005,11179386*PED,,,,nan,,,
216354,006,11179386*PED,,,,nan,,,
216354,007,11179386*PED,,,,nan,,,
216354,008,11179386*PED,,,,nan,,,
216354,004,8524733*PED,,,,nan,,,
216354,005,8524733*PED,,,,nan,,,
216354,006,8524733*PED,,,,nan,,,
216354,007,8524733*PED,,,,nan,,,
216354,008,8524733*PED,,,,nan,,,
216354,004,10959996*PED,,,,nan,,,
216354,005,10959996*PED,,,,nan,,,
216354,006,10959996*PED,,,,nan,,,
216354,007,10959996*PED,,,,nan,,,
216354,008,10959996*PED,,,,nan,,,
216354,004,11357772*PED,,,,nan,,,
216354,005,11357772*PED,,,,nan,,,
216354,006,11357772*PED,,,,nan,,,
216354,007,11357772*PED,,,,nan,,,
216354,008,11357772*PED,,,,nan,,,
216354,001,12016858*PED,,,,nan,,,
216354,008,12016858*PED,,,,nan,,,
216354,007,12016858*PED,,,,nan,,,
216354,006,12016858*PED,,,,nan,,,
216354,005,12016858*PED,,,,nan,,,
216354,004,12016858*PED,,,,nan,,,
216354,003,12016858*PED,,,,nan,,,
216354,002,12016858*PED,,,,nan,,,
216354,001,11179386*PED,,,,nan,,,
216354,003,11179386*PED,,,,nan,,,
216354,002,11179386*PED,,,,nan,,,
216354,001,10959996*PED,,,,nan,,,
216354,003,10959996*PED,,,,nan,,,
216354,002,10959996*PED,,,,nan,,,
216354,001,9550780*PED,,,,nan,,,
216354,003,9550780*PED,,,,nan,,,
216354,002,9550780*PED,,,,nan,,,
216354,001,11564917*PED,,,,nan,,,
216354,003,11564917*PED,,,,nan,,,
216354,002,11564917*PED,,,,nan,,,
216354,001,11446291*PED,,,,nan,,,
216354,003,11446291*PED,,,,nan,,,
216354,002,11446291*PED,,,,nan,,,
216354,001,11357772*PED,,,,nan,,,
216354,003,11357772*PED,,,,nan,,,
216354,002,11357772*PED,,,,nan,,,
216354,001,8524733*PED,,,,nan,,,
216354,003,8524733*PED,,,,nan,,,
216354,002,8524733*PED,,,,nan,,,
212690,001,10213400*PED,,,,nan,,,
212690,001,11253494*PED,,,,nan,,,
212690,001,9050302*PED,,,,nan,,,
212690,001,9486426*PED,,,,nan,,,
212690,001,8772306*PED,,,,nan,,,
212690,001,10864181*PED,,,,nan,,,
214787,001,11492353*PED,,,,nan,,,
214787,002,11492353*PED,,,,nan,,,
214787,001,11491169*PED,,,,nan,,,
214787,002,11491169*PED,,,,nan,,,
214787,001,11903953*PED,,,,nan,,,
214787,002,11903953*PED,,,,nan,,,
214787,001,11007208*PED,,,,nan,,,
214787,002,11007208*PED,,,,nan,,,
214787,001,11382926*PED,,,,nan,,,
214787,002,11382926*PED,,,,nan,,,
214787,001,9949994*PED,,,,nan,,,
214787,001,10675296*PED,,,,nan,,,
214787,001,8008264*PED,,,,nan,,,
214787,001,8318682*PED,,,,nan,,,
214787,001,10065958*PED,,,,nan,,,
214787,001,10695361*PED,,,,nan,,,
214787,001,RE46762*PED,,,,nan,,,
214787,001,9724360*PED,,,,nan,,,
214787,002,8008264*PED,,,,nan,,,
214787,002,10065958*PED,,,,nan,,,
214787,002,9949994*PED,,,,nan,,,
214787,002,8318682*PED,,,,nan,,,
214787,002,RE46762*PED,,,,nan,,,
214787,002,10695361*PED,,,,nan,,,
214787,002,9724360*PED,,,,nan,,,
214787,001,11266681*PED,,,,nan,,,
214787,001,11975017*PED,,,,nan,,,
214787,001,11975012*PED,,,,nan,,,
214787,002,11975012*PED,,,,nan,,,
212477,001,8580765*PED,,,,nan,,,
212477,001,8273341*PED,,,,nan,,,
212477,001,7964580*PED,,,,nan,,,
212477,001,8334270*PED,,,,nan,,,
212477,001,8088368*PED,,,,nan,,,
212477,002,8580765*PED,,,,nan,,,
212477,002,8273341*PED,,,,nan,,,
212477,002,7964580*PED,,,,nan,,,
212477,002,8088368*PED,,,,nan,,,
212477,002,8334270*PED,,,,nan,,,
212477,001,8822430*PED,,,,nan,,,
212477,001,8735372*PED,,,,nan,,,
212477,001,8841278*PED,,,,nan,,,
212477,001,8618076*PED,,,,nan,,,
212477,001,8633309*PED,,,,nan,,,
212477,002,8633309*PED,,,,nan,,,
212477,002,8618076*PED,,,,nan,,,
212477,002,8841278*PED,,,,nan,,,
212477,002,8822430*PED,,,,nan,,,
212477,002,8735372*PED,,,,nan,,,
212477,001,9284342*PED,,,,nan,,,
212477,001,9085573*PED,,,,nan,,,
212477,001,9393256*PED,,,,nan,,,
212477,001,8889159*PED,,,,nan,,,
212477,001,9511056*PED,,,,nan,,,
212477,002,8889159*PED,,,,nan,,,
212477,002,9393256*PED,,,,nan,,,
212477,002,9085573*PED,,,,nan,,,
212477,002,9284342*PED,,,,nan,,,
212477,002,9511056*PED,,,,nan,,,
214358,001,7932273*PED,,,,nan,,,
214358,002,7932273*PED,,,,nan,,,
214358,003,7932273*PED,,,,nan,,,
214358,004,7932273*PED,,,,nan,,,
214358,005,7932273*PED,,,,nan,,,
214358,006,7932273*PED,,,,nan,,,
217729,002,7919625*PED,,,,nan,,,
217729,001,11103497*PED,,,,nan,,,
217729,002,11103497*PED,,,,nan,,,
217729,001,7919625*PED,,,,nan,,,
217729,001,7767678*PED,,,,nan,,,
217729,002,7767678*PED,,,,nan,,,
217729,001,7417148*PED,,,,nan,,,
217729,002,7417148*PED,,,,nan,,,
217003,001,8008309*PED,,,,nan,,,
217003,001,8697711*PED,,,,nan,,,
217003,001,8735403*PED,,,,nan,,,
217003,001,8497277*PED,,,,nan,,,
217003,001,7514444*PED,,,,nan,,,
217003,001,9296753*PED,,,,nan,,,
217003,001,8957079*PED,,,,nan,,,
217003,001,9181257*PED,,,,nan,,,
217003,001,8754091*PED,,,,nan,,,
217003,001,9725455*PED,,,,nan,,,
217003,001,9795604*PED,,,,nan,,,
217003,001,10106548*PED,,,,nan,,,
217003,001,10125140*PED,,,,nan,,,
217003,001,10961251*PED,,,,nan,,,
217003,001,10478439*PED,,,,nan,,,
215413,001,9242986*PED,,,,nan,,,
215413,001,8129385*PED,,,,nan,,,
217513,001,7378423*PED,,,,nan,,,
217513,001,8835443*PED,,,,nan,,,
217513,001,8703781*PED,,,,nan,,,
217514,001,8835443*PED,,,,nan,,,
217514,001,11504333*PED,,,,nan,,,
217514,001,8703781*PED,,,,nan,,,
217514,001,8415345*PED,,,,nan,,,
217514,001,7994185*PED,,,,nan,,,
215309,001,11219624*PED,,,,nan,,,
215309,001,7598257*PED,,,,nan,,,
215309,001,8415362*PED,,,,nan,,,
215309,001,8722693*PED,,,,nan,,,
215309,001,10758543*PED,,,,nan,,,
215309,001,8822481*PED,,,,nan,,,
215309,001,9079912*PED,,,,nan,,,
215309,001,9974790*PED,,,,nan,,,
215309,001,10610530*PED,,,,nan,,,
215309,001,10639310*PED,,,,nan,,,
215309,001,10869870*PED,,,,nan,,,
211994,001,8129385*PED,,,,nan,,,
211994,001,9242986*PED,,,,nan,,,
213082,001,RE41783*PED,,,,nan,,,
213491,001,10905662*PED,,,,nan,,,
213491,002,10905662*PED,,,,nan,,,
213491,001,8026284*PED,,,,nan,,,
213491,001,9198882*PED,,,,nan,,,
213491,001,9192590*PED,,,,nan,,,
213491,001,9173851*PED,,,,nan,,,
213491,002,9192590*PED,,,,nan,,,
213491,002,9173851*PED,,,,nan,,,
213491,002,8026284*PED,,,,nan,,,
213491,002,9198882*PED,,,,nan,,,
213491,001,9925156*PED,,,,nan,,,
213491,001,10143665*PED,,,,nan,,,
213491,001,10328037*PED,,,,nan,,,
213491,001,9233077*PED,,,,nan,,,
213491,001,9925157*PED,,,,nan,,,
213491,001,9925158*PED,,,,nan,,,
213491,001,10548859*PED,,,,nan,,,
213491,002,9925157*PED,,,,nan,,,
213491,002,9925158*PED,,,,nan,,,
213491,002,10548859*PED,,,,nan,,,
213491,002,9925156*PED,,,,nan,,,
213491,002,10143665*PED,,,,nan,,,
213491,002,10328037*PED,,,,nan,,,
213491,002,9233077*PED,,,,nan,,,
215110,001,RE48923*PED,,,,nan,,,
215110,001,10028937*PED,,,,nan,,,
215110,001,10039754*PED,,,,nan,,,
215110,001,9586978*PED,,,,nan,,,
215110,001,8648037*PED,,,,nan,,,
215110,001,10286029*PED,,,,nan,,,
215110,001,8937150*PED,,,,nan,,,
215110,001,9321807*PED,,,,nan,,,
214187,001,7964580*PED,,,,nan,,,
214187,001,8575135*PED,,,,nan,,,
214187,001,8580765*PED,,,,nan,,,
214187,001,8334270*PED,,,,nan,,,
214187,002,8575135*PED,,,,nan,,,
214187,002,8334270*PED,,,,nan,,,
214187,002,7964580*PED,,,,nan,,,
214187,002,8580765*PED,,,,nan,,,
214187,001,8889159*PED,,,,nan,,,
214187,001,8735372*PED,,,,nan,,,
214187,001,8921341*PED,,,,nan,,,
214187,001,8633309*PED,,,,nan,,,
214187,001,8618076*PED,,,,nan,,,
214187,002,8889159*PED,,,,nan,,,
214187,002,8921341*PED,,,,nan,,,
214187,002,8633309*PED,,,,nan,,,
214187,002,8735372*PED,,,,nan,,,
214187,002,8618076*PED,,,,nan,,,
214187,001,9284342*PED,,,,nan,,,
214187,001,8940718*PED,,,,nan,,,
214187,001,9085573*PED,,,,nan,,,
214187,002,9085573*PED,,,,nan,,,
214187,002,8940718*PED,,,,nan,,,
214187,002,9284342*PED,,,,nan,,,
214187,001,11116783*PED,,,,nan,,,
214187,002,11116783*PED,,,,nan,,,
214187,001,11707479*PED,,,,nan,,,
214187,002,11707479*PED,,,,nan,,,
215859,001,7157456*PED,,,,nan,,,
213138,001,9808530*PED,,,,nan,,,
213138,001,7378508*PED,,,,nan,,,
213138,001,7906489*PED,,,,nan,,,
213138,001,7863249*PED,,,,nan,,,
213138,001,8859510*PED,,,,nan,,,
213983,001,8129385*PED,,,,nan,,,
213983,001,9242986*PED,,,,nan,,,
212614,001,8551957*PED,,,,nan,,,
212614,001,7407955*PED,,,,nan,,,
212614,001,7713938*PED,,,,nan,,,
212614,001,7579449*PED,,,,nan,,,
212614,002,8551957*PED,,,,nan,,,
212614,002,7713938*PED,,,,nan,,,
212614,002,7407955*PED,,,,nan,,,
212614,002,7579449*PED,,,,nan,,,
212614,003,7407955*PED,,,,nan,,,
212614,003,8551957*PED,,,,nan,,,
212614,003,7713938*PED,,,,nan,,,
212614,003,7579449*PED,,,,nan,,,
212614,004,8551957*PED,,,,nan,,,
212614,004,7579449*PED,,,,nan,,,
212614,004,7713938*PED,,,,nan,,,
212614,004,7407955*PED,,,,nan,,,
212614,001,8883805*PED,,,,nan,,,
212614,002,8883805*PED,,,,nan,,,
212614,003,8883805*PED,,,,nan,,,
212614,004,8883805*PED,,,,nan,,,
212614,001,9949998*PED,,,,nan,,,
212614,002,9949998*PED,,,,nan,,,
212614,003,9949998*PED,,,,nan,,,
212614,004,9949998*PED,,,,nan,,,
212614,001,10258637*PED,,,,nan,,,
212614,002,10258637*PED,,,,nan,,,
212614,003,10258637*PED,,,,nan,,,
212614,004,10258637*PED,,,,nan,,,
212614,001,11090323*PED,,,,nan,,,
212614,002,11090323*PED,,,,nan,,,
212614,003,11090323*PED,,,,nan,,,
212614,004,11090323*PED,,,,nan,,,
210874,001,7919598*PED,,,,nan,,,
210874,001,6515117*PED,,,,nan,,,
210874,001,8716251*PED,,,,nan,,,
210874,001,8501698*PED,,,,nan,,,
210874,001,9616028*PED,,,,nan,,,
210874,002,8716251*PED,,,,nan,,,
210874,002,7919598*PED,,,,nan,,,
210874,002,8501698*PED,,,,nan,,,
210874,002,9616028*PED,,,,nan,,,
210874,002,6515117*PED,,,,nan,,,
210874,003,6515117*PED,,,,nan,,,
210874,003,7919598*PED,,,,nan,,,
210874,003,8501698*PED,,,,nan,,,
210874,003,9616028*PED,,,,nan,,,
210874,003,8716251*PED,,,,nan,,,
210874,004,6515117*PED,,,,nan,,,
210874,004,7919598*PED,,,,nan,,,
210874,004,8716251*PED,,,,nan,,,
210874,004,8501698*PED,,,,nan,,,
210874,004,9616028*PED,,,,nan,,,
