BLANumber,ProperName,ProprietaryName,Applicant,DosageForm,Route,Strength,ReferenceProductName,IsReferenceProductFlag,BLAApprovalDate
125197,sipuleucel-T,Provenge,Dendreon Pharmaceuticals LLC,Injection,Intravenous,50 M CD54 + ACTIVATED CELLS/250 ML,N/A,Y,2010-04-29
125384,Albumin (Human),Kedbumin,Kedrion Biopharma Inc.,Injection,Intravenous,12.5G/50ML,N/A,Y,2011-06-03
125384,Albumin (Human),Kedbumin,Kedrion Biopharma Inc.,Injection,Intravenous,25G/100ML,N/A,Y,2013-09-05
125822,"Immune Globulin Intravenous, Human-kthm, 10% Solution",QIVIGY,"Kedrion, S.p.A.",Solution,Intravenous,5G/50ML,<NA>,N,2025-09-26
125822,"Immune Globulin Intravenous, Human-kthm, 10% Solution",QIVIGY,"Kedrion, S.p.A.",Solution,Intravenous,10G/100ML,<NA>,N,2025-09-26
761439,denosumab-qbde,Enoby,Hikma Pharmaceuticals USA Inc.,Injection,Subcutaneous,60MG/ML,Prolia,N,2025-09-26
761439,denosumab-qbde,Xtrenbo,Hikma Pharmaceuticals USA Inc.,Injection,Subcutaneous,120MG/1.7ML (70MG/ML),Xgeva,N,2025-09-26
<NA>,<NA>,<NA>,<NA>,<NA>,<NA>,<NA>,<NA>,N,NaT
17016,chorionic gonadotropin,Novarel,Ferring Pharmaceuticals Inc.,For Injection,Intramuscular,"20,000UNITS",N/A,Y,2074-01-15
17016,chorionic gonadotropin,Novarel,Ferring Pharmaceuticals Inc.,For Injection,Intramuscular,"5,000UNITS",N/A,Y,2074-01-15
17016,chorionic gonadotropin,Novarel,Ferring Pharmaceuticals Inc.,For Injection,Intramuscular,"10,000UNITS",N/A,Y,2074-01-15
17016,chorionic gonadotropin,Novarel,Ferring Pharmaceuticals Inc.,For Injection,Intramuscular,"2,000UNITS",N/A,Y,1984-12-27
17016,chorionic gonadotropin,Novarel,Ferring Pharmaceuticals Inc.,For Injection,Intramuscular,"15,000UNITS",N/A,Y,1985-02-15
17016,chorionic gonadotropin,Novarel,Ferring Pharmaceuticals Inc.,For Injection,Intramuscular,"2,000UNITS",N/A,Y,1990-02-16
17054,chorionic gonadotropin,Chorionic Gonadotropin,"Bel-Mar Laboratories, Inc.",Injection,Intramuscular,"5,000UNITS",N/A,Y,2074-03-26
17054,chorionic gonadotropin,Chorionic Gonadotropin,"Bel-Mar Laboratories, Inc.",Injection,Intramuscular,"10,000UNITS",N/A,Y,2074-03-26
17055,chorionic gonadotropin,A.P.L.,Ferring Pharmaceuticals Inc.,For Injection,Intramuscular,"5,000UNITS",N/A,Y,2074-12-13
17055,chorionic gonadotropin,A.P.L.,Ferring Pharmaceuticals Inc.,For Injection,Intramuscular,"10,000UNITS",N/A,Y,2074-12-13
17055,chorionic gonadotropin,A.P.L.,Ferring Pharmaceuticals Inc.,For Injection,Intramuscular,"20,000UNITS",N/A,Y,2074-12-13
17067,chorionic gonadotropin,Chorionic Gonadotropin,"Fresenius Kabi USA, LLC",For Injection,Intramuscular,"5,000UNITS",N/A,Y,2073-03-05
17067,chorionic gonadotropin,Chorionic Gonadotropin,"Fresenius Kabi USA, LLC",For Injection,Intramuscular,"10,000UNITS",N/A,Y,2073-03-05
17067,chorionic gonadotropin,Chorionic Gonadotropin,"Fresenius Kabi USA, LLC",For Injection,Intramuscular,"15,0000UNITS",N/A,Y,2073-03-05
17067,chorionic gonadotropin,Chorionic Gonadotropin,"Fresenius Kabi USA, LLC",For Injection,Intramuscular,"20,000UNITS",N/A,Y,2073-03-05
17646,menotropins,Pergonal,"EMD Serono, Inc.",For Injection,"Subcutaneous, Intramuscular",75IU,N/A,Y,1975-08-22
17646,menotropins,Pergonal,"EMD Serono, Inc.",For Injection,"Subcutaneous, Intramuscular",150IU,N/A,Y,1985-05-20
17692,chorionic gonadotropin,Pregnyl,"Organon USA LLC, a subsidiary of Organon & Co.",For Injection,Intramuscular,"10,000UNITS",N/A,Y,1976-10-20
17776,kit for the preparation of technetium Tc-99m albumin aggregated,Pulmolite,Jubilant DraxImage Inc.,For Injectable Suspension,Intravenous,1MG/10MG/0.24MG/ 0.7MG/0.13MG/10MG,N/A,Y,1976-11-16
17833,kit for the preparation of technetium Tc-99m albumin aggregated,Macrotec,Bracco Diagnostics Inc.,For Injectable Suspension,Intravenous,1.5MG/10MG/0.07MG/0.19MG/1.8MG,N/A,Y,1976-02-23
17835,albumin chromated CR-51 serum,Chromalbin,"Iso-Tex Diagnostics, Inc.",Injection,Intravenous,100uCi,N/A,Y,1976-02-23
17835,albumin chromated CR-51 serum,Chromalbin,"Iso-Tex Diagnostics, Inc.",Injection,Intravenous,250uCi,N/A,Y,1976-02-23
17835,albumin chromated CR-51 serum,Chromalbin,"Iso-Tex Diagnostics, Inc.",Injection,Intravenous,500uCi,N/A,Y,1976-02-23
17836,iodinated I-125 albumin,Jeanatope,"Iso-Tex Diagnostics, Inc.",Injection,Intravenous,"500uCi/0.5ML (1,000uCi/ML)",N/A,Y,1976-02-23
17836,iodinated I-125 albumin,Jeanatope,"Iso-Tex Diagnostics, Inc.",Injection,Intravenous,"1,000uCi/ML (1,000uCi/ML)",N/A,Y,1976-02-23
17836,iodinated I-125 albumin,Jeanatope,"Iso-Tex Diagnostics, Inc.",Injection,Intravenous,100uCi/10ML (10uCi/ML),N/A,Y,2004-06-08
17837,iodinated I-131 albumin,Megatope,"Iso-Tex Diagnostics, Inc.",Injection,Intravenous,0.5mCi,N/A,Y,1976-02-23
17837,iodinated I-131 albumin,Megatope,"Iso-Tex Diagnostics, Inc.",Injection,Intravenous,1mCi,N/A,Y,1976-02-23
17837,iodinated I-131 albumin,Megatope,"Iso-Tex Diagnostics, Inc.",Injection,Intravenous,2mCi,N/A,Y,1976-02-23
17837,iodinated I-131 albumin,Megatope,"Iso-Tex Diagnostics, Inc.",Injection,Intravenous,5uCi/AMP,N/A,Y,1976-02-23
17837,iodinated I-131 albumin,Megatope,"Iso-Tex Diagnostics, Inc.",Injection,Intravenous,20uCi/AMP,N/A,Y,1976-02-23
17881,kit for the preparation of technetium Tc-99m albumin aggregated,Draximage MAA,Jubilant DraxImage Inc.,For Injectable Suspension,Intravenous,2.5MG/5MG/0.6MG/ 1.2MG,N/A,Y,1987-12-30
18263,radiolabeled albumin technetium Tc-99m albumin colloid kit,Microlite,Pharmalucence Inc,<NA>,<NA>,<NA>,N/A,Y,1983-03-25
18663,chymopapain,Chymodiactin,"DisCure Medical, LLC",For Injection,Intrathecal,"10,000UNITS",N/A,Y,1982-11-10
18663,chymopapain,Chymodiactin,"DisCure Medical, LLC",For Injection,Intrathecal,"4,000UNITS",N/A,Y,1984-08-21
18780,insulin human,Humulin R U-100,Eli Lilly and Company,Injection,Subcutaneous,"1,000UNITS/10ML (100UNITS/ML)",N/A,Y,1982-10-28
18780,insulin human,Humulin R U-500,Eli Lilly and Company,Injection,Subcutaneous,"1,500UNITS/3ML (500UNITS/ML)",N/A,Y,2015-12-29
18780,insulin human,Humulin R U-100,Eli Lilly and Company,Injection,Subcutaneous,300UNITS/3ML (100UNITS/ML),N/A,Y,1998-08-06
18780,insulin human,Humulin R U-500,Eli Lilly and Company,Injection,Subcutaneous,"10,000UNITS/20ML (500UNITS/ML)",N/A,Y,1994-03-31
18780,insulin human,Humulin R U-100,Eli Lilly and Company,Injection,Subcutaneous,300UNITS/3ML (100UNITS/ML),N/A,Y,2018-05-25
18781,insulin isophane human,Humulin N,Eli Lilly and Company,Injectable Suspension,Subcutaneous,"1,000UNITS/10ML (100UNITS/ML)",N/A,Y,1982-10-28
18781,insulin isophane human,Humulin N,Eli Lilly and Company,Injectable Suspension,Subcutaneous,300UNITS/3ML (100UNITS/ML),N/A,Y,1982-10-28
18781,insulin isophane human,Humulin N,Eli Lilly and Company,Injectable Suspension,Subcutaneous,300UNITS/3ML (100UNITS/ML),N/A,Y,2013-11-07
19640,somatropin,Humatrope,Eli Lilly and Company,For Injection,Subcutaneous,2MG,N/A,Y,1987-06-23
19640,somatropin,Humatrope,Eli Lilly and Company,For Injection,Subcutaneous,5MG,N/A,Y,1986-10-16
19640,somatropin,Humatrope,Eli Lilly and Company,For Injection,Subcutaneous,6MG,N/A,Y,1999-02-04
19640,somatropin,Humatrope,Eli Lilly and Company,For Injection,Subcutaneous,12MG,N/A,Y,1999-02-04
19640,somatropin,Humatrope,Eli Lilly and Company,For Injection,Subcutaneous,24MG,N/A,Y,1999-02-04
19717,insulin isophane human and insulin human,Humulin 70/30,Eli Lilly and Company,Injectable Suspension,Subcutaneous,700UNITS/10ML (70UNITS/ML); 300UNITS/10ML (30UNITS/ML),N/A,Y,1989-04-25
19717,insulin isophane human and insulin human,Humulin 70/30,Eli Lilly and Company,Injectable Suspension,Subcutaneous,210UNITS/3ML (70UNITS/ML); 90UNITS/3ML (30UNITS/ML),N/A,Y,1989-04-25
19717,insulin isophane human and insulin human,Humulin 70/30,Eli Lilly and Company,Injectable Suspension,Subcutaneous,210UNITS/3ML (70UNITS/ML); 90UNITS/3ML (30UNITS/ML),N/A,Y,2013-11-07
19764,somatropin,Saizen,"EMD Serono, Inc.",For Injection,Subcutaneous,6MG,N/A,Y,1996-10-08
19764,somatropin,Saizen,"EMD Serono, Inc.",For Injection,Subcutaneous,5MG,N/A,Y,1996-10-08
19764,somatropin,Saizen,"EMD Serono, Inc.",For Injection,Subcutaneous,8.8MG,N/A,Y,2000-08-29
19764,somatropin,Saizen,"EMD Serono, Inc.",For Injection,Subcutaneous,4MG,N/A,Y,2007-01-16
19774,somatropin,Zomacton,Ferring Pharmaceuticals Inc.,For Injection,Subcutaneous,4.8MG,N/A,Y,1995-05-25
19774,somatropin,Zomacton,Ferring Pharmaceuticals Inc.,For Injection,Subcutaneous,5MG,N/A,Y,2002-01-04
19774,somatropin,Zomacton,Ferring Pharmaceuticals Inc.,For Injection,Subcutaneous,10MG,N/A,Y,2012-03-07
19818,pegademase bovine,Adagen,"Leadiant Biosciences, Inc",Injection,Intramuscular,375UNITS/1.5ML (250UNITS/ML),N/A,Y,1990-03-21
19938,insulin human,Novolin R,Novo Nordisk Inc.,Injection,Subcutaneous,"1,000UNITS/10ML (100UNITS/ML)",N/A,Y,1991-06-25
19938,insulin human,Novolin R,Novo Nordisk Inc.,Injection,Subcutaneous,300UNITS/3ML (100UNITS/ML),N/A,Y,2018-06-01
19959,insulin isophane human,Novolin N,Novo Nordisk Inc.,Injectable Suspension,Subcutaneous,"1,000UNITS/10ML (100UNITS/ML)",N/A,Y,1991-07-01
19959,insulin isophane human,Novolin N,Novo Nordisk Inc.,Injectable Suspension,Subcutaneous,300UNITS/3ML (100UNITS/ML),N/A,Y,1991-07-01
19991,insulin isophane human and insulin human,Novolin 70/30,Novo Nordisk Inc.,Injection,Subcutaneous,300UNITS/10ML (30UNITS/ML); 700UNITS/10ML (70UNITS/ML),N/A,Y,1991-06-25
19991,insulin isophane human and insulin human,Novolin 70/30,Novo Nordisk Inc.,Injection,Subcutaneous,90UNITS/3ML (30UNITS/ML); 210UNITS/3ML (70UNITS/ML),N/A,Y,2018-06-01
20032,beractant,Survanta,AbbVie Inc.,Suspension,Intratracheal,100MG/4ML (25MG/ML),N/A,Y,1991-07-01
20032,beractant,Survanta,AbbVie Inc.,Suspension,Intratracheal,200MG/8ML (25MG/ML),N/A,Y,1991-07-01
20162,corticorelin ovine triflutate,Acthrel,Ferring Pharmaceuticals Inc.,For Injection,Intravenous,100MCG,N/A,Y,1996-05-23
20168,somatropin,Nutropin,"Genentech, Inc.",For Injection,Subcutaneous,5MG,N/A,Y,1993-11-17
20168,somatropin,Nutropin,"Genentech, Inc.",For Injection,Subcutaneous,10MG,N/A,Y,1993-11-17
20280,somatropin,Genotropin,Pharmacia & Upjohn Company LLC,For Injection,Subcutaneous,1.5MG,N/A,Y,1995-08-24
20280,somatropin,Genotropin,Pharmacia & Upjohn Company LLC,For Injection,Subcutaneous,5MG,N/A,Y,1995-08-24
20280,somatropin,Genotropin,Pharmacia & Upjohn Company LLC,For Injection,Subcutaneous,0.6MG,N/A,Y,1998-01-27
20280,somatropin,Genotropin,Pharmacia & Upjohn Company LLC,For Injection,Subcutaneous,0.2MG,N/A,Y,1998-01-27
20280,somatropin,Genotropin,Pharmacia & Upjohn Company LLC,For Injection,Subcutaneous,0.8MG,N/A,Y,1998-01-27
20280,somatropin,Genotropin,Pharmacia & Upjohn Company LLC,For Injection,Subcutaneous,0.4MG,N/A,Y,1998-01-27
20280,somatropin,Genotropin,Pharmacia & Upjohn Company LLC,For Injection,Subcutaneous,12MG,N/A,Y,1996-10-23
20280,somatropin,Genotropin,Pharmacia & Upjohn Company LLC,For Injection,Subcutaneous,1MG,N/A,Y,1998-01-27
20280,somatropin,Genotropin,Pharmacia & Upjohn Company LLC,For Injection,Subcutaneous,1.2MG,N/A,Y,1998-01-27
20280,somatropin,Genotropin,Pharmacia & Upjohn Company LLC,For Injection,Subcutaneous,1.4MG,N/A,Y,1998-01-27
20280,somatropin,Genotropin,Pharmacia & Upjohn Company LLC,For Injection,Subcutaneous,1.6MG,N/A,Y,1998-01-27
20280,somatropin,Genotropin,Pharmacia & Upjohn Company LLC,For Injection,Subcutaneous,1.8MG,N/A,Y,1998-01-27
20280,somatropin,Genotropin,Pharmacia & Upjohn Company LLC,For Injection,Subcutaneous,2MG,N/A,Y,1998-01-27
20304,aprotinin,Trasylol,Bayer HealthCare Pharmaceuticals Inc.,Injection,Intravenous,"1,000,000KIU/100ML (10,000KIU/ML)",N/A,Y,1993-12-29
20304,aprotinin,Trasylol,Bayer HealthCare Pharmaceuticals Inc.,Injection,Intravenous,"2,000,000KIU/200ML (10,000KIU/ML)",N/A,Y,1993-12-29
20328,menotropins,Humegon,"Organon USA Inc., a subsidiary of Merck & Co., Inc.",For Injection,Intramuscular,75IU,N/A,Y,1994-09-01
20328,menotropins,Humegon,"Organon USA Inc., a subsidiary of Merck & Co., Inc.",For Injection,Intramuscular,150IU,N/A,Y,1994-09-01
20367,imiglucerase,Cerezyme,Genzyme Corporation,For Injection,Intravenous,200UNITS/VIAL,N/A,Y,1994-05-23
20367,imiglucerase,Cerezyme,Genzyme Corporation,For Injection,Intravenous,400UNITS/VIAL,N/A,Y,1999-09-22
20378,follitropin alfa,Gonal-f,"EMD Serono, Inc.",For Injection,Subcutaneous,75IU,N/A,Y,1997-09-29
20378,follitropin alfa,Gonal-f,"EMD Serono, Inc.",For Injection,Subcutaneous,150IU,N/A,Y,1997-09-29
20378,follitropin alfa,Gonal-f,"EMD Serono, Inc.",For Injection,Subcutaneous,37.5IU,N/A,Y,2004-03-25
20378,follitropin alfa,Gonal-f,"EMD Serono, Inc.",For Injection,Subcutaneous,"1,050IU (600IU/ML)",N/A,Y,2001-02-28
20378,follitropin alfa,Gonal-f,"EMD Serono, Inc.",For Injection,Subcutaneous,450IU (600IU/ML),N/A,Y,2004-03-26
20521,calfactant,Infasurf,ONY Biotech Inc.,Suspension,Intratracheal,210MG/6ML (35MG/ML),N/A,Y,1998-07-01
20521,calfactant,Infasurf,ONY Biotech Inc.,Suspension,Intratracheal,105MG/3ML (35MG/ML),N/A,Y,2002-12-12
20522,somatropin,Nutropin AQ,"Genentech, Inc.",Injection,Subcutaneous,10MG/2ML,N/A,Y,1995-12-29
20522,somatropin,Nutropin AQ,"Genentech, Inc.",Injection,Subcutaneous,10MG/2ML,N/A,Y,2002-04-22
20522,somatropin,Nutropin AQ,"Genentech, Inc.",Injection,Subcutaneous,5MG/2ML,N/A,Y,2008-01-03
20522,somatropin,Nutropin AQ,"Genentech, Inc.",Injection,Subcutaneous,20MG/2ML,N/A,Y,2008-01-03
20522,somatropin,Nutropin AQ,"Genentech, Inc.",Injection,Subcutaneous,10MG/2ML,N/A,Y,2008-01-03
20563,insulin lispro,Humalog,Eli Lilly and Company,Injection,"Intravenous, Subcutaneous","1,000UNITS/10ML (100UNITS/ML)",N/A,Y,1996-06-14
20563,insulin lispro,Humalog,Eli Lilly and Company,Injection,Subcutaneous,300UNITS/3ML (100UNITS/ML),N/A,Y,1998-08-06
20563,insulin lispro,Humalog,Eli Lilly and Company,Injection,Subcutaneous,300UNITS/3ML (100UNITS/ML),N/A,Y,2007-09-06
20563,insulin lispro,Humalog,Eli Lilly and Company,Injection,Subcutaneous,300UNITS/3ML (100UNITS/ML),N/A,Y,2017-06-06
20563,insulin lispro,Humalog,Eli Lilly and Company,Injection,Subcutaneous,300UNITS/3ML (100UNITS/ML),N/A,Y,2019-11-15
20563,insulin lispro,Humalog,Eli Lilly and Company,Injection,"Intravenous, Subcutaneous",300UNITS/3ML (100UNITS/ML),N/A,Y,1996-06-14
20580,pancrelipase,Cotazym,"Organon USA Inc., a subsidiary of Merck & Co., Inc.","Capsule, Delayed Release",Oral,"8,000USP UNITS; 30,000USP UNITS; 30,000USP UNITS",N/A,Y,1996-12-09
20582,follitropin beta,Follistim,"Organon USA Inc., a subsidiary of Merck & Co., Inc.",For Injection,"Subcutaneous, Intramuscular",75IU,N/A,Y,1997-09-29
20582,follitropin beta,Follistim,"Organon USA Inc., a subsidiary of Merck & Co., Inc.",For Injection,"Subcutaneous, Intramuscular",150IU,N/A,Y,1997-09-29
20604,somatropin,Serostim,"EMD Serono, Inc.",For Injection,Subcutaneous,6MG,N/A,Y,1996-08-23
20604,somatropin,Serostim,"EMD Serono, Inc.",For Injection,Subcutaneous,5MG,N/A,Y,1996-08-23
20604,somatropin,Serostim,"EMD Serono, Inc.",For Injection,Subcutaneous,4MG,N/A,Y,1997-07-25
20604,somatropin,Zorbtive/Serostim,"EMD Serono, Inc.",For Injection,Subcutaneous,8.8MG,N/A,Y,2001-11-19
20604,somatropin,Serostim,"EMD Serono, Inc.",Injection,Subcutaneous,6MG/0.5ML,N/A,Y,2005-02-11
20725,pancrelipase,Creon,AbbVie Inc.,"Capsule, Delayed Release",Oral,"6,000USP UNITS; 19,000USP UNITS; 30,000USP UNITS",N/A,Y,2009-04-30
20725,pancrelipase,Creon,AbbVie Inc.,"Capsule, Delayed Release",Oral,"12,000USP UNITS; 38,000USP UNITS; 60,000USP UNITS",N/A,Y,2009-04-30
20725,pancrelipase,Creon,AbbVie Inc.,"Capsule, Delayed Release",Oral,"24,000USP UNITS; 76,000USP UNITS; 120,000USP UNITS",N/A,Y,2009-04-30
20725,pancrelipase,Creon,AbbVie Inc.,"Capsule, Delayed Release",Oral,"3,000USP UNITS; 9,500USP UNITS; 15,000USP UNITS",N/A,Y,2011-06-10
20725,pancrelipase,Creon,AbbVie Inc.,"Capsule, Delayed Release",Oral,"36,000USP UNITS; 114,000USP UNITS; 180,000USP UNITS",N/A,Y,2013-03-14
20744,poractant alfa,Curosurf,"Chiesi USA, Inc.",Suspension,Intratracheal,120MG/1.5ML (80MG/ML),N/A,Y,1999-11-18
20744,poractant alfa,Curosurf,"Chiesi USA, Inc.",Suspension,Intratracheal,240MG/3ML (80MG/ML),N/A,Y,1999-11-18
20772,sacrosidase,Sucraid,"QOL Medical, LLC",Solution For Oral,Oral,"1,003,000IU/118ML (8,500IU/ML)",N/A,Y,1998-04-09
20772,sacrosidase,Sucraid,"QOL Medical, LLC",Solution For Oral,Oral,"17,000IU/2ML (8,500IU/ML)",N/A,Y,2022-05-25
20898,thyrotropin alfa,Thyrogen,Genzyme Corporation,For Injection,Intramuscular,0.9MG,N/A,Y,1998-11-30
20986,insulin aspart,Novolog,Novo Nordisk Inc.,Injection,"Intravenous, Subcutaneous","1,000UNITS/10ML (100UNITS/ML)",N/A,Y,2000-06-07
20986,insulin aspart,Novolog,Novo Nordisk Inc.,Injection,Subcutaneous,300UNITS/3ML (100UNITS/ML),N/A,Y,2000-06-07
20986,insulin aspart,Novolog,Novo Nordisk Inc.,Injection,Subcutaneous,300UNITS/3ML (100UNITS/ML),N/A,Y,2001-01-19
20986,insulin aspart,Novolog,Novo Nordisk Inc.,Injection,Subcutaneous,300UNITS/3ML (100UNITS/ML),N/A,Y,2004-04-23
20986,insulin aspart,Novolog,Novo Nordisk Inc.,Injection,Subcutaneous,300UNITS/3ML (100UNITS/ML),N/A,Y,2013-10-31
21017,insulin lispro protamine and insulin lispro,Humalog Mix 75/25,Eli Lilly and Company,Injectable Suspension,Subcutaneous,750UNITS/10ML (75UNITS/ML); 250UNITS/10ML (25UNITS/ML),N/A,Y,1999-12-22
21017,insulin lispro protamine and insulin lispro,Humalog Mix 75/25,Eli Lilly and Company,Injectable Suspension,Subcutaneous,225UNITS/3ML (75UNITS/ML); 75UNITS/3ML (25UNITS/ML),N/A,Y,2007-09-06
21017,insulin lispro protamine and insulin lispro,Humalog Mix 75/25,Eli Lilly and Company,Injectable Suspension,Subcutaneous,225UNITS/3ML (75UNITS/ML); 75UNITS/3ML (25UNITS/ML),N/A,Y,1999-12-22
21018,insulin lispro protamine and insulin lispro,Humalog Mix 50/50,Eli Lilly and Company,Injectable Suspension,Subcutaneous,500UNITS/10ML (50UNITS/ML); 500UNITS/10ML (50UNITS/ML),N/A,Y,1999-12-22
21018,insulin lispro protamine and insulin lispro,Humalog Mix 50/50,Eli Lilly and Company,Injectable Suspension,Subcutaneous,150UNITS/3ML (50UNITS/ML); 150UNITS/3ML (50UNITS/ML),N/A,Y,2007-09-06
21018,insulin lispro protamine and insulin lispro,Humalog Mix 50/50,Eli Lilly and Company,Injectable Suspension,Subcutaneous,150UNITS/3ML (50UNITS/ML); 150UNITS/3ML (50UNITS/ML),N/A,Y,1999-12-22
21047,menotropins,Repronex,Ferring Pharmaceuticals Inc.,For Injection,"Subcutaneous, Intramuscular",75IU,N/A,Y,1999-08-27
21047,menotropins,Repronex,Ferring Pharmaceuticals Inc.,For Injection,"Subcutaneous, Intramuscular",150IU,N/A,Y,1999-08-27
21081,insulin glargine,Lantus,Sanofi-Aventis U.S. LLC,Injection,Subcutaneous,"1,000UNITS/10ML (100UNITS/ML)",N/A,Y,2000-04-20
21081,insulin glargine,Lantus,Sanofi-Aventis U.S. LLC,Injection,Subcutaneous,300UNITS/3ML (100UNITS/ML),N/A,Y,2007-04-25
21081,insulin glargine,Lantus,Sanofi-Aventis U.S. LLC,Injection,Subcutaneous,500UNITS/5ML (100UNITS/ML),N/A,Y,2000-04-20
21081,insulin glargine,Lantus,Sanofi-Aventis U.S. LLC,Injection,Subcutaneous,300UNITS/3ML (100UNITS/ML),N/A,Y,2000-04-20
21106,pegvisomant,Somavert,Pharmacia & Upjohn Company LLC,For Injection,Subcutaneous,10MG,N/A,Y,2003-03-25
21106,pegvisomant,Somavert,Pharmacia & Upjohn Company LLC,For Injection,Subcutaneous,15MG,N/A,Y,2003-03-25
21106,pegvisomant,Somavert,Pharmacia & Upjohn Company LLC,For Injection,Subcutaneous,20MG,N/A,Y,2003-03-25
21106,pegvisomant,Somavert,Pharmacia & Upjohn Company LLC,For Injection,Subcutaneous,25MG,N/A,Y,2014-07-31
21106,pegvisomant,Somavert,Pharmacia & Upjohn Company LLC,For Injection,Subcutaneous,30MG,N/A,Y,2014-07-31
21148,somatropin,Norditropin,Novo Nordisk Inc.,Injection,Subcutaneous,5MG/1.5ML,N/A,Y,2000-06-20
21148,somatropin,Norditropin,Novo Nordisk Inc.,Injection,Subcutaneous,10MG/1.5ML,N/A,Y,2000-06-20
21148,somatropin,Norditropin,Novo Nordisk Inc.,Injection,Subcutaneous,15MG/1.5ML,N/A,Y,2000-06-20
21148,somatropin,Norditropin,Novo Nordisk Inc.,Injection,Subcutaneous,5MG/1.5ML,N/A,Y,2004-10-01
21148,somatropin,Norditropin,Novo Nordisk Inc.,Injection,Subcutaneous,10MG/1.5ML,N/A,Y,2004-10-01
21148,somatropin,Norditropin,Novo Nordisk Inc.,Injection,Subcutaneous,15MG/1.5ML,N/A,Y,2004-10-01
21148,somatropin,Norditropin,Novo Nordisk Inc.,Injection,Subcutaneous,30MG/3ML,N/A,Y,2009-03-10
21148,somatropin,Norditropin,Novo Nordisk Inc.,Injection,Subcutaneous,5MG/1.5ML,N/A,Y,2010-03-01
21148,somatropin,Norditropin,Novo Nordisk Inc.,Injection,Subcutaneous,10MG/1.5ML,N/A,Y,2010-03-01
21148,somatropin,Norditropin,Novo Nordisk Inc.,Injection,Subcutaneous,15MG/1.5ML,N/A,Y,2010-03-01
21148,somatropin,Norditropin,Novo Nordisk Inc.,Injection,Subcutaneous,30MG/3ML,N/A,Y,2015-01-23
21149,choriogonadotropin alfa,Ovidrel,"EMD Serono, Inc.",Injection,Subcutaneous,250MCG,N/A,Y,2000-09-20
21149,choriogonadotropin alfa,Ovidrel,"EMD Serono, Inc.",Injection,Subcutaneous,250MCG/0.5ML,N/A,Y,2003-07-14
21172,insulin aspart protamine and insulin aspart,Novolog Mix 70/30,Novo Nordisk Inc.,Injectable Suspension,Subcutaneous,700UNITS/10ML (70UNITS/ML); 300UNITS/10ML (30UNITS/ML),N/A,Y,2001-11-01
21172,insulin aspart protamine and insulin aspart,Novolog Mix 70/30,Novo Nordisk Inc.,Injectable Suspension,Subcutaneous,210UNITS/3ML (70UNITS/ML); 90UNITS/3ML (30UNITS/ML),N/A,Y,2001-11-01
21172,insulin aspart protamine and insulin aspart,Novolog Mix 70/30,Novo Nordisk Inc.,Injectable Suspension,Subcutaneous,210UNITS/3ML (70UNITS/ML); 90UNITS/3ML (30UNITS/ML),N/A,Y,2002-05-03
21211,follitropin beta,Follistim AQ Cartridge,"Organon USA LLC, a subsidiary of Organon & Co.",Injection,Subcutaneous,300IU/0.36ML,N/A,Y,2004-03-23
21211,follitropin beta,Follistim AQ Cartridge,"Organon USA LLC, a subsidiary of Organon & Co.",Injection,Subcutaneous,600IU/0.72ML,N/A,Y,2004-03-23
21211,follitropin beta,Follistim AQ Cartridge,"Organon USA LLC, a subsidiary of Organon & Co.",Injection,Subcutaneous,175IU/0.21ML,N/A,Y,2005-02-11
21211,follitropin beta,Follistim AQ Cartridge,"Organon USA LLC, a subsidiary of Organon & Co.",Injection,Subcutaneous,900IU/1.08ML,N/A,Y,2005-02-11
21271,desirudin,Iprivask,"Bausch Health US, LLC",For Injection,Subcutaneous,15MG,N/A,Y,2003-04-04
21273,follitropin beta,Follistim AQ,"Organon USA Inc., a subsidiary of Merck & Co., Inc.",Injection,"Subcutaneous, Intramuscular",75IU/0.5ML,N/A,Y,2005-08-26
21273,follitropin beta,Follistim AQ,"Organon USA Inc., a subsidiary of Merck & Co., Inc.",Injection,"Subcutaneous, Intramuscular",150IU/0.5ML,N/A,Y,2005-08-26
21289,urofollitropin,Bravelle,Ferring Pharmaceuticals Inc.,For Injection,"Subcutaneous, Intramuscular",75IU,N/A,Y,2002-05-06
21426,somatropin,Omnitrope,Sandoz Inc.,For Injection,Subcutaneous,5.8MG,N/A,Y,2006-05-30
21426,somatropin,Omnitrope,Sandoz Inc.,For Injection,Subcutaneous,1.5MG,N/A,Y,2006-05-30
21426,somatropin,Omnitrope,Sandoz Inc.,Injection,Subcutaneous,5MG/1.5ML,N/A,Y,2008-01-16
21426,somatropin,Omnitrope,Sandoz Inc.,Injection,Subcutaneous,10MG/1.5ML,N/A,Y,2008-08-25
21536,insulin detemir,Levemir,Novo Nordisk Inc.,Injection,Subcutaneous,"1,000UNITS/10ML (100UNITS/ML)",N/A,Y,2005-06-16
21536,insulin detemir,Levemir,Novo Nordisk Inc.,Injection,Subcutaneous,300UNITS/3ML (100UNITS/ML),N/A,Y,2005-06-16
21536,insulin detemir,Levemir,Novo Nordisk Inc.,Injection,Subcutaneous,300UNITS/3ML (100UNITS/ML),N/A,Y,2013-10-31
21538,somatropin,Accretropin,Emergent Biosolutions Canada Inc.,Injection,Subcutaneous,5MG/ML,N/A,Y,2008-01-23
21629,insulin glulisine,Apidra,Sanofi-Aventis U.S. LLC,Injection,"Intravenous, Subcutaneous","1,000UNITS/10ML (100UNITS/ML)",N/A,Y,2004-04-16
21629,insulin glulisine,Apidra,Sanofi-Aventis U.S. LLC,Injection,Subcutaneous,300UNITS/3ML (100UNITS/ML),N/A,Y,2005-12-20
21629,insulin glulisine,Apidra,Sanofi-Aventis U.S. LLC,Injection,Subcutaneous,300UNITS/3ML (100UNITS/ML),N/A,Y,2009-02-24
21640,hyaluronidase,Vitrase,Bausch & Lomb Incorporated,Injection,"Infiltration, Interstitial, Intramuscular, Intraocular, Peribulbar, Retrobulbar, Soft Tissue, Subcutaneous","6,200UNITS/ML",N/A,Y,2004-05-05
21640,hyaluronidase,Vitrase,Bausch & Lomb Incorporated,Injection,"Infiltration, Interstitial, Intramuscular, Intraocular, Peribulbar, Retrobulbar, Soft Tissue, Subcutaneous",200UNITS/ML,N/A,Y,2004-12-02
21663,menotropins,Menopur,Ferring Pharmaceuticals Inc.,For Injection,Subcutaneous,75IU,N/A,Y,2004-10-29
21665,hyaluronidase,Amphadase,"Amphastar Pharmaceuticals, Inc.",Injection,Subcutaneous,150UNITS/ML,N/A,Y,2004-10-26
21684,follitropin alfa,Gonal-f RFF RediJect,"EMD Serono, Inc.",Injection,Subcutaneous,300IU/0.5ML,N/A,Y,2004-05-25
21684,follitropin alfa,Gonal-f RFF RediJect,"EMD Serono, Inc.",Injection,Subcutaneous,450IU/0.75ML,N/A,Y,2004-05-25
21684,follitropin alfa,Gonal-f RFF RediJect,"EMD Serono, Inc.",Injection,Subcutaneous,900IU/1.5ML,N/A,Y,2004-05-25
21716,hyaluronidase,Hydase,"Akorn, Inc.",Injection,Subcutaneous,150UNITS/ML,N/A,Y,2005-10-25
21765,follitropin alfa,Gonal-f RFF,"EMD Serono, Inc.",For Injection,Subcutaneous,37.5IU,N/A,Y,2004-03-25
21765,follitropin alfa,Gonal-f RFF,"EMD Serono, Inc.",For Injection,Subcutaneous,75IU,N/A,Y,2004-03-25
21765,follitropin alfa,Gonal-f RFF,"EMD Serono, Inc.",For Injection,Subcutaneous,150IU,N/A,Y,2004-03-25
21810,insulin aspart protamine and insulin aspart,Novolog Mix 50/50,Novo Nordisk Inc.,Injectable Suspension,Subcutaneous,150UNITS/3ML (50UNITS/ML); 150UNITS/3ML (50UNITS/ML),N/A,Y,2008-08-26
21839,mecasermin,Increlex,"Eton Pharmaceuticals, Inc.",Injection,Subcutaneous,40MG/4ML (10MG/ML),N/A,Y,2005-08-30
21846,urokinase,Kinlytic,Microbix Biosystems Inc.,For Injection,Intravenous,"250,000IU",N/A,Y,1978-01-16
21846,urokinase,Kinlytic,Microbix Biosystems Inc.,For Injection,Intravenous,"9,000IU",N/A,Y,1978-01-16
21846,urokinase,Kinlytic,Microbix Biosystems Inc.,For Injection,Intravenous,"5,000IU",N/A,Y,1978-01-16
21859,hyaluronidase human,Hylenex recombinant,"Halozyme Therapeutics, Inc.",Injection,"Infiltration, Interstitial, Intramuscular, Intraocular, Peribulbar, Retrobulbar, Soft Tissue, Subcutaneous",150UNITS/ML,N/A,Y,2005-12-02
21884,mecasermin rinfabate,Iplex,Insmed Incorporated,Injection,Subcutaneous,36MG/0.6ML (60MG/ML),N/A,Y,2005-12-12
22175,pancrelipase,Pertzye,"Digestive Care, Inc.","Capsule, Delayed Release",Oral,"8,000USP UNITS; 28,750USP UNITS; 30,250USP UNITS",N/A,Y,2012-05-17
22175,pancrelipase,Pertzye,"Digestive Care, Inc.","Capsule, Delayed Release",Oral,"16,000USP UNITS; 57,500USP UNITS; 60,500USP UNITS",N/A,Y,2012-05-17
22175,pancrelipase,Pertzye,"Digestive Care, Inc.","Capsule, Delayed Release",Oral,"4,000USP UNITS; 14,375USP UNITS; 15,125USP UNITS",N/A,Y,2016-10-06
22175,pancrelipase,Pertzye,"Digestive Care, Inc.","Capsule, Delayed Release",Oral,"24,000USP UNITS; 86,250USP UNITS; 90,750USP UNITS",N/A,Y,2017-07-13
22210,pancrelipase,Zenpep,"Zenpep, LLC","Capsule, Delayed Release",Oral,"5,000USP UNITS; 17,000USP UNITS; 24,000USP UNITS",N/A,Y,2009-08-27
22210,pancrelipase,Zenpep,"Zenpep, LLC","Capsule, Delayed Release",Oral,"10,000USP UNITS; 32,000USP UNITS; 42,000USP UNITS",N/A,Y,2009-08-27
22210,pancrelipase,Zenpep,"Zenpep, LLC","Capsule, Delayed Release",Oral,"15,000USP UNITS; 47,000USP UNITS; 63,000USP UNITS",N/A,Y,2009-08-27
22210,pancrelipase,Zenpep,"Zenpep, LLC","Capsule, Delayed Release",Oral,"20,000USP UNITS; 63,000USP UNITS; 84,000USP UNITS",N/A,Y,2009-08-27
22210,pancrelipase,Zenpep,"Zenpep, LLC","Capsule, Delayed Release",Oral,"3,000USP UNITS; 10,000USP UNITS; 14,000USP UNITS",N/A,Y,2011-06-15
22210,pancrelipase,Zenpep,"Zenpep, LLC","Capsule, Delayed Release",Oral,"25,000USP UNITS; 79,000USP UNITS; 105,000USP UNITS",N/A,Y,2011-07-13
22210,pancrelipase,Zenpep,"Zenpep, LLC","Capsule, Delayed Release",Oral,"40,000USP UNITS; 126,000USP UNITS; 168,000USP UNITS",N/A,Y,2014-03-25
22210,pancrelipase,Zenpep,"Zenpep, LLC","Capsule, Delayed Release",Oral,"60,000USP UNITS; 189,600USP UNITS; 252,600USP UNITS",N/A,Y,2023-10-27
22458,taliglucerase alfa,Elelyso,Pfizer Inc.,For Injection,Intravenous,200UNITS,N/A,Y,2012-05-01
22472,insulin human,Afrezza,Mannkind Corporation,Powder,Inhalation,4UNITS/INH,N/A,Y,2014-06-27
22472,insulin human,Afrezza,Mannkind Corporation,Powder,Inhalation,8UNITS/INH,N/A,Y,2014-06-27
22472,insulin human,Afrezza,Mannkind Corporation,Powder,Inhalation,12UNITS/INH,N/A,Y,2015-04-17
22505,tesamorelin,Egrifta,Theratechnologies Inc.,For Injection,Subcutaneous,1MG,N/A,Y,2010-11-10
22505,tesamorelin,Egrifta SV,Theratechnologies Inc.,For Injection,Subcutaneous,2MG,N/A,Y,2011-11-29
22523,pancrelipase,Pancreaze,VIVUS LLC,"Capsule, Delayed Release",Oral,"4,200USP UNITS; 14,200USP UNITS; 24,600USP UNITS",N/A,Y,2010-04-12
22523,pancrelipase,Pancreaze,VIVUS LLC,"Capsule, Delayed Release",Oral,"10,500USP UNITS; 35,500USP UNITS; 61,500USP UNITS",N/A,Y,2010-04-12
22523,pancrelipase,Pancreaze,VIVUS LLC,"Capsule, Delayed Release",Oral,"16,800USP UNITS; 56,800USP UNITS; 98,400USP UNITS",N/A,Y,2010-04-12
22523,pancrelipase,Pancreaze,VIVUS LLC,"Capsule, Delayed Release",Oral,"21,000USP UNITS; 54,700USP UNITS; 83,900USP UNITS",N/A,Y,2010-04-12
22523,pancrelipase,Pancreaze,VIVUS LLC,"Capsule, Delayed Release",Oral,"2,600USP UNITS; 8,800USP UNITS; 15,200USP UNITS",N/A,Y,2014-03-07
22523,pancrelipase,Pancreaze,VIVUS LLC,"Capsule, Delayed Release",Oral,"37,000USP UNITS; 97,300USP UNITS; 149,900USP UNITS",N/A,Y,2021-04-26
22542,pancrelipase,Viokace,"Viokace, LLC",Tablet,Oral,"10,440USP UNITS; 39,150USP UNITS; 39,150USP UNITS",N/A,Y,2012-03-01
22542,pancrelipase,Viokace,"Viokace, LLC",Tablet,Oral,"20,880USP UNITS; 78,300USP UNITS; 78,300USP UNITS",N/A,Y,2012-03-01
22575,velaglucerase alfa,VPRIV,"Takeda Pharmaceuticals U.S.A., Inc.",For Injection,Intravenous,400UNITS,N/A,Y,2010-02-26
22575,velaglucerase alfa,VPRIV,"Takeda Pharmaceuticals U.S.A., Inc.",For Injection,Intravenous,200UNITS,N/A,Y,2010-02-26
50114,benzylpenicilloyl polylysine,Pre-Pen,"AllerQuest, LLC",Injection,Intradermal,0.25ML,N/A,Y,2074-07-25
50294,"fibrinolysin and desoxyribonuclease combined [bovine], with chloramphenicol",Elase-chloromycetin,"Parke-Davis, a Division of Pfizer Inc.",Ointment,Topical,10MG/GM; 666UNITS/GM; 1UNIT/GM,N/A,Y,2064-04-01
101062,Antivenin (Latrodectus mactans),<NA>,Merck Sharp & Dohme LLC,For Injection,Intravenous,NLT6000U,N/A,Y,2036-02-13
101062,Antivenin (Latrodectus mactans),<NA>,Merck Sharp & Dohme LLC,For Injection,Intramuscular,NLT6000U,N/A,Y,2036-02-13
101063,asparaginase,Elspar,"Recordati Rare Diseases, Inc.",For Injection,"Intravenous, Intramuscular","10,000INTERNATIONAL UNITS",N/A,Y,1978-01-10
101066,Hepatitis B Vaccine (Recombinant),"Recombivax, Recombivax Hb",Merck Sharp & Dohme LLC,Injection,Intramuscular,5UG/ML,N/A,Y,1986-07-23
101066,Hepatitis B Vaccine (Recombinant),"Recombivax, Recombivax Hb",Merck Sharp & Dohme LLC,Injection,Intramuscular,40UG/ML,N/A,Y,1986-07-23
101066,Hepatitis B Vaccine (Recombinant),"Recombivax, Recombivax Hb",Merck Sharp & Dohme LLC,Injection,Intramuscular,10UG/ML,N/A,Y,1986-07-23
101068,Measles Virus Vaccine Live,ATTENUVAX,Merck Sharp & Dohme LLC,For Injection,Subcutaneous,NLT1000U/.5ML,<NA>,N,2063-03-21
101069,"Measles, Mumps and Rubella Virus Vaccine Live",M-M-R Ii,Merck Sharp & Dohme LLC,For Injection,Subcutaneous,0.5ML,N/A,Y,2071-04-22
101069,"Measles, Mumps and Rubella Virus Vaccine Live",M-M-R Ii,Merck Sharp & Dohme LLC,For Injection,Intramuscular,0.5ML,N/A,Y,2023-02-27
101072,Mumps Virus Vaccine Live,MumpsVax,Merck Sharp & Dohme LLC,For Injection,Subcutaneous,0.5ML,<NA>,N,2067-12-28
101075,Rubella Virus Vaccine Live,MERUVAX II,Merck Sharp & Dohme LLC,For Injection,Subcutaneous,NLT1000U/.5ML,<NA>,N,2069-06-09
101094,"Pneumococcal Vaccine, Polyvalent",Pneumovax 23,Merck Sharp & Dohme LLC,Injection,Intramuscular,25UG/.5ML,N/A,Y,1977-11-21
101094,"Pneumococcal Vaccine, Polyvalent",Pneumovax 23,Merck Sharp & Dohme LLC,Injection,Subcutaneous,25UG/.5ML,N/A,Y,1977-11-21
101098,Antivenin (Crotalidae) Polyvalent,<NA>,Wyeth Pharmaceuticals LLC,For Injection,Intravenous,10ML,N/A,Y,2054-02-08
101099,Antivenin (Micrurus fulvius),<NA>,Wyeth Pharmaceuticals LLC,For Injection,Intravenous,10ML,N/A,Y,2067-08-28
101130,Antihemophilic Factor (Human),"Koate, Koate-Dvi",Grifols Therapeutics LLC,For Injection,Intravenous,"1,000IU",N/A,Y,2074-01-24
101130,Antihemophilic Factor (Human),"Koate, Koate-Dvi",Grifols Therapeutics LLC,For Injection,Intravenous,250IU,N/A,Y,2074-01-24
101130,Antihemophilic Factor (Human),"Koate, Koate-Dvi",Grifols Therapeutics LLC,For Injection,Intravenous,500IU,N/A,Y,2074-01-24
101134,Immune Globulin (Human),"Baygam, Gamastan S/D",Grifols Therapeutics LLC,Injection,Intramuscular,0.165,N/A,Y,2044-01-11
101138,Albumin (Human),"Albuked, Plasbumin-20, Plasbumin-25, Plasbumin-5",Grifols Therapeutics LLC,For Injection,Intravenous,2.5G/50ML,N/A,Y,2042-10-21
101138,Albumin (Human),"Albuked, Plasbumin-20, Plasbumin-25, Plasbumin-5",Grifols Therapeutics LLC,For Injection,Intravenous,25G/100ML,N/A,Y,2042-10-21
101138,Albumin (Human),"Albuked, Plasbumin-20, Plasbumin-25, Plasbumin-5",Grifols Therapeutics LLC,For Injection,Intravenous,20G/100ML,N/A,Y,2042-10-21
101138,Albumin (Human),"Albuked, Plasbumin-20, Plasbumin-25, Plasbumin-5",Grifols Therapeutics LLC,For Injection,Intravenous,10G/50ML,N/A,Y,2042-10-21
101138,Albumin (Human),"Albuked, Plasbumin-20, Plasbumin-25, Plasbumin-5",Grifols Therapeutics LLC,For Injection,Intravenous,12.5G/50ML,N/A,Y,2042-10-21
101138,Albumin (Human),"Albuked, Plasbumin-20, Plasbumin-25, Plasbumin-5",Grifols Therapeutics LLC,For Injection,Intravenous,5G/20ML,N/A,Y,2042-10-21
101138,Albumin (Human),"Albuked, Plasbumin-20, Plasbumin-25, Plasbumin-5",Grifols Therapeutics LLC,For Injection,Intravenous,25G/500ML,N/A,Y,2042-10-21
101138,Albumin (Human),"Albuked, Plasbumin-20, Plasbumin-25, Plasbumin-5",Grifols Therapeutics LLC,For Injection,Intravenous,12.5G/250ML,N/A,Y,2042-10-21
101140,Plasma Protein Fraction (Human),Plasmanate,Grifols Therapeutics LLC,Injection,Intravenous,25G/500ML,N/A,Y,2058-10-02
101140,Plasma Protein Fraction (Human),Plasmanate,Grifols Therapeutics LLC,Injection,Intravenous,2.5G/50ML,N/A,Y,2058-10-02
101140,Plasma Protein Fraction (Human),Plasmanate,Grifols Therapeutics LLC,Injection,Intravenous,12.5G/250ML,N/A,Y,2058-10-02
101141,Rho(D) Immune Globulin (Human),"Bayrho-D, Hyprho-D, Hyperrho S/D Full Dose, Hyperrho S/D Mini-Dose",Grifols Therapeutics LLC,Injection,Intramuscular,1500IU,N/A,Y,2071-06-11
101141,Rho(D) Immune Globulin (Human),"Bayrho-D, Hyprho-D, Hyperrho S/D Full Dose, Hyperrho S/D Mini-Dose",Grifols Therapeutics LLC,Injection,Intramuscular,250IU,N/A,Y,2071-06-11
101142,Tetanus Immune Globulin (Human),"Baytet, Hypertet",Grifols Therapeutics LLC,Injection,Intramuscular,250U,N/A,Y,2057-10-17
101144,Rabies Immune Globulin (Human),"Bayrab, Hyperrab",Grifols Therapeutics LLC,Injection,Intramuscular,300IU/ML,N/A,Y,2074-06-12
101144,Rabies Immune Globulin (Human),"Bayrab, Hyperrab",Grifols Therapeutics LLC,Injection,Intramuscular,1500IU/5 ML,N/A,Y,2074-06-12
101144,Rabies Immune Globulin (Human),"Bayrab,Hyperrab",Grifols Therapeutics LLC,Injection,Intramuscular,900 IU/ 3ML,N/A,Y,2019-11-06
101146,Hepatitis B Immune Globulin (Human),"Bayhep B, Hyperhep B S/D",Grifols Therapeutics LLC,Injection,Intramuscular,220U/ML,N/A,Y,1977-09-23
101146,Hepatitis B Immune Globulin (Human),"Bayhep B, Hyperhep B S/D",Grifols Therapeutics LLC,Injection,Intramuscular,220U/.5ML,N/A,Y,1977-09-23
101146,Hepatitis B Immune Globulin (Human),"Bayhep B, Hyperhep B S/D",Grifols Therapeutics LLC,Injection,Intramuscular,220IU/5ML,N/A,Y,1977-09-23
101147,Immune Globulin Intravenous (Human),Gamimune,Grifols Therapeutics LLC,Injection,Intravenous,5PCT,<NA>,N,1981-09-11
101147,Immune Globulin Intravenous (Human),Gamimune,Grifols Therapeutics LLC,Injection,Intravenous,10PCT,<NA>,N,1981-09-11
101246,Hemin for Injection,Panhematin,"Recordati Rare Diseases, Inc.",For Injection,Intravenous,350MG,N/A,Y,1983-07-20
101322,Tetanus and Diphtheria Toxoids Adsorbed,Tdvax,MassBiologics,Injection,Intramuscular,0.5ML,N/A,Y,2070-07-27
101377,"Insects (Whole Body), Mite Dermatophagoides farinae",<NA>,"Allergy Laboratories, Inc.",Injection,Subcutaneous,"10,000AU/ML",N/A,Y,2030-07-11
101377,"Insects (Whole Body), Mite Dermatophagoides farinae",<NA>,"Allergy Laboratories, Inc.",Injection,Percutaneous,"10,000AU/ML",N/A,Y,2030-07-11
101378,"Insects (Whole Body), Mite Dermatophagoides pteronyssinus",<NA>,"Allergy Laboratories, Inc.",Injection,Percutaneous,"10,000AU/ML",N/A,Y,2030-07-11
101378,"Insects (Whole Body), Mite Dermatophagoides pteronyssinus",<NA>,"Allergy Laboratories, Inc.",Injection,Subcutaneous,"10,000AU/ML",N/A,Y,2030-07-11
101379,"Pollens - Grasses, Bermuda Grass Cynodon dactylon",<NA>,"Allergy Laboratories, Inc.",Injection,Percutaneous,"10,000BAU/ML",N/A,Y,2030-06-14
101379,"Pollens - Grasses, Bermuda Grass Cynodon dactylon",<NA>,"Allergy Laboratories, Inc.",Injection,Subcutaneous,"10,000BAU/ML",N/A,Y,2030-06-14
101380,"Pollens - Grasses, Bluegrass, Kentucky (June) Poa pratensis",<NA>,"Allergy Laboratories, Inc.",Injection,Percutaneous,"10,000BAU/ML",N/A,Y,2030-06-14
101380,"Pollens - Grasses, Bluegrass, Kentucky (June) Poa pratensis",<NA>,"Allergy Laboratories, Inc.",Injection,Subcutaneous,"10,000BAU/ML",N/A,Y,2030-06-14
101380,"Pollens - Grasses, Bluegrass, Kentucky (June) Poa pratensis",<NA>,"Allergy Laboratories, Inc.",Injection,Percutaneous,"100,000BAU/ML",N/A,Y,2030-06-14
101380,"Pollens - Grasses, Bluegrass, Kentucky (June) Poa pratensis",<NA>,"Allergy Laboratories, Inc.",Injection,Subcutaneous,"100,000BAU/ML",N/A,Y,2030-06-14
101381,"Pollens - Grasses, Fescue, Meadow Festuca elatior",<NA>,"Allergy Laboratories, Inc.",Injection,Percutaneous,"10,000BAU/ML",N/A,Y,2030-06-14
101381,"Pollens - Grasses, Fescue, Meadow Festuca elatior",<NA>,"Allergy Laboratories, Inc.",Injection,Subcutaneous,"10,000BAU/ML",N/A,Y,2030-06-14
101381,"Pollens - Grasses, Fescue, Meadow Festuca elatior",<NA>,"Allergy Laboratories, Inc.",Injection,Percutaneous,"100,000BAU/ML",N/A,Y,2030-06-14
101381,"Pollens - Grasses, Fescue, Meadow Festuca elatior",<NA>,"Allergy Laboratories, Inc.",Injection,Subcutaneous,"100,000BAU/ML",N/A,Y,2030-06-14
101382,"Pollens - Grasses, Orchard Grass Dactylis glomerata",<NA>,"Allergy Laboratories, Inc.",Injection,Percutaneous,"10,000BAU/ML",N/A,Y,2030-06-14
101382,"Pollens - Grasses, Orchard Grass Dactylis glomerata",<NA>,"Allergy Laboratories, Inc.",Injection,Subcutaneous,"10,000BAU/ML",N/A,Y,2030-06-14
101382,"Pollens - Grasses, Orchard Grass Dactylis glomerata",<NA>,"Allergy Laboratories, Inc.",Injection,Percutaneous,"100,000BAU/ML",N/A,Y,2030-06-14
101382,"Pollens - Grasses, Orchard Grass Dactylis glomerata",<NA>,"Allergy Laboratories, Inc.",Injection,Subcutaneous,"100,000BAU/ML",N/A,Y,1997-05-29
101383,"Pollens - Grasses, Redtop Agrostis alba",<NA>,"Allergy Laboratories, Inc.",Injection,Percutaneous,"10,000BAU/ML",N/A,Y,2030-06-14
101383,"Pollens - Grasses, Redtop Agrostis alba",<NA>,"Allergy Laboratories, Inc.",Injection,Subcutaneous,"10,000BAU/ML",N/A,Y,2030-06-14
101383,"Pollens - Grasses, Redtop Agrostis alba",<NA>,"Allergy Laboratories, Inc.",Injection,Percutaneous,"100,000BAU/ML",N/A,Y,2030-06-14
101383,"Pollens - Grasses, Redtop Agrostis alba",<NA>,"Allergy Laboratories, Inc.",Injection,Subcutaneous,"100,000BAU/ML",N/A,Y,2030-06-14
101384,"Pollens - Grasses, Ryegrass, Perennial Lolium perenne",<NA>,"Allergy Laboratories, Inc.",Injection,Percutaneous,"10,000BAU/ML",N/A,Y,2030-06-14
101384,"Pollens - Grasses, Ryegrass, Perennial Lolium perenne",<NA>,"Allergy Laboratories, Inc.",Injection,Subcutaneous,"10,000BAU/ML",N/A,Y,2030-06-14
101384,"Pollens - Grasses, Ryegrass, Perennial Lolium perenne",<NA>,"Allergy Laboratories, Inc.",Injection,Percutaneous,"100,000BAU/ML",N/A,Y,2030-06-14
101384,"Pollens - Grasses, Ryegrass, Perennial Lolium perenne",<NA>,"Allergy Laboratories, Inc.",Injection,Subcutaneous,"100,000BAU/ML",N/A,Y,1997-06-25
101385,"Pollens - Grasses, Sweet Vernal Grass Anthoxanthum odoratum",<NA>,"Allergy Laboratories, Inc.",Injection,Percutaneous,"10,000BAU/ML",N/A,Y,2030-06-14
101385,"Pollens - Grasses, Sweet Vernal Grass Anthoxanthum odoratum",<NA>,"Allergy Laboratories, Inc.",Injection,Subcutaneous,"10,000BAU/ML",N/A,Y,2030-06-14
101385,"Pollens - Grasses, Sweet Vernal Grass Anthoxanthum odoratum",<NA>,"Allergy Laboratories, Inc.",Injection,Percutaneous,"100,000BAU/ML",N/A,Y,2030-06-14
101385,"Pollens - Grasses, Sweet Vernal Grass Anthoxanthum odoratum",<NA>,"Allergy Laboratories, Inc.",Injection,Subcutaneous,"100,000BAU/ML",N/A,Y,2030-06-14
101386,"Pollens - Grasses, Timothy Phleum pratense",<NA>,"Allergy Laboratories, Inc.",Injection,Percutaneous,"10,000BAU/ML",N/A,Y,2030-06-14
101386,"Pollens - Grasses, Timothy Phleum pratense",<NA>,"Allergy Laboratories, Inc.",Injection,Subcutaneous,"10,000BAU/ML",N/A,Y,2030-06-14
101386,"Pollens - Grasses, Timothy Phleum pratense",<NA>,"Allergy Laboratories, Inc.",Injection,Percutaneous,"100,000BAU/ML",N/A,Y,2030-06-14
101386,"Pollens - Grasses, Timothy Phleum pratense",<NA>,"Allergy Laboratories, Inc.",Injection,Subcutaneous,"100,000BAU/ML",N/A,Y,2030-06-14
101387,"Pollens - Weeds and Garden Plants, Ragweed, Short Ambrosia artemisiifolia",<NA>,"Allergy Laboratories, Inc.",Injection,Percutaneous,1:10W/V,N/A,Y,2030-06-14
101387,"Pollens - Weeds and Garden Plants, Ragweed, Short Ambrosia artemisiifolia",<NA>,"Allergy Laboratories, Inc.",Injection,Intradermal,1:10W/V,N/A,Y,2030-06-14
101387,"Pollens - Weeds and Garden Plants, Ragweed, Short Ambrosia artemisiifolia",<NA>,"Allergy Laboratories, Inc.",Injection,Subcutaneous,1:10W/V,N/A,Y,2030-06-14
101447,Anti-Inhibitor Coagulant Complex,"Autoplex, Feiba Nf, Feiba Vh","Takeda Pharmaceuticals U.S.A., Inc.",For Injection,Intravenous,1000IU,N/A,Y,1979-12-21
101447,Anti-Inhibitor Coagulant Complex,"Autoplex, Feiba Nf, Feiba Vh","Takeda Pharmaceuticals U.S.A., Inc.",For Injection,Intravenous,500IU,N/A,Y,1979-12-21
101447,Anti-Inhibitor Coagulant Complex,"Autoplex, Feiba Nf, Feiba Vh","Takeda Pharmaceuticals U.S.A., Inc.",For Injection,Intravenous,1000U,N/A,Y,2000-07-31
101447,Anti-Inhibitor Coagulant Complex,"Autoplex, Feiba Nf, Feiba Vh","Takeda Pharmaceuticals U.S.A., Inc.",For Injection,Intravenous,500U,N/A,Y,2000-07-31
101447,Anti-Inhibitor Coagulant Complex,"Autoplex, Feiba Nf, Feiba Vh","Takeda Pharmaceuticals U.S.A., Inc.",For Injection,Intravenous,2500U,N/A,Y,2005-08-11
101448,Antihemophilic Factor (Human),Hemofil M,"Takeda Pharmaceuticals U.S.A., Inc.",For Injection,Intravenous,250IU,N/A,Y,2001-03-14
101448,Antihemophilic Factor (Human),Hemofil M,"Takeda Pharmaceuticals U.S.A., Inc.",For Injection,Intravenous,1000IU,N/A,Y,2001-03-14
101448,Antihemophilic Factor (Human),Hemofil M,"Takeda Pharmaceuticals U.S.A., Inc.",For Injection,Intravenous,1700IU,N/A,Y,2001-03-14
101448,Antihemophilic Factor (Human),Hemofil M,"Takeda Pharmaceuticals U.S.A., Inc.",For Injection,Intravenous,500IU,N/A,Y,2001-03-14
101452,Albumin (Human),"Buminate, Flexbumin","Takeda Pharmaceuticals U.S.A., Inc.",Injection,Intravenous,20G/100ML,N/A,Y,2054-03-03
101452,Albumin (Human),"Buminate, Flexbumin","Takeda Pharmaceuticals U.S.A., Inc.",Injection,Intravenous,25G/100ML,N/A,Y,2054-03-03
101452,Albumin (Human),"Buminate, Flexbumin","Takeda Pharmaceuticals U.S.A., Inc.",Injection,Intravenous,12.5G/50ML,N/A,Y,2054-03-03
101452,Albumin (Human),"Buminate, Flexbumin","Takeda Pharmaceuticals U.S.A., Inc.",Injection,Intravenous,10G/50ML,N/A,Y,2054-03-03
101452,Albumin (Human),"Buminate, Flexbumin","Takeda Pharmaceuticals U.S.A., Inc.",Injection,Intravenous,12.5G/250ML,N/A,Y,2054-03-03
101834,"Insects (Whole Body), Mite Dermatophagoides farinae",<NA>,"Greer Laboratories, Inc.",Injection,Percutaneous,"10,000AU/ML",N/A,Y,2058-09-15
101834,"Insects (Whole Body), Mite Dermatophagoides farinae",<NA>,"Greer Laboratories, Inc.",Injection,Intradermal,"5,000AU/ML",N/A,Y,2058-09-15
101834,"Insects (Whole Body), Mite Dermatophagoides farinae",<NA>,"Greer Laboratories, Inc.",Injection,Subcutaneous,"5,000AU/ML",N/A,Y,2058-09-15
101834,"Insects (Whole Body), Mite Dermatophagoides farinae",<NA>,"Greer Laboratories, Inc.",Injection,Intradermal,"10,000AU/ML",N/A,Y,2058-09-15
101834,"Insects (Whole Body), Mite Dermatophagoides farinae",<NA>,"Greer Laboratories, Inc.",Injection,Subcutaneous,"10,000AU/ML",N/A,Y,2058-09-15
101834,"Insects (Whole Body), Mite Dermatophagoides farinae",<NA>,"Greer Laboratories, Inc.",Injection,Intradermal,"30,000AU/ML",N/A,Y,2058-09-15
101834,"Insects (Whole Body), Mite Dermatophagoides farinae",<NA>,"Greer Laboratories, Inc.",Injection,Subcutaneous,"30,000AU/ML",N/A,Y,2058-09-15
101835,"Insects (Whole Body), Mite Dermatophagoides pteronyssinus",<NA>,"Greer Laboratories, Inc.",Injection,Percutaneous,"10,000AU/ML",N/A,Y,2058-09-15
101835,"Insects (Whole Body), Mite Dermatophagoides pteronyssinus",<NA>,"Greer Laboratories, Inc.",Injection,Intradermal,"5,000AU/ML",N/A,Y,2058-09-15
101835,"Insects (Whole Body), Mite Dermatophagoides pteronyssinus",<NA>,"Greer Laboratories, Inc.",Injection,Subcutaneous,"5,000AU/ML",N/A,Y,2058-09-15
101835,"Insects (Whole Body), Mite Dermatophagoides pteronyssinus",<NA>,"Greer Laboratories, Inc.",Injection,Intradermal,"10,000AU/ML",N/A,Y,2058-09-15
101835,"Insects (Whole Body), Mite Dermatophagoides pteronyssinus",<NA>,"Greer Laboratories, Inc.",Injection,Subcutaneous,"10,000AU/ML",N/A,Y,2058-09-15
101835,"Insects (Whole Body), Mite Dermatophagoides pteronyssinus",<NA>,"Greer Laboratories, Inc.",Injection,Intradermal,"30,000AU/ML",N/A,Y,2058-09-15
101835,"Insects (Whole Body), Mite Dermatophagoides pteronyssinus",<NA>,"Greer Laboratories, Inc.",Injection,Subcutaneous,"30,000AU/ML",N/A,Y,2058-09-15
101836,"Pollens - Grasses, Bermuda Grass Cynodon dactylon",<NA>,"Greer Laboratories, Inc.",Injection,Percutaneous,"10,000BAU/ML",N/A,Y,2030-06-14
101836,"Pollens - Grasses, Bermuda Grass Cynodon dactylon",<NA>,"Greer Laboratories, Inc.",Injection,Intradermal,"10,000BAU/ML",N/A,Y,2030-06-14
101836,"Pollens - Grasses, Bermuda Grass Cynodon dactylon",<NA>,"Greer Laboratories, Inc.",Injection,Subcutaneous,"10,000BAU/ML",N/A,Y,2030-06-14
101836,"Pollens - Grasses, Bermuda Grass Cynodon dactylon",<NA>,"Greer Laboratories, Inc.",Injection,Percutaneous,"100,000BAU/ML",N/A,Y,2030-06-14
101836,"Pollens - Grasses, Bermuda Grass Cynodon dactylon",<NA>,"Greer Laboratories, Inc.",Injection,Intradermal,"100,000BAU/ML",N/A,Y,2030-06-14
101836,"Pollens - Grasses, Bermuda Grass Cynodon dactylon",<NA>,"Greer Laboratories, Inc.",Injection,Subcutaneous,"100,000BAU/ML",N/A,Y,2030-06-14
101837,"Pollens - Grasses, Bluegrass, Kentucky (June) Poa pratensis",<NA>,"Greer Laboratories, Inc.",Injection,Percutaneous,"10,000BAU/ML",N/A,Y,2030-06-14
101837,"Pollens - Grasses, Bluegrass, Kentucky (June) Poa pratensis",<NA>,"Greer Laboratories, Inc.",Injection,Intradermal,"10,000BAU/ML",N/A,Y,2030-06-14
101837,"Pollens - Grasses, Bluegrass, Kentucky (June) Poa pratensis",<NA>,"Greer Laboratories, Inc.",Injection,Subcutaneous,"10,000BAU/ML",N/A,Y,2030-06-14
101838,"Pollens - Grasses, Fescue, Meadow Festuca elatior",<NA>,"Greer Laboratories, Inc.",Injection,Percutaneous,"10,000BAU/ML",N/A,Y,2030-06-14
101838,"Pollens - Grasses, Fescue, Meadow Festuca elatior",<NA>,"Greer Laboratories, Inc.",Injection,Intradermal,"10,000BAU/ML",N/A,Y,2030-06-14
101838,"Pollens - Grasses, Fescue, Meadow Festuca elatior",<NA>,"Greer Laboratories, Inc.",Injection,Subcutaneous,"10,000BAU/ML",N/A,Y,2030-06-14
101838,"Pollens - Grasses, Fescue, Meadow Festuca elatior",<NA>,"Greer Laboratories, Inc.",Injection,Percutaneous,"100,000BAU/ML",N/A,Y,2030-06-14
101838,"Pollens - Grasses, Fescue, Meadow Festuca elatior",<NA>,"Greer Laboratories, Inc.",Injection,Intradermal,"100,000BAU/ML",N/A,Y,2030-06-14
101838,"Pollens - Grasses, Fescue, Meadow Festuca elatior",<NA>,"Greer Laboratories, Inc.",Injection,Subcutaneous,"100,000BAU/ML",N/A,Y,2030-06-14
101839,"Pollens - Grasses, Orchard Grass Dactylis glomerata",<NA>,"Greer Laboratories, Inc.",Injection,Percutaneous,"10,000BAU/ML",N/A,Y,2030-06-14
101839,"Pollens - Grasses, Orchard Grass Dactylis glomerata",<NA>,"Greer Laboratories, Inc.",Injection,Intradermal,"10,000BAU/ML",N/A,Y,2030-06-14
101839,"Pollens - Grasses, Orchard Grass Dactylis glomerata",<NA>,"Greer Laboratories, Inc.",Injection,Subcutaneous,"10,000BAU/ML",N/A,Y,2030-06-14
101839,"Pollens - Grasses, Orchard Grass Dactylis glomerata",<NA>,"Greer Laboratories, Inc.",Injection,Percutaneous,"100,000BAU/ML",N/A,Y,2030-06-14
101839,"Pollens - Grasses, Orchard Grass Dactylis glomerata",<NA>,"Greer Laboratories, Inc.",Injection,Intradermal,"100,000BAU/ML",N/A,Y,2030-06-14
101839,"Pollens - Grasses, Orchard Grass Dactylis glomerata",<NA>,"Greer Laboratories, Inc.",Injection,Subcutaneous,"100,000BAU/ML",N/A,Y,2030-06-14
101840,"Pollens - Grasses, Redtop Agrostis alba",<NA>,"Greer Laboratories, Inc.",Injection,Percutaneous,"10,000BAU/ML",N/A,Y,2030-06-14
101840,"Pollens - Grasses, Redtop Agrostis alba",<NA>,"Greer Laboratories, Inc.",Injection,Intradermal,"10,000BAU/ML",N/A,Y,2030-06-14
101840,"Pollens - Grasses, Redtop Agrostis alba",<NA>,"Greer Laboratories, Inc.",Injection,Subcutaneous,"10,000BAU/ML",N/A,Y,2030-06-14
101840,"Pollens - Grasses, Redtop Agrostis alba",<NA>,"Greer Laboratories, Inc.",Injection,Percutaneous,"100,000BAU/ML",N/A,Y,2030-06-14
101840,"Pollens - Grasses, Redtop Agrostis alba",<NA>,"Greer Laboratories, Inc.",Injection,Intradermal,"100,000BAU/ML",N/A,Y,2030-06-14
101840,"Pollens - Grasses, Redtop Agrostis alba",<NA>,"Greer Laboratories, Inc.",Injection,Subcutaneous,"100,000BAU/ML",N/A,Y,2030-06-14
101841,"Pollens - Grasses, Ryegrass, Perennial Lolium perenne",<NA>,"Greer Laboratories, Inc.",Injection,Percutaneous,"10,000BAU/ML",N/A,Y,2030-06-14
101841,"Pollens - Grasses, Ryegrass, Perennial Lolium perenne",<NA>,"Greer Laboratories, Inc.",Injection,Intradermal,"10,000BAU/ML",N/A,Y,2030-06-14
101841,"Pollens - Grasses, Ryegrass, Perennial Lolium perenne",<NA>,"Greer Laboratories, Inc.",Injection,Subcutaneous,"10,000BAU/ML",N/A,Y,2030-06-14
101841,"Pollens - Grasses, Ryegrass, Perennial Lolium perenne",<NA>,"Greer Laboratories, Inc.",Injection,Percutaneous,"100,000BAU/ML",N/A,Y,2030-06-14
101841,"Pollens - Grasses, Ryegrass, Perennial Lolium perenne",<NA>,"Greer Laboratories, Inc.",Injection,Intradermal,"100,000BAU/ML",N/A,Y,2030-06-14
101841,"Pollens - Grasses, Ryegrass, Perennial Lolium perenne",<NA>,"Greer Laboratories, Inc.",Injection,Subcutaneous,"100,000BAU/ML",N/A,Y,2030-06-14
101842,"Pollens - Grasses, Sweet Vernal Grass Anthoxanthum odoratum",<NA>,"Greer Laboratories, Inc.",Injection,Percutaneous,"10,000BAU/ML",N/A,Y,2030-06-14
101842,"Pollens - Grasses, Sweet Vernal Grass Anthoxanthum odoratum",<NA>,"Greer Laboratories, Inc.",Injection,Intradermal,"10,000BAU/ML",N/A,Y,2030-06-14
101842,"Pollens - Grasses, Sweet Vernal Grass Anthoxanthum odoratum",<NA>,"Greer Laboratories, Inc.",Injection,Subcutaneous,"10,000BAU/ML",N/A,Y,2030-06-14
101842,"Pollens - Grasses, Sweet Vernal Grass Anthoxanthum odoratum",<NA>,"Greer Laboratories, Inc.",Injection,Percutaneous,"100,000BAU/ML",N/A,Y,2030-06-14
101842,"Pollens - Grasses, Sweet Vernal Grass Anthoxanthum odoratum",<NA>,"Greer Laboratories, Inc.",Injection,Intradermal,"100,000BAU/ML",N/A,Y,2030-06-14
101842,"Pollens - Grasses, Sweet Vernal Grass Anthoxanthum odoratum",<NA>,"Greer Laboratories, Inc.",Injection,Subcutaneous,"100,000BAU/ML",N/A,Y,2030-06-14
101843,"Pollens - Grasses, Timothy Phleum pratense",<NA>,"Greer Laboratories, Inc.",Injection,Percutaneous,"10,000BAU/ML",N/A,Y,2030-06-14
101843,"Pollens - Grasses, Timothy Phleum pratense",<NA>,"Greer Laboratories, Inc.",Injection,Intradermal,"10,000BAU/ML",N/A,Y,2030-06-14
101843,"Pollens - Grasses, Timothy Phleum pratense",<NA>,"Greer Laboratories, Inc.",Injection,Subcutaneous,"10,000BAU/ML",N/A,Y,2030-06-14
101843,"Pollens - Grasses, Timothy Phleum pratense",<NA>,"Greer Laboratories, Inc.",Injection,Percutaneous,"100,000BAU/ML",N/A,Y,2030-06-14
101843,"Pollens - Grasses, Timothy Phleum pratense",<NA>,"Greer Laboratories, Inc.",Injection,Intradermal,"100,000BAU/ML",N/A,Y,2030-06-14
101843,"Pollens - Grasses, Timothy Phleum pratense",<NA>,"Greer Laboratories, Inc.",Injection,Subcutaneous,"100,000BAU/ML",N/A,Y,2030-06-14
101844,"Pollens - Weeds and Garden Plants, Ragweed, Short Ambrosia artemisiifolia",<NA>,"Greer Laboratories, Inc.",Injection,Percutaneous,1:20W/V,N/A,Y,2030-06-14
101844,"Pollens - Weeds and Garden Plants, Ragweed, Short Ambrosia artemisiifolia",<NA>,"Greer Laboratories, Inc.",Injection,Intradermal,1:20W/V,N/A,Y,2030-06-14
101844,"Pollens - Weeds and Garden Plants, Ragweed, Short Ambrosia artemisiifolia",<NA>,"Greer Laboratories, Inc.",Injection,Subcutaneous,1:20W/V,N/A,Y,2030-06-14
101845,"Pollens - Weeds and Garden Plants, Ragweed, Short Ambrosia elatior",<NA>,"Greer Laboratories, Inc.",Injection,Percutaneous,"10,000BAU/ML",N/A,Y,2058-09-15
101845,"Pollens - Weeds and Garden Plants, Ragweed, Short Ambrosia elatior",<NA>,"Greer Laboratories, Inc.",Injection,Intradermal,"10,000BAU/ML",N/A,Y,2058-09-15
101845,"Pollens - Weeds and Garden Plants, Ragweed, Short Ambrosia elatior",<NA>,"Greer Laboratories, Inc.",Injection,Subcutaneous,"10,000BAU/ML",N/A,Y,2058-09-15
101845,"Pollens - Weeds and Garden Plants, Ragweed, Short Ambrosia elatior",<NA>,"Greer Laboratories, Inc.",Injection,Percutaneous,"100,000BAU/ML",N/A,Y,2058-09-15
101845,"Pollens - Weeds and Garden Plants, Ragweed, Short Ambrosia elatior",<NA>,"Greer Laboratories, Inc.",Injection,Intradermal,"100,000BAU/ML",N/A,Y,2058-09-15
101845,"Pollens - Weeds and Garden Plants, Ragweed, Short Ambrosia elatior",<NA>,"Greer Laboratories, Inc.",Injection,Subcutaneous,"100,000BAU/ML",N/A,Y,2058-09-15
101993,Albumin (Human),<NA>,Central Laboratory of the Netherlands Red Cross Blood Transfusion Service,Injection,Intravenous,0.25,N/A,Y,1979-09-07
101995,collagenase,Santyl,"Smith & Nephew, Inc.",Ointment,Topical,250UNITS/GRAM,N/A,Y,2065-06-04
102212,"Insects (Whole Body), Mite Dermatophagoides farinae",<NA>,"Allermed Laboratories, Inc.",Injection,Intradermal,"5,000AU/ML",N/A,Y,2074-03-12
102212,"Insects (Whole Body), Mite Dermatophagoides farinae",<NA>,"Allermed Laboratories, Inc.",Injection,Subcutaneous,"5,000AU/ML",N/A,Y,2074-03-12
102212,"Insects (Whole Body), Mite Dermatophagoides farinae",<NA>,"Allermed Laboratories, Inc.",Injection,Intradermal,"10,000AU/ML",N/A,Y,2074-03-12
102212,"Insects (Whole Body), Mite Dermatophagoides farinae",<NA>,"Allermed Laboratories, Inc.",Injection,Subcutaneous,"10,000AU/ML",N/A,Y,2074-03-12
102213,"Insects (Whole Body), Mite Dermatophagoides pteronyssinus",<NA>,"Allermed Laboratories, Inc.",Injection,Intradermal,"5,000AU/ML",N/A,Y,2074-03-12
102213,"Insects (Whole Body), Mite Dermatophagoides pteronyssinus",<NA>,"Allermed Laboratories, Inc.",Injection,Subcutaneous,"5,000AU/ML",N/A,Y,2074-03-12
102213,"Insects (Whole Body), Mite Dermatophagoides pteronyssinus",<NA>,"Allermed Laboratories, Inc.",Injection,Intradermal,"10,000AU/ML",N/A,Y,2074-03-12
102213,"Insects (Whole Body), Mite Dermatophagoides pteronyssinus",<NA>,"Allermed Laboratories, Inc.",Injection,Subcutaneous,"10,000AU/ML",N/A,Y,2074-03-12
102214,"Pollens - Grasses, Bermuda Grass Cynodon dactylon",<NA>,"Allermed Laboratories, Inc.",Injection,Intradermal,"10,000BAU/ML",N/A,Y,2030-06-14
102214,"Pollens - Grasses, Bermuda Grass Cynodon dactylon",<NA>,"Allermed Laboratories, Inc.",Injection,Subcutaneous,"10,000BAU/ML",N/A,Y,2030-06-14
102215,"Pollens - Grasses, Bluegrass, Kentucky (June) Poa pratensis",<NA>,"Allermed Laboratories, Inc.",Injection,Intradermal,"10,000BAU/ML",N/A,Y,2030-06-14
102215,"Pollens - Grasses, Bluegrass, Kentucky (June) Poa pratensis",<NA>,"Allermed Laboratories, Inc.",Injection,Subcutaneous,"10,000BAU/ML",N/A,Y,2030-06-14
102215,"Pollens - Grasses, Bluegrass, Kentucky (June) Poa pratensis",<NA>,"Allermed Laboratories, Inc.",Injection,Intradermal,"100,000BAU/ML",N/A,Y,2030-06-14
102215,"Pollens - Grasses, Bluegrass, Kentucky (June) Poa pratensis",<NA>,"Allermed Laboratories, Inc.",Injection,Subcutaneous,"100,000BAU/ML",N/A,Y,2030-06-14
102216,"Pollens - Grasses, Fescue, Meadow Festuca elatior",<NA>,"Allermed Laboratories, Inc.",Injection,Intradermal,"10,000BAU/ML",N/A,Y,2074-03-12
102216,"Pollens - Grasses, Fescue, Meadow Festuca elatior",<NA>,"Allermed Laboratories, Inc.",Injection,Subcutaneous,"10,000BAU/ML",N/A,Y,2074-03-12
102216,"Pollens - Grasses, Fescue, Meadow Festuca elatior",<NA>,"Allermed Laboratories, Inc.",Injection,Intradermal,"100,000BAU/ML",N/A,Y,2074-03-12
102216,"Pollens - Grasses, Fescue, Meadow Festuca elatior",<NA>,"Allermed Laboratories, Inc.",Injection,Subcutaneous,"100,000BAU/ML",N/A,Y,2074-03-12
102217,"Pollens - Grasses, Orchard Grass Dactylis glomerata",<NA>,"Allermed Laboratories, Inc.",Injection,Intradermal,"10,000BAU/ML",N/A,Y,2074-03-12
102217,"Pollens - Grasses, Orchard Grass Dactylis glomerata",<NA>,"Allermed Laboratories, Inc.",Injection,Subcutaneous,"10,000BAU/ML",N/A,Y,2074-03-12
102217,"Pollens - Grasses, Orchard Grass Dactylis glomerata",<NA>,"Allermed Laboratories, Inc.",Injection,Intradermal,"100,000BAU/ML",N/A,Y,2074-03-12
102217,"Pollens - Grasses, Orchard Grass Dactylis glomerata",<NA>,"Allermed Laboratories, Inc.",Injection,Subcutaneous,"100,000BAU/ML",N/A,Y,2074-03-12
102218,"Pollens - Grasses, Redtop Agrostis alba",<NA>,"Allermed Laboratories, Inc.",Injection,Intradermal,"10,000BAU/ML",N/A,Y,2074-03-12
102218,"Pollens - Grasses, Redtop Agrostis alba",<NA>,"Allermed Laboratories, Inc.",Injection,Subcutaneous,"10,000BAU/ML",N/A,Y,2074-03-12
102218,"Pollens - Grasses, Redtop Agrostis alba",<NA>,"Allermed Laboratories, Inc.",Injection,Intradermal,"100,000BAU/ML",N/A,Y,2074-03-12
102218,"Pollens - Grasses, Redtop Agrostis alba",<NA>,"Allermed Laboratories, Inc.",Injection,Subcutaneous,"100,000BAU/ML",N/A,Y,2074-03-12
102219,"Pollens - Grasses, Ryegrass, Perennial Lolium perenne",<NA>,"Allermed Laboratories, Inc.",Injection,Intradermal,"10,000BAU/ML",N/A,Y,2074-03-12
102219,"Pollens - Grasses, Ryegrass, Perennial Lolium perenne",<NA>,"Allermed Laboratories, Inc.",Injection,Intradermal,"10,000BAU/ML",N/A,Y,2030-06-14
102219,"Pollens - Grasses, Ryegrass, Perennial Lolium perenne",<NA>,"Allermed Laboratories, Inc.",Injection,Subcutaneous,"10,000BAU/ML",N/A,Y,2030-06-14
102219,"Pollens - Grasses, Ryegrass, Perennial Lolium perenne",<NA>,"Allermed Laboratories, Inc.",Injection,Intradermal,"100,000BAU/ML",N/A,Y,2030-06-14
102219,"Pollens - Grasses, Ryegrass, Perennial Lolium perenne",<NA>,"Allermed Laboratories, Inc.",Injection,Subcutaneous,"100,000BAU/ML",N/A,Y,2030-06-14
102220,"Pollens - Grasses, Sweet Vernal Grass Anthoxanthum odoratum",<NA>,"Allermed Laboratories, Inc.",Injection,Intradermal,"10,000BAU/ML",N/A,Y,2074-03-12
102220,"Pollens - Grasses, Sweet Vernal Grass Anthoxanthum odoratum",<NA>,"Allermed Laboratories, Inc.",Injection,Subcutaneous,"10,000BAU/ML",N/A,Y,2074-03-12
102220,"Pollens - Grasses, Sweet Vernal Grass Anthoxanthum odoratum",<NA>,"Allermed Laboratories, Inc.",Injection,Intradermal,"100,000BAU/ML",N/A,Y,2074-03-12
102220,"Pollens - Grasses, Sweet Vernal Grass Anthoxanthum odoratum",<NA>,"Allermed Laboratories, Inc.",Injection,Subcutaneous,"100,000BAU/ML",N/A,Y,2074-03-12
102221,"Pollens - Grasses, Timothy Phleum pratense",<NA>,"Allermed Laboratories, Inc.",Injection,Intradermal,"10,000BAU/ML",N/A,Y,2030-06-14
102221,"Pollens - Grasses, Timothy Phleum pratense",<NA>,"Allermed Laboratories, Inc.",Injection,Subcutaneous,"10,000BAU/ML",N/A,Y,2030-06-14
102221,"Pollens - Grasses, Timothy Phleum pratense",<NA>,"Allermed Laboratories, Inc.",Injection,Intradermal,"100,000BAU/ML",N/A,Y,2030-06-14
102221,"Pollens - Grasses, Timothy Phleum pratense",<NA>,"Allermed Laboratories, Inc.",Injection,Subcutaneous,"100,000BAU/ML",N/A,Y,2030-06-14
102366,Albumin (Human),Alburx,CSL Behring AG,Injection,Intravenous,25G/100mL,N/A,Y,1976-07-23
102366,Albumin (Human),Alburx,CSL Behring AG,Injection,Intravenous,25G/500ML,N/A,Y,1976-07-23
102366,Albumin (Human),Alburx,CSL Behring AG,Injection,Intravenous,12.5G/50ML,N/A,Y,1976-07-23
102366,Albumin (Human),Alburx,CSL Behring AG,Injection,Intravenous,12.5G/250ML,N/A,Y,1976-07-23
102367,Immune Globulin Intravenous (Human),"Carimune, Carimune Nf, Panglobulin, Sandoglobulin",CSL Behring AG,For Injection,Intravenous,6G,N/A,Y,2000-07-27
102367,Immune Globulin Intravenous (Human),"Carimune, Carimune Nf, Panglobulin, Sandoglobulin",CSL Behring AG,For Injection,Intravenous,12G,N/A,Y,2000-07-27
102367,Immune Globulin Intravenous (Human),"Carimune, Carimune Nf, Panglobulin, Sandoglobulin",CSL Behring AG,For Injection,Intravenous,3G,N/A,Y,2000-07-27
102475,Antihemophilic Factor/von Willebrand Factor Complex (Human),Alphanate,Grifols Biologicals LLC,For Injection,Intravenous,250IU,N/A,Y,1978-08-15
102475,Antihemophilic Factor/von Willebrand Factor Complex (Human),Alphanate,Grifols Biologicals LLC,For Injection,Intravenous,1000IU,N/A,Y,1978-08-15
102475,Antihemophilic Factor/von Willebrand Factor Complex (Human),Alphanate,Grifols Biologicals LLC,For Injection,Intravenous,1500IU,N/A,Y,1978-08-15
102475,Antihemophilic Factor/von Willebrand Factor Complex (Human),Alphanate,Grifols Biologicals LLC,For Injection,Intravenous,500IU,N/A,Y,1978-08-15
102475,Antihemophilic Factor/von Willebrand Factor Complex (Human),Alphanate,Grifols Biologicals LLC,For Injection,Intravenous,2000IU,N/A,Y,2014-06-26
102476,Factor IX Complex,"Profilnine, Profilnine Hp, Profilnine Ht, Profilnine Sd",Grifols Biologicals LLC,For Injection,Intravenous,1000IU,N/A,Y,1981-07-20
102476,Factor IX Complex,"Profilnine, Profilnine Hp, Profilnine Ht, Profilnine Sd",Grifols Biologicals LLC,For Injection,Intravenous,1500IU,N/A,Y,1981-07-20
102476,Factor IX Complex,"Profilnine, Profilnine Hp, Profilnine Ht, Profilnine Sd",Grifols Biologicals LLC,For Injection,Intravenous,500IU,N/A,Y,1981-07-20
102478,Albumin (Human),Albutein,Grifols Biologicals LLC,Injection,Intravenous,10G/50ML,N/A,Y,1978-08-15
102478,Albumin (Human),Albutein,Grifols Biologicals LLC,Injection,Intravenous,20G/100ML,N/A,Y,1978-08-15
102478,Albumin (Human),Albutein,Grifols Biologicals LLC,Injection,Intravenous,25G/100ML,N/A,Y,1978-08-15
102478,Albumin (Human),Albutein,Grifols Biologicals LLC,Injection,Intravenous,2.5G/50ML,N/A,Y,1978-08-15
102478,Albumin (Human),Albutein,Grifols Biologicals LLC,Injection,Intravenous,12.5G/50ML,N/A,Y,1978-08-15
102478,Albumin (Human),Albutein,Grifols Biologicals LLC,Injection,Intravenous,5G/20ML,N/A,Y,1978-08-15
102478,Albumin (Human),Albutein,Grifols Biologicals LLC,Injection,Intravenous,12.5ML/250ML,N/A,Y,1978-08-15
102478,Albumin (Human),Albutein,Grifols Biologicals LLC,Injection,Intravenous,25G/500ML,N/A,Y,1978-08-15
102478,Albumin (Human),Albutein,Grifols Biologicals LLC,Injection,Intravenous,5G/100ML,N/A,Y,2022-11-29
102821,BCG Live,Tice Bcg,Merck Teknika LLC,For Injection,Intravesical,100-800 MIL CFU,N/A,Y,1989-06-21
102865,"Thrombin, Topical (Bovine)","Thrombin-Jmi, Thrombocoll","GenTrac, Inc.",Powder,Topical,"20,000IU",N/A,Y,1986-02-03
102865,"Thrombin, Topical (Bovine)","Thrombin-Jmi, Thrombocoll","GenTrac, Inc.",Powder,Topical,"5,000IU",N/A,Y,2011-02-10
103000,onabotulinumtoxinA,Botox Cosmetic,AbbVie Inc.,For Injection,Intramuscular,50UNITS,N/A,Y,1991-12-09
103000,onabotulinumtoxinA,Botox Cosmetic,AbbVie Inc.,For Injection,Intramuscular,100UNITS,N/A,Y,1991-12-09
103000,onabotulinumtoxinA,Botox,AbbVie Inc.,For Injection,"Injection, Intramuscular, Intradermal, Intradetrusor",50UNITS,N/A,Y,1991-12-09
103000,onabotulinumtoxinA,Botox,AbbVie Inc.,For Injection,"Injection, Intramuscular, Intradermal, Intradetrusor",100UNITS,N/A,Y,1991-12-09
103000,onabotulinumtoxinA,Botox,AbbVie Inc.,For Injection,"Injection, Intramuscular, Intradermal, Intradetrusor",200UNITS,N/A,Y,1991-12-09
103050,BCG Vaccine,<NA>,Merck Teknika LLC,For Injection,Percutaneous,100-800 MIL CFU,N/A,Y,1989-06-21
103051,"Pollens - Grasses, Bermuda Grass Cynodon dactylon",<NA>,"ALK-Abello, Inc.",Injection,Subcutaneous,"10,000BAU/ML",N/A,Y,2058-09-29
103051,"Pollens - Grasses, Bermuda Grass Cynodon dactylon",<NA>,"ALK-Abello, Inc.",Injection,Percutaneous,"10,000BAU/ML",N/A,Y,2058-09-29
103052,"Pollens - Grasses, Bluegrass, Kentucky (June) Poa pratensis",<NA>,"ALK-Abello, Inc.",Injection,Percutaneous,"10,000BAU/ML",N/A,Y,2050-09-29
103052,"Pollens - Grasses, Bluegrass, Kentucky (June) Poa pratensis",<NA>,"ALK-Abello, Inc.",Injection,Subcutaneous,"10,000BAU/ML",N/A,Y,2050-09-29
103052,"Pollens - Grasses, Bluegrass, Kentucky (June) Poa pratensis",<NA>,"ALK-Abello, Inc.",Injection,Percutaneous,"100,000BAU/ML",N/A,Y,2050-09-29
103052,"Pollens - Grasses, Bluegrass, Kentucky (June) Poa pratensis",<NA>,"ALK-Abello, Inc.",Injection,Subcutaneous,"100,000BAU/ML",N/A,Y,2050-09-29
103053,"Pollens - Grasses, Fescue, Meadow Festuca elatior",<NA>,"ALK-Abello, Inc.",Injection,Percutaneous,"10,000BAU/ML",N/A,Y,2050-09-29
103053,"Pollens - Grasses, Fescue, Meadow Festuca elatior",<NA>,"ALK-Abello, Inc.",Injection,Subcutaneous,"10,000BAU/ML",N/A,Y,2050-09-29
103053,"Pollens - Grasses, Fescue, Meadow Festuca elatior",<NA>,"ALK-Abello, Inc.",Injection,Percutaneous,"100,000BAU/ML",N/A,Y,2050-09-29
103053,"Pollens - Grasses, Fescue, Meadow Festuca elatior",<NA>,"ALK-Abello, Inc.",Injection,Subcutaneous,"100,000BAU/ML",N/A,Y,2050-09-29
103054,"Pollens - Grasses, Orchard Grass Dactylis glomerata",<NA>,"ALK-Abello, Inc.",Injection,Percutaneous,"10,000BAU/ML",N/A,Y,2050-09-29
103054,"Pollens - Grasses, Orchard Grass Dactylis glomerata",<NA>,"ALK-Abello, Inc.",Injection,Subcutaneous,"10,000BAU/ML",N/A,Y,2050-09-29
103054,"Pollens - Grasses, Orchard Grass Dactylis glomerata",<NA>,"ALK-Abello, Inc.",Injection,Percutaneous,"100,000BAU/ML",N/A,Y,2050-09-29
103054,"Pollens - Grasses, Orchard Grass Dactylis glomerata",<NA>,"ALK-Abello, Inc.",Injection,Subcutaneous,"100,000BAU/ML",N/A,Y,2050-09-29
103055,"Pollens - Grasses, Redtop Agrostis alba",<NA>,"ALK-Abello, Inc.",Injection,Percutaneous,"10,000BAU/ML",N/A,Y,2050-09-29
103055,"Pollens - Grasses, Redtop Agrostis alba",<NA>,"ALK-Abello, Inc.",Injection,Subcutaneous,"10,000BAU/ML",N/A,Y,2050-09-29
103055,"Pollens - Grasses, Redtop Agrostis alba",<NA>,"ALK-Abello, Inc.",Injection,Percutaneous,"100,000BAU/ML",N/A,Y,2050-09-29
103055,"Pollens - Grasses, Redtop Agrostis alba",<NA>,"ALK-Abello, Inc.",Injection,Subcutaneous,"100,000BAU/ML",N/A,Y,2050-09-29
103056,"Pollens - Grasses, Ryegrass, Perennial Lolium perenne",<NA>,"ALK-Abello, Inc.",Injection,Percutaneous,"10,000BAU/ML",N/A,Y,2050-09-29
103056,"Pollens - Grasses, Ryegrass, Perennial Lolium perenne",<NA>,"ALK-Abello, Inc.",Injection,Subcutaneous,"10,000BAU/ML",N/A,Y,2050-09-29
103057,"Pollens - Grasses, Sweet Vernal Grass Anthoxanthum odoratum",<NA>,"ALK-Abello, Inc.",Injection,Percutaneous,"100,000BAU/ML",N/A,Y,2050-09-29
103057,"Pollens - Grasses, Sweet Vernal Grass Anthoxanthum odoratum",<NA>,"ALK-Abello, Inc.",Injection,Subcutaneous,"100,000BAU/ML",N/A,Y,2050-09-29
103058,"Pollens - Grasses, Timothy Phleum pratense",<NA>,"ALK-Abello, Inc.",Injection,Percutaneous,"10,000BAU/ML",N/A,Y,2050-09-29
103058,"Pollens - Grasses, Timothy Phleum pratense",<NA>,"ALK-Abello, Inc.",Injection,Subcutaneous,"100,000BAU/ML",N/A,Y,2050-09-29
103059,"Pollens - Weeds and Garden Plants, Ragweed, Short Ambrosia artemisiifolia",<NA>,"ALK-Abello, Inc.",Injection,Percutaneous,1:20W/V,N/A,Y,2050-09-29
103059,"Pollens - Weeds and Garden Plants, Ragweed, Short Ambrosia artemisiifolia",<NA>,"ALK-Abello, Inc.",Injection,Subcutaneous,1:20W/V,N/A,Y,2050-09-29
103060,"Insects (Whole Body), Mite Dermatophagoides farinae",<NA>,"ALK-Abello, Inc.",Injection,Percutaneous,"10,000BAU/ML",N/A,Y,2050-09-29
103060,"Insects (Whole Body), Mite Dermatophagoides farinae",<NA>,"ALK-Abello, Inc.",Injection,Subcutaneous,"10,000BAU/ML",N/A,Y,2050-09-29
103061,"Animal Allergens, Standardized Cat Pelt",<NA>,"ALK-Abello, Inc.",Injection,Percutaneous,"10,000BAU/ML",N/A,Y,2050-09-29
103061,"Animal Allergens, Standardized Cat Pelt",<NA>,"ALK-Abello, Inc.",Injection,Subcutaneous,"10,000BAU/ML",N/A,Y,2050-09-29
103112,Factor IX Complex,Proplex-T; Bebulin,Baxalta US Inc.,For Injection,Intravenous,200-1200U/20ML,<NA>,N,2070-08-21
103113,"Pollens - Weeds and Garden Plants, Ragweed, Short Ambrosia artemisiifolia",<NA>,"Allermed Laboratories, Inc.",Injection,Subcutaneous,1:10W/V,N/A,Y,2074-03-13
103113,"Pollens - Weeds and Garden Plants, Ragweed, Short Ambrosia artemisiifolia",<NA>,"Allermed Laboratories, Inc.",Injection,Intradermal,1:10W/V,N/A,Y,2074-03-13
103123,Typhoid Vaccine Live Oral Ty21a,Vivotif,Bavarian Nordic A/S,Capsule,Oral,2-6.8 BIL. CFU,N/A,Y,1989-12-15
103132,interferon alfa-2b,Intron A,Merck Sharp & Dohme LLC,For Injection,"Intramuscular, Intravenous, Subcutaneous",3MIU,N/A,Y,1986-06-04
103132,interferon alfa-2b,Intron A,Merck Sharp & Dohme LLC,For Injection,"Intramuscular, Intravenous, Subcutaneous",5MIU,N/A,Y,1986-06-04
103132,interferon alfa-2b,Intron A,Merck Sharp & Dohme LLC,For Injection,"Subcutaneous, Intravenous, Intralesional, Intramuscular",10MIU,N/A,Y,1986-06-04
103132,interferon alfa-2b,Intron A,Merck Sharp & Dohme LLC,For Injection,"Intramuscular, Intravenous, Subcutaneous",25MIU,N/A,Y,1986-06-04
103132,interferon alfa-2b,Intron A,Merck Sharp & Dohme LLC,For Injection,"Intramuscular, Intravenous, Subcutaneous",18MIU,N/A,Y,NaT
103132,interferon alfa-2b,Intron A,Merck Sharp & Dohme LLC,For Injection,"Intramuscular, Intravenous, Subcutaneous",50MIU,N/A,Y,NaT
103132,interferon alfa-2b,Intron A,Merck Sharp & Dohme LLC,Injection,"Subcutaneous, Intramuscular",3MIU,N/A,Y,NaT
103132,interferon alfa-2b,Intron A,Merck Sharp & Dohme LLC,Injection,"Intralesional, Intramuscular, Subcutaneous",5MIU,N/A,Y,NaT
103132,interferon alfa-2b,Intron A,Merck Sharp & Dohme LLC,Injection,"Intralesional, Intramuscular, Subcutaneous",10MIU,N/A,Y,NaT
103132,interferon alfa-2b,Intron A,Merck Sharp & Dohme LLC,Injection,"Subcutaneous, Intramuscular",18MIU,N/A,Y,NaT
103132,interferon alfa-2b,Intron A,Merck Sharp & Dohme LLC,Injection,"Intralesional, Intramuscular, Subcutaneous",25MIU,N/A,Y,NaT
103132,interferon alfa-2b,Intron A,Merck Sharp & Dohme LLC,Injection,Subcutaneous,3MIU,N/A,Y,NaT
103132,interferon alfa-2b,Intron A,Merck Sharp & Dohme LLC,Injection,Subcutaneous,5MIU,N/A,Y,NaT
103132,interferon alfa-2b,Intron A,Merck Sharp & Dohme LLC,Injection,Subcutaneous,10MIU,N/A,Y,NaT
103133,Immune Globulin Intravenous (Human),"Gammagard, Gammagard S/D, Iveegam","Takeda Pharmaceuticals U.S.A., Inc.",For Injection,Intravenous,0.5G,N/A,Y,1986-02-18
103133,Immune Globulin Intravenous (Human),"Gammagard, Gammagard S/D, Iveegam","Takeda Pharmaceuticals U.S.A., Inc.",For Injection,Intravenous,1000MG,N/A,Y,1986-02-18
103133,Immune Globulin Intravenous (Human),"Gammagard, Gammagard S/D, Iveegam","Takeda Pharmaceuticals U.S.A., Inc.",For Injection,Intravenous,2500MG,N/A,Y,1986-02-18
103133,Immune Globulin Intravenous (Human),"Gammagard, Gammagard S/D, Iveegam","Takeda Pharmaceuticals U.S.A., Inc.",For Injection,Intravenous,500MG,N/A,Y,1986-02-18
103133,Immune Globulin Intravenous (Human),"Gammagard, Gammagard S/D, Iveegam","Takeda Pharmaceuticals U.S.A., Inc.",For Injection,Intravenous,5000MG,N/A,Y,1986-02-18
103133,Immune Globulin Intravenous (Human),"Gammagard, Gammagard S/D, Iveegam","Takeda Pharmaceuticals U.S.A., Inc.",For Injection,Intravenous,10G,N/A,Y,2000-07-27
103133,Immune Globulin Intravenous (Human),"Gammagard, Gammagard S/D, Iveegam","Takeda Pharmaceuticals U.S.A., Inc.",For Injection,Intravenous,2.5G,N/A,Y,2000-07-27
103133,Immune Globulin Intravenous (Human),"Gammagard, Gammagard S/D, Iveegam","Takeda Pharmaceuticals U.S.A., Inc.",For Injection,Intravenous,5.0G,N/A,Y,2000-07-27
103141,Digoxin Immune Fab (Ovine),Digibind,Wellcome Foundation Limited Wellcome Research Laboratories,For Injection,Intravenous,38MG,N/A,Y,1986-04-22
103145,interferon alfa-2a,Roferon-A,Hoffmann-La Roche Inc.,For Injection,Subcutaneous,3MIU/0.5ML,N/A,Y,1986-06-04
103158,interferon alfa-n3 (human leukocyte derived),Alferon N Injection,AIM ImmunoTech Inc.,Injection,Intravenous,5MILLION IU/1ML,N/A,Y,1989-10-10
103171,Tetanus and Diphtheria Toxoids Adsorbed,Tenivac,Sanofi Pasteur Limited,Injection,Intramuscular,"5LF,2LF/.5ML",N/A,Y,2003-11-03
103172,alteplase,Activase,"Genentech, Inc.",For Injection,Intravenous,50MG,N/A,Y,1987-11-13
103172,alteplase,Activase,"Genentech, Inc.",For Injection,Intravenous,100MG,N/A,Y,1987-11-13
103172,alteplase,Cathflo Activase,"Genentech, Inc.",For Injection,Intravenous,2MG,N/A,Y,2001-09-04
103174,Alpha-1-Proteinase Inhibitor (Human),"prolastin,prolastin-c,prolastin-c liquid",Grifols Therapeutics LLC,For Injection,Intravenous,1000MG,N/A,Y,1987-12-02
103174,Alpha-1-Proteinase Inhibitor (Human),"prolastin,prolastin-c,prolastin-c liquid",Grifols Therapeutics LLC,For Injection,Intravenous,500MG,N/A,Y,1987-12-02
103174,Alpha-1-Proteinase Inhibitor (Human),"prolastin,prolastin-c,prolastin-c liquid",Grifols Therapeutics LLC,Injection,Intravenous,1000MG/20ML,N/A,Y,2017-09-08
103174,Alpha-1-Proteinase Inhibitor (Human),"prolastin,prolastin-c,prolastin-c liquid",Grifols Therapeutics LLC,Injection,Intravenous,4000MG/80ML,N/A,Y,2020-03-05
103174,Alpha-1-Proteinase Inhibitor (Human),"prolastin,prolastin-c,prolastin-c liquid",Grifols Therapeutics LLC,Injection,Intravenous,500MG/10ML,N/A,Y,2020-03-05
103189,Cytomegalovirus Immune Globulin Intravenous (Human),Cytogam,Kamada Ltd.,Injection,Intravenous,2.5G/50ML,N/A,Y,1990-04-17
103196,Antithrombin III (Human),Thrombate Iii,Grifols Therapeutics LLC,For Injection,Intravenous,500IU,N/A,Y,1991-12-30
103234,epoetin alfa,Epogen/Procrit,Amgen Inc.,Injection,"Intravenous, Subcutaneous","10,000UNITS/ML",N/A,Y,1989-06-01
103234,epoetin alfa,Epogen/Procrit,Amgen Inc.,Injection,"Intravenous, Subcutaneous","20,000UNITS/2ML (10,000UNITS/ML)",N/A,Y,NaT
103234,epoetin alfa,Epogen/Procrit,Amgen Inc.,Injection,"Intravenous, Subcutaneous","20,000UNITS/ML",N/A,Y,NaT
103234,epoetin alfa,Epogen/Procrit,Amgen Inc.,Injection,"Intravenous, Subcutaneous","2,000UNITS/ML",N/A,Y,1989-06-01
103234,epoetin alfa,Epogen/Procrit,Amgen Inc.,Injection,"Intravenous, Subcutaneous","3,000UNITS/ML",N/A,Y,1989-06-01
103234,epoetin alfa,Procrit,Amgen Inc.,Injection,"Intravenous, Subcutaneous","40,000UNITS/ML",N/A,Y,NaT
103234,epoetin alfa,Epogen/Procrit,Amgen Inc.,Injection,"Intravenous, Subcutaneous","4,000UNITS/ML",N/A,Y,1989-06-01
103237,Haemophilus b Conjugate Vaccine (Meningococcal Protein Conjugate),Pedvaxhib,Merck Sharp & Dohme LLC,Injection,Intramuscular,7.5UG/.5ML,N/A,Y,1989-12-20
103239,Hepatitis B Vaccine (Recombinant),Engerix-B,GlaxoSmithKline Biologicals,Injection,Intramuscular,20UG/ML,N/A,Y,1989-08-28
103239,Hepatitis B Vaccine (Recombinant),Engerix-B,GlaxoSmithKline Biologicals,Injection,Intramuscular,10UG/.5ML,N/A,Y,1989-08-28
103249,Coagulation Factor IX (Human),"Alphanine, Alphanine Hp, Alphanine Sd",Grifols Biologicals LLC,Injection,Intravenous,500IU,N/A,Y,1990-12-31
103249,Coagulation Factor IX (Human),"Alphanine, Alphanine Hp, Alphanine Sd",Grifols Biologicals LLC,Injection,Intravenous,1000IU,N/A,Y,1990-12-31
103249,Coagulation Factor IX (Human),"Alphanine, Alphanine Hp, Alphanine Sd",Grifols Biologicals LLC,Injection,Intravenous,250IU,N/A,Y,1990-12-31
103249,Coagulation Factor IX (Human),"Alphanine, Alphanine Hp, Alphanine Sd",Grifols Biologicals LLC,Injection,Intravenous,1500IU,N/A,Y,1990-12-31
103257,Candida albicans Skin Test Antigen for Cellular Hypersensitivity,Candin,"Nielsen Bioscience, Inc",Injection,Intradermal,1U/.1ML,N/A,Y,1995-11-27
103293,aldesleukin,Proleukin,Iovance Biotherapeutics Manufacturing LLC,For Injection,Intravenous,22MILLION INTERNATIONAL UNITS (1.3MG),N/A,Y,1992-05-05
103317,Positive Skin Test Control-Histamine,<NA>,"Nielsen Bioscience, Inc",Injection,Percutaneous,1.8MG/ML,N/A,Y,1992-02-14
103324,"Animal Allergens, Standardized Cat Hair",<NA>,"Allergy Laboratories, Inc.",Injection,Percutaneous,"10,000BAU/ML",N/A,Y,2030-07-11
103324,"Animal Allergens, Standardized Cat Hair",<NA>,"Allergy Laboratories, Inc.",Injection,Subcutaneous,"10,000BAU/ML",N/A,Y,2030-07-11
103332,Antihemophilic Factor (Recombinant),"Helixate Fs, Kogenate, Kogenate Fs",Bayer HealthCare LLC,For Injection,Intravenous,250IU,N/A,Y,2002-08-20
103332,Antihemophilic Factor (Recombinant),"Helixate Fs, Kogenate, Kogenate Fs",Bayer HealthCare LLC,For Injection,Intravenous,500IU,N/A,Y,2002-08-20
103332,Antihemophilic Factor (Recombinant),"Helixate Fs, Kogenate, Kogenate Fs",Bayer HealthCare LLC,For Injection,Intravenous,1000IU,N/A,Y,2002-08-20
103332,Antihemophilic Factor (Recombinant),"Helixate Fs, Kogenate, Kogenate Fs",Bayer HealthCare LLC,For Injection,Intravenous,2000IU,N/A,Y,2007-06-07
103332,Antihemophilic Factor (Recombinant),"Helixate Fs, Kogenate, Kogenate Fs",Bayer HealthCare LLC,For Injection,Intravenous,3000IU,N/A,Y,2009-07-31
103334,Rabies Vaccine,Rabavert,Bavarian Nordic A/S,For Injection,Intramuscular,2.5IU,N/A,Y,1997-10-20
103352,Albumin (Human),Human Albumin Grifols,"Instituto Grifols, S.A.",Injection,Intravenous,12.5G/50ML,N/A,Y,1995-02-17
103352,Albumin (Human),Human Albumin Grifols,"Instituto Grifols, S.A.",Injection,Intravenous,20G/100ML,N/A,Y,2003-06-11
103352,Albumin (Human),Human Albumin Grifols,"Instituto Grifols, S.A.",Injection,Intravenous,10G/50ML,N/A,Y,1995-02-17
103352,Albumin (Human),Human Albumin Grifols,"Instituto Grifols, S.A.",Injection,Intravenous,25G/100ML,N/A,Y,2003-06-11
103353,filgrastim,Neupogen,Amgen Inc.,Injection,"Intravenous, Subcutaneous",300MCG/ML,N/A,Y,1991-02-20
103353,filgrastim,Neupogen,Amgen Inc.,Injection,"Intravenous, Subcutaneous",480MCG/1.6ML,N/A,Y,1991-02-20
103353,filgrastim,Neupogen,Amgen Inc.,Injection,Subcutaneous,300MCG/0.5ML,N/A,Y,2000-06-28
103353,filgrastim,Neupogen,Amgen Inc.,Injection,Subcutaneous,480MCG/0.8ML,N/A,Y,2000-06-28
103362,sargramostim,Leukine,"Partner Therapeutics, Inc.",For Injection,"Intravenous, Subcutaneous",250MCG,N/A,Y,1991-03-05
103362,sargramostim,Leukine,"Partner Therapeutics, Inc.",Injection,"Intravenous, Subcutaneous",500MCG/ML,N/A,Y,1991-03-05
103375,Antihemophilic Factor (Recombinant),"Bioclate (Armour), Recombinate","Takeda Pharmaceuticals U.S.A., Inc.",For Injection,Intravenous,1000IU,N/A,Y,1992-12-10
103375,Antihemophilic Factor (Recombinant),"Bioclate (Armour), Recombinate","Takeda Pharmaceuticals U.S.A., Inc.",For Injection,Intravenous,500IU,N/A,Y,1992-12-10
103375,Antihemophilic Factor (Recombinant),"Bioclate (Armour), Recombinate","Takeda Pharmaceuticals U.S.A., Inc.",For Injection,Intravenous,250IU,N/A,Y,1992-12-10
103375,Antihemophilic Factor (Recombinant),"Bioclate (Armour), Recombinate","Takeda Pharmaceuticals U.S.A., Inc.",For Injection,Intravenous,1500IU,N/A,Y,2010-03-10
103375,Antihemophilic Factor (Recombinant),"Bioclate (Armour), Recombinate","Takeda Pharmaceuticals U.S.A., Inc.",For Injection,Intravenous,2000IU,N/A,Y,2010-03-10
103397,"Animal Allergens, Standardized Cat Hair",<NA>,"Greer Laboratories, Inc.",Injection,Percutaneous,"10,000BAU/ML",N/A,Y,2058-09-15
103397,"Animal Allergens, Standardized Cat Hair",<NA>,"Greer Laboratories, Inc.",Injection,Intradermal,"10,000BAU/ML",N/A,Y,2058-09-15
103397,"Animal Allergens, Standardized Cat Hair",<NA>,"Greer Laboratories, Inc.",Injection,Subcutaneous,"10,000BAU/ML",N/A,Y,2058-09-15
103397,"Animal Allergens, Standardized Cat Hair",<NA>,"Greer Laboratories, Inc.",Injection,Intradermal,"5,000BAU/ML",N/A,Y,2058-09-15
103397,"Animal Allergens, Standardized Cat Hair",<NA>,"Greer Laboratories, Inc.",Injection,Subcutaneous,"5,000BAU/ML",N/A,Y,2058-09-15
103397,"Animal Allergens, Standardized Cat Hair",<NA>,"Greer Laboratories, Inc.",Injection,Percutaneous,"5,000BAU/ML",N/A,Y,2058-09-15
103411,pegaspargase,Oncaspar,Servier Pharmaceuticals LLC,Injection,"Intravenous, Intramuscular","3,750IU/5ML(750IU/ML)",N/A,Y,1994-02-01
103463,muromonab-CD3,Orthoclone OKT3,"Centocor Ortho Biotech Products, L.P.",Injection,Intravenous,1MG/ML,N/A,Y,1992-09-14
103471,interferon beta-1b,Betaseron,Bayer HealthCare Pharmaceuticals Inc.,For Injection,Subcutaneous,0.3MG,N/A,Y,1993-07-23
103473,"Animal Allergens, Standardized Cat Hair",<NA>,"Allermed Laboratories, Inc.",Injection,Percutaneous,"10,000BAU/ML",N/A,Y,2074-03-12
103473,"Animal Allergens, Standardized Cat Hair",<NA>,"Allermed Laboratories, Inc.",Injection,Subcutaneous,"10,000BAU/ML",N/A,Y,2074-03-12
103475,Hepatitis A Vaccine,Havrix,GlaxoSmithKline Biologicals,Injection,Intramuscular,720ELISA U/.5ML,N/A,Y,1995-02-22
103475,Hepatitis A Vaccine,Havrix,GlaxoSmithKline Biologicals,Injection,Intramuscular,1440ELISA U/ML,N/A,Y,1995-02-22
103532,dornase alfa,Pulmozyme,"Genentech, Inc.",Solution,Inhalation,2.5MG/2.5ML (1MG/ML),N/A,Y,1993-12-30
103552,Varicella Virus Vaccine Live,Varivax,Merck Sharp & Dohme LLC,For Injection,Subcutaneous,NLT  1350PFU/.5ML,N/A,Y,1995-03-17
103552,Varicella Virus Vaccine Live,Varivax,Merck Sharp & Dohme LLC,For Injection,Intramuscular,NLT  1350PFU/.5ML,N/A,Y,2023-02-27
103569,Plague Vaccine,<NA>,"Greer Laboratories, Inc.",Injection,Intramuscular,2BIL. CELL/ML,N/A,Y,1994-10-05
103575,abciximab,Reopro,"Janssen Biotech, Inc.",Injection,Intravenous,2MG/ML,N/A,Y,1994-12-22
103606,Hepatitis A Vaccine Inactivated,Vaqta,Merck Sharp & Dohme LLC,Injection,Intramuscular,50U/ML,N/A,Y,1996-03-29
103606,Hepatitis A Vaccine Inactivated,Vaqta,Merck Sharp & Dohme LLC,Injection,Intramuscular,25U/.5ML,N/A,Y,1996-03-29
103608,capromab pendetide,ProstaScint,"Aytu BioScience, Inc.",Injection,Intravenous,0.5MG/1ML,N/A,Y,1996-10-28
103623,Haemophilus b Conjugate (Meningococcal Protein Conjugate) and Hepatitis B (Recombinant) Vaccine,COMVAX,Merck Sharp & Dohme LLC,Injection,Intramuscular,7.5UG PRP/125UG OMPC/5UG HBsAg,<NA>,N,1996-10-02
103628,interferon beta-1a,Avonex,Biogen Inc.,For Injection,Intramuscular,30MCG,N/A,Y,1996-05-17
103628,interferon beta-1a,Avonex,Biogen Inc.,Injection,Intramuscular,30MCG/0.5ML,N/A,Y,2003-05-28
103628,interferon beta-1a,Avonex,Biogen Inc.,Injection,Intramuscular,30MCG/0.5ML,N/A,Y,2012-02-27
103647,Diphtheria & Tetanus Toxoids & Acellular Pertussis Vaccine Adsorbed,Infanrix,GlaxoSmithKline Biologicals,Injection,Intramuscular,25LF/10LF/25UG/.5ML,N/A,Y,1997-01-29
103649,Rho(D) Immune Globulin Intravenous (Human),"Winrho Sd, Winrho Sdf Liquid, Winrho Sdf Lyophilized",Kamada Ltd.,For Injection,Intramuscular,5000IU,N/A,Y,1996-04-02
103649,Rho(D) Immune Globulin Intravenous (Human),"Winrho Sd, Winrho Sdf Liquid, Winrho Sdf Lyophilized",Kamada Ltd.,For Injection,Intravenous,5000IU,N/A,Y,1996-04-02
103649,Rho(D) Immune Globulin Intravenous (Human),"Winrho Sd, Winrho Sdf Liquid, Winrho Sdf Lyophilized",Kamada Ltd.,For Injection,Intramuscular,1500IU,N/A,Y,1996-04-02
103649,Rho(D) Immune Globulin Intravenous (Human),"Winrho Sd, Winrho Sdf Liquid, Winrho Sdf Lyophilized",Kamada Ltd.,For Injection,Intravenous,1500IU,N/A,Y,1996-04-02
103649,Rho(D) Immune Globulin Intravenous (Human),"Winrho Sd, Winrho Sdf Liquid, Winrho Sdf Lyophilized",Kamada Ltd.,For Injection,Intramuscular,600IU,N/A,Y,1996-04-02
103649,Rho(D) Immune Globulin Intravenous (Human),"Winrho Sd, Winrho Sdf Liquid, Winrho Sdf Lyophilized",Kamada Ltd.,For Injection,Intravenous,600IU,N/A,Y,1996-04-02
103649,Rho(D) Immune Globulin Intravenous (Human),"Winrho Sd, Winrho Sdf Liquid, Winrho Sdf Lyophilized",Kamada Ltd.,Injection,Intramuscular,15000IU,N/A,Y,2005-03-31
103649,Rho(D) Immune Globulin Intravenous (Human),"Winrho Sd, Winrho Sdf Liquid, Winrho Sdf Lyophilized",Kamada Ltd.,Injection,Intravenous,15000IU,N/A,Y,2005-03-31
103649,Rho(D) Immune Globulin Intravenous (Human),"Winrho Sd, Winrho Sdf Liquid, Winrho Sdf Lyophilized",Kamada Ltd.,Injection,Intramuscular,5000IU,N/A,Y,2005-03-31
103649,Rho(D) Immune Globulin Intravenous (Human),"Winrho Sd, Winrho Sdf Liquid, Winrho Sdf Lyophilized",Kamada Ltd.,Injection,Intravenous,5000IU,N/A,Y,2005-03-31
103649,Rho(D) Immune Globulin Intravenous (Human),"Winrho Sd, Winrho Sdf Liquid, Winrho Sdf Lyophilized",Kamada Ltd.,Injection,Intramuscular,2500IU,N/A,Y,2005-03-31
103649,Rho(D) Immune Globulin Intravenous (Human),"Winrho Sd, Winrho Sdf Liquid, Winrho Sdf Lyophilized",Kamada Ltd.,Injection,Intravenous,2500IU,N/A,Y,2005-03-31
103649,Rho(D) Immune Globulin Intravenous (Human),"Winrho Sd, Winrho Sdf Liquid, Winrho Sdf Lyophilized",Kamada Ltd.,Injection,Intramuscular,1500IU,N/A,Y,2005-03-31
103649,Rho(D) Immune Globulin Intravenous (Human),"Winrho Sd, Winrho Sdf Liquid, Winrho Sdf Lyophilized",Kamada Ltd.,Injection,Intravenous,1500IU,N/A,Y,2005-03-31
103649,Rho(D) Immune Globulin Intravenous (Human),"Winrho Sd, Winrho Sdf Liquid, Winrho Sdf Lyophilized",Kamada Ltd.,Injection,Intramuscular,600IU,N/A,Y,2005-03-31
103649,Rho(D) Immune Globulin Intravenous (Human),"Winrho Sd, Winrho Sdf Liquid, Winrho Sdf Lyophilized",Kamada Ltd.,Injection,Intravenous,600IU,N/A,Y,2005-03-31
103649,Rho(D) Immune Globulin Intravenous (Human),"Winrho Sd, Winrho Sdf Liquid, Winrho Sdf Lyophilized",Kamada Ltd.,Injection,Intravenous,15000IU,N/A,Y,2015-12-18
103649,Rho(D) Immune Globulin Intravenous (Human),"Winrho Sd, Winrho Sdf Liquid, Winrho Sdf Lyophilized",Kamada Ltd.,Injection,Intramuscular,15000IU,N/A,Y,2015-12-18
103661,Autologous Cultured Chondrocytes,Carticel Sm Service,Vericel Corporation,Injection,Implantation,12MIU/VL,N/A,Y,1997-08-22
103663,interferon alfacon-1,Infergen,Kadmon Pharmaceuticals LLC,Injection,Subcutaneous,9MCG/0.3ML (30MCG/ML),N/A,Y,1997-10-06
103665,Coagulation Factor VIIa (Recombinant),"Novoseven, Novoseven Rt",Novo Nordisk Inc.,For Injection,Intravenous,2.4MG,N/A,Y,1999-03-25
103665,Coagulation Factor VIIa (Recombinant),"Novoseven, Novoseven Rt",Novo Nordisk Inc.,For Injection,Intravenous,1.2MG,N/A,Y,2000-11-15
103665,Coagulation Factor VIIa (Recombinant),"Novoseven, Novoseven Rt",Novo Nordisk Inc.,For Injection,Intravenous,4.8MG,N/A,Y,2000-11-15
103665,Coagulation Factor VIIa (Recombinant),"Novoseven, Novoseven Rt",Novo Nordisk Inc.,For Injection,Intravenous,5.0MG,N/A,Y,2008-05-09
103665,Coagulation Factor VIIa (Recombinant),"Novoseven, Novoseven Rt",Novo Nordisk Inc.,For Injection,Intravenous,1.0MG,N/A,Y,2008-05-09
103665,Coagulation Factor VIIa (Recombinant),"Novoseven, Novoseven Rt",Novo Nordisk Inc.,For Injection,Intravenous,2.0MG,N/A,Y,2008-05-09
103665,Coagulation Factor VIIa (Recombinant),"Novoseven, Novoseven Rt",Novo Nordisk Inc.,For Injection,Intravenous,8.0MG,N/A,Y,2010-08-06
103666,Diphtheria & Tetanus Toxoids & Acellular Pertussis Vaccine Adsorbed,Daptacel,Sanofi Pasteur Limited,Injection,Intramuscular,0.5ML,N/A,Y,2002-05-14
103676,"Lymphocyte Immune Globulin, Anti-thymocyte Globulin (Equine)",Atgam,Pharmacia & Upjohn Company LLC,Injection,Intravenous,50MG/ML,N/A,Y,1996-12-04
103677,Coagulation Factor IX (Recombinant),Benefix,Wyeth Pharmaceuticals LLC,For Injection,Intravenous,1000IU/ML,N/A,Y,1997-02-11
103677,Coagulation Factor IX (Recombinant),Benefix,Wyeth Pharmaceuticals LLC,For Injection,Intravenous,500IU/ML,N/A,Y,1997-02-11
103677,Coagulation Factor IX (Recombinant),Benefix,Wyeth Pharmaceuticals LLC,For Injection,Intravenous,250IU/ML,N/A,Y,1997-02-11
103677,Coagulation Factor IX (Recombinant),Benefix,Wyeth Pharmaceuticals LLC,For Injection,Intravenous,2000IU/ML,N/A,Y,2007-03-21
103677,Coagulation Factor IX (Recombinant),Benefix,Wyeth Pharmaceuticals LLC,For Injection,Intravenous,3000IU/ML,N/A,Y,2011-11-23
103691,becaplermin,Regranex,"Smith & Nephew, Inc.",Gel,Topical,0.0001,N/A,Y,1997-12-16
103694,oprelvekin,Neumega,Wyeth Pharmaceuticals Inc.,For Injection,Subcutaneous,5MG,N/A,Y,1997-11-25
103705,rituximab,Rituxan,"Genentech, Inc.",Injection,Intravenous,100MG/10ML (10MG/ML),N/A,Y,1997-11-26
103705,rituximab,Rituxan,"Genentech, Inc.",Injection,Intravenous,500MG/50ML (10MG/ML),N/A,Y,1997-11-26
103737,rituximab,Rituxan,IDEC Pharmaceuticals Corp.,Injection,Intravenous,100MG/10ML (10MG/ML),N/A,Y,2002-02-19
103737,rituximab,Rituxan,IDEC Pharmaceuticals Corp.,Injection,Intravenous,500MG/50ML (10MG/ML),N/A,Y,2002-02-19
103738,Thin-Layer Rapid Use Epicutaneous Patch Test,T.R.U.E. Test,SmartPractice Denmark ApS,Patch,Topical,"36 MCG NICKEL/PATCH, 810 MCG WOOL ALCOHOL/PATCH, 486 MCG NEOMYCIN SULFATE/PATCH, 15.7 MCG CHROMIUM/PATCH, 510 MCG CAINE MIX/PATCH, 405 MCG FRAGRANCE MIX/PATCH, 972 MCG COLOPHONY/PATCH, 810 MCG PARABEN/PATCH, 648 MCG OF BALSAM OF PERU RESIN/PATCH, 18 MCG E",N/A,Y,1997-08-15
103749,daclizumab,Zenapax,Hoffmann-La Roche Inc.,Injection,Intravenous,25MG/5ML,N/A,Y,1997-12-10
103752,"Insects (Whole Body), Mite Dermatophagoides pteronyssinus",<NA>,"ALK-Abello, Inc.",Injection,Percutaneous,"10,000BAU/ML",N/A,Y,2050-09-29
103752,"Insects (Whole Body), Mite Dermatophagoides pteronyssinus",<NA>,"ALK-Abello, Inc.",Injection,Subcutaneous,"10,000BAU/ML",N/A,Y,2050-09-29
103754,Positive Skin Test Control-Histamine,Histatrol,"ALK-Abello, Inc.",Injection,Intradermal,0.1MG/ML,N/A,Y,2050-09-29
103754,Positive Skin Test Control-Histamine,Histatrol,"ALK-Abello, Inc.",Injection,Percutaneous,1MG/ML,N/A,Y,2050-09-29
103764,basiliximab,Simulect,Novartis Pharmaceuticals Corporation,For Injection,Intravenous,20MG,N/A,Y,1998-05-12
103764,basiliximab,Simulect,Novartis Pharmaceuticals Corporation,For Injection,Intravenous,10MG,N/A,Y,2003-01-02
103767,denileukin diftitox,Ontak,"Eisai, Incorporated",Injection,Intravenous,150MCG/ML (300MCG/2ML),N/A,Y,1999-02-05
103769,nofetumomab,Verluma,Boehringer Ingelheim Pharma GmbH & Co. KG,Injection,Intravenous,10MG/ML,N/A,Y,1998-10-13
103770,palivizumab,Synagis,Swedish Orphan Biovitrum AB (publ),For Injection,Intramuscular,50MG,N/A,Y,1998-06-19
103770,palivizumab,Synagis,Swedish Orphan Biovitrum AB (publ),For Injection,Intramuscular,100MG,N/A,Y,1998-06-19
103770,palivizumab,Synagis,Swedish Orphan Biovitrum AB (publ),Injection,Intramuscular,50MG/0.5ML,N/A,Y,2004-07-23
103770,palivizumab,Synagis,Swedish Orphan Biovitrum AB (publ),Injection,Intramuscular,100MG/1ML,N/A,Y,2004-07-23
103772,infliximab,Remicade,"Janssen Biotech, Inc.",For Injection,Intravenous,100MG,N/A,Y,1998-08-24
103777,Rho(D) Immune Globulin (Human),"Micrhogam, Rhogam",Kedrion Biopharma Inc.,Injection,Intramuscular,50UG,N/A,Y,1998-04-23
103777,Rho(D) Immune Globulin (Human),"Micrhogam, Rhogam",Kedrion Biopharma Inc.,Injection,Intramuscular,300UG,N/A,Y,1998-04-23
103779,Antihemophilic Factor (Recombinant),Refacto,Wyeth Pharmaceuticals LLC,For Injection,Intravenous,2000IU,N/A,Y,2001-06-27
103779,Antihemophilic Factor (Recombinant),Refacto,Wyeth Pharmaceuticals LLC,For Injection,Intravenous,500IU,N/A,Y,2001-07-06
103779,Antihemophilic Factor (Recombinant),Refacto,Wyeth Pharmaceuticals LLC,For Injection,Intravenous,250IU,N/A,Y,2001-07-06
103779,Antihemophilic Factor (Recombinant),Refacto,Wyeth Pharmaceuticals LLC,For Injection,Intravenous,1000IU,N/A,Y,2001-07-06
103780,interferon beta-1a,Rebif,"EMD Serono, Inc.",Injection,Subcutaneous,22MCG/0.5ML,N/A,Y,2002-03-07
103780,interferon beta-1a,Rebif,"EMD Serono, Inc.",Injection,Subcutaneous,44MCG/0.5ML,N/A,Y,2002-03-07
103780,interferon beta-1a,Rebif,"EMD Serono, Inc.",Injection,Subcutaneous,8.8MCG/0.2ML,N/A,Y,2004-12-17
103780,interferon beta-1a,Rebif,"EMD Serono, Inc.",Injection,Subcutaneous,8.8MCG/0.2ML,N/A,Y,2012-12-21
103780,interferon beta-1a,Rebif,"EMD Serono, Inc.",Injection,Subcutaneous,22MCG/0.5ML,N/A,Y,2012-12-21
103780,interferon beta-1a,Rebif,"EMD Serono, Inc.",Injection,Subcutaneous,44MCG/0.5ML,N/A,Y,2012-12-21
103782,"Tuberculin, Purified Protein Derivative",Aplisol,Endo Operations Limited,Injection,Intradermal,5TU/.1ML,N/A,Y,1998-04-20
103786,reteplase,Retavase,"Chiesi USA, Inc.",For Injection,Intravenous,10UNITS,N/A,Y,1996-10-30
103788,Crotalidae Polyvalent Immune Fab (Ovine),Crofab,BTG International Inc.,For Injection,Intravenous,1G,N/A,Y,2000-10-02
103792,trastuzumab,Herceptin,"Genentech, Inc.",For Injection,Intravenous,420MG,N/A,Y,1998-09-25
103792,trastuzumab,Herceptin,"Genentech, Inc.",For Injection,Intravenous,150MG,N/A,Y,2017-02-10
103795,etanercept,Enbrel,Immunex Corporation,For Injection,Subcutaneous,25MG,N/A,Y,1998-11-02
103795,etanercept,Enbrel,Immunex Corporation,For Injection,Subcutaneous,25MG,N/A,Y,1999-05-27
103795,etanercept,Enbrel,Immunex Corporation,Injection,Subcutaneous,50MG/ML,N/A,Y,2004-09-27
103795,etanercept,Enbrel,Immunex Corporation,Injection,Subcutaneous,25MG/0.5ML,N/A,Y,2007-02-01
103795,etanercept,Enbrel Mini,Immunex Corporation,Injection,Subcutaneous,50MG/ML,N/A,Y,2017-09-14
103795,etanercept,Enbrel,Immunex Corporation,Injection,Subcutaneous,50MG/ML,N/A,Y,NaT
103795,etanercept,Enbrel,Immunex Corporation,Injection,Subcutaneous,25MG/0.5ML,N/A,Y,2020-03-05
103810,"Animal Allergens, Standardized Cat Hair",<NA>,"ALK-Abello, Inc.",Injection,Percutaneous,"10,000BAU/ML",N/A,Y,2071-12-16
103810,"Animal Allergens, Standardized Cat Hair",<NA>,"ALK-Abello, Inc.",Injection,Subcutaneous,"10,000BAU/ML",N/A,Y,2071-12-16
103820,Rabies Vaccine Adsorbed,Biorab,Emergent BioDefense Operations Lansing LLC,Injection,Intramuscular,1.0ML,N/A,Y,1998-11-12
103821,Anthrax Vaccine Adsorbed,Biothrax,Emergent BioDefense Operations Lansing LLC,Injection,Intramuscular,0.5ML,N/A,Y,1998-11-12
103821,Anthrax Vaccine Adsorbed,Biothrax,Emergent BioDefense Operations Lansing LLC,Injection,Subcutaneous,0.5ML,N/A,Y,1998-11-12
103836,interferon gamma-1b,Actimmune,Horizon Therapeutics Ireland DAC,Injection,Subcutaneous,100MCG(2MILLION INTERNATIONAL UNITS)/0.5ML,N/A,Y,1999-02-25
103837,Influenza Virus Vaccine,Fluvirin,Seqirus Vaccines Limited,Injection,Intramuscular,15UG/.5ML,N/A,Y,1998-11-03
103846,rimabotulinumtoxinB,Myobloc,"Solstice NeuroSciences, LLC",Injection,"Intramuscular, Intraglandular","2,500UNITS/0.5ML",N/A,Y,2000-12-08
103846,rimabotulinumtoxinB,Myobloc,"Solstice NeuroSciences, LLC",Injection,"Intramuscular, Intraglandular","5,000UNITS/ML",N/A,Y,2000-12-08
103846,rimabotulinumtoxinB,Myobloc,"Solstice NeuroSciences, LLC",Injection,"Intramuscular, Intraglandular","10,000UNITS/2ML (5,000UNITS/ML)",N/A,Y,2000-12-08
103850,Hepatitis A & Hepatitis B (Recombinant) Vaccine,Twinrix,GlaxoSmithKline Biologicals,Injection,Intramuscular,1ML,N/A,Y,2001-05-11
103869,Anti-thymocyte Globulin (Rabbit),Thymoglobulin,Genzyme Corporation,For Injection,Intravenous,25MG,N/A,Y,1999-05-19
103870,"Insects (Whole Body), Mite Dermatophagoides farinae",<NA>,Jubilant HollisterStier LLC,Injection,Subcutaneous,"10,000AU/ML",N/A,Y,2024-03-13
103870,"Insects (Whole Body), Mite Dermatophagoides farinae",<NA>,Jubilant HollisterStier LLC,Injection,Intradermal,30AU/ML,N/A,Y,2024-03-13
103870,"Insects (Whole Body), Mite Dermatophagoides farinae",<NA>,Jubilant HollisterStier LLC,Injection,Subcutaneous,"30,000AU/ML",N/A,Y,2024-03-13
103870,"Insects (Whole Body), Mite Dermatophagoides farinae",<NA>,Jubilant HollisterStier LLC,Injection,Intradermal,300AU/ML,N/A,Y,2024-03-13
103870,"Insects (Whole Body), Mite Dermatophagoides farinae",<NA>,Jubilant HollisterStier LLC,Injection,Percutaneous,"30,000AU/ML",N/A,Y,2024-03-13
103871,"Insects (Whole Body), Mite Dermatophagoides pteronyssinus",<NA>,Jubilant HollisterStier LLC,Injection,Subcutaneous,"10,000AU/ML",N/A,Y,2024-03-13
103871,"Insects (Whole Body), Mite Dermatophagoides pteronyssinus",<NA>,Jubilant HollisterStier LLC,Injection,Intradermal,30AU/ML,N/A,Y,2024-03-13
103871,"Insects (Whole Body), Mite Dermatophagoides pteronyssinus",<NA>,Jubilant HollisterStier LLC,Injection,Subcutaneous,"30,000AU/ML",N/A,Y,2024-03-13
103871,"Insects (Whole Body), Mite Dermatophagoides pteronyssinus",<NA>,Jubilant HollisterStier LLC,Injection,Intradermal,300AU/ML,N/A,Y,2024-03-13
103871,"Insects (Whole Body), Mite Dermatophagoides pteronyssinus",<NA>,Jubilant HollisterStier LLC,Injection,Percutaneous,"30,000AU/ML",N/A,Y,2024-03-13
103872,"Pollens - Grasses, Bermuda Grass Cynodon dactylon",<NA>,Jubilant HollisterStier LLC,Injection,Percutaneous,"10,000BAU/ML",N/A,Y,2024-03-13
103872,"Pollens - Grasses, Bermuda Grass Cynodon dactylon",<NA>,Jubilant HollisterStier LLC,Injection,Intradermal,100BAU/ML,N/A,Y,2024-03-13
103872,"Pollens - Grasses, Bermuda Grass Cynodon dactylon",<NA>,Jubilant HollisterStier LLC,Injection,Intradermal,"1,000BAU/ML",N/A,Y,2024-03-13
103872,"Pollens - Grasses, Bermuda Grass Cynodon dactylon",<NA>,Jubilant HollisterStier LLC,Injection,Subcutaneous,"10,000BAU/ML",N/A,Y,2024-03-13
103873,"Pollens - Grasses, Bluegrass, Kentucky (June) Poa pratensis",<NA>,Jubilant HollisterStier LLC,Injection,Percutaneous,"10,000BAU/ML",N/A,Y,2024-03-13
103873,"Pollens - Grasses, Bluegrass, Kentucky (June) Poa pratensis",<NA>,Jubilant HollisterStier LLC,Injection,Intradermal,100BAU/ML,N/A,Y,2024-03-13
103873,"Pollens - Grasses, Bluegrass, Kentucky (June) Poa pratensis",<NA>,Jubilant HollisterStier LLC,Injection,Percutaneous,"100,000BAU/ML",N/A,Y,2024-03-13
103873,"Pollens - Grasses, Bluegrass, Kentucky (June) Poa pratensis",<NA>,Jubilant HollisterStier LLC,Injection,Intradermal,"1,000BAU/ML",N/A,Y,2024-03-13
103873,"Pollens - Grasses, Bluegrass, Kentucky (June) Poa pratensis",<NA>,Jubilant HollisterStier LLC,Injection,Subcutaneous,"10,000BAU/ML",N/A,Y,2024-03-13
103873,"Pollens - Grasses, Bluegrass, Kentucky (June) Poa pratensis",<NA>,Jubilant HollisterStier LLC,Injection,Subcutaneous,"100,000BAU/ML",N/A,Y,2024-03-13
103874,"Pollens - Grasses, Fescue, Meadow Festuca elatior",<NA>,Jubilant HollisterStier LLC,Injection,Percutaneous,"10,000BAU/ML",N/A,Y,2024-03-13
103874,"Pollens - Grasses, Fescue, Meadow Festuca elatior",<NA>,Jubilant HollisterStier LLC,Injection,Intradermal,100BAU/ML,N/A,Y,2024-03-13
103874,"Pollens - Grasses, Fescue, Meadow Festuca elatior",<NA>,Jubilant HollisterStier LLC,Injection,Percutaneous,"100,000BAU/ML",N/A,Y,2024-03-13
103874,"Pollens - Grasses, Fescue, Meadow Festuca elatior",<NA>,Jubilant HollisterStier LLC,Injection,Intradermal,"1,000BAU/ML",N/A,Y,2024-03-13
103874,"Pollens - Grasses, Fescue, Meadow Festuca elatior",<NA>,Jubilant HollisterStier LLC,Injection,Subcutaneous,"10,000BAU/ML",N/A,Y,2024-03-13
103874,"Pollens - Grasses, Fescue, Meadow Festuca elatior",<NA>,Jubilant HollisterStier LLC,Injection,Subcutaneous,"100,000BAU/ML",N/A,Y,2024-03-13
103875,"Pollens - Grasses, Orchard Grass Dactylis glomerata",<NA>,Jubilant HollisterStier LLC,Injection,Percutaneous,"10,000BAU/ML",N/A,Y,2024-03-13
103875,"Pollens - Grasses, Orchard Grass Dactylis glomerata",<NA>,Jubilant HollisterStier LLC,Injection,Intradermal,100BAU/ML,N/A,Y,2024-03-13
103875,"Pollens - Grasses, Orchard Grass Dactylis glomerata",<NA>,Jubilant HollisterStier LLC,Injection,Percutaneous,"100,000BAU/ML",N/A,Y,2024-03-13
103875,"Pollens - Grasses, Orchard Grass Dactylis glomerata",<NA>,Jubilant HollisterStier LLC,Injection,Intradermal,"1,000BAU/ML",N/A,Y,2024-03-13
103875,"Pollens - Grasses, Orchard Grass Dactylis glomerata",<NA>,Jubilant HollisterStier LLC,Injection,Subcutaneous,"10,000BAU/ML",N/A,Y,2024-03-13
103875,"Pollens - Grasses, Orchard Grass Dactylis glomerata",<NA>,Jubilant HollisterStier LLC,Injection,Subcutaneous,"100,000BAU/ML",N/A,Y,2024-03-13
103876,"Pollens - Grasses, Redtop Agrostis alba",<NA>,Jubilant HollisterStier LLC,Injection,Percutaneous,"10,000BAU/ML",N/A,Y,2024-03-13
103876,"Pollens - Grasses, Redtop Agrostis alba",<NA>,Jubilant HollisterStier LLC,Injection,Intradermal,100BAU/ML,N/A,Y,2024-03-13
103876,"Pollens - Grasses, Redtop Agrostis alba",<NA>,Jubilant HollisterStier LLC,Injection,Percutaneous,"100,000BAU/ML",N/A,Y,2024-03-13
103876,"Pollens - Grasses, Redtop Agrostis alba",<NA>,Jubilant HollisterStier LLC,Injection,Intradermal,"1,000BAU/ML",N/A,Y,2024-03-13
103876,"Pollens - Grasses, Redtop Agrostis alba",<NA>,Jubilant HollisterStier LLC,Injection,Subcutaneous,"10,000BAU/ML",N/A,Y,2024-03-13
103876,"Pollens - Grasses, Redtop Agrostis alba",<NA>,Jubilant HollisterStier LLC,Injection,Subcutaneous,"100,000BAU/ML",N/A,Y,2024-03-13
103877,"Pollens - Grasses, Ryegrass, Perennial Lolium perenne",<NA>,Jubilant HollisterStier LLC,Injection,Percutaneous,"10,000BAU/ML",N/A,Y,2024-03-13
103877,"Pollens - Grasses, Ryegrass, Perennial Lolium perenne",<NA>,Jubilant HollisterStier LLC,Injection,Intradermal,100BAU/ML,N/A,Y,2024-03-13
103877,"Pollens - Grasses, Ryegrass, Perennial Lolium perenne",<NA>,Jubilant HollisterStier LLC,Injection,Percutaneous,"100,000BAU/ML",N/A,Y,2024-03-13
103877,"Pollens - Grasses, Ryegrass, Perennial Lolium perenne",<NA>,Jubilant HollisterStier LLC,Injection,Intradermal,"1,000BAU/ML",N/A,Y,2024-03-13
103877,"Pollens - Grasses, Ryegrass, Perennial Lolium perenne",<NA>,Jubilant HollisterStier LLC,Injection,Subcutaneous,"10,000BAU/ML",N/A,Y,2024-03-13
103877,"Pollens - Grasses, Ryegrass, Perennial Lolium perenne",<NA>,Jubilant HollisterStier LLC,Injection,Subcutaneous,"100,000BAU/ML",N/A,Y,2024-03-13
103878,"Pollens - Grasses, Sweet Vernal Grass Anthoxanthum odoratum",<NA>,Jubilant HollisterStier LLC,Injection,Percutaneous,"10,000BAU/ML",N/A,Y,2024-03-13
103878,"Pollens - Grasses, Sweet Vernal Grass Anthoxanthum odoratum",<NA>,Jubilant HollisterStier LLC,Injection,Intradermal,100BAU/ML,N/A,Y,2024-03-13
103878,"Pollens - Grasses, Sweet Vernal Grass Anthoxanthum odoratum",<NA>,Jubilant HollisterStier LLC,Injection,Percutaneous,"100,000BAU/ML",N/A,Y,2024-03-13
103878,"Pollens - Grasses, Sweet Vernal Grass Anthoxanthum odoratum",<NA>,Jubilant HollisterStier LLC,Injection,Intradermal,"1,000BAU/ML",N/A,Y,2024-03-13
103878,"Pollens - Grasses, Sweet Vernal Grass Anthoxanthum odoratum",<NA>,Jubilant HollisterStier LLC,Injection,Subcutaneous,"10,000BAU/ML",N/A,Y,2024-03-13
103878,"Pollens - Grasses, Sweet Vernal Grass Anthoxanthum odoratum",<NA>,Jubilant HollisterStier LLC,Injection,Subcutaneous,"100,000BAU/ML",N/A,Y,2024-03-13
103879,"Pollens - Grasses, Timothy Phleum pratense",<NA>,Jubilant HollisterStier LLC,Injection,Percutaneous,"10,000BAU/ML",N/A,Y,2024-03-13
103879,"Pollens - Grasses, Timothy Phleum pratense",<NA>,Jubilant HollisterStier LLC,Injection,Intradermal,100BAU/ML,N/A,Y,2024-03-13
103879,"Pollens - Grasses, Timothy Phleum pratense",<NA>,Jubilant HollisterStier LLC,Injection,Percutaneous,"100,000BAU/ML",N/A,Y,2024-03-13
103879,"Pollens - Grasses, Timothy Phleum pratense",<NA>,Jubilant HollisterStier LLC,Injection,Intradermal,"1,000BAU/ML",N/A,Y,2024-03-13
103879,"Pollens - Grasses, Timothy Phleum pratense",<NA>,Jubilant HollisterStier LLC,Injection,Subcutaneous,"10,000BAU/ML",N/A,Y,2024-03-13
103879,"Pollens - Grasses, Timothy Phleum pratense",<NA>,Jubilant HollisterStier LLC,Injection,Subcutaneous,"100,000BAU/ML",N/A,Y,2024-03-13
103880,"Pollens - Weeds and Garden Plants, Ragweed, Short Ambrosia artemisiifolia",<NA>,Jubilant HollisterStier LLC,Injection,Percutaneous,1:20W/V,N/A,Y,2024-03-13
103880,"Pollens - Weeds and Garden Plants, Ragweed, Short Ambrosia artemisiifolia",<NA>,Jubilant HollisterStier LLC,Injection,Intradermal,1:20W/V,N/A,Y,2024-03-13
103880,"Pollens - Weeds and Garden Plants, Ragweed, Short Ambrosia artemisiifolia",<NA>,Jubilant HollisterStier LLC,Injection,Subcutaneous,1:20W/V,N/A,Y,2024-03-13
103882,"Venoms, Honey Bee Venom",<NA>,Jubilant HollisterStier LLC,For Injection,Percutaneous,100UG/ML,N/A,Y,2024-03-13
103882,"Venoms, Honey Bee Venom",<NA>,Jubilant HollisterStier LLC,For Injection,Subcutaneous,100UG/ML,N/A,Y,2024-03-13
103883,"Venoms, Mixed Vespid Venom Protein",<NA>,Jubilant HollisterStier LLC,For Injection,Subcutaneous,100UG/ML,N/A,Y,2024-03-13
103884,"Venoms, Wasp Venom Protein",<NA>,Jubilant HollisterStier LLC,For Injection,Percutaneous,100UG/ML,N/A,Y,2024-03-13
103884,"Venoms, Wasp Venom Protein",<NA>,Jubilant HollisterStier LLC,For Injection,Subcutaneous,100UG/ML,N/A,Y,2024-03-13
103885,"Venoms, White Faced Hornet Venom Protein",<NA>,Jubilant HollisterStier LLC,For Injection,Percutaneous,100UG/ML,N/A,Y,2024-03-13
103885,"Venoms, White Faced Hornet Venom Protein",<NA>,Jubilant HollisterStier LLC,For Injection,Subcutaneous,100UG/ML,N/A,Y,2024-03-13
103886,"Venoms, Yellow Hornet Venom Protein",<NA>,Jubilant HollisterStier LLC,For Injection,Percutaneous,100UG/ML,N/A,Y,2024-03-13
103886,"Venoms, Yellow Hornet Venom Protein",<NA>,Jubilant HollisterStier LLC,For Injection,Subcutaneous,100UG/ML,N/A,Y,2024-03-13
103887,"Venoms, Yellow Jacket Venom Protein",<NA>,Jubilant HollisterStier LLC,For Injection,Percutaneous,100UG/ML,N/A,Y,2024-03-13
103887,"Venoms, Yellow Jacket Venom Protein",<NA>,Jubilant HollisterStier LLC,For Injection,Subcutaneous,100UG/ML,N/A,Y,2024-03-13
103889,"Animal Allergens, Standardized Cat Hair",<NA>,Jubilant HollisterStier LLC,Injection,Percutaneous,"10,000BAU/ML",N/A,Y,2024-03-13
103889,"Animal Allergens, Standardized Cat Hair",<NA>,Jubilant HollisterStier LLC,Injection,Intradermal,"10,000BAU/ML",N/A,Y,2024-03-13
103889,"Animal Allergens, Standardized Cat Hair",<NA>,Jubilant HollisterStier LLC,Injection,Subcutaneous,"10,000BAU/ML",N/A,Y,2024-03-13
103890,"Animal Allergens, Standardized Cat Pelt",<NA>,Jubilant HollisterStier LLC,Injection,Percutaneous,"10,000BAU/ML",N/A,Y,2024-03-13
103890,"Animal Allergens, Standardized Cat Pelt",<NA>,Jubilant HollisterStier LLC,Injection,Intradermal,"10,000BAU/ML",N/A,Y,2024-03-13
103890,"Animal Allergens, Standardized Cat Pelt",<NA>,Jubilant HollisterStier LLC,Injection,Subcutaneous,"10,000BAU/ML",N/A,Y,2024-03-13
103891,Positive Skin Test Control-Histamine,<NA>,Jubilant HollisterStier LLC,Injection,Percutaneous,6MG/ML,N/A,Y,2024-03-13
103905,Pneumococcal 7-valent Conjugate Vaccine (Diphtheria CRM197 Protein),prevnar,Wyeth Pharmaceuticals LLC,Injection,Intramuscular,0.5ML/VIAL,<NA>,N,2000-02-17
103907,"Diphtheria and Tetanus Toxoids and Acellular Pertussis Adsorbed, Hepatitis B (Recombinant) and Inactivated Poliovirus Vaccine",Pediarix,GlaxoSmithKline Biologicals,Injection,Intramuscular,0.5ML,N/A,Y,2002-12-13
103909,tenecteplase,TNKase,"Genentech, Inc.",For Injection,Intravenous,50MG,N/A,Y,2000-06-02
103909,tenecteplase,TNKase,"Genentech, Inc.",For Injection,Intravenous,25MG,N/A,Y,2025-02-28
103910,Digoxin Immune Fab (Ovine),Digifab,BTG International Inc.,For Injection,Intravenous,40MG,N/A,Y,2001-08-31
103913,Tetanus Toxoid Adsorbed,<NA>,Sanofi Pasteur Inc.,Injection,Intramuscular,5LF/.5ML,<NA>,N,1999-12-09
103914,Influenza Virus Vaccine,"Fluzone, Fluzone Hd Quadrivalent, Fluzone High Dose, Fluzone Intradermal, Fluzone Quadrivalent",Sanofi Pasteur Inc.,Injection,Intramuscular,45UG/.5ML,N/A,Y,1999-12-09
103914,Influenza Virus Vaccine,"Fluzone, Fluzone Hd Quadrivalent, Fluzone High Dose, Fluzone Intradermal, Fluzone Quadrivalent",Sanofi Pasteur Inc.,Injection,Intramuscular,180 UG/.5ML,N/A,Y,2009-12-23
103914,Influenza Virus Vaccine,"Fluzone, Fluzone Hd Quadrivalent, Fluzone High Dose, Fluzone Intradermal, Fluzone Quadrivalent",Sanofi Pasteur Inc.,Injection,Intradermal,27UG/0.1,N/A,Y,2011-05-09
103914,Influenza Virus Vaccine,"Fluzone, Fluzone Hd Quadrivalent, Fluzone High Dose, Fluzone Intradermal, Fluzone Quadrivalent",Sanofi Pasteur Inc.,Injection,Intramuscular,60UG/.5ML,N/A,Y,2013-06-07
103914,Influenza Virus Vaccine,"Fluzone, Fluzone Hd Quadrivalent, Fluzone High Dose, Fluzone Intradermal, Fluzone Quadrivalent",Sanofi Pasteur Inc.,Injection,Intradermal,36UG/.5ML,N/A,Y,2014-12-11
103914,Influenza Virus Vaccine,"Fluzone, Fluzone Hd Quadrivalent, Fluzone High Dose, Fluzone Intradermal, Fluzone Quadrivalent",Sanofi Pasteur Inc.,Injection,Intramuscular,240UG/.7ML,<NA>,N,2019-11-04
103914,Influenza Virus Vaccine,"Fluzone, Fluzone Hd Quadrivalent, Fluzone High Dose, Fluzone Intradermal, Fluzone Quadrivalent",Sanofi Pasteur Inc.,Injection,Intramuscular,45UG/.5ML,<NA>,N,2019-11-04
103915,Yellow Fever Vaccine,Yf-Vax,Sanofi Pasteur Inc.,For Injection,Subcutaneous,23.7PFU/.5ML,N/A,Y,1999-12-09
103915,Yellow Fever Vaccine,Yf-Vax,Sanofi Pasteur Inc.,For Injection,Subcutaneous,4.74PFU/.5ML,N/A,Y,1999-12-09
103919,Diphtheria & Tetanus Toxoids Adsorbed,<NA>,Sanofi Pasteur Inc.,Injection,Intramuscular,6.6; 5 UNITS,<NA>,N,1999-12-09
103921,Tetanus and Diphtheria Toxoids Adsorbed,<NA>,Sanofi Pasteur Inc.,Injection,Intramuscular,"2.5LF, 5LF, 2.5UG, 8UG/.5ML",<NA>,N,1999-12-09
103922,Diphtheria & Tetanus Toxoids & Acellular Pertussis Vaccine Adsorbed,Tripedia,Sanofi Pasteur Inc.,Injection,Intramuscular,"6.7LF, 5LF, 46.8UG/.5ML",<NA>,N,1999-12-09
103923,"Meningococcal Polysaccharide Vaccine, Group C",Menomune-C,Sanofi Pasteur Inc.,For Injection,Subcutaneous,0.5ML,N/A,Y,1999-12-09
103924,"Meningococcal Polysaccharide Vaccine, Group A",Menomune-A,Sanofi Pasteur Inc.,For Injection,Subcutaneous,0.5ML,N/A,Y,1999-12-09
103925,"Meningococcal Polysaccharide Vaccine, Groups A and C Combined",Menomune-A/C,Sanofi Pasteur Inc.,For Injection,Subcutaneous,50UG/.5ML,N/A,Y,1999-12-09
103926,"Meningococcal Polysaccharide Vaccine, Groups A, C, Y, and W-135 Combined",Menomune,Sanofi Pasteur Inc.,For Injection,Subcutaneous,50UG/.5ML,N/A,Y,1999-12-09
103928,technetium 99m tc fanolesomab,NeutroSpec,"Palatin Technologies, Inc.",Injection,Intravenous,0.25MG,N/A,Y,2004-07-02
103930,Poliovirus Vaccine Inactivated,Ipol,Sanofi Pasteur SA,Injection,Intramuscular,32/40/8 DAU/.5ML,N/A,Y,2000-02-04
103930,Poliovirus Vaccine Inactivated,Ipol,Sanofi Pasteur SA,Injection,Subcutaneous,32/40/8 DAU/.5ML,N/A,Y,2000-02-04
103931,Rabies Vaccine,Imovax Rabies,Sanofi Pasteur SA,For Injection,Intramuscular,2.5IU/ML,N/A,Y,2000-02-04
103932,Rabies Immune Globulin (Human),Imogam,Sanofi Pasteur SA,For Injection,Intramuscular,150IU/ML,N/A,Y,2001-03-06
103935,Haemophilus b Conjugate Vaccine (Tetanus Toxoid Conjugate),"Acthib,Omnihib",Sanofi Pasteur SA,For Injection,Intramuscular,24UG,N/A,Y,2000-02-04
103936,Typhoid Vi Polysaccharide Vaccine,Typhim Vi,Sanofi Pasteur SA,Injection,Intramuscular,50UG/ML,N/A,Y,2000-02-04
103936,Typhoid Vi Polysaccharide Vaccine,Typhim Vi,Sanofi Pasteur SA,Injection,Intramuscular,25UG/.5ML,N/A,Y,2000-02-04
103937,Botulism Antitoxin Bivalent (Equine) Types A and B.,<NA>,Sanofi Pasteur Limited,Injection,Intravenous,5000IU,<NA>,N,2000-02-24
103940,Poliovirus Vaccine Inactivated (Human Diploid Cell),Poliovax,Sanofi Pasteur Limited,Injection,Subcutaneous,0.5ML,N/A,Y,2000-02-24
103940,Poliovirus Vaccine Inactivated (Human Diploid Cell),Poliovax,Sanofi Pasteur Limited,Injection,Intramuscular,0.5ML,N/A,Y,2000-02-24
103941,"Tuberculin, Purified Protein Derivative",Tubersol,Sanofi Pasteur Limited,Injection,Intradermal,5TU/.1ML,N/A,Y,2000-02-24
103942,BCG Vaccine,Mycobax,Sanofi Pasteur Limited,For Injection,Intradermal,1.5MG,<NA>,N,2000-02-24
103943,BCG Live,TheraCys,Sanofi Pasteur Limited,For Injection,Intravesical,81MG,<NA>,N,2000-02-24
103944,Diphtheria & Tetanus Toxoids Adsorbed,<NA>,Sanofi Pasteur Limited,Injection,Intramuscular,25/LF/5LF/0.5ML,N/A,Y,2000-02-24
103945,Hepatitis B Immune Globulin (Human),Nabi-HB,"ADMA Biologics, Inc.",Injection,Intramuscular,312IU/ML,N/A,Y,2001-10-23
103945,Hepatitis B Immune Globulin (Human),Nabi-HB,"ADMA Biologics, Inc.",Injection,Intramuscular,1560IU/5ML,N/A,Y,2001-10-23
103946,rasburicase,Elitek,Sanofi-Aventis U.S. LLC,For Injection,Intravenous,1.5MG,N/A,Y,2002-07-12
103946,rasburicase,Elitek,Sanofi-Aventis U.S. LLC,For Injection,Intravenous,7.5MG,N/A,Y,2006-01-06
103948,alemtuzumab,Campath,Genzyme Corporation,Injection,Intravenous,30MG (10MG/ML),N/A,Y,2001-05-07
103948,alemtuzumab,Lemtrada,Genzyme Corporation,Injection,Intravenous,12MG/1.2ML (10MG/ML),N/A,Y,2014-11-14
103948,alemtuzumab,Campath,Genzyme Corporation,Injection,Intravenous,30MG/1ML,N/A,Y,2004-10-12
103949,peginterferon alfa-2b,Pegintron,Merck Sharp & Dohme LLC,Injection,Subcutaneous,50MCG/0.5ML,N/A,Y,2001-01-19
103949,peginterferon alfa-2b,Sylatron,Merck Sharp & Dohme LLC,For Injection,Subcutaneous,200MCG,N/A,Y,2011-03-29
103949,peginterferon alfa-2b,Sylatron,Merck Sharp & Dohme LLC,For Injection,Subcutaneous,300MCG,N/A,Y,2011-03-29
103949,peginterferon alfa-2b,Sylatron,Merck Sharp & Dohme LLC,For Injection,Subcutaneous,600MCG,N/A,Y,2011-03-29
103949,peginterferon alfa-2b,Pegintron,Merck Sharp & Dohme LLC,Injection,Subcutaneous,80MCG/0.5ML,N/A,Y,2001-01-19
Subcutaneous,Disc,Autoinjector,Injection,N/A,N/A,19-Jan-01,<NA>,N,NaT
103949,peginterferon alfa-2b,Pegintron,Merck Sharp & Dohme LLC,Injection,Subcutaneous,120MCG/0.5ML,N/A,Y,2001-01-19
Subcutaneous,Disc,Single-Dose Vial,Injection,N/A,N/A,19-Jan-01,<NA>,N,NaT
103950,anakinra,Kineret,Swedish Orphan Biovitrum AB (publ),Injection,Subcutaneous,100MG/0.67ML,N/A,Y,2001-11-14
103951,darbepoetin alpha,Aranesp,Amgen Inc.,Injection,"Intravenous, Subcutaneous",25MCG/1ML,N/A,Y,2001-09-17
103951,darbepoetin alpha,Aranesp,Amgen Inc.,Injection,"Intravenous, Subcutaneous",40MCG/1ML,N/A,Y,2001-09-17
103951,darbepoetin alpha,Aranesp,Amgen Inc.,Injection,"Intravenous, Subcutaneous",60MCG/1ML,N/A,Y,2001-09-17
103951,darbepoetin alpha,Aranesp,Amgen Inc.,Injection,"Intravenous, Subcutaneous",100MCG/1ML,N/A,Y,2001-09-17
103951,darbepoetin alpha,Aranesp,Amgen Inc.,Injection,"Intravenous, Subcutaneous",200MCG/1ML,N/A,Y,2001-09-17
103951,darbepoetin alpha,Aranesp,Amgen Inc.,Injection,"Intravenous, Subcutaneous",150MCG/0.75ML,N/A,Y,2002-07-19
103951,darbepoetin alpha,Aranesp,Amgen Inc.,Injection,"Intravenous, Subcutaneous",300MCG/1ML,N/A,Y,2002-07-19
103951,darbepoetin alpha,Aranesp,Amgen Inc.,Injection,"Intravenous, Subcutaneous",500MCG/1ML,N/A,Y,2002-07-19
103951,darbepoetin alpha,Aranesp,Amgen Inc.,Injection,"Intravenous, Subcutaneous",60MCG/0.3ML,N/A,Y,2002-12-17
103951,darbepoetin alpha,Aranesp,Amgen Inc.,Injection,"Intravenous, Subcutaneous",100MCG/0.5ML,N/A,Y,2002-12-17
103951,darbepoetin alpha,Aranesp,Amgen Inc.,Injection,"Intravenous, Subcutaneous",150MCG/0.3ML,N/A,Y,2002-12-17
103951,darbepoetin alpha,Aranesp,Amgen Inc.,Injection,"Intravenous, Subcutaneous",200MCG/0.4ML,N/A,Y,2002-12-17
103951,darbepoetin alpha,Aranesp,Amgen Inc.,Injection,"Intravenous, Subcutaneous",300MCG/0.6ML,N/A,Y,2002-12-17
103951,darbepoetin alpha,Aranesp,Amgen Inc.,Injection,"Intravenous, Subcutaneous",500MCG/1ML,N/A,Y,2002-12-17
103951,darbepoetin alpha,Aranesp,Amgen Inc.,Injection,"Intravenous, Subcutaneous",25MCG/0.42ML,N/A,Y,2003-12-12
103951,darbepoetin alpha,Aranesp,Amgen Inc.,Injection,"Intravenous, Subcutaneous",40MCG/0.4ML,N/A,Y,2003-12-12
103951,darbepoetin alpha,Aranesp,Amgen Inc.,Injection,"Intravenous, Subcutaneous",60MCG/0.3ML,N/A,Y,2003-12-12
103951,darbepoetin alpha,Aranesp,Amgen Inc.,Injection,"Intravenous, Subcutaneous",100MCG/0.5ML,N/A,Y,2003-12-12
103951,darbepoetin alpha,Aranesp,Amgen Inc.,Injection,"Intravenous, Subcutaneous",150MCG/0.3ML,N/A,Y,2003-12-12
103951,darbepoetin alpha,Aranesp,Amgen Inc.,Injection,"Intravenous, Subcutaneous",200MCG/0.4ML,N/A,Y,2003-12-12
103951,darbepoetin alpha,Aranesp,Amgen Inc.,Injection,"Intravenous, Subcutaneous",300MCG/0.6ML,N/A,Y,2003-12-12
103951,darbepoetin alpha,Aranesp,Amgen Inc.,Injection,"Intravenous, Subcutaneous",500MCG/1ML,N/A,Y,2003-12-12
103951,darbepoetin alpha,Aranesp,Amgen Inc.,Injection,"Intravenous, Subcutaneous",150MCG/0.75ML,N/A,Y,2003-12-12
103951,darbepoetin alpha,Aranesp,Amgen Inc.,Injection,"Intravenous, Subcutaneous",300MCG/1ML,N/A,Y,2003-12-12
103951,darbepoetin alpha,Aranesp,Amgen Inc.,Injection,"Intravenous, Subcutaneous",25MCG/0.42ML,N/A,Y,2006-06-29
103951,darbepoetin alpha,Aranesp,Amgen Inc.,Injection,"Intravenous, Subcutaneous",40MCG/0.4ML,N/A,Y,2006-06-29
103951,darbepoetin alpha,Aranesp,Amgen Inc.,Injection,"Intravenous, Subcutaneous",60MCG/0.3ML,N/A,Y,2006-06-29
103951,darbepoetin alpha,Aranesp,Amgen Inc.,Injection,"Intravenous, Subcutaneous",100MCG/0.5ML,N/A,Y,2006-06-29
103951,darbepoetin alpha,Aranesp,Amgen Inc.,Injection,"Intravenous, Subcutaneous",150MCG/0.3ML,N/A,Y,2006-06-29
103951,darbepoetin alpha,Aranesp,Amgen Inc.,Injection,"Intravenous, Subcutaneous",200MCG/0.4ML,N/A,Y,2006-06-29
103951,darbepoetin alpha,Aranesp,Amgen Inc.,Injection,"Intravenous, Subcutaneous",300MCG/0.6ML,N/A,Y,2006-06-29
103951,darbepoetin alpha,Aranesp,Amgen Inc.,Injection,"Intravenous, Subcutaneous",500MCG/1ML,N/A,Y,2006-06-29
103951,darbepoetin alpha,Aranesp,Amgen Inc.,Injection,"Intravenous, Subcutaneous",10MCG/0.4ML,N/A,Y,NaT
103953,Antihemophilic Factor (Human),"Monoclate, Monoclate-P",CSL Behring LLC,For Injection,Intravenous,500IU,N/A,Y,2003-05-14
103953,Antihemophilic Factor (Human),"Monoclate, Monoclate-P",CSL Behring LLC,For Injection,Intravenous,1000IU,N/A,Y,2003-05-14
103953,Antihemophilic Factor (Human),"Monoclate, Monoclate-P",CSL Behring LLC,For Injection,Intravenous,250IU,N/A,Y,2003-05-14
103953,Antihemophilic Factor (Human),"Monoclate, Monoclate-P",CSL Behring LLC,For Injection,Intravenous,1500IU,N/A,Y,2004-03-04
103955,Albumin (Human),"Albuminar, Albuminar-20, Albuminar-25, Albuminar-5",CSL Behring LLC,Injection,Intravenous,10G/50ML,N/A,Y,2000-03-17
103955,Albumin (Human),"Albuminar, Albuminar-20, Albuminar-25, Albuminar-5",CSL Behring LLC,Injection,Intravenous,20G/100ML,N/A,Y,2000-03-17
103955,Albumin (Human),"Albuminar, Albuminar-20, Albuminar-25, Albuminar-5",CSL Behring LLC,Injection,Intravenous,25G/100ML,N/A,Y,2000-07-17
103955,Albumin (Human),"Albuminar, Albuminar-20, Albuminar-25, Albuminar-5",CSL Behring LLC,Injection,Intravenous,5G/20ML,N/A,Y,2000-03-17
103955,Albumin (Human),"Albuminar, Albuminar-20, Albuminar-25, Albuminar-5",CSL Behring LLC,Injection,Intravenous,2.5G/50ML,N/A,Y,2000-03-17
103955,Albumin (Human),"Albuminar, Albuminar-20, Albuminar-25, Albuminar-5",CSL Behring LLC,Injection,Intravenous,12.5G/50ML,N/A,Y,2000-07-17
103955,Albumin (Human),"Albuminar, Albuminar-20, Albuminar-25, Albuminar-5",CSL Behring LLC,Injection,Intravenous,12.5G/250ML,N/A,Y,2000-07-17
103955,Albumin (Human),"Albuminar, Albuminar-20, Albuminar-25, Albuminar-5",CSL Behring LLC,Injection,Intravenous,25G/500ML,N/A,Y,2000-07-17
103956,Immune Globulin Intravenous (Human),"gammar i.v.,gammar-p i.v.",CSL Behring LLC,For Injection,Intravenous,10G,<NA>,N,2000-03-17
103956,Immune Globulin Intravenous (Human),"gammar i.v.,gammar-p i.v.",CSL Behring LLC,For Injection,Intravenous,5G,<NA>,N,2000-03-17
103956,Immune Globulin Intravenous (Human),"gammar i.v.,gammar-p i.v.",CSL Behring LLC,For Injection,Intravenous,2.5G,<NA>,N,2000-03-17
103956,Immune Globulin Intravenous (Human),"gammar i.v.,gammar-p i.v.",CSL Behring LLC,For Injection,Intravenous,1G,<NA>,N,2000-03-17
103957,Coagulation Factor IX (Human),Mononine,CSL Behring LLC,For Injection,Intravenous,1000IU,N/A,Y,2000-03-17
103957,Coagulation Factor IX (Human),Mononine,CSL Behring LLC,For Injection,Intravenous,500IU,N/A,Y,2000-03-17
103960,Antihemophilic Factor/von Willebrand Factor Complex (Human),Humate-P,CSL Behring GmbH,For Injection,Intravenous,1000IU,N/A,Y,2000-04-11
103960,Antihemophilic Factor/von Willebrand Factor Complex (Human),Humate-P,CSL Behring GmbH,For Injection,Intravenous,250IU,N/A,Y,2000-04-11
103960,Antihemophilic Factor/von Willebrand Factor Complex (Human),Humate-P,CSL Behring GmbH,For Injection,Intravenous,500IU,N/A,Y,2000-04-11
103964,peginterferon alfa-2a,Pegasys,pharmaand GmbH,Injection,Subcutaneous,180MCG/ML,N/A,Y,2002-10-16
103964,peginterferon alfa-2a,Pegasys,pharmaand GmbH,Injection,Subcutaneous,180MCG/0.5ML,N/A,Y,2004-01-07
103964,peginterferon alfa-2a,Pegasys,pharmaand GmbH,Injection,Subcutaneous,180MCG/0.5ML,N/A,Y,2011-09-29
103964,peginterferon alfa-2a,Pegasys,pharmaand GmbH,Injection,Subcutaneous,135MCG/0.5ML,N/A,Y,2011-09-29
103969,"Venoms, Honey Bee Venom",Pharmalgen,ALK - Abello A/S,For Injection,Subcutaneous,100UG/ML,N/A,Y,1991-10-08
103969,"Venoms, Honey Bee Venom",Pharmalgen,ALK - Abello A/S,For Injection,Intradermal,100UG/ML,N/A,Y,1991-10-08
103970,"Venoms, Mixed Vespid Venom Protein",Pharmalgen,ALK - Abello A/S,For Injection,Subcutaneous,300UG/ML,N/A,Y,1991-10-08
103970,"Venoms, Mixed Vespid Venom Protein",Pharmalgen,ALK - Abello A/S,For Injection,Intradermal,300UG/ML,N/A,Y,1991-10-08
103971,"Venoms, Wasp Venom Protein",Pharmalgen,ALK - Abello A/S,For Injection,Subcutaneous,100UG/ML,N/A,Y,1991-10-08
103971,"Venoms, Wasp Venom Protein",Pharmalgen,ALK - Abello A/S,For Injection,Intradermal,100UG/ML,N/A,Y,1991-10-08
103972,"Venoms, White Faced Hornet Venom Protein",Pharmalgen,ALK - Abello A/S,For Injection,Subcutaneous,100UG/ML,N/A,Y,1991-10-08
103972,"Venoms, White Faced Hornet Venom Protein",Pharmalgen,ALK - Abello A/S,For Injection,Intradermal,100UG/ML,N/A,Y,1991-10-08
103973,"Venoms, Yellow Hornet Venom Protein",Pharmalgen,ALK - Abello A/S,For Injection,Subcutaneous,100UG/ML,N/A,Y,1991-10-08
103973,"Venoms, Yellow Hornet Venom Protein",Pharmalgen,ALK - Abello A/S,For Injection,Intradermal,100UG/ML,N/A,Y,1991-10-08
103974,"Venoms, Yellow Jacket Venom Protein",Pharmalgen,ALK - Abello A/S,For Injection,Subcutaneous,100UG/ML,N/A,Y,1991-10-08
103974,"Venoms, Yellow Jacket Venom Protein",Pharmalgen,ALK - Abello A/S,For Injection,Intradermal,100UG/ML,N/A,Y,1991-10-08
103976,omalizumab,Xolair,"Genentech, Inc.",For Injection,Subcutaneous,150MG,N/A,Y,2003-06-20
103976,omalizumab,Xolair,"Genentech, Inc.",Injection,Subcutaneous,75MG/0.5ML,N/A,Y,2018-09-28
103976,omalizumab,Xolair,"Genentech, Inc.",Injection,Subcutaneous,150MG/ML,N/A,Y,2018-09-28
103976,omalizumab,Xolair,"Genentech, Inc.",Injection,Subcutaneous,300MG/2ML,N/A,Y,2023-08-17
103976,omalizumab,Xolair,"Genentech, Inc.",Injection,Subcutaneous,75MG/0.5ML,N/A,Y,2023-08-17
103976,omalizumab,Xolair,"Genentech, Inc.",Injection,Subcutaneous,150MG/ML,N/A,Y,2023-08-17
103979,agalsidase beta,Fabrazyme,Genzyme Corporation,For Injection,Intravenous,35MG,N/A,Y,2003-04-24
103979,agalsidase beta,Fabrazyme,Genzyme Corporation,For Injection,Intravenous,5MG,N/A,Y,2003-10-10
103980,Fibrin Sealant (Tisseel),Tisseel,Baxter Healthcare Corporation,For Solution,Topical,86.5 MG/ML Fibrinogen; 3000 KIU/ML Fibrinolysis Inh; 500 U/ML Thrombin,N/A,Y,1998-05-01
103980,Fibrin Sealant (Tisseel),Tisseel,Baxter Healthcare Corporation,Solution,Topical,86.5 MG/ML Fibrinogen; 3000 KIU/ML Fibrinolysis Inh; 500 U/ML Thrombin,N/A,Y,2006-07-27
125010,Fibrin Sealant (Human),"Crosseal, Evicel",Omrix Biopharmaceuticals Ltd,Spray,Topical,5ML,N/A,Y,2003-03-21
125010,Fibrin Sealant (Human),"Crosseal, Evicel",Omrix Biopharmaceuticals Ltd,Spray,Topical,1ML,N/A,Y,2003-03-21
125010,Fibrin Sealant (Human),"Crosseal, Evicel",Omrix Biopharmaceuticals Ltd,Spray,Topical,2ML,N/A,Y,2003-03-21
125011,tositumomab and iodine I-131 tositumomab,Bexxar,GlaxoSmithKline LLC,Injection,Intravenous,35MG,N/A,Y,2003-06-27
125011,tositumomab and iodine I-131 tositumomab,Bexxar,GlaxoSmithKline LLC,Injection,Intravenous,225MG,N/A,Y,2003-06-27
125019,ibritumomab tiuxetan,Zevalin,Acrotech Biopharma Inc.,Injection,Intravenous,3.2MG/2ML,N/A,Y,2002-02-19
125020,"Influenza Vaccine Live, Intranasal","Flumist, Flumist Quad","MedImmune, LLC",Suspension,Nasal,10X6.5-7.5 TCID,N/A,Y,2003-06-17
125020,"Influenza Vaccine Live, Intranasal","Flumist, Flumist Quad","MedImmune, LLC",Suspension,Nasal,0.2ML,N/A,Y,2012-02-29
125029,drotrecogin alfa,Xigris,Eli Lilly and Company,Injection,Intravenous,5MG,N/A,Y,2001-11-21
125029,drotrecogin alfa,Xigris,Eli Lilly and Company,Injection,Intravenous,20MG,N/A,Y,2001-11-21
125031,pegfilgrastim,Neulasta,Amgen Inc.,Injection,Subcutaneous,6MG/0.6ML,N/A,Y,2002-01-31
125031,pegfilgrastim,Neulasta Onpro,Amgen Inc.,Injection,Subcutaneous,6MG/0.6ML,N/A,Y,2014-12-23
125034,Botulism Immune Globulin Intravenous (Human),BabyBig,California Department of Public Health (CDPH),For Injection,Intravenous,100MG,N/A,Y,2003-10-23
125035,Hepatitis B Immune Globulin (Human),Hepagam B,Kamada Ltd.,Injection,Intramuscular,>1560IU/5ML,N/A,Y,2006-01-27
125035,Hepatitis B Immune Globulin (Human),Hepagam B,Kamada Ltd.,Injection,Intramuscular,>312IU/ML,N/A,Y,2006-01-27
125036,alefacept,Amevive,"Astellas Pharma US, Inc.",For Injection,Intravenous,7.5MG,N/A,Y,2003-01-30
125036,alefacept,Amevive,"Astellas Pharma US, Inc.",For Injection,Intramuscular,15MG,N/A,Y,2003-01-30
125039,Alpha-1-Proteinase Inhibitor (Human),"Aralast, Aralast Np","Takeda Pharmaceuticals U.S.A., Inc.",For Injection,Intravenous,0.5G,N/A,Y,2002-12-23
125039,Alpha-1-Proteinase Inhibitor (Human),"Aralast, Aralast Np","Takeda Pharmaceuticals U.S.A., Inc.",For Injection,Intravenous,1.0G,N/A,Y,2002-12-23
125046,Immune Globulin Injection (Human) 10% Caprylate/Chromatography Purified,"Gammaked, Gamunex-C",Grifols Therapeutics LLC,Injection,Intravenous,2.5G,N/A,Y,2003-08-27
125046,Immune Globulin Injection (Human) 10% Caprylate/Chromatography Purified,"Gammaked, Gamunex-C",Grifols Therapeutics LLC,Injection,Intravenous,5G,N/A,Y,2003-08-27
125046,Immune Globulin Injection (Human) 10% Caprylate/Chromatography Purified,"Gammaked, Gamunex-C",Grifols Therapeutics LLC,Injection,Intravenous,10G,N/A,Y,2003-08-27
125046,Immune Globulin Injection (Human) 10% Caprylate/Chromatography Purified,"Gammaked, Gamunex-C",Grifols Therapeutics LLC,Injection,Intravenous,1G,N/A,Y,2003-08-27
125046,Immune Globulin Injection (Human) 10% Caprylate/Chromatography Purified,"Gammaked, Gamunex-C",Grifols Therapeutics LLC,Injection,Intravenous,20G,N/A,Y,2003-08-27
125046,Immune Globulin Injection (Human) 10% Caprylate/Chromatography Purified,"Gammaked, Gamunex-C",Grifols Therapeutics LLC,Injection,Intravenous,40G,N/A,Y,2003-08-27
125046,Immune Globulin Injection (Human) 10% Caprylate/Chromatography Purified,"Gammaked, Gamunex-C",Grifols Therapeutics LLC,Injection,Subcutaneous,2.5G,N/A,Y,2003-08-27
125046,Immune Globulin Injection (Human) 10% Caprylate/Chromatography Purified,"Gammaked, Gamunex-C",Grifols Therapeutics LLC,Injection,Subcutaneous,5G,N/A,Y,2003-08-27
125046,Immune Globulin Injection (Human) 10% Caprylate/Chromatography Purified,"Gammaked, Gamunex-C",Grifols Therapeutics LLC,Injection,Subcutaneous,10G,N/A,Y,2003-08-27
125046,Immune Globulin Injection (Human) 10% Caprylate/Chromatography Purified,"Gammaked, Gamunex-C",Grifols Therapeutics LLC,Injection,Subcutaneous,20G,N/A,Y,2003-08-27
125046,Immune Globulin Injection (Human) 10% Caprylate/Chromatography Purified,"Gammaked, Gamunex-C",Grifols Therapeutics LLC,Injection,Subcutaneous,40G,N/A,Y,2003-08-27
125057,adalimumab,Humira,AbbVie Inc.,Injection,Subcutaneous,40MG/0.8ML,N/A,Y,2002-12-31
125057,adalimumab,Humira,AbbVie Inc.,Injection,Subcutaneous,20MG/0.4ML,N/A,Y,2008-02-21
125057,adalimumab,Humira,AbbVie Inc.,Injection,Subcutaneous,40MG/0.8ML,N/A,Y,2013-04-24
125057,adalimumab,Humira,AbbVie Inc.,Injection,Subcutaneous,10MG/0.2ML,N/A,Y,2014-09-23
125057,adalimumab,Humira,AbbVie Inc.,Injection,Subcutaneous,40MG/0.4ML,N/A,Y,2015-11-23
125057,adalimumab,Humira,AbbVie Inc.,Injection,Subcutaneous,40MG/0.4ML,N/A,Y,2016-03-09
125057,adalimumab,Humira,AbbVie Inc.,Injection,Subcutaneous,80MG/0.8ML,N/A,Y,2016-10-17
125057,adalimumab,Humira,AbbVie Inc.,Injection,Subcutaneous,80MG/0.8ML,N/A,Y,2017-04-21
125057,adalimumab,Humira,AbbVie Inc.,Injection,Subcutaneous,20MG/0.2ML,N/A,Y,2017-04-28
125057,adalimumab,Humira,AbbVie Inc.,Injection,Subcutaneous,10MG/0.1ML,N/A,Y,2017-04-28
125058,laronidase,Aldurazyme,BioMarin Pharmaceutical Inc.,Injection,Intravenous,2.9MG/5ML (0.58MG/ML),N/A,Y,2003-04-30
125062,Immune Globulin Intravenous (Human),Octagam,Octapharma Pharmazeutika Produktionsges.m.b.H.,Injection,Intravenous,5% 5.0G,N/A,Y,2004-05-21
125062,Immune Globulin Intravenous (Human),Octagam,Octapharma Pharmazeutika Produktionsges.m.b.H.,Injection,Intravenous,5% 1.0G,N/A,Y,2004-05-21
125062,Immune Globulin Intravenous (Human),Octagam,Octapharma Pharmazeutika Produktionsges.m.b.H.,Injection,Intravenous,5%  10G,N/A,Y,2004-05-21
125062,Immune Globulin Intravenous (Human),Octagam,Octapharma Pharmazeutika Produktionsges.m.b.H.,Injection,Intravenous,5%  2.5G,N/A,Y,2004-05-21
125062,Immune Globulin Intravenous (Human),Octagam,Octapharma Pharmazeutika Produktionsges.m.b.H.,Injection,Intravenous,5%  25G,N/A,Y,2007-03-26
125062,Immune Globulin Intravenous (Human),Octagam,Octapharma Pharmazeutika Produktionsges.m.b.H.,Injection,Intravenous,10% 20G,N/A,Y,2014-07-11
125062,Immune Globulin Intravenous (Human),Octagam,Octapharma Pharmazeutika Produktionsges.m.b.H.,Injection,Intravenous,10% 5G,N/A,Y,2014-07-11
125062,Immune Globulin Intravenous (Human),Octagam,Octapharma Pharmazeutika Produktionsges.m.b.H.,Injection,Intravenous,10% 2G,N/A,Y,2014-07-11
125062,Immune Globulin Intravenous (Human),Octagam,Octapharma Pharmazeutika Produktionsges.m.b.H.,Injection,Intravenous,10% 10G,N/A,Y,2014-07-11
125063,"Antihemophilic Factor (Recombinant), Plasma/Albumin Free Method",Advate,"Takeda Pharmaceuticals U.S.A., Inc.",For Injection,Intravenous,1500IU,N/A,Y,2003-07-25
125063,"Antihemophilic Factor (Recombinant), Plasma/Albumin Free Method",Advate,"Takeda Pharmaceuticals U.S.A., Inc.",For Injection,Intravenous,500IU,N/A,Y,2003-07-25
125063,"Antihemophilic Factor (Recombinant), Plasma/Albumin Free Method",Advate,"Takeda Pharmaceuticals U.S.A., Inc.",For Injection,Intravenous,250IU,N/A,Y,2003-07-25
125063,"Antihemophilic Factor (Recombinant), Plasma/Albumin Free Method",Advate,"Takeda Pharmaceuticals U.S.A., Inc.",For Injection,Intravenous,1000IU,N/A,Y,2003-07-25
125063,"Antihemophilic Factor (Recombinant), Plasma/Albumin Free Method",Advate,"Takeda Pharmaceuticals U.S.A., Inc.",For Injection,Intravenous,2000IU,N/A,Y,2006-04-12
125063,"Antihemophilic Factor (Recombinant), Plasma/Albumin Free Method",Advate,"Takeda Pharmaceuticals U.S.A., Inc.",For Injection,Intravenous,3000IU,N/A,Y,2007-07-03
125063,"Antihemophilic Factor (Recombinant), Plasma/Albumin Free Method",Advate,"Takeda Pharmaceuticals U.S.A., Inc.",For Injection,Intravenous,"4,000IU",N/A,Y,2012-07-12
125070,Rho(D) Immune Globulin Intravenous (Human),Rhophylac,CSL Behring AG,Injection,Intramuscular,1500IU/ML,N/A,Y,2004-02-12
125070,Rho(D) Immune Globulin Intravenous (Human),Rhophylac,CSL Behring AG,Injection,Intravenous,1500IU/ML,N/A,Y,2004-02-12
125075,efalizumab,Raptiva,"Genentech, Inc.",Injection,Subcutaneous,125MG,N/A,Y,2003-10-27
125077,Immune Globulin Intravenous (Human),"Flebogamma 5%, Flebogamma 5% Dif","Instituto Grifols, S.A.",Injection,Intravenous,0.5G/10ML,N/A,Y,2003-12-15
125077,Immune Globulin Intravenous (Human),"Flebogamma 5%, Flebogamma 5% Dif","Instituto Grifols, S.A.",Injection,Intravenous,2.5G/50ML,N/A,Y,2003-12-15
125077,Immune Globulin Intravenous (Human),"Flebogamma 5%, Flebogamma 5% Dif","Instituto Grifols, S.A.",Injection,Intravenous,5G/100ML,N/A,Y,2003-12-15
125077,Immune Globulin Intravenous (Human),"Flebogamma 5%, Flebogamma 5% Dif","Instituto Grifols, S.A.",Injection,Intravenous,10G/200ML,N/A,Y,2003-12-15
125077,Immune Globulin Intravenous (Human),"Flebogamma 5%, Flebogamma 5% Dif","Instituto Grifols, S.A.",Injection,Intravenous,20G/400ML,N/A,Y,2006-12-21
125077,Immune Globulin Intravenous (Human),"Flebogamma 5%, Flebogamma 5% Dif","Instituto Grifols, S.A.",Injection,Intravenous,5G/50ML,N/A,Y,2010-07-27
125077,Immune Globulin Intravenous (Human),"Flebogamma 5%, Flebogamma 5% Dif","Instituto Grifols, S.A.",Injection,Intravenous,10G/100ML,N/A,Y,2010-07-27
125077,Immune Globulin Intravenous (Human),"Flebogamma 5%, Flebogamma 5% Dif","Instituto Grifols, S.A.",Injection,Intravenous,20G/200ML,N/A,Y,2010-07-27
125078,Alpha-1-Proteinase Inhibitor (Human),Zemaira,CSL Behring LLC,For Injection,Intravenous,1000MG,N/A,Y,2003-07-08
125078,Alpha-1-Proteinase Inhibitor (Human),Zemaira,CSL Behring LLC,For Injection,Intravenous,4000MG,N/A,Y,2019-04-16
125078,Alpha-1-Proteinase Inhibitor (Human),Zemaira,CSL Behring LLC,For Injection,Intravenous,5000MG,N/A,Y,2019-04-16
125083,peginterferon alfa-2a and ribavirin,Pegasys Copegus Combination Pack,Hoffmann-La Roche Inc.,<NA>,<NA>,180MCG/0.5ML & 800MG,N/A,Y,2004-06-04
125083,peginterferon alfa-2a and ribavirin,Pegasys Copegus Combination Pack,Hoffmann-La Roche Inc.,<NA>,<NA>,180MCG/0.5ML &1000MG,N/A,Y,2004-06-04
125083,peginterferon alfa-2a and ribavirin,Pegasys Copegus Combination Pack,Hoffmann-La Roche Inc.,<NA>,<NA>,180MCG/0.5ML & 1200MG,N/A,Y,2004-06-04
125084,cetuximab,Erbitux,Eli Lilly and Company,Injection,Intravenous,100MG/50ML (2MG/ML),N/A,Y,2004-02-12
125084,cetuximab,Erbitux,Eli Lilly and Company,Injection,Intravenous,200MG/100ML (2MG/ML),N/A,Y,2007-03-28
125085,bevacizumab,Avastin,"Genentech, Inc.",Injection,Intravenous,100MG/4ML (25MG/ML),N/A,Y,2004-02-26
125085,bevacizumab,Avastin,"Genentech, Inc.",Injection,Intravenous,400MG/16ML (25MG/ML),N/A,Y,2004-02-26
125089,"Meningococcal (Groups A, C, Y and W-135) Polysaccharide Diphtheria Toxoid Conjugate Vaccine",Menactra,Sanofi Pasteur Inc.,For Injection,Intramuscular,48UG/.5ML,N/A,Y,2005-01-14
125103,palifermin,Kepivance,Swedish Orphan Biovitrum AB (publ),For Injection,Intravenous,6.25MG,N/A,Y,2004-12-15
125104,natalizumab,Tysabri,Biogen Inc.,Injection,Intravenous,300MG/15ML (20MG/ML),N/A,Y,2004-11-23
125105,Immune Globulin Infusion (Human),Gammagard Liquid,"Takeda Pharmaceuticals U.S.A., Inc.",Injection,"Intravenous, Subcutaneous",10% MG/ML,N/A,Y,2005-04-27
125106,"Tetanus Toxoid, Reduced Diphtheria Toxoid and Acellular Pertussis Vaccine, Adsorbed",Boostrix,GlaxoSmithKline Biologicals,Injection,Intramuscular,"2.5LF, 5LF, 2.5UG, 8UG UG/.5ML",N/A,Y,2005-05-03
125108,"Measles, Mumps, Rubella and Varicella Virus Vaccine Live",Proquad,Merck Sharp & Dohme LLC,For Injection,Subcutaneous,0.5ML,N/A,Y,2005-09-06
125108,"Measles, Mumps, Rubella and Varicella Virus Vaccine Live",Proquad,Merck Sharp & Dohme LLC,For Injection,Intramuscular,0.5ML,N/A,Y,2023-02-27
125109,Vaccinia Immune Globulin Intravenous (Human),Cnj-016,Emergent BioSolutions Canada Inc.,Injection,Intravenous,">=50,000U",N/A,Y,2005-05-02
125111,"Tetanus Toxoid, Reduced Diphtheria Toxoid and Acellular Pertussis Vaccine, Adsorbed",Adacel,Sanofi Pasteur Limited,Injection,Intramuscular,0.5ML,N/A,Y,2005-06-10
125115,Immune Globulin Subcutaneous (Human),Vivaglobin,CSL Behring GmbH,For Injection,Subcutaneous,160MG/ML,<NA>,N,2006-01-09
125117,galsulfase,Naglazyme,BioMarin Pharmaceutical Inc.,Injection,Intravenous,5MG/5ML (1MG/ML),N/A,Y,2005-05-31
125118,abatacept,Orencia,Bristol-Myers Squibb Company,For Injection,Intravenous,250MG,N/A,Y,2005-12-23
125118,abatacept,Orencia,Bristol-Myers Squibb Company,Injection,Subcutaneous,125MG/ML,N/A,Y,2011-07-29
125118,abatacept,Orencia,Bristol-Myers Squibb Company,Injection,Subcutaneous,125MG/ML,N/A,Y,2016-06-07
125118,abatacept,Orencia,Bristol-Myers Squibb Company,Injection,Subcutaneous,50MG/0.4ML,N/A,Y,2017-03-30
125118,abatacept,Orencia,Bristol-Myers Squibb Company,Injection,Subcutaneous,87.5MG/0.7ML,N/A,Y,2017-03-30
125122,"Rotavirus Vaccine, Live, Oral, Pentavalent",Rotateq,Merck Sharp & Dohme LLC,Suspension,Oral,2.2X10E6 IU,N/A,Y,2006-02-03
125123,Zoster Vaccine Live,Zostavax,Merck Sharp & Dohme LLC,For Injection,Subcutaneous,0.65ML,N/A,Y,2006-05-25
125126,"Human Papillomavirus Quadrivalent (Types 6, 11, 16 and 18) Vaccine, Recombinant",Gardasil,Merck Sharp & Dohme LLC,Injection,Intramuscular,"120MCG L1 PROTEIN FROM HPV 6, 11, 16 AND 18 UG/.5ML",N/A,Y,2006-06-08
125127,Influenza Vaccine,"Fluarix, Fluarix Quadrivalent",GlaxoSmithKline Biologicals,Injection,Intramuscular,45UG/.5ML,N/A,Y,2005-08-31
125127,Influenza Vaccine,"Fluarix, Fluarix Quadrivalent",GlaxoSmithKline Biologicals,Injection,Intramuscular,60UG/.5ML,N/A,Y,2012-12-14
125141,alglucosidase alfa,Myozyme,Genzyme Corporation,For Injection,Intravenous,50MG,N/A,Y,2006-04-28
125145,"Diphtheria and Tetanus Toxoids and Acellular Pertussis Adsorbed, Inactivated Poliovirus and Haemophilus b Conjugate (Tetanus Toxoid Conjugate) Vaccine",Pentacel,Sanofi Pasteur Limited,Injection,Intramuscular,0.5ML,N/A,Y,2008-06-20
125147,panitumumab,Vectibix,Amgen Inc.,Injection,Intravenous,100MG/5ML (20MG/ML),N/A,Y,2006-09-27
125147,panitumumab,Vectibix,Amgen Inc.,Injection,Intravenous,400MG/20ML (20MG/ML),N/A,Y,2006-09-27
125147,panitumumab,Vectibix,Amgen Inc.,Injection,Intravenous,200MG/10ML (20MG/ML),N/A,Y,2006-09-27
125151,idursulfase,Elaprase,"Takeda Pharmaceuticals U.S.A., Inc.",Injection,Intravenous,6MG/3ML (2MG/ML),N/A,Y,2006-07-24
125154,Albumin (Human),<NA>,Octapharma Pharmazeutika Produktionsges.m.b.H.,Injection,Intravenous,12.5G/250ML,N/A,Y,2006-10-17
125154,Albumin (Human),<NA>,Octapharma Pharmazeutika Produktionsges.m.b.H.,Injection,Intravenous,5G/100ML,N/A,Y,2006-10-17
125154,Albumin (Human),<NA>,Octapharma Pharmazeutika Produktionsges.m.b.H.,Injection,Intravenous,10G/50ML,N/A,Y,2007-09-27
125154,Albumin (Human),<NA>,Octapharma Pharmazeutika Produktionsges.m.b.H.,Injection,Intravenous,25G/100ML,N/A,Y,2006-10-17
125154,Albumin (Human),<NA>,Octapharma Pharmazeutika Produktionsges.m.b.H.,Injection,Intravenous,25G/500ML,N/A,Y,2006-10-17
125154,Albumin (Human),<NA>,Octapharma Pharmazeutika Produktionsges.m.b.H.,Injection,Intravenous,20G/100ML,N/A,Y,2007-09-27
125154,Albumin (Human),<NA>,Octapharma Pharmazeutika Produktionsges.m.b.H.,Injection,Intravenous,12.5G/50ML,N/A,Y,2006-10-17
125156,ranibizumab,Lucentis,"Genentech, Inc.",Injection,Intravitreal,10MG/ML (0.5MG/0.05ML),N/A,Y,2006-06-30
125156,ranibizumab,Lucentis,"Genentech, Inc.",Injection,Intravitreal,6MG/ML (0.3MG/0.05ML),N/A,Y,2012-08-10
125156,ranibizumab,Lucentis,"Genentech, Inc.",Injection,Intravitreal,10MG/ML (0.5MG/0.05ML),N/A,Y,2016-10-13
125156,ranibizumab,Lucentis,"Genentech, Inc.",Injection,Intravitreal,6MG/ML (0.3MG/0.05ML),N/A,Y,2018-03-20
125158,"Smallpox (Vaccinia) Vaccine, Live",Acam2000,"Emergent Product Development Gaithersburg, Inc.",Suspension,Percutaneous,1.0- 5.0 X 10^8 PFU/ML,N/A,Y,2007-08-31
125160,certolizumab pegol,Cimzia,"UCB, Inc.",For Injection,Subcutaneous,200MG,N/A,Y,2008-04-22
125160,certolizumab pegol,Cimzia,"UCB, Inc.",Injection,Subcutaneous,200MG/ML,N/A,Y,2019-03-28
125163,Influenza Vaccine,"Flulaval, Flulaval Quadrivalent",ID Biomedical Corporation of Quebec,Injection,Intramuscular,45UG/.5ML,N/A,Y,2006-10-05
125163,Influenza Vaccine,"Flulaval, Flulaval Quadrivalent",ID Biomedical Corporation of Quebec,Injection,Intramuscular,15UG/.5ML,N/A,Y,2009-11-10
125163,Influenza Vaccine,"Flulaval, Flulaval Quadrivalent",ID Biomedical Corporation of Quebec,Injection,Intramuscular,60UG/.5ML,N/A,Y,2013-08-15
125163,Influenza Vaccine,"Flulaval, Flulaval Quadrivalent",ID Biomedical Corporation of Quebec,Injection,Intramuscular,45UG/.5ML,N/A,Y,2013-09-27
125163,Influenza Vaccine,"Flulaval, Flulaval Quadrivalent",ID Biomedical Corporation of Quebec,Injection,Intramuscular,60UG/.5ML,N/A,Y,2013-09-27
125164,methoxy polyethylene glycol-epoetin beta,Mircera,Vifor (International) Inc.,Injection,"Intravenous, Subcutaneous",30MCG/0.3ML,N/A,Y,2016-04-28
125164,methoxy polyethylene glycol-epoetin beta,Mircera,Vifor (International) Inc.,Injection,"Intravenous, Subcutaneous",50MCG/0.3ML,N/A,Y,2007-11-14
125164,methoxy polyethylene glycol-epoetin beta,Mircera,Vifor (International) Inc.,Injection,"Intravenous, Subcutaneous",75MCG/0.3ML,N/A,Y,2007-11-14
125164,methoxy polyethylene glycol-epoetin beta,Mircera,Vifor (International) Inc.,Injection,"Intravenous, Subcutaneous",100MCG/0.3ML,N/A,Y,2007-11-14
125164,methoxy polyethylene glycol-epoetin beta,Mircera,Vifor (International) Inc.,Injection,"Intravenous, Subcutaneous",120MCG/0.3ML,N/A,Y,2016-04-28
125164,methoxy polyethylene glycol-epoetin beta,Mircera,Vifor (International) Inc.,Injection,"Intravenous, Subcutaneous",150MCG/0.3ML,N/A,Y,2007-11-14
125164,methoxy polyethylene glycol-epoetin beta,Mircera,Vifor (International) Inc.,Injection,"Intravenous, Subcutaneous",200MCG/0.3ML,N/A,Y,2007-11-14
125164,methoxy polyethylene glycol-epoetin beta,Mircera,Vifor (International) Inc.,Injection,"Intravenous, Subcutaneous",250MCG/0.3ML,N/A,Y,2007-11-14
125164,methoxy polyethylene glycol-epoetin beta,Mircera,Vifor (International) Inc.,Injection,"Intravenous, Subcutaneous",360MCG/0.6ML,N/A,Y,2016-04-28
125164,methoxy polyethylene glycol-epoetin beta,Mircera,Vifor (International) Inc.,Injection,"Intravenous, Subcutaneous",50MCG/ML,N/A,Y,2007-11-14
125164,methoxy polyethylene glycol-epoetin beta,Mircera,Vifor (International) Inc.,Injection,"Intravenous, Subcutaneous",100MCG/ML,N/A,Y,2007-11-14
125164,methoxy polyethylene glycol-epoetin beta,Mircera,Vifor (International) Inc.,Injection,"Intravenous, Subcutaneous",200MCG/ML,N/A,Y,2007-11-14
125164,methoxy polyethylene glycol-epoetin beta,Mircera,Vifor (International) Inc.,Injection,"Intravenous, Subcutaneous",300MCG/ML,N/A,Y,2007-11-14
125164,methoxy polyethylene glycol-epoetin beta,Mircera,Vifor (International) Inc.,Injection,"Intravenous, Subcutaneous",400MCG/ML,N/A,Y,2007-11-14
125164,methoxy polyethylene glycol-epoetin beta,Mircera,Vifor (International) Inc.,Injection,"Intravenous, Subcutaneous",600MCG/ML,N/A,Y,2007-11-14
125164,methoxy polyethylene glycol-epoetin beta,Mircera,Vifor (International) Inc.,Injection,"Intravenous, Subcutaneous","1,000MCG/ML",N/A,Y,2007-11-14
125164,methoxy polyethylene glycol-epoetin beta,Mircera,Vifor (International) Inc.,Injection,"Intravenous, Subcutaneous",400MCG/0.6ML,N/A,Y,2007-11-14
125164,methoxy polyethylene glycol-epoetin beta,Mircera,Vifor (International) Inc.,Injection,"Intravenous, Subcutaneous",600MCG/0.6ML,N/A,Y,2007-11-14
125164,methoxy polyethylene glycol-epoetin beta,Mircera,Vifor (International) Inc.,Injection,"Intravenous, Subcutaneous",800MCG/0.6ML,N/A,Y,2007-11-14
125166,eculizumab,Soliris,"Alexion Pharmaceuticals, Inc.",Injection,Intravenous,300MG/30ML (10MG/ML),N/A,Y,2007-03-16
125196,peginterferon alfa-2b and ribavirin,PegIntron/ Rebetol Combo Pack,"Schering Corporation a subsidiary of Merck & Co., Inc.",<NA>,<NA>,50MCG/0.5ML & 200MG,N/A,Y,2008-06-13
125196,peginterferon alfa-2b and ribavirin,PegIntron/ Rebetol Combo Pack,"Schering Corporation a subsidiary of Merck & Co., Inc.",<NA>,<NA>,80MCG/0.5ML & 200MG,N/A,Y,2008-06-13
125196,peginterferon alfa-2b and ribavirin,PegIntron/ Rebetol Combo Pack,"Schering Corporation a subsidiary of Merck & Co., Inc.",<NA>,<NA>,120MCG/0.5ML & 200MG,N/A,Y,2008-06-13
125196,peginterferon alfa-2b and ribavirin,PegIntron/ Rebetol Combo Pack,"Schering Corporation a subsidiary of Merck & Co., Inc.",<NA>,<NA>,150MCG/0.5ML & 200MG,N/A,Y,2008-06-13
125201,"Immune Globulin Intravenous (Human), 10% Liquid",Privigen,CSL Behring AG,Injection,Intravenous,20G,N/A,Y,2007-07-26
125201,"Immune Globulin Intravenous (Human), 10% Liquid",Privigen,CSL Behring AG,Injection,Intravenous,10G,N/A,Y,2007-07-26
125201,"Immune Globulin Intravenous (Human), 10% Liquid",Privigen,CSL Behring AG,Injection,Intravenous,5G,N/A,Y,2007-07-26
125201,"Immune Globulin Intravenous (Human), 10% Liquid",Privigen,CSL Behring AG,Injection,Intravenous,2.5G,N/A,Y,2009-10-02
125201,"Immune Globulin Intravenous (Human), 10% Liquid",Privigen,CSL Behring AG,Injection,Intravenous,40G,N/A,Y,2013-02-07
125234,Protein C Concentrate (Human),Ceprotin,"Takeda Pharmaceuticals U.S.A., Inc.",For Injection,Intravenous,500IU,N/A,Y,2007-03-30
125234,Protein C Concentrate (Human),Ceprotin,"Takeda Pharmaceuticals U.S.A., Inc.",For Injection,Intravenous,1000IU,N/A,Y,2007-03-30
125244,"Influenza Virus Vaccine, H5N1",<NA>,Sanofi Pasteur Inc.,Injection,Intramuscular,90 MG/.5ML,N/A,Y,2007-04-17
125247,"Thrombin, Topical (Human)",Evithrom,Omrix Biopharmaceuticals Ltd,Solution,Topical,2ML IU/ML,N/A,Y,2007-08-27
125247,"Thrombin, Topical (Human)",Evithrom,Omrix Biopharmaceuticals Ltd,Solution,Topical,20ML IU/ML,N/A,Y,2007-08-27
125247,"Thrombin, Topical (Human)",Evithrom,Omrix Biopharmaceuticals Ltd,Solution,Topical,5ML IU/ML,N/A,Y,2007-08-27
125247,"Thrombin, Topical (Human)",Evithrom,Omrix Biopharmaceuticals Ltd,For Injection,Topical,1600-2400IU/ML,N/A,Y,2009-09-17
125248,Thrombin topical (Recombinant),Recothrom,Baxter Healthcare Corporation,For Solution,Topical,5000IU,N/A,Y,2008-01-17
125248,Thrombin topical (Recombinant),Recothrom,Baxter Healthcare Corporation,For Solution,Topical,20000IU,N/A,Y,2008-05-23
125249,rilonacept,Arcalyst,"Kiniksa Pharmaceuticals (UK), Ltd.",For Injection,Subcutaneous,220MG,N/A,Y,2008-02-27
125251,von Willebrand Factor/Coagulation Factor VIII Complex (Human),Wilate,Octapharma Pharmazeutika Produktionsges.m.b.H.,For Injection,Intravenous,500IU,N/A,Y,2010-12-20
125251,von Willebrand Factor/Coagulation Factor VIII Complex (Human),Wilate,Octapharma Pharmazeutika Produktionsges.m.b.H.,For Injection,Intravenous,1000IU,N/A,Y,2010-12-20
125254,Influenza Vaccine,"Afluria, Afluria Quadrivalent",Seqirus Pty Ltd.,Injection,Intramuscular,225UG,N/A,Y,2007-09-28
125254,Influenza Vaccine,"Afluria, Afluria Quadrivalent",Seqirus Pty Ltd.,Injection,Intramuscular,45UG/.5ML,N/A,Y,2007-09-28
125254,Influenza Vaccine,"Afluria, Afluria Quadrivalent",Seqirus Pty Ltd.,Injection,Intramuscular,60UG/.5ML,N/A,Y,2016-08-26
125254,Influenza Vaccine,"Afluria, Afluria Quadrivalent",Seqirus Pty Ltd.,Injection,Intramuscular,30UG/.25ML,N/A,Y,2018-10-04
125259,"Human Papillomavirus Bivalent (Types 16 and 18) Vaccine, Recombinant",Cervarix,GlaxoSmithKline Biologicals,Injection,Intramuscular,0.5ML,N/A,Y,2009-10-16
125260,Diphtheria and Tetanus Toxoids and Acellular Pertussis Adsorbed and Inactivated Poliovirus Vaccine,Kinrix,GlaxoSmithKline Biologicals,Injection,Intramuscular,0.5ML,N/A,Y,2008-06-24
125261,ustekinumab,Stelara,"Janssen Biotech, Inc.",Injection,Subcutaneous,45MG/0.5ML,N/A,Y,2009-09-25
125261,ustekinumab,Stelara,"Janssen Biotech, Inc.",Injection,Subcutaneous,90MG/ML,N/A,Y,2009-09-25
125261,ustekinumab,Stelara,"Janssen Biotech, Inc.",Injection,Subcutaneous,45MG/0.5ML,N/A,Y,2009-12-30
125261,ustekinumab,Stelara,"Janssen Biotech, Inc.",Injection,Subcutaneous,90MG/ML,N/A,Y,2009-12-30
125264,"Antihemophilic Factor (Recombinant), Plasma/Albumin Free","Xyntha, Xyntha Solofuse",Wyeth Pharmaceuticals LLC,For Injection,Intravenous,2000IU,N/A,Y,2008-02-21
125264,"Antihemophilic Factor (Recombinant), Plasma/Albumin Free","Xyntha, Xyntha Solofuse",Wyeth Pharmaceuticals LLC,For Injection,Intravenous,1000IU,N/A,Y,2008-02-21
125264,"Antihemophilic Factor (Recombinant), Plasma/Albumin Free","Xyntha, Xyntha Solofuse",Wyeth Pharmaceuticals LLC,For Injection,Intravenous,250IU,N/A,Y,2008-02-21
125264,"Antihemophilic Factor (Recombinant), Plasma/Albumin Free","Xyntha, Xyntha Solofuse",Wyeth Pharmaceuticals LLC,For Injection,Intravenous,500IU,N/A,Y,2008-02-21
125264,"Antihemophilic Factor (Recombinant), Plasma/Albumin Free","Xyntha, Xyntha Solofuse",Wyeth Pharmaceuticals LLC,For Injection,Intravenous,3000IU,N/A,Y,2010-08-06
125265,"Rotavirus Vaccine, Live, Oral",Rotarix,GlaxoSmithKline Biologicals,For Suspension,Oral,1ML,N/A,Y,2008-04-03
125265,"Rotavirus Vaccine, Live, Oral",Rotarix,GlaxoSmithKline Biologicals,Suspension,Oral,106.0CCID50,<NA>,N,2022-11-04
125266,Fibrin Sealant (Human),Artiss,Baxter Healthcare Corporation,Solution,Topical,4ML,N/A,Y,2008-03-19
125266,Fibrin Sealant (Human),Artiss,Baxter Healthcare Corporation,Solution,Topical,10ML,N/A,Y,2008-03-19
125266,Fibrin Sealant (Human),Artiss,Baxter Healthcare Corporation,Solution,Topical,2ML,N/A,Y,2008-03-19
125266,Fibrin Sealant (Human),Artiss,Baxter Healthcare Corporation,For Solution,Topical,4ML,N/A,Y,2008-03-19
125266,Fibrin Sealant (Human),Artiss,Baxter Healthcare Corporation,For Solution,Topical,10ML,N/A,Y,2008-03-19
125266,Fibrin Sealant (Human),Artiss,Baxter Healthcare Corporation,For Solution,Topical,2ML,N/A,Y,2008-03-19
125267,C1 Esterase Inhibitor (Human),Cinryze,"Takeda Pharmaceuticals U.S.A., Inc.",For Injection,Intravenous,500U,N/A,Y,2008-10-10
125268,romiplostim,Nplate,Amgen Inc.,For Injection,Subcutaneous,250MCG,N/A,Y,2008-08-22
125268,romiplostim,Nplate,Amgen Inc.,For Injection,Subcutaneous,500MCG,N/A,Y,2008-08-22
125268,romiplostim,Nplate,Amgen Inc.,For Injection,Subcutaneous,125MCG,N/A,Y,2019-07-22
125274,abobotulinumtoxinA,Dysport,Ipsen Biopharm Limited,For Injection,Intramuscular,300UNITS,N/A,Y,2009-04-29
125274,abobotulinumtoxinA,Dysport,Ipsen Biopharm Limited,For Injection,Intramuscular,500UNITS,N/A,Y,2009-04-29
125276,tocilizumab,Actemra,"Genentech, Inc.",Injection,Intravenous,200MG/10ML (20MG/ML),N/A,Y,2010-01-08
125276,tocilizumab,Actemra,"Genentech, Inc.",Injection,Intravenous,400MG/20ML (20MG/ML),N/A,Y,2010-01-08
125277,ecallantide,Kalbitor,"Takeda Pharmaceuticals U.S.A., Inc.",Injection,Subcutaneous,10MG/ML,N/A,Y,2009-12-01
125280,"Japanese Encephalitis Vaccine, Inactivated, Adsorbed",Ixiaro,Valneva Austria GmbH,Injection,Intramuscular,0.5ML,N/A,Y,2009-03-30
125284,Antithrombin (Recombinant),Atryn,"rEVO Biologics, Inc.",For Injection,Intravenous,1750IU,N/A,Y,2009-02-06
125284,Antithrombin (Recombinant),Atryn,"rEVO Biologics, Inc.",For Injection,Intravenous,525IU,N/A,Y,2014-04-11
125285,Influenza Vaccine,Flublok,Protein Sciences Corporation,Injection,Intramuscular,135UG/.5ML,N/A,Y,2013-01-16
125285,Influenza Vaccine,Flublok,Protein Sciences Corporation,Injection,Intramuscular,180UG/.5ML,N/A,Y,2016-10-07
125285,Influenza Vaccine,Flublok,Protein Sciences Corporation,Injection,Intramuscular,135UG/.5ML,N/A,Y,2024-03-04
125287,C1 Esterase Inhibitor (Human),Berinert,CSL Behring GmbH,For Injection,Intravenous,500U,N/A,Y,2009-10-09
125288,belatacept,Nulojix,Bristol-Myers Squibb Company,For Injection,Intravenous,250MG,N/A,Y,2011-06-15
125289,golimumab,Simponi,"Janssen Biotech, Inc.",Injection,Subcutaneous,50MG/0.5ML,N/A,Y,2009-04-24
125289,golimumab,Simponi,"Janssen Biotech, Inc.",Injection,Subcutaneous,100MG/ML,N/A,Y,2013-05-15
125290,interferon beta-1b,Extavia,Novartis Pharmaceuticals Corporation,For Injection,Subcutaneous,0.3MG,N/A,Y,2009-08-14
125291,alglucosidase alfa,Lumizyme,Genzyme Corporation,For Injection,Intravenous,50MG,N/A,Y,2010-05-24
125293,pegloticase,Krystexxa,Horizon Therapeutics Ireland DAC,Injection,Intravenous,8MG/ML,N/A,Y,2010-09-14
125293,pegloticase,Krystexxa,Horizon Therapeutics Ireland DAC,Injection,Intravenous,8MG/50ML (0.16MG/ML),N/A,Y,2025-08-29
125294,tbo-filgrastim,Granix,UAB Teva Baltics,Injection,Subcutaneous,300MCG/0.5ML,N/A,Y,2012-08-29
125294,tbo-filgrastim,Granix,UAB Teva Baltics,Injection,Subcutaneous,480MCG/0.8ML,N/A,Y,2012-08-29
125294,tbo-filgrastim,Granix,UAB Teva Baltics,Injection,Subcutaneous,300MCG/1ML,N/A,Y,2018-07-31
125294,tbo-filgrastim,Granix,UAB Teva Baltics,Injection,Subcutaneous,480MCG/1.6ML,N/A,Y,2018-07-31
125296,"Adenovirus Type 4 and Type 7 Vaccine, Live, Oral",<NA>,"Teva Women's Health, Inc.",Tablet,Oral,4.5LOG 10TCID,N/A,Y,2011-03-16
125297,Influenza Virus Vaccine,Agriflu,Seqirus Inc.,Injection,Intramuscular,.05ML,N/A,Y,2009-11-27
125300,"Meningococcal (Groups A, C, Y, and W-135) Oligosaccharide Diphtheria CRM197 Conjugate Vaccine",Menveo,GlaxoSmithKline Biologicals,Injection,Intramuscular,0.5ML,N/A,Y,2010-02-19
125300,"Meningococcal (Groups A, C, Y, and W-135) Oligosaccharide Diphtheria CRM197 Conjugate Vaccine",Menveo,GlaxoSmithKline Biologicals,Injection,Intramuscular,0.5ML,N/A,Y,2022-10-14
125317,Fibrinogen Concentrate (Human),Riastap,CSL Behring GmbH,For Injection,Intravenous,900-1300MG,N/A,Y,2009-01-16
125319,canakinumab,Ilaris,Novartis Pharmaceuticals Corporation,For Injection,Subcutaneous,150MG,N/A,Y,2009-06-17
125319,canakinumab,Ilaris,Novartis Pharmaceuticals Corporation,Injection,Subcutaneous,150MG/ML,N/A,Y,2016-12-22
125320,denosumab,Prolia,Amgen Inc.,Injection,Subcutaneous,60MG/ML,N/A,Y,2010-06-01
125320,denosumab,Xgeva,Amgen Inc.,Injection,Subcutaneous,120MG/1.7ML (70MG/ML),N/A,Y,2010-11-18
125324,Pneumococcal 13-valent Conjugate Vaccine (Diphtheria CRM197 Protein),Prevnar 13,Wyeth Pharmaceuticals LLC,Injection,Intramuscular,0.5ML,N/A,Y,2010-02-24
125325,Alpha-1-Proteinase Inhibitor (Human),Glassia,"Takeda Pharmaceuticals U.S.A., Inc.",Injection,Intravenous,1G,N/A,Y,2010-07-01
125325,Alpha-1-Proteinase Inhibitor (Human),Glassia,"Takeda Pharmaceuticals U.S.A., Inc.",Injection,Intravenous,4G,N/A,Y,2025-02-27
125325,Alpha-1-Proteinase Inhibitor (Human),Glassia,"Takeda Pharmaceuticals U.S.A., Inc.",Injection,Intravenous,5G,N/A,Y,2025-02-27
125326,ofatumumab,Arzerra,Novartis Pharmaceuticals Corporation,Injection,Intravenous,100MG/5ML,N/A,Y,2009-10-26
125326,ofatumumab,Arzerra,Novartis Pharmaceuticals Corporation,Injection,Intravenous,"1,000MG/50ML",N/A,Y,2011-04-01
125326,ofatumumab,Kesimpta,Novartis Pharmaceuticals Corporation,Injection,Subcutaneous,20MG/0.4ML,N/A,Y,2020-08-20
125327,glucarpidase,Voraxaze,BTG International Inc.,For Injection,Intravenous,"1,000UNITS",N/A,Y,2012-01-17
125329,Immune Globulin Intravenous (Human),Gammaplex,Bio Products Laboratory Limited,Injection,Intravenous,10G/200ML,N/A,Y,2009-09-17
125329,Immune Globulin Intravenous (Human),Gammaplex,Bio Products Laboratory Limited,Injection,Intravenous,2.5G/50ML,N/A,Y,2009-09-17
125329,Immune Globulin Intravenous (Human),Gammaplex,Bio Products Laboratory Limited,Injection,Intravenous,5G/100ML,N/A,Y,2009-09-17
125329,Immune Globulin Intravenous (Human),Gammaplex,Bio Products Laboratory Limited,Injection,Intravenous,20G/400ML,N/A,Y,2014-02-07
125329,Immune Globulin Intravenous (Human),Gammaplex,Bio Products Laboratory Limited,Injection,Intravenous,5G/50ML,N/A,Y,2017-02-06
125329,Immune Globulin Intravenous (Human),Gammaplex,Bio Products Laboratory Limited,Injection,Intravenous,10G/100ML,N/A,Y,2017-02-06
125329,Immune Globulin Intravenous (Human),Gammaplex,Bio Products Laboratory Limited,Injection,Intravenous,20G/200ML,N/A,Y,2017-02-06
125335,Centruroides (Scorpion) Immune F(ab')2 (Equine) Injection,Anascorp,"Rare Disease Therapeutics, Inc. (RDT)",For Injection,Intravenous,>/=150 LD50 NEUTRALIZING UNITS,N/A,Y,2011-08-03
125338,collagenase clostridium histolyticum,Xiaflex,"Auxilium Pharmaceuticals, Inc.",For Injection,Intralesional,0.9MG,N/A,Y,2010-02-02
125347,Haemophilus b Conjugate Vaccine (Tetanus Toxoid Conjugate),Hiberix,GlaxoSmithKline Biologicals,For Injection,Intramuscular,10UG/25UG,N/A,Y,2009-08-19
125348,Azficel-T,Laviv,"Fibrocell Technologies, Inc.",Injection,Intradermal,18MU CELL/ML,N/A,Y,2011-06-21
125349,raxibacumab,<NA>,Emergent Manufacturing Operations Baltimore LLC,Injection,Intravenous,"1,700MG/34ML (50MG/ML)",N/A,Y,2012-12-14
125350,"Immune Globulin Subcutaneous (Human), 20% Liquid",Hizentra,CSL Behring AG,Injection,Subcutaneous,2G/10ML,N/A,Y,2010-03-04
125350,"Immune Globulin Subcutaneous (Human), 20% Liquid",Hizentra,CSL Behring AG,Injection,Subcutaneous,1G/5ML,N/A,Y,2010-03-04
125350,"Immune Globulin Subcutaneous (Human), 20% Liquid",Hizentra,CSL Behring AG,Injection,Subcutaneous,10G/50ML,N/A,Y,2010-03-04
125350,"Immune Globulin Subcutaneous (Human), 20% Liquid",Hizentra,CSL Behring AG,Injection,Subcutaneous,4G/20ML,N/A,Y,2010-03-04
125350,"Immune Globulin Subcutaneous (Human), 20% Liquid",Hizentra,CSL Behring AG,Injection,Subcutaneous,10G/50ML,N/A,Y,2023-04-13
125351,Fibrin Sealant Patch,Tachosil,Corza Medical GmbH,Patch,Topical,4.8 CM X 4.8 CM MG PER CM2 FOR FIBRINOGEN; IU PER CM2 FOR THROMBIN,N/A,Y,2010-04-05
125351,Fibrin Sealant Patch,Tachosil,Corza Medical GmbH,Patch,Topical,9.5 CM X 4.8 CM MG PER CM2 FOR FIBRINOGEN; IU PER CM2 FOR THROMBIN,N/A,Y,2010-04-05
125351,Fibrin Sealant Patch,Tachosil,Corza Medical GmbH,Patch,Topical,3.0 CM X 2.5 CM MG PER CM2 FOR FIBRINOGEN; IU PER CM2 FOR THROMBIN,N/A,Y,2010-04-05
125354,Coccidioides immitis Spherule-Derived Skin Test Antigen,Spherusol,"Nielsen Bioscience, Inc",Injection,Intradermal,1.0ML,N/A,Y,2011-07-29
125359,asparaginase Erwinia chrysanthemi,Erwinaze,"Jazz Pharmaceuticals, Inc.",For Injection,"Intravenous, Intramuscular","10,000INTERNATIONAL UNITS",N/A,Y,2011-11-18
125360,incobotulinumtoxinA,Xeomin,Merz Pharmaceuticals GmbH c/o Merz Pharmaceuticals LLC,For Injection,"Intramuscular, Intraglandular",50UNITS,N/A,Y,2010-07-30
125360,incobotulinumtoxinA,Xeomin,Merz Pharmaceuticals GmbH c/o Merz Pharmaceuticals LLC,For Injection,"Intramuscular, Intraglandular",100UNITS,N/A,Y,2010-07-30
125360,incobotulinumtoxinA,Xeomin,Merz Pharmaceuticals GmbH c/o Merz Pharmaceuticals LLC,For Injection,"Intramuscular, Intraglandular",200UNITS,N/A,Y,2015-11-20
125363,Meningococcal Groups C and Y and Haemophilus b Tetanus Toxoid Conjugate Vaccine,MENHIBRIX,GlaxoSmithKline Biologicals,Injection,Intramuscular,0.5ML,<NA>,N,2012-06-14
125370,belimumab,Benlysta,GlaxoSmithKline LLC,For Injection,Intravenous,120MG,N/A,Y,2011-03-09
125370,belimumab,Benlysta,GlaxoSmithKline LLC,For Injection,Intravenous,400MG,N/A,Y,2011-03-09
125377,ipilimumab,Yervoy,Bristol-Myers Squibb Company,Injection,Intravenous,50MG/10ML (5MG/ML),N/A,Y,2011-03-25
125377,ipilimumab,Yervoy,Bristol-Myers Squibb Company,Injection,Intravenous,200MG/40ML (5MG/ML),N/A,Y,2011-03-25
125385,Factor XIII Concentrate (Human),Corifact,CSL Behring GmbH,For Injection,Intravenous,1000-1600IU,N/A,Y,2011-02-17
125387,aflibercept,Eylea,"Regeneron Pharmaceuticals, Inc.",Injection,Intravitreal,2MG/0.05ML,N/A,Y,2011-11-18
125387,aflibercept,Eylea,"Regeneron Pharmaceuticals, Inc.",Injection,Intravitreal,2MG/0.05ML,N/A,Y,2018-08-16
125388,brentuximab vedotin,Adcetris,Seagen Inc.,For Injection,Intravenous,50MG,N/A,Y,2011-08-19
125389,Immune Globulin Intravenous (Human),Bivigam,"ADMA Biologics, Inc.",Injection,Intravenous,5GM/50ML,N/A,Y,2012-12-19
125389,Immune Globulin Intravenous (Human),Bivigam,"ADMA Biologics, Inc.",Injection,Intravenous,10GM/100ML,N/A,Y,2012-12-19
125390,metreleptin,Myalept,Chiesi Farmaceutici S.p.A.,For Injection,Subcutaneous,11.3MG,N/A,Y,2014-02-24
125391,"HPC, Cord Blood",<NA>,Clinimmune Labs,Injection,Intravenous,5X10^8 TOTAL NUCLEATED CELLS WITH AT LEAST 1.25X10^6 VIABLE CD34+ CELLS,N/A,Y,2012-05-24
125392,Fibrin Sealant Patch,Evarrest,"Ethicon, Inc.",Patch,Topical,50.3MG FIBRINOGEN&203.2IU THROMBIN/IN^2; 4x4 IN,N/A,Y,2012-12-05
125392,Fibrin Sealant Patch,Evarrest,"Ethicon, Inc.",Patch,Topical,55.5MG FIBRINOGEN&241.9IU THROMBIN/IN^2; 4x4 IN,N/A,Y,2013-05-16
125392,Fibrin Sealant Patch,Evarrest,"Ethicon, Inc.",Patch,Topical,55.5MG FIBRINOGEN&241.9IU THROMBIN/IN^2; 2x4 IN,N/A,Y,2014-05-27
125397,"Hematopoietic Progenitor Cells, Cord (HPC-C)",Hemacord,"New York Blood Center, Inc.",Injection,Intravenous,5 X 10E8 TOTAL NUCLEATED CELLS WITH AT LEAST 1.25 X 10E6 VIABLE CD34+ CELLS U,N/A,Y,2011-11-10
125398,Coagulation Factor XIII A-Subunit (Recombinant),Tretten,Novo Nordisk Inc.,For Injection,Intravenous,2000 - 3125IU,N/A,Y,2013-12-23
125400,Allogeneic Cultured Keratinocytes and Fibroblasts in Bovine Collagen,Gintuit,"Organogenesis, Inc.",Cellular Sheet,Topical,>0.000001UG/ML,N/A,Y,2012-03-09
125402,"Immune Globulin Infusion (Human), 10% with Recombinant Human Hyaluronidase",Hyqvia,"Takeda Pharmaceuticals U.S.A., Inc.",Injection,Subcutaneous,0.1,N/A,Y,2014-09-12
125407,"HPC, Cord Blood",Ducord,Duke University School of Medicine,Injection,Intravenous,GREATER THAN OR EQUAL TO 2.5 X 10E7 PER KG CELLS PER KILOGRAM,N/A,Y,2012-10-04
125408,Influenza Vaccine,"Flucelvax, Flucelvax Quadrivalent",Seqirus Inc.,Injection,Intramuscular,45UG/.5ML,N/A,Y,2012-11-20
125408,Influenza Vaccine,"Flucelvax, Flucelvax Quadrivalent",Seqirus Inc.,Injection,Intramuscular,60UG/.5ML,N/A,Y,2016-05-23
125408,Influenza Vaccine,"Flucelvax, Flucelvax Quadrivalent",Seqirus Inc.,Injection,Intramuscular,60UG/.5ML,N/A,Y,2017-03-03
125408,Influenza Vaccine,"Flucelvax, Flucelvax Quadrivalent",Seqirus Inc.,Injection,Intramuscular,45UG/.5ML,N/A,Y,2024-03-04
125409,pertuzumab,Perjeta,"Genentech, Inc.",Injection,Intravenous,420MG/14ML,N/A,Y,2012-06-08
125413,"HPC, Cord Blood",Allocord,SSM Cardinal Glennon Children's Medical Center,Injection,Intravenous,TOTAL NUCLEATED CELLS CELL/ML,N/A,Y,2013-05-30
125416,"Pooled Plasma (Human), Solvent/Detergent Treated",Octaplas,Octapharma Pharmazeutika Produktionsges.m.b.H.,For Injection,Intravenous,45-70MG/ML,N/A,Y,2013-01-17
125418,Ziv-Aflibercept,Zaltrap,Sanofi-Aventis U.S. LLC,Injection,Intravenous,100MG/4ML (25MG/ML),N/A,Y,2012-08-03
125418,Ziv-Aflibercept,Zaltrap,Sanofi-Aventis U.S. LLC,Injection,Intravenous,200MG/8ML (25MG/ML),N/A,Y,2012-08-03
125419,"Influenza A (H5N1) Virus Monovalent Vaccine, Adjuvanted",Arepanrix,ID Biomedical Corporation of Quebec,Injection,Intramuscular,0.5ML,N/A,Y,2013-11-22
125421,Prothrombin Complex Concentrate (Human),Kcentra,CSL Behring GmbH,For Injection,Intravenous,500IU,N/A,Y,2013-04-29
125421,Prothrombin Complex Concentrate (Human),Kcentra,CSL Behring GmbH,For Injection,Intravenous,1000IU,N/A,Y,2013-11-26
125422,ocriplasmin,Jetrea,ThromboGenics Inc.,Injection,Intravitreal,0.375MG/0.3ML (1.25MG/ML),N/A,Y,2017-02-22
125422,ocriplasmin,Jetrea,ThromboGenics Inc.,Injection,Intravitreal,0.5MG/0.2ML (2.5MG/ML),N/A,Y,2012-10-17
125426,Coagulation Factor IX (Recombinant),Ixinity,"Medexus Pharma, Inc.",For Injection,Intravenous,500IU,N/A,Y,2015-04-29
125426,Coagulation Factor IX (Recombinant),Ixinity,"Medexus Pharma, Inc.",For Injection,Intravenous,1500IU,N/A,Y,2015-04-29
125426,Coagulation Factor IX (Recombinant),Ixinity,"Medexus Pharma, Inc.",For Injection,Intravenous,1000IU,N/A,Y,2015-04-29
125426,Coagulation Factor IX (Recombinant),Ixinity,"Medexus Pharma, Inc.",For Injection,Intravenous,250IU,N/A,Y,2015-12-21
125426,Coagulation Factor IX (Recombinant),Ixinity,"Medexus Pharma, Inc.",For Injection,Intravenous,3000IU,N/A,Y,2015-12-21
125426,Coagulation Factor IX (Recombinant),Ixinity,"Medexus Pharma, Inc.",For Injection,Intravenous,2000IU,N/A,Y,2015-12-21
125427,ado-trastuzumab emtansine,Kadcyla,"Genentech, Inc.",For Injection,Intravenous,100MG,N/A,Y,2013-02-22
125427,ado-trastuzumab emtansine,Kadcyla,"Genentech, Inc.",For Injection,Intravenous,160MG,N/A,Y,2013-02-22
125428,"Hepatitis B Vaccine (Recombinant), Adjuvanted",Heplisav-B,Dynavax Technologies Corporation,Injection,Intramuscular,20UG/.5ML,N/A,Y,2017-11-09
125430,Varicella Zoster Immune Globulin (Human),Varizig,Kamada Ltd.,For Injection,Intramuscular,125IU,N/A,Y,2012-12-20
125430,Varicella Zoster Immune Globulin (Human),Varizig,Kamada Ltd.,Injection,Intramuscular,125IU,N/A,Y,2014-09-29
125431,albiglutide,Tanzeum,GlaxoSmithKline LLC,For Injection,Subcutaneous,30MG,N/A,Y,2014-04-15
125431,albiglutide,Tanzeum,GlaxoSmithKline LLC,For Injection,Subcutaneous,50MG,N/A,Y,2014-04-15
125432,"HPC, Cord Blood",Cordcyte,"LifeSouth Community Blood Centers, Inc.",Injection,Intravenous,TOTAL NUCLEATED CELLS  CELL/ML,N/A,Y,2013-06-13
125433,golimumab,Simponi Aria,"Janssen Biotech, Inc.",Injection,Intravenous,50MG/4ML (12.5MG/ML),N/A,Y,2013-07-18
125444,"Coagulation Factor IX (Recombinant), Fc Fusion Protein",Alprolix,"Bioverativ Therapeutics, Inc.",For Injection,Intravenous,500IU,N/A,Y,2014-03-28
125444,"Coagulation Factor IX (Recombinant), Fc Fusion Protein",Alprolix,"Bioverativ Therapeutics, Inc.",For Injection,Intravenous,2000IU,N/A,Y,2014-03-28
125444,"Coagulation Factor IX (Recombinant), Fc Fusion Protein",Alprolix,"Bioverativ Therapeutics, Inc.",For Injection,Intravenous,1000IU,N/A,Y,2014-03-28
125444,"Coagulation Factor IX (Recombinant), Fc Fusion Protein",Alprolix,"Bioverativ Therapeutics, Inc.",For Injection,Intravenous,3000IU,N/A,Y,2014-03-28
125444,"Coagulation Factor IX (Recombinant), Fc Fusion Protein",Alprolix,"Bioverativ Therapeutics, Inc.",For Injection,Intravenous,250IU,N/A,Y,2016-02-18
125444,"Coagulation Factor IX (Recombinant), Fc Fusion Protein",Alprolix,"Bioverativ Therapeutics, Inc.",For Injection,Intravenous,4000IU,N/A,Y,2016-07-14
125446,Coagulation Factor IX (Recombinant),Rixubis,"Takeda Pharmaceuticals U.S.A., Inc.",For Injection,Intravenous,500IU,N/A,Y,2013-06-26
125446,Coagulation Factor IX (Recombinant),Rixubis,"Takeda Pharmaceuticals U.S.A., Inc.",For Injection,Intravenous,1000IU,N/A,Y,2013-06-26
125446,Coagulation Factor IX (Recombinant),Rixubis,"Takeda Pharmaceuticals U.S.A., Inc.",For Injection,Intravenous,250IU,N/A,Y,2013-06-26
125446,Coagulation Factor IX (Recombinant),Rixubis,"Takeda Pharmaceuticals U.S.A., Inc.",For Injection,Intravenous,3000IU,N/A,Y,2013-06-26
125446,Coagulation Factor IX (Recombinant),Rixubis,"Takeda Pharmaceuticals U.S.A., Inc.",For Injection,Intravenous,2000IU,N/A,Y,2013-06-26
125460,elosulfase alfa,Vimizim,BioMarin Pharmaceutical Inc.,Injection,Intravenous,5MG/5ML (1MG/ML),N/A,Y,2014-02-14
125462,"Botulism Antitoxin Heptavalent (A, B, C, D, E, F, G) - (Equine)",Bat,Emergent BioSolutions Canada Inc.,Solution,Intravenous,>4500U,N/A,Y,2013-03-22
125466,Antihemophilic Factor (Recombinant),Novoeight,Novo Nordisk Inc.,For Injection,Intravenous,3000IU,N/A,Y,2013-10-15
125466,Antihemophilic Factor (Recombinant),Novoeight,Novo Nordisk Inc.,For Injection,Intravenous,2000IU,N/A,Y,2013-10-15
125466,Antihemophilic Factor (Recombinant),Novoeight,Novo Nordisk Inc.,For Injection,Intravenous,1500IU,N/A,Y,2013-10-15
125466,Antihemophilic Factor (Recombinant),Novoeight,Novo Nordisk Inc.,For Injection,Intravenous,1000IU,N/A,Y,2013-10-15
125466,Antihemophilic Factor (Recombinant),Novoeight,Novo Nordisk Inc.,For Injection,Intravenous,250IU,N/A,Y,2013-10-15
125466,Antihemophilic Factor (Recombinant),Novoeight,Novo Nordisk Inc.,For Injection,Intravenous,500IU,N/A,Y,2013-10-15
125469,dulaglutide,Trulicity,Eli Lilly and Company,Injection,Subcutaneous,0.75MG/0.5ML,N/A,Y,2014-09-18
125469,dulaglutide,Trulicity,Eli Lilly and Company,Injection,Subcutaneous,1.5MG/0.5ML,N/A,Y,2014-09-18
125469,dulaglutide,Trulicity,Eli Lilly and Company,Injection,Subcutaneous,3MG/0.5ML,N/A,Y,2020-09-04
125469,dulaglutide,Trulicity,Eli Lilly and Company,Injection,Subcutaneous,4.5MG/0.5ML,N/A,Y,2020-09-04
125471,"Sweet Vernal, Orchard, Perennial Rye, Timothy, and Kentucky Blue Grass Mixed Pollens Allergen Extract",Oralair,"Stallergenes, SAS",Tablet,Sublingual,300 IR TABS/CT,N/A,Y,2014-04-01
125472,tocilizumab,Actemra,"Genentech, Inc.",Injection,Subcutaneous,162MG/0.9ML,N/A,Y,2013-10-21
125472,tocilizumab,Actemra,"Genentech, Inc.",Injection,Subcutaneous,162MG/0.9ML,N/A,Y,2018-11-19
125473,Timothy Grass Pollen Allergen Extract,Grastek,ALK - Abello A/S,Tablet,Sublingual,2800BAU/TABLET,N/A,Y,2014-04-11
125476,vedolizumab,Entyvio,"Takeda Pharmaceuticals U.S.A., Inc.",For Injection,Intravenous,300MG,N/A,Y,2014-05-20
125477,ramucirumab,Cyramza,Eli Lilly and Company,Injection,Intravenous,100MG/10ML (10MG/ML),N/A,Y,2014-04-21
125477,ramucirumab,Cyramza,Eli Lilly and Company,Injection,Intravenous,500MG/50ML (10MG/ML),N/A,Y,2014-04-21
125478,Short Ragweed Pollen Allergen Extract,Ragwitek,ALK - Abello A/S,Tablet,Sublingual,12 AMB A 1-UNITS/Tablet,N/A,Y,2014-04-17
125486,obinutuzumab,Gazyva,"Genentech, Inc.",Injection,Intravenous,"1,000MG/40ML (25MG/ML)",N/A,Y,2013-11-01
125487,"Antihemophilic Factor (Recombinant), Fc Fusion protein",Eloctate,"Bioverativ Therapeutics, Inc.",For Injection,Intravenous,1500IU,N/A,Y,2014-06-06
125487,"Antihemophilic Factor (Recombinant), Fc Fusion protein",Eloctate,"Bioverativ Therapeutics, Inc.",For Injection,Intravenous,1000IU,N/A,Y,2014-06-06
125487,"Antihemophilic Factor (Recombinant), Fc Fusion protein",Eloctate,"Bioverativ Therapeutics, Inc.",For Injection,Intravenous,2000IU,N/A,Y,2014-06-06
125487,"Antihemophilic Factor (Recombinant), Fc Fusion protein",Eloctate,"Bioverativ Therapeutics, Inc.",For Injection,Intravenous,3000IU,N/A,Y,2014-06-06
125487,"Antihemophilic Factor (Recombinant), Fc Fusion protein",Eloctate,"Bioverativ Therapeutics, Inc.",For Injection,Intravenous,750IU,N/A,Y,2014-06-06
125487,"Antihemophilic Factor (Recombinant), Fc Fusion protein",Eloctate,"Bioverativ Therapeutics, Inc.",For Injection,Intravenous,500IU,N/A,Y,2014-06-06
125487,"Antihemophilic Factor (Recombinant), Fc Fusion protein",Eloctate,"Bioverativ Therapeutics, Inc.",For Injection,Intravenous,250IU,N/A,Y,2014-06-06
125487,"Antihemophilic Factor (Recombinant), Fc Fusion protein",Eloctate,"Bioverativ Therapeutics, Inc.",For Injection,Intravenous,5000IU,N/A,Y,2017-01-27
125487,"Antihemophilic Factor (Recombinant), Fc Fusion protein",Eloctate,"Bioverativ Therapeutics, Inc.",For Injection,Intravenous,6000IU,N/A,Y,2017-01-27
125487,"Antihemophilic Factor (Recombinant), Fc Fusion protein",Eloctate,"Bioverativ Therapeutics, Inc.",For Injection,Intravenous,4000IU,N/A,Y,2017-01-27
125488,Crotalidae Immune F(ab')2 (Equine),Anavip,"Rare Disease Therapeutics, Inc. (RDT)",For Injection,Intravenous,"MINIMUM 780 BOTHROPS ASPER, 790 C.SIMUS, 244 C.ADAMANTEUS, 147 C.ATROX, 185 C.SCUTULATUS, 28 AGKISTRODON CONTORTRIX, 61 A.PISCIVORUS LD50 NEUTRALIZING UNITS/VIAL",N/A,Y,2015-05-06
125495,C1 Esterase Inhibitor (Recombinant),Ruconest,Pharming Americas BV,For Injection,Intravenous,2100IU,N/A,Y,2014-07-16
125496,siltuximab,Sylvant,"Recordati Rare Diseases, Inc.",For Injection,Intravenous,100MG,N/A,Y,2014-04-23
125496,siltuximab,Sylvant,"Recordati Rare Diseases, Inc.",For Injection,Intravenous,400MG,N/A,Y,2014-04-23
125499,peginterferon beta-1a,Plegridy,Biogen Inc.,Injection,Subcutaneous,125MCG/0.5ML,N/A,Y,2014-08-15
125499,peginterferon beta-1a,Plegridy,Biogen Inc.,Injection,Subcutaneous,63MCG/0.5ML,N/A,Y,2014-08-15
125499,peginterferon beta-1a,Plegridy,Biogen Inc.,Injection,Subcutaneous,94MCG/0.5ML,N/A,Y,2014-08-15
125499,peginterferon beta-1a,Plegridy,Biogen Inc.,Injection,"Subcutaneous, Intramuscular",125MCG/0.5ML,N/A,Y,2014-08-15
125504,secukinumab,Cosentyx,Novartis Pharmaceuticals Corporation,Injection,Subcutaneous,150MG/ML,N/A,Y,2015-01-21
125504,secukinumab,Cosentyx,Novartis Pharmaceuticals Corporation,For Injection,Subcutaneous,150MG,N/A,Y,2015-01-21
125504,secukinumab,Cosentyx,Novartis Pharmaceuticals Corporation,Injection,Subcutaneous,75MG/0.5ML,N/A,Y,2021-05-28
125504,secukinumab,Cosentyx,Novartis Pharmaceuticals Corporation,Injection,Subcutaneous,300MG/2ML,N/A,Y,2023-05-11
125506,Coagulation Factor X (Human),Coagadex,Bio Products Laboratory Limited,For Injection,Intravenous,500IU,N/A,Y,2015-10-20
125506,Coagulation Factor X (Human),Coagadex,Bio Products Laboratory Limited,For Injection,Intravenous,250IU,N/A,Y,2015-10-20
125508,"Human Papillomavirus 9-valent Vaccine, Recombinant",Gardasil 9,Merck Sharp & Dohme LLC,Injection,Intramuscular,0.5ML,N/A,Y,2014-12-10
125509,obiltoxaximab,Anthim,"Elusys Therapeutics, Inc.",Injection,Intravenous,600MG/6ML (100MG/ML),N/A,Y,2016-03-18
125510,"Influenza Vaccine, Adjuvanted",Fluad,Seqirus Inc.,Injection,Intramuscular,45UG/.5ML,N/A,Y,2015-11-24
125510,"Influenza Vaccine, Adjuvanted","Fluad,Fluad Quadrivalent",Seqirus Inc.,Injection,Intramuscular,60UG/.5ML,<NA>,N,2020-02-21
125511,parathyroid hormone,Natpara,"Takeda Pharmaceuticals U.S.A., Inc.",For Injection,Subcutaneous,25MCG,N/A,Y,2015-01-23
125511,parathyroid hormone,Natpara,"Takeda Pharmaceuticals U.S.A., Inc.",For Injection,Subcutaneous,50MCG,N/A,Y,2015-01-23
125511,parathyroid hormone,Natpara,"Takeda Pharmaceuticals U.S.A., Inc.",For Injection,Subcutaneous,75MCG,N/A,Y,2015-01-23
125511,parathyroid hormone,Natpara,"Takeda Pharmaceuticals U.S.A., Inc.",For Injection,Subcutaneous,100MCG,N/A,Y,2015-01-23
125512,"Antihemophilic Factor (Recombinant), Porcine Sequence",Obizur,"Takeda Pharmaceuticals U.S.A., Inc.",For Injection,Intravenous,500U,N/A,Y,2014-10-23
125513,asfotase alfa,Strensiq,"Alexion Pharmaceuticals, Inc.",Injection,Subcutaneous,18MG/0.45ML,N/A,Y,2015-10-23
125513,asfotase alfa,Strensiq,"Alexion Pharmaceuticals, Inc.",Injection,Subcutaneous,28MG/0.7ML,N/A,Y,2015-10-23
125513,asfotase alfa,Strensiq,"Alexion Pharmaceuticals, Inc.",Injection,Subcutaneous,40MG/ML,N/A,Y,2015-10-23
125513,asfotase alfa,Strensiq,"Alexion Pharmaceuticals, Inc.",Injection,Subcutaneous,80MG/0.8ML,N/A,Y,2015-10-23
125514,pembrolizumab,Keytruda,Merck Sharp & Dohme LLC,For Injection,Intravenous,50MG,N/A,Y,2014-09-04
125514,pembrolizumab,Keytruda,Merck Sharp & Dohme LLC,Injection,Intravenous,100MG/4ML (25MG/ML),N/A,Y,2015-01-15
125516,dinutuximab,Unituxin,United Therapeutics Corporation,Injection,Intravenous,17.5MG/5ML (3.5MG/ML),N/A,Y,2015-03-10
125518,Talimogene laherparepvec,Imlygic,Amgen Inc.,For Injection,Intralesional,100 MILLION PFU/ML,N/A,Y,2015-10-27
125518,Talimogene laherparepvec,Imlygic,Amgen Inc.,For Injection,Intralesional,1 MILLION PFU/ML,N/A,Y,2015-10-27
125521,ixekizumab,Taltz,Eli Lilly and Company,Injection,Subcutaneous,80MG/ML,N/A,Y,2016-03-22
125521,ixekizumab,Taltz,Eli Lilly and Company,Injection,Subcutaneous,40MG/0.5ML,N/A,Y,2024-08-20
125521,ixekizumab,Taltz,Eli Lilly and Company,Injection,Subcutaneous,20MG/0.25ML,N/A,Y,2024-08-20
125522,evolocumab,Repatha,Amgen Inc.,Injection,Subcutaneous,140MG/ML,N/A,Y,2015-08-27
125522,evolocumab,Repatha,Amgen Inc.,Injection,Subcutaneous,420MG/3.5ML,N/A,Y,2016-07-08
125523,Fibrin Sealant (Human),Raplixa,Mallinckrodt Pharma IP Trading DAC,Powder,Topical,0.5G,<NA>,N,2015-04-30
125523,Fibrin Sealant (Human),Raplixa,Mallinckrodt Pharma IP Trading DAC,Powder,Topical,1G,<NA>,N,2015-04-30
125523,Fibrin Sealant (Human),Raplixa,Mallinckrodt Pharma IP Trading DAC,Powder,Topical,2G,<NA>,N,2015-04-30
125525,Diphtheria and Tetanus Toxoids and Acellular Pertussis Adsorbed and Inactivated Poliovirus Vaccine,Quadracel,Sanofi Pasteur Limited,Injection,Intramuscular,0.5ML,N/A,Y,2015-03-24
125526,mepolizumab,Nucala,GlaxoSmithKline LLC,For Injection,Subcutaneous,100MG,N/A,Y,2015-11-04
125526,mepolizumab,Nucala,GlaxoSmithKline LLC,Injection,Subcutaneous,100MG/ML,N/A,Y,2019-06-06
125526,mepolizumab,Nucala,GlaxoSmithKline LLC,Injection,Subcutaneous,40MG/0.4ML,N/A,Y,2022-01-22
125544,infliximab-dyyb,Inflectra,"CELLTRION, Inc.",For Injection,Intravenous,100MG,Remicade,N,2016-04-05
125545,epoetin alfa-epbx,Retacrit,"Hospira Inc., a Pfizer Company",Injection,"Intravenous, Subcutaneous","2,000UNITS/ML",Procrit,N,2018-05-15
125545,epoetin alfa-epbx,Retacrit,"Hospira Inc., a Pfizer Company",Injection,"Intravenous, Subcutaneous","3,000UNITS/ML",Procrit,N,2018-05-15
125545,epoetin alfa-epbx,Retacrit,"Hospira Inc., a Pfizer Company",Injection,"Intravenous, Subcutaneous","4,000UNITS/ML",Procrit,N,2018-05-15
125545,epoetin alfa-epbx,Retacrit,"Hospira Inc., a Pfizer Company",Injection,"Intravenous, Subcutaneous","10,000UNITS/ML",Procrit,N,2018-05-15
125545,epoetin alfa-epbx,Retacrit,"Hospira Inc., a Pfizer Company",Injection,"Intravenous, Subcutaneous","40,000UNITS/ML",Procrit,N,2018-05-15
125545,epoetin alfa-epbx,Retacrit,"Hospira Inc., a Pfizer Company",Injection,"Intravenous, Subcutaneous","20,000UNITS/2ML (10,000UNITS/ML)",Procrit,N,2020-06-30
125545,epoetin alfa-epbx,Retacrit,"Hospira Inc., a Pfizer Company",Injection,"Intravenous, Subcutaneous","20,000UNITS/ML",Procrit,N,2020-06-30
125546,Meningococcal Group B Vaccine,Bexsero,GlaxoSmithKline Biologicals,Injection,Intramuscular,0.5ML,N/A,Y,2015-01-23
125547,necitumumab,Portrazza,Eli Lilly and Company,Injection,Intravenous,800MG/50ML (16MG/ML),N/A,Y,2015-11-24
125549,Meningococcal Group B Vaccine,Trumenba,Wyeth Pharmaceuticals LLC,Injection,Intramuscular,0.5ML,N/A,Y,2014-10-29
125553,filgrastim-sndz,Zarxio,Sandoz Inc.,Injection,"Intravenous, Subcutaneous",300MCG/0.5ML,Neupogen,N,2015-03-06
125553,filgrastim-sndz,Zarxio,Sandoz Inc.,Injection,"Intravenous, Subcutaneous",480MCG/0.8ML,Neupogen,N,2015-03-06
125553,filgrastim-sndz,Zarxio,Sandoz Inc.,Injection,"Intravenous, Subcutaneous",300MCG/ML,Neupogen,N,2024-08-09
125553,filgrastim-sndz,Zarxio,Sandoz Inc.,Injection,"Intravenous, Subcutaneous",480MCG/1.6ML (300MCG/ML),Neupogen,N,2024-08-09
125554,nivolumab,Opdivo,Bristol-Myers Squibb Company,Injection,Intravenous,40MG/4ML (10MG/ML),N/A,Y,2014-12-22
125554,nivolumab,Opdivo,Bristol-Myers Squibb Company,Injection,Intravenous,100MG/10ML (10MG/ML),N/A,Y,2014-12-22
125554,nivolumab,Opdivo,Bristol-Myers Squibb Company,Injection,Intravenous,240MG/24ML (10MG/ML),N/A,Y,2017-10-04
125554,nivolumab,Opdivo,Bristol-Myers Squibb Company,Injection,Intravenous,120MG/12ML (10MG/ML),N/A,Y,2021-08-27
125555,Antihemophilic Factor (Recombinant),Nuwiq,Octapharma Pharmazeutika Produktionsges.m.b.H.,For Injection,Intravenous,500IU,N/A,Y,2015-09-04
125555,Antihemophilic Factor (Recombinant),Nuwiq,Octapharma Pharmazeutika Produktionsges.m.b.H.,For Injection,Intravenous,1000IU,N/A,Y,2015-09-04
125555,Antihemophilic Factor (Recombinant),Nuwiq,Octapharma Pharmazeutika Produktionsges.m.b.H.,For Injection,Intravenous,250IU,N/A,Y,2015-09-04
125555,Antihemophilic Factor (Recombinant),Nuwiq,Octapharma Pharmazeutika Produktionsges.m.b.H.,For Injection,Intravenous,2000IU,N/A,Y,2015-09-04
125555,Antihemophilic Factor (Recombinant),Nuwiq,Octapharma Pharmazeutika Produktionsges.m.b.H.,For Injection,Intravenous,2500IU,N/A,Y,2017-07-07
125555,Antihemophilic Factor (Recombinant),Nuwiq,Octapharma Pharmazeutika Produktionsges.m.b.H.,For Injection,Intravenous,4000IU,N/A,Y,2017-07-07
125555,Antihemophilic Factor (Recombinant),Nuwiq,Octapharma Pharmazeutika Produktionsges.m.b.H.,For Injection,Intravenous,3000IU,N/A,Y,2017-07-07
125555,Antihemophilic Factor (Recombinant),Nuwiq,Octapharma Pharmazeutika Produktionsges.m.b.H.,For Injection,Intravenous,1500IU,N/A,Y,2021-12-07
125557,blinatumomab,Blincyto,Amgen Inc.,For Injection,Intravenous,35MCG,N/A,Y,2014-12-03
125559,alirocumab,Praluent,"Regeneron Pharmaceuticals, Inc.",Injection,Subcutaneous,75MG/ML,N/A,Y,2015-07-24
125559,alirocumab,Praluent,"Regeneron Pharmaceuticals, Inc.",Injection,Subcutaneous,150MG/ML,N/A,Y,2015-07-24
125561,sebelipase alfa,Kanuma,"Alexion Pharmaceuticals, Inc.",Injection,Intravenous,20MG/10ML (2MG/ML),N/A,Y,2015-12-08
125562,Anthrax Immune Globulin Intravenous (Human),Anthrasil,Emergent BioSolutions Canada Inc.,Injection,Intravenous,>=60 U,N/A,Y,2015-03-24
125563,"Diphtheria and Tetanus Toxoids and Acellular Pertussis, Inactivated Poliovirus, Haemophilus b Conjugate and Hepatitis B Vaccine",Vaxelis,MSP Vaccine Company,Injection,Intramuscular,0.5ML,N/A,Y,2018-12-21
125563,"Diphtheria and Tetanus Toxoids and Acellular Pertussis, Inactivated Poliovirus, Haemophilus b Conjugate and Hepatitis B Vaccine",Vaxelis,MSP Vaccine Company,Injection,Intramuscular,0.5ML,N/A,Y,2020-09-25
125566,"Antihemophilic Factor (Recombinant), PEGylated",Adynovate,"Takeda Pharmaceuticals U.S.A., Inc.",For Injection,Intravenous,1000IU,N/A,Y,2015-11-13
125566,"Antihemophilic Factor (Recombinant), PEGylated",Adynovate,"Takeda Pharmaceuticals U.S.A., Inc.",For Injection,Intravenous,2000IU,N/A,Y,2015-11-13
125566,"Antihemophilic Factor (Recombinant), PEGylated",Adynovate,"Takeda Pharmaceuticals U.S.A., Inc.",For Injection,Intravenous,250IU,N/A,Y,2015-11-13
125566,"Antihemophilic Factor (Recombinant), PEGylated",Adynovate,"Takeda Pharmaceuticals U.S.A., Inc.",For Injection,Intravenous,500IU,N/A,Y,2015-11-13
125566,"Antihemophilic Factor (Recombinant), PEGylated",Adynovate,"Takeda Pharmaceuticals U.S.A., Inc.",For Injection,Intravenous,1500IU,N/A,Y,2016-10-25
125566,"Antihemophilic Factor (Recombinant), PEGylated",Adynovate,"Takeda Pharmaceuticals U.S.A., Inc.",For Injection,Intravenous,750IU,N/A,Y,2016-10-25
125566,"Antihemophilic Factor (Recombinant), PEGylated",Adynovate,"Takeda Pharmaceuticals U.S.A., Inc.",For Injection,Intravenous,3000IU,N/A,Y,2017-03-13
125574,"Antihemophilic Factor (Recombinant), Full Length",Kovaltry,Bayer HealthCare LLC,For Injection,Intravenous,1000IU,N/A,Y,2016-03-16
125574,"Antihemophilic Factor (Recombinant), Full Length",Kovaltry,Bayer HealthCare LLC,For Injection,Intravenous,250IU,N/A,Y,2016-03-16
125574,"Antihemophilic Factor (Recombinant), Full Length",Kovaltry,Bayer HealthCare LLC,For Injection,Intravenous,2000IU,N/A,Y,2016-03-16
125574,"Antihemophilic Factor (Recombinant), Full Length",Kovaltry,Bayer HealthCare LLC,For Injection,Intravenous,3000IU,N/A,Y,2016-03-16
125574,"Antihemophilic Factor (Recombinant), Full Length",Kovaltry,Bayer HealthCare LLC,For Injection,Intravenous,500IU,N/A,Y,2016-03-16
125577,von Willebrand factor (Recombinant),Vonvendi,"Takeda Pharmaceuticals U.S.A., Inc.",For Injection,Intravenous,1300IU,N/A,Y,2015-12-08
125577,von Willebrand factor (Recombinant),Vonvendi,"Takeda Pharmaceuticals U.S.A., Inc.",For Injection,Intravenous,650IU,N/A,Y,2015-12-08
125579,Rubber Panel Thin-Layer Rapid Use Epicutaneous Patch Test,Rubber Panel T.R.U.E. Test,SmartPractice Denmark ApS,Patch,Topical,PATCH TEST 5 ALLERGEN AND ALLERGEN MIX PATCHES AND A NEGATIVE CONTROL.,N/A,Y,2017-03-03
125582,"Coagulation Factor IX (Recombinant), Albumin Fusion Protein",Idelvion,CSL Behring Lengnau AG,For Injection,Intravenous,500IU,N/A,Y,2016-03-04
125582,"Coagulation Factor IX (Recombinant), Albumin Fusion Protein",Idelvion,CSL Behring Lengnau AG,For Injection,Intravenous,1000IU,N/A,Y,2016-03-04
125582,"Coagulation Factor IX (Recombinant), Albumin Fusion Protein",Idelvion,CSL Behring Lengnau AG,For Injection,Intravenous,2000IU,N/A,Y,2016-03-04
125582,"Coagulation Factor IX (Recombinant), Albumin Fusion Protein",Idelvion,CSL Behring Lengnau AG,For Injection,Intravenous,250IU,N/A,Y,2016-03-04
125582,"Coagulation Factor IX (Recombinant), Albumin Fusion Protein",Idelvion,CSL Behring Lengnau AG,For Injection,Intravenous,3500IU,N/A,Y,2018-05-30
125585,"HPC, Cord Blood",<NA>,Bloodworks,Injection,Intravenous,5X10^8 NUCLEATED CELLS CONTENT WITH 85% VIABILITY & 1.25X10^6 VIABLE CD34+ CELLS (PRE-CRYOPRESERVATION),N/A,Y,2016-01-28
125586,"Coagulation Factor Xa (Recombinant), Inactivated-zhzo",Andexxa,AstraZeneca AB,Injection,Intravenous,100MG,N/A,Y,2018-05-03
125586,"Coagulation Factor Xa (Recombinant), Inactivated-zhzo",Andexxa,AstraZeneca AB,Injection,Intravenous,200MG,N/A,Y,2018-12-31
125587,Immune Globulin Intravenous (Human)-ifas,Panzyga,Octapharma Pharmazeutika Produktionsges.m.b.H.,Injection,Intravenous,1G ML,N/A,Y,2018-08-02
125587,Immune Globulin Intravenous (Human)-ifas,Panzyga,Octapharma Pharmazeutika Produktionsges.m.b.H.,Injection,Intravenous,2.5G ML,N/A,Y,2018-08-02
125587,Immune Globulin Intravenous (Human)-ifas,Panzyga,Octapharma Pharmazeutika Produktionsges.m.b.H.,Injection,Intravenous,30 G ML,N/A,Y,2018-08-02
125587,Immune Globulin Intravenous (Human)-ifas,Panzyga,Octapharma Pharmazeutika Produktionsges.m.b.H.,Injection,Intravenous,20G ML,N/A,Y,2018-08-02
125587,Immune Globulin Intravenous (Human)-ifas,Panzyga,Octapharma Pharmazeutika Produktionsges.m.b.H.,Injection,Intravenous,10G ML,N/A,Y,2018-08-02
125587,Immune Globulin Intravenous (Human)-ifas,Panzyga,Octapharma Pharmazeutika Produktionsges.m.b.H.,Injection,Intravenous,5G ML,N/A,Y,2018-08-02
125590,"Immune Globulin Intravenous, Human-slra",Asceniv,"ADMA Biologics, Inc.",Injection,Intravenous,5G/50ML,N/A,Y,2019-04-01
125591,"Antihemophilic Factor (Recombinant), Single Chain",Afstyla,CSL Behring Lengnau AG,For Injection,Intravenous,3000IU,N/A,Y,2016-05-25
125591,"Antihemophilic Factor (Recombinant), Single Chain",Afstyla,CSL Behring Lengnau AG,For Injection,Intravenous,1000IU,N/A,Y,2016-05-25
125591,"Antihemophilic Factor (Recombinant), Single Chain",Afstyla,CSL Behring Lengnau AG,For Injection,Intravenous,250IU,N/A,Y,2016-05-25
125591,"Antihemophilic Factor (Recombinant), Single Chain",Afstyla,CSL Behring Lengnau AG,For Injection,Intravenous,2000IU,N/A,Y,2016-05-25
125591,"Antihemophilic Factor (Recombinant), Single Chain",Afstyla,CSL Behring Lengnau AG,For Injection,Intravenous,500IU,N/A,Y,2016-05-25
125591,"Antihemophilic Factor (Recombinant), Single Chain",Afstyla,CSL Behring Lengnau AG,For Injection,Intravenous,2500IU,N/A,Y,2017-03-31
125591,"Antihemophilic Factor (Recombinant), Single Chain",Afstyla,CSL Behring Lengnau AG,For Injection,Intravenous,1500IU,N/A,Y,2017-03-31
125592,House Dust Mites (Dermatophagoides farinae and Dermatophagoides pteronyssinus) Allergen Extract,Odactra,ALK - Abello A/S,Tablet,Sublingual,12 SQ-HDM/ML,N/A,Y,2017-03-01
125594,"HPC, Cord Blood",Clevecord,Cleveland Cord Blood Center,Injection,Intravenous,5 x 10^8  TOTAL NUCLEATED CELLS WITH AT LEAST 1.25 x 106 VIABLE CD34+ CELLS,N/A,Y,2016-09-01
125596,"Immune Globulin Subcutaneous (Human), 20% Solution",Cuvitru,"Takeda Pharmaceuticals U.S.A., Inc.",Injection,Subcutaneous,1G/5ML,N/A,Y,2016-09-13
125596,"Immune Globulin Subcutaneous (Human), 20% Solution",Cuvitru,"Takeda Pharmaceuticals U.S.A., Inc.",Injection,Subcutaneous,2G/10ML,N/A,Y,2016-09-13
125596,"Immune Globulin Subcutaneous (Human), 20% Solution",Cuvitru,"Takeda Pharmaceuticals U.S.A., Inc.",Injection,Subcutaneous,8G/40ML,N/A,Y,2016-09-13
125596,"Immune Globulin Subcutaneous (Human), 20% Solution",Cuvitru,"Takeda Pharmaceuticals U.S.A., Inc.",Injection,Subcutaneous,4G/20ML,N/A,Y,2016-09-13
125596,"Immune Globulin Subcutaneous (Human), 20% Solution",Cuvitru,"Takeda Pharmaceuticals U.S.A., Inc.",Injection,Subcutaneous,10G/50ML,N/A,Y,2019-02-07
125597,"Cholera Vaccine, Live, Oral",Vaxchora,Bavarian Nordic A/S,Suspension,Oral,100ML,N/A,Y,2016-06-10
125597,"Cholera Vaccine, Live, Oral",Vaxchora,Bavarian Nordic A/S,Suspension,Oral,50ML,N/A,Y,2020-12-23
125597,"Cholera Vaccine, Live, Oral",Vaxchora,Bavarian Nordic A/S,Suspension,Oral,100ML,N/A,Y,2020-12-23
125603,autologous cultured chondrocytes on porcine collagen membrane,Maci,Vericel Corporation,Cell Sheets,Implantation,"500,000 CM2 CM2",N/A,Y,2016-12-13
125606,C1 Esterase Inhibitor Subcutaneous (Human),Haegarda,CSL Behring GmbH,For Injection,Subcutaneous,2000IU,N/A,Y,2017-06-22
125606,C1 Esterase Inhibitor Subcutaneous (Human),Haegarda,CSL Behring GmbH,For Injection,Subcutaneous,3000IU,N/A,Y,2017-06-22
125610,Voretigene Neparvovec,Luxturna,"Spark Therapeutics, Inc.",Injection,Intraocular,1.5X10 TO 11 ML,N/A,Y,2017-12-19
125611,"Coagulation Factor IX (Recombinant), GlycoPEGylated",Rebinyn,Novo Nordisk Inc.,For Injection,Intravenous,2000IU,N/A,Y,2017-05-31
125611,"Coagulation Factor IX (Recombinant), GlycoPEGylated",Rebinyn,Novo Nordisk Inc.,For Injection,Intravenous,500IU,N/A,Y,2017-05-31
125611,"Coagulation Factor IX (Recombinant), GlycoPEGylated",Rebinyn,Novo Nordisk Inc.,For Injection,Intravenous,1000IU,N/A,Y,2017-05-31
125611,"Coagulation Factor IX (Recombinant), GlycoPEGylated",Rebinyn,Novo Nordisk Inc.,For Injection,Intravenous,3000IU,N/A,Y,2022-08-11
125612,Fibrinogen (Human),Fibryga,Octapharma Pharmazeutika Produktionsges.m.b.H.,For Injection,Intravenous,1G,N/A,Y,2017-06-07
125613,Rabies Immune Globulin (Human),Kedrab,Kamada Ltd.,Solution,Subcutaneous,150IU/ML,N/A,Y,2017-08-23
125614,"Zoster Vaccine Recombinant, Adjuvanted",Shingrix,GlaxoSmithKline Biologicals,Injection,Intramuscular,0.5ML,N/A,Y,2017-10-20
125614,"Zoster Vaccine Recombinant, Adjuvanted",Shingrix,GlaxoSmithKline Biologicals,For Injection,Intramuscular,50UG,<NA>,N,2021-07-23
125614,"Zoster Vaccine Recombinant, Adjuvanted",Shingrix,GlaxoSmithKline Biologicals,Injection,Intramuscular,50UG,<NA>,N,2025-07-16
125640,Fibrin Sealant (Human),Vistaseal,"Instituto Grifols, S.A.",Frozen,Topical,10ML,N/A,Y,2017-11-01
125640,Fibrin Sealant (Human),Vistaseal,"Instituto Grifols, S.A.",Frozen,Topical,2ML,N/A,Y,2017-11-01
125640,Fibrin Sealant (Human),Vistaseal,"Instituto Grifols, S.A.",Frozen,Topical,4ML,N/A,Y,2017-11-01
125640,Fibrin Sealant (Human),Vistaseal,"Instituto Grifols, S.A.",Frozen,Topical,6ML,N/A,Y,2017-11-01
125641,coagulation factor VIIa (recombinant)-jncw,Sevenfact,Laboratoire Francais du Fractionnement et des Biotechnologies S.A.,Injection,Intravenous,1MG,<NA>,N,2020-04-01
125641,coagulation factor VIIa (recombinant)-jncw,Sevenfact,Laboratoire Francais du Fractionnement et des Biotechnologies S.A.,Injection,Intravenous,5MG,<NA>,N,2020-04-01
125641,coagulation factor VIIa (recombinant)-jncw,Sevenfact,Laboratoire Francais du Fractionnement et des Biotechnologies S.A.,Injection,Intravenous,2MG,<NA>,N,2024-06-20
125643,axicabtagene ciloleucel,Yescarta,"Kite Pharma, Inc.",Injection,Intravenous,2 × 10^6 CAR-POSITIVE VIABLE T CELLS PER KG OF BODY WEIGHT,N/A,Y,2017-10-18
125644,Albumin (Human)-kjda,Albuminex,Bio Products Laboratory Limited,Solution,Intravenous,12.5G/50ML,N/A,Y,2018-06-19
125644,Albumin (Human)-kjda,Albuminex,Bio Products Laboratory Limited,Solution,Intravenous,25G/100ML,N/A,Y,2018-06-19
125644,Albumin (Human)-kjda,Albuminex,Bio Products Laboratory Limited,Solution,Intravenous,12.5G/250ML,N/A,Y,2018-06-19
125644,Albumin (Human)-kjda,Albuminex,Bio Products Laboratory Limited,Solution,Intravenous,25G/500ML,N/A,Y,2018-06-19
125646,tisagenlecleucel,Kymriah,Novartis Pharmaceuticals Corporation,Injection,Intravenous,0.6 to 6.0 x 10^8 CAR-POSITIVE VIABLE T CELLS,N/A,Y,2017-08-30
125657,"Hematopoietic Progenitor Cells, Cord (HPC-C)",<NA>,MD Anderson Cord Blood Bank,Injection,Intravenous,2.5X10E7/KG CELL/ML,N/A,Y,2018-06-21
125659,"plasminogen, human-tvmh",Ryplazim,Kedrion Biopharma Inc.,For Injection,Intravenous,68.8MG,N/A,Y,2021-06-04
125661,"Antihemophilic factor (recombinant), PEGylated-aucl",Jivi,Bayer HealthCare LLC,For Injection,Intravenous,1000IU,N/A,Y,2018-08-29
125661,"Antihemophilic factor (recombinant), PEGylated-aucl",Jivi,Bayer HealthCare LLC,For Injection,Intravenous,3000IU,N/A,Y,2018-08-29
125661,"Antihemophilic factor (recombinant), PEGylated-aucl",Jivi,Bayer HealthCare LLC,For Injection,Intravenous,2000IU,N/A,Y,2018-08-29
125661,"Antihemophilic factor (recombinant), PEGylated-aucl",Jivi,Bayer HealthCare LLC,For Injection,Intravenous,500IU,N/A,Y,2018-08-29
125661,"Antihemophilic factor (recombinant), PEGylated-aucl",Jivi,Bayer HealthCare LLC,For Injection,Intravenous,4000IU,N/A,Y,2024-12-02
125668,Immune Globulin Subcutaneous (Human)-hipp,Cutaquig,Octapharma Pharmazeutika Produktionsges.m.b.H.,Solution,Subcutaneous,1.65G/10 ML,N/A,Y,2018-12-12
125668,Immune Globulin Subcutaneous (Human)-hipp,Cutaquig,Octapharma Pharmazeutika Produktionsges.m.b.H.,Solution,Subcutaneous,3.3G/20 ML,N/A,Y,2018-12-12
125668,Immune Globulin Subcutaneous (Human)-hipp,Cutaquig,Octapharma Pharmazeutika Produktionsges.m.b.H.,Solution,Subcutaneous,1G/6ML,N/A,Y,2018-12-12
125668,Immune Globulin Subcutaneous (Human)-hipp,Cutaquig,Octapharma Pharmazeutika Produktionsges.m.b.H.,Solution,Subcutaneous,2G/12ML,N/A,Y,2018-12-12
125668,Immune Globulin Subcutaneous (Human)-hipp,Cutaquig,Octapharma Pharmazeutika Produktionsges.m.b.H.,Solution,Subcutaneous,8G/48ML,N/A,Y,2018-12-12
125668,Immune Globulin Subcutaneous (Human)-hipp,Cutaquig,Octapharma Pharmazeutika Produktionsges.m.b.H.,Solution,Subcutaneous,4G/24ML,N/A,Y,2018-12-12
125671,"Antihemophilic Factor (Recombinant), GlycoPEGylated-exei",Esperoct,Novo Nordisk Inc.,For Injection,Intravenous,3000IU,N/A,Y,2019-02-19
125671,"Antihemophilic Factor (Recombinant), GlycoPEGylated-exei",Esperoct,Novo Nordisk Inc.,For Injection,Intravenous,1000IU,N/A,Y,2019-02-19
125671,"Antihemophilic Factor (Recombinant), GlycoPEGylated-exei",Esperoct,Novo Nordisk Inc.,For Injection,Intravenous,2000IU,N/A,Y,2019-02-19
125671,"Antihemophilic Factor (Recombinant), GlycoPEGylated-exei",Esperoct,Novo Nordisk Inc.,For Injection,Intravenous,500IU,N/A,Y,2019-02-19
125671,"Antihemophilic Factor (Recombinant), GlycoPEGylated-exei",Esperoct,Novo Nordisk Inc.,For Injection,Intravenous,1500IU,N/A,Y,2019-02-19
125678,"Smallpox and Mpox Vaccine, Live, Non-replicating",Jynneos,Bavarian Nordic A/S,Injection,Subcutaneous,0.5-3.95 X 10E8 INF. U/.5ML,N/A,Y,2019-09-24
125678,"Smallpox and Mpox Vaccine, Live, Non-replicating",Jynneos,Bavarian Nordic A/S,For Injection,Subcutaneous,0.5-3.95 X 10E8 INF. U/.5ML,N/A,Y,2025-03-21
125682,"Dengue Tetravalent Vaccine, Live",Dengvaxia,Sanofi Pasteur Inc.,For Injection,Subcutaneous,4.5-6.0 LOG10 CCID50 CCID50: CELL CULTURE INFECTIOUS DOSE 50,N/A,Y,2019-05-01
125683,"immune globulin subcutaneous, human-klhw",Xembify,Grifols Therapeutics LLC,Injection,Subcutaneous,4GM MG/ML,N/A,Y,2019-07-03
125683,"immune globulin subcutaneous, human-klhw",Xembify,Grifols Therapeutics LLC,Injection,Subcutaneous,10GM MG/ML,N/A,Y,2019-07-03
125683,"immune globulin subcutaneous, human-klhw",Xembify,Grifols Therapeutics LLC,Injection,Subcutaneous,2GM MG/ML,N/A,Y,2019-07-03
125683,"immune globulin subcutaneous, human-klhw",Xembify,Grifols Therapeutics LLC,Injection,Subcutaneous,1GM MG/ML,N/A,Y,2019-07-03
125685,allogeneic processed thymus tissue-agdc,Rethymic,Sumitomo Pharma Switzerland GmbH,For Suspension,Implantation,SEMI-QUANTITATIVE,N/A,Y,2021-10-08
125690,"Ebola Zaire Vaccine, Live",Ervebo,Merck Sharp & Dohme LLC,Injection,Intramuscular,1ML,N/A,Y,2019-12-19
125692,"Influenza A (H5N1) Monovalent Vaccine, Adjuvanted",Audenz,Seqirus Inc.,Injection,Intramuscular,7.5HA UG/.5ML,<NA>,N,2020-01-31
125694,onasemnogene abeparvovec-xioi,Zolgensma,"Novartis Gene Therapies, Inc.",Injection,Intravenous,2x10^13VG/ML,N/A,Y,2019-05-24
125696,Peanut (Arachis hypogaea) Allergen Powder-dnfp,Palforzia,"Greer Laboratories, Inc.",Powder,Oral,0.5MG,<NA>,N,2020-01-31
125696,Peanut (Arachis hypogaea) Allergen Powder-dnfp,Palforzia,"Greer Laboratories, Inc.",Powder,Oral,1MG,<NA>,N,2020-01-31
125696,Peanut (Arachis hypogaea) Allergen Powder-dnfp,Palforzia,"Greer Laboratories, Inc.",Powder,Oral,10MG,<NA>,N,2020-01-31
125696,Peanut (Arachis hypogaea) Allergen Powder-dnfp,Palforzia,"Greer Laboratories, Inc.",Powder,Oral,20MG,<NA>,N,2020-01-31
125696,Peanut (Arachis hypogaea) Allergen Powder-dnfp,Palforzia,"Greer Laboratories, Inc.",Powder,Oral,100MG,<NA>,N,2020-01-31
125696,Peanut (Arachis hypogaea) Allergen Powder-dnfp,Palforzia,"Greer Laboratories, Inc.",Powder,Oral,300MG,<NA>,N,2020-01-31
125700,nadofaragene firadenovec-vncg,Adstiladrin,Ferring Pharmaceuticals A/S,For Suspension,Intravesical,3x10^11 viral particles (vp)/mL,N/A,Y,2022-12-16
125701,"Meningococcal (Groups A, C, Y, W) Conjugate Vaccine",Menquadfi,Sanofi Pasteur Inc.,Injection,Intramuscular,0.5ML,<NA>,N,2020-04-23
125703,Brexucabtagene Autoleucel,Tecartus,"Kite Pharma, Inc.",For Injection,Intravenous,2×10^6 CAR-positive viable T cells per kg body weight,<NA>,N,2020-07-24
125706,remestemcel-L-rknd,ryoncil,"Mesoblast, Inc.",Suspension,Intravenous,6.68X10^CELL/ML,N/A,Y,2024-12-18
125714,lisocabtagene maraleucel,Breyanzi,"Juno Therapeutics, Inc. a Bristol Myer-Squibb Company",Injection,Intravenous,4.6ML/VIAL,<NA>,N,2021-02-05
125717,betibeglogene autotemcel,Zynteglo,Bluebird Bio Inc.,For Injection,Intravenous,1.7-20 X 10^6CELL/ML,N/A,Y,2022-08-17
125720,valoctocogene roxaparvovec-rvox,Roctavian,Biomarin Pharmaceutical Inc.,Injection,Intravenous,16X 10E13GENOMES PER ML,<NA>,N,2023-06-29
125722,eladocagene exuparvovec-tneq,KEBILIDI,PTC Therapeutics,Suspension,Intraputaminal,5.6x10^11VG/ML,N/A,Y,2024-11-13
125730,Allogeneic cultured keratinocytes and dermal fibroblasts in murine collagen-dsat,StrataGraft,Stratatech Corporation,Cell Sheets,Topical,100CM SQUARED,N/A,Y,2021-06-15
125731,Pneumococcal 20-valent Conjugate Vaccine,Prevnar 20,Wyeth Pharmaceuticals LLC,Injection,Intramuscular,0.5 ML,N/A,Y,2021-06-08
125734,donislecel-jujn,Lantidra,CellTrans Inc.,Suspension,Intravenous,1X10E6EQUIVALENT ISLET NUMBER (EIN),<NA>,N,2023-06-28
125736,idecabtagene vicleucel,Abecma,"Celgene Corporation, a Bristol-Myers Squibb Company",Suspension,Intravenous,300 to 460 X 10^6 CHIMERIC ANTIGEN RECEPTOR (CAR)-POSITIVE T CELLS,N/A,Y,2021-03-03
125736,idecabtagene vicleucel,Abecma,"Celgene Corporation, a Bristol-Myers Squibb Company",Suspension,Intravenous,300 to 510 X 10^6 CHIMERIC ANTIGEN RECEPTOR (CAR)-POSITIVE T CELLS,N/A,Y,2024-04-04
125737,Hepatitis B Vaccine (Recombinant),Prehevbrio,"VBI Vaccines (Delaware), Inc.",For Injection,Intramuscular,10UG/ML,N/A,Y,2021-11-30
125738,omidubicel-onlv,OMISIRGE,Gamida Cell Ltd.,For Injection,Intravenous,">4.0x10^8 total viable cells, >2.4x10^7 CD3+ cells with 41mL dil sol; >8.0x10^8 total viable cells, >8.7% CD34+ cells, >9.2x10^7 CD34+ cells with 81mL dil so",N/A,Y,2023-04-17
125739,"fecal microbiota, live-jslm",Rebyota,Ferring Pharmaceuticals Inc.,Suspension,Rectal,BETWEEN 1X10^8 AND 5X10^10CFU,N/A,Y,2022-11-30
125740,Tick-Borne Encephalitis Vaccine,Ticovac,Pfizer Ireland Pharmaceuticals,Injection,Intramuscular,2.4UG/0.5ML,<NA>,N,2021-08-13
125740,Tick-Borne Encephalitis Vaccine,Ticovac,Pfizer Ireland Pharmaceuticals,Injection,Intramuscular,1.2UG/0.25ML,<NA>,N,2021-08-13
125741,Pneumococcal 15-valent Conjugate Vaccine,Vaxneuvance,Merck Sharp & Dohme LLC,Injection,Intramuscular,2.0UG,<NA>,N,2021-07-16
125742,"COVID-19 Vaccine, mRNA",Comirnaty,BioNTech Manufacturing GmbH,For Injection,Intramuscular,30UG,N/A,Y,2021-08-23
125742,"COVID-19 Vaccine, mRNA",Comirnaty,BioNTech Manufacturing GmbH,For Injection,Intramuscular,30UG,N/A,Y,2023-09-11
125742,"COVID-19 Vaccine, mRNA",Comirnaty,BioNTech Manufacturing GmbH,For Injection,Intramuscular,10UG,N/A,Y,2025-08-27
125743,"immune globulin intravenous, human-stwk",Alyglo,GC Biopharma Corp.,Injection,Intravenous,10% 100MG/ML,N/A,Y,2023-12-15
125746,ciltacabtagene autoleucel,Carvykti,"Janssen Biotech, Inc.",For Injection,Intravenous,"0.5 to 1.0x10^6 chimeric antigen receptor (CAR)-positive viable T cells per kg of body weight, with a maximum dose of 1x10^8 CAR-positive viable T cells in one infusion",N/A,Y,2022-02-28
125748,"Measles, Mumps and Rubella Vaccine Live",PRIORIX,GlaxoSmithKline Biologicals,For Injection,Subcutaneous,"3.4, 4.2 and 3.3LOG10",N/A,Y,2022-06-03
125752,"COVID-19 Vaccine, mRNA",Spikevax,"ModernaTX, Inc.",Injection,Intramuscular,100UG,N/A,Y,2022-01-31
125752,"COVID-19 Vaccine, mRNA",Spikevax,"ModernaTX, Inc.",Injection,Intramuscular,50UG/0.5mL,N/A,Y,2023-09-11
125752,"COVID-19 Vaccine, mRNA",Spikevax,"ModernaTX, Inc.",Injection,Intramuscular,50UG,N/A,Y,2023-09-11
125752,"COVID-19 Vaccine, mRNA",Spikevax,"ModernaTX, Inc.",Injection,Intramuscular,25UG/0.25mL,N/A,Y,2025-07-09
125755,elivaldogene autotemcel,Skysona,Bluebird Bio Inc.,Injection,Intravenous,2-30 × 10^6 CELL/ML,<NA>,N,2022-09-16
125757,"fecal microbiota spores, live-brpk",Vowst,"Aimmune Therapeutics, Inc.",Capsule,Oral,1X10 LOG 6 AND 3X10 LOG 7CFU/TAB,N/A,Y,2023-04-26
125758,atidarsagene autotemcel,Lenmeldy,Orchard Therapeutics (Europe) Ltd.,Suspension,Intravenous,2 x 10^6 to 11.8 x 10^6CELL/ML,N/A,Y,2024-03-18
125761,"Anthrax Vaccine Adsorbed, Adjuvanted",CYFENDUS,"Emergent Product Development Gaithersburg, Inc.",Injection,Intramuscular,100UG/ML,N/A,Y,2023-07-20
125764,"HPC, Cord Blood",regenecyte,"StemCyte, Inc.",Injection,Intravenous,>/=1.25x10E6 VIABLE CD34+ CELLS/UNIT IN >/=9x10E8 TNCs/UNIT,N/A,Y,2024-11-21
125769,Respiratory Syncytial Virus Vaccine,Abrysvo,Pfizer Inc.,Injection,Intramuscular,120UG,N/A,Y,2023-05-31
125770,"Meningococcal Groups A, B, C, W, and Y Vaccine",PENBRAYA,Pfizer Ireland Pharmaceuticals,Injection,Intramuscular,5UG,N/A,Y,2023-10-20
125771,"antihemophilic factor (recombinant), Fc-VWF-XTEN fusion protein-ehtl",ALTUVIIIO,"Bioverativ Therapeutics, Inc.",For Injection,Intravenous,250IU,N/A,Y,2023-02-22
125771,"antihemophilic factor (recombinant), Fc-VWF-XTEN fusion protein-ehtl",ALTUVIIIO,"Bioverativ Therapeutics, Inc.",For Injection,Intravenous,500IU,N/A,Y,2023-02-22
125771,"antihemophilic factor (recombinant), Fc-VWF-XTEN fusion protein-ehtl",ALTUVIIIO,"Bioverativ Therapeutics, Inc.",For Injection,Intravenous,750IU,N/A,Y,2023-02-22
125771,"antihemophilic factor (recombinant), Fc-VWF-XTEN fusion protein-ehtl",ALTUVIIIO,"Bioverativ Therapeutics, Inc.",For Injection,Intravenous,1000IU,N/A,Y,2023-02-22
125771,"antihemophilic factor (recombinant), Fc-VWF-XTEN fusion protein-ehtl",ALTUVIIIO,"Bioverativ Therapeutics, Inc.",For Injection,Intravenous,2000IU,N/A,Y,2023-02-22
125771,"antihemophilic factor (recombinant), Fc-VWF-XTEN fusion protein-ehtl",ALTUVIIIO,"Bioverativ Therapeutics, Inc.",For Injection,Intravenous,3000IU,N/A,Y,2023-02-22
125771,"antihemophilic factor (recombinant), Fc-VWF-XTEN fusion protein-ehtl",ALTUVIIIO,"Bioverativ Therapeutics, Inc.",For Injection,Intravenous,4000IU,N/A,Y,2023-02-22
125772,etranacogene dezaparvovec-drlb,Hemgenix,CSL Behring LLC,Injection,Intravenous,1X10E13GENOME COPIES/ML,N/A,Y,2022-11-22
125773,Lifileucel,AMTAGVI,"Iovance Biotherapeutics, Inc.",Suspension,Intravenous,7.5x10^9 to 72x10^9Cells,N/A,Y,2024-02-16
125774,beremagene geperpavec-svdt,VYJUVEK,"Krystal Biotech, Inc.",Gel,Topical,5.0x10^9 PFU/mL,N/A,Y,2023-05-19
125775,"Respiratory Syncytial Virus Vaccine, Adjuvanted",Arexvy,GlaxoSmithKline Biologicals,For Injection,Intramuscular,120UG/.5ML,N/A,Y,2023-05-03
125776,"Prothrombin complex concentrate, human-lans",Balfaxar,Octapharma Pharmazeutika Produktionsges.m.b.H.,For Injection,Intravenous,500IU,<NA>,N,2023-07-21
125776,"Prothrombin complex concentrate, human-lans",Balfaxar,Octapharma Pharmazeutika Produktionsges.m.b.H.,For Injection,Intravenous,1000IU,<NA>,N,2023-07-21
125777,"Chikungunya Vaccine, Live",IXCHIQ,Valneva Austria GmbH,For Injection,Intramuscular,3.0 log10 TCID,N/A,Y,2023-11-09
125781,delandistrogene moxeparvovec-rokl,ELEVIDYS,"Sarepta Therapeutics, Inc.",Suspension,Intravenous,1.33 ×10E14 vector genomes (vg)/kg/bodyweight(bw),N/A,Y,2023-06-22
125786,fidanacogene elaparvovec-dzkt,BEQVEZ,Pfizer Inc.,Suspension,Intravenous,1x E13 VG/ML,N/A,Y,2024-04-25
125787,Exagamglogene autotemcel,Casgevy,Vertex Pharmaceuticals Inc,Suspension,Intravenous,4-13 × 10^6 CELL/ML,N/A,Y,2023-12-08
125788,lovotibeglogene autotemcel,LYFGENIA,bluebird bio Inc.,Suspension,Intravenous,1.7-20x10^6CELL/ML,N/A,Y,2023-12-08
125789,afamitresgene autoleucel,tecelra,Adaptimmune LLC,Suspension,Intravenous,2.68 x 10^9 to 10 x 10^9 CELL/ML,N/A,Y,2024-08-01
125795,"ADAMTS13, recombinant-krhn",ADZYNMA,"Takeda Pharmaceuticals U.S.A., Inc.",For Injection,Intravenous,500IU,N/A,Y,2023-11-09
125795,"ADAMTS13, recombinant-krhn",ADZYNMA,"Takeda Pharmaceuticals U.S.A., Inc.",For Injection,Intravenous,1500IU,N/A,Y,2023-11-09
125796,Respiratory Syncytial Virus Vaccine,mresvia,"ModernaTX, Inc.",For Injection,Intramuscular,50UG/.5ML,N/A,Y,2024-05-31
125798,revakinagene taroretcel-lwey,encelto,Neurotech Pharmaceuticals Inc.,Implant,Implantation,"200,000-440,000CELLS/IMPLANT",N/A,Y,2025-03-05
125807,Prademagene zamikeracel,zevaskyn,Abeona Therapeutics Inc.,Cellular Sheet,Topical,41.25CM^2,N/A,Y,2025-04-28
125810,"immune globulin intravenous, human-dira",YIMMUGO,YIMMUGO,For Injection,Intravenous,5G/50ML,N/A,Y,2024-06-13
125810,"immune globulin intravenous, human-dira",YIMMUGO,YIMMUGO,For Injection,Intravenous,10G/100ML,N/A,Y,2024-06-13
125810,"immune globulin intravenous, human-dira",YIMMUGO,YIMMUGO,For Injection,Intravenous,20G/200ML,N/A,Y,2024-06-13
125812,acellular tissue engineered vessel-tyod,symvess,Humacyte Global Inc.,Implant,Implantation,"6 MM IN INNER DIAMETER,~42 CM LENGTH",N/A,Y,2024-12-19
125813,Obecabtagene autoleucel,Aucatzyl,"Autolus, Inc.",Suspension,Intravenous,410 × 10^6CAR+ T CELLS TOTAL; DELIVERED AS A SPLIT DOSE IN 3-5 BAGS ON DAY 1 & 10,N/A,Y,2024-11-08
125814,Pneumococcal 21-valent Conjugate Vaccine,CAPVAXIVE,Merck Sharp & Dohme LLC,Injection,Intramuscular,84UG/.5ML,N/A,Y,2024-06-17
125817,"COVID-19 Vaccine, Adjuvanted",NUVAXOVID,"Novavax, Inc.",Injection,Intramuscular,5UG,N/A,Y,2025-05-16
125819,"Meningococcal Groups A, B, C, W and Y Vaccine",PENMENVY,GlaxoSmithKline Biologicals,Injection,Intramuscular,25UG/0.5ML,N/A,Y,2025-02-14
125820,"Chikungunya Vaccine, Recombinant",VIMKUNYA,Bavarian Nordic A/S,Injection,Intramuscular,40UG/0.8ML,N/A,Y,2025-02-14
125832,PAPZIMEOS,PAPZIMEOS,"Precigen, Inc.",For Injection,Subcutaneous,5x10^11PARTICLE UNITS,N/A,Y,2025-08-14
125835,"COVID-19 Vaccine, mRNA",mnexspike,"ModernaTX, Inc.",Injection,Intramuscular,10UG,N/A,Y,2025-05-30
203313,insulin degludec and insulin aspart,Ryzodeg 70/30,Novo Nordisk Inc.,Injection,Subcutaneous,210UNITS/3ML (70UNITS/ML); 90UNIT/3ML (30UNITS/ML),N/A,Y,2015-09-25
203314,insulin degludec,Tresiba,Novo Nordisk Inc.,Injection,Subcutaneous,300UNITS/3ML (100UNITS/ML),N/A,Y,2015-09-25
203314,insulin degludec,Tresiba,Novo Nordisk Inc.,Injection,Subcutaneous,600UNITS/3ML (200UNITS/ML),N/A,Y,2015-09-25
203314,insulin degludec,Tresiba,Novo Nordisk Inc.,Injection,Subcutaneous,"1,000UNITS/10ML (100UNITS/ML)",N/A,Y,2018-11-21
205692,insulin glargine,Basaglar,Eli Lilly and Company,Injection,Subcutaneous,300UNITS/3ML (100UNITS/ML),N/A,Y,2015-12-16
205692,insulin glargine,Basaglar,Eli Lilly and Company,Injection,Subcutaneous,300UNITS/3ML (100UNITS/ML),N/A,Y,2019-11-15
205747,insulin lispro,Humalog,Eli Lilly and Company,Injection,Subcutaneous,600UNITS/3ML (200UNITS/ML),N/A,Y,2015-05-26
205747,insulin lispro,Humalog,Eli Lilly and Company,Injection,Subcutaneous,600UNITS/3ML (200UNITS/ML),N/A,Y,2025-05-07
206538,insulin glargine,Toujeo,Sanofi-Aventis U.S. LLC,Injection,Subcutaneous,450UNITS/1.5ML (300UNITS/ML),N/A,Y,2015-02-25
206538,insulin glargine,Toujeo,Sanofi-Aventis U.S. LLC,Injection,Subcutaneous,900UNITS/3ML (300UNITS/ML),N/A,Y,2018-03-26
208157,insulin human,Myxredlin,Baxter Healthcare Corporation,Injection,Intravenous,100UNITS/100ML (1UNIT/ML),N/A,Y,2019-06-20
208471,lixisenatide,Adlyxin,Sanofi-Aventis U.S. LLC,Injection,Subcutaneous,150MCG/3ML (50MCG/ML),N/A,Y,2016-07-27
208471,lixisenatide,Adlyxin,Sanofi-Aventis U.S. LLC,Injection,Subcutaneous,300MCG/3ML (100MCG/ML),N/A,Y,2016-07-27
208583,insulin degludec and liraglutide,Xultophy 100/3.6,Novo Nordisk Inc.,Injection,Subcutaneous,300UNITS/3ML (100UNITS/ML); 10.8MG/3ML (3.6MG/ML),N/A,Y,2016-11-21
208673,insulin glargine and lixisenatide,Soliqua 100/33,Sanofi-Aventis U.S. LLC,Injection,Subcutaneous,300UNITS/3ML (100UNITS/ML); 99MCG/3ML (33MCG/ML),N/A,Y,2016-11-21
208751,insulin aspart,Fiasp,Novo Nordisk Inc.,Injection,"Intravenous, Subcutaneous",1000UNITS/10ML (100UNITS/ML),N/A,Y,2017-09-29
208751,insulin aspart,Fiasp,Novo Nordisk Inc.,Injection,Subcutaneous,300UNITS/3ML (100UNITS/ML),N/A,Y,2017-09-29
208751,insulin aspart,Fiasp,Novo Nordisk Inc.,Injection,Subcutaneous,300UNITS/3ML (100UNITS/ML),N/A,Y,2018-09-24
208751,insulin aspart,Fiasp,Novo Nordisk Inc.,Injection,Subcutaneous,160UNITS/1.6ML (100UNITS/ML),N/A,Y,2023-06-21
209196,insulin lispro,Admelog,Sanofi-Aventis U.S. LLC,Injection,"Intravenous, Subcutaneous","1,000UNITS/10ML (100UNITS/ML)",N/A,Y,2017-12-11
209196,insulin lispro,Admelog,Sanofi-Aventis U.S. LLC,Injection,Subcutaneous,300UNITS/3ML (100UNITS/ML),N/A,Y,2017-12-11
209196,insulin lispro,Admelog,Sanofi-Aventis U.S. LLC,Injection,"Intravenous, Subcutaneous",300UNITS/3ML (100UNITS/ML),N/A,Y,2018-10-19
210089,kit for the preparation of technetium Tc-99m albumin aggregated,Pulmotech MAA,Cis Bio International,For Injectable Suspension,"Intravenous, Intraperitoneal",2MG,N/A,Y,2020-03-20
210605,insulin glargine,Semglee,Mylan Pharmaceuticals Inc.,Injection,Subcutaneous,"1,000UNITS/10ML (100 UNITS/ML)",N/A,Y,2020-06-11
210605,insulin glargine,Semglee,Mylan Pharmaceuticals Inc.,Injection,Subcutaneous,300UNITS/3ML (100UNITS/ML),N/A,Y,2020-06-11
761024,adalimumab-atto,Amjevita,Amgen Inc.,Injection,Subcutaneous,20MG/0.4ML,Humira,N,2016-09-23
761024,adalimumab-atto,Amjevita,Amgen Inc.,Injection,Subcutaneous,40MG/0.8ML,Humira,N,2016-09-23
761024,adalimumab-atto,Amjevita,Amgen Inc.,Injection,Subcutaneous,10MG/0.2ML,Humira,N,2023-04-06
761024,adalimumab-atto,Amjevita,Amgen Inc.,Injection,Subcutaneous,20MG/0.2ML,Humira,N,2023-08-14
761024,adalimumab-atto,Amjevita,Amgen Inc.,Injection,Subcutaneous,40MG/0.4ML,Humira,N,2023-08-14
761024,adalimumab-atto,Amjevita,Amgen Inc.,Injection,Subcutaneous,80MG/0.8ML,Humira,N,2023-08-14
761025,idarucizumab,Praxbind,"Boehringer Ingelheim Pharmaceuticals, Inc.",Injection,Intravenous,2.5G/50ML,N/A,Y,2015-10-16
761028,bevacizumab-awwb,Mvasi,Amgen Inc.,Injection,Intravenous,100MG/4ML (25MG/ML),Avastin,N,2017-09-14
761028,bevacizumab-awwb,Mvasi,Amgen Inc.,Injection,Intravenous,400MG/16ML (25MG/ML),Avastin,N,2017-09-14
761029,daclizumab,Zinbryta,Biogen Inc.,Injection,Subcutaneous,150MG/ML,N/A,Y,2016-05-27
761029,daclizumab,Zinbryta,Biogen Inc.,Injection,Subcutaneous,150MG/ML,N/A,Y,2017-05-26
761032,brodalumab,Siliq,"Bausch Health Ireland, Limited",Injection,Subcutaneous,210MG/1.5ML,N/A,Y,2017-02-15
761033,reslizumab,Cinqair,"Teva Respiratory, LLC",Injection,Intravenous,100MG/10ML (10MG/ML),N/A,Y,2016-03-23
761034,atezolizumab,Tecentriq,"Genentech, Inc.",Injection,Intravenous,"1,200MG/20ML (60MG/ML)",N/A,Y,2016-05-18
761034,atezolizumab,Tecentriq,"Genentech, Inc.",Injection,Intravenous,840MG/14ML (60MG/ML),N/A,Y,2019-03-08
761035,elotuzumab,Empliciti,Bristol-Myers Squibb Company,For Injection,Intravenous,300MG,N/A,Y,2015-11-30
761035,elotuzumab,Empliciti,Bristol-Myers Squibb Company,For Injection,Intravenous,400MG,N/A,Y,2015-11-30
761036,daratumumab,Darzalex,"Janssen Biotech, Inc.",Injection,Intravenous,100MG/5ML,N/A,Y,2015-11-16
761036,daratumumab,Darzalex,"Janssen Biotech, Inc.",Injection,Intravenous,400MG/20ML,N/A,Y,2015-11-16
761037,sarilumab,Kevzara,Sanofi-Aventis U.S. LLC,Injection,Subcutaneous,150MG/1.14ML,N/A,Y,2017-05-22
761037,sarilumab,Kevzara,Sanofi-Aventis U.S. LLC,Injection,Subcutaneous,200MG/1.14ML,N/A,Y,2017-05-22
761037,sarilumab,Kevzara,Sanofi-Aventis U.S. LLC,Injection,Subcutaneous,150MG/1.14ML,N/A,Y,2018-04-13
761037,sarilumab,Kevzara,Sanofi-Aventis U.S. LLC,Injection,Subcutaneous,200MG/1.14ML,N/A,Y,2018-04-13
761038,olaratumab,Lartruvo,Eli Lilly and Company,Injection,Intravenous,500MG/50ML (10MG/ML),N/A,Y,2016-10-19
761038,olaratumab,Lartruvo,Eli Lilly and Company,Injection,Intravenous,190MG/19ML (10MG/ML),N/A,Y,2017-07-10
761039,pegfilgrastim-cbqv,Udenyca,Accord BioPharma Inc.,Injection,Subcutaneous,6MG/0.6ML,Neulasta,N,2018-11-02
761039,pegfilgrastim-cbqv,Udenyca,Accord BioPharma Inc.,Injection,Subcutaneous,6MG/0.6ML,Neulasta,N,2023-03-03
761039,pegfilgrastim-cbqv,Udenyca Onbody,Accord BioPharma Inc.,Injection,Subcutaneous,6MG/0.6ML,Neulasta,N,2023-12-22
761040,inotuzumab ozogamicin,Besponsa,Wyeth Pharmaceuticals LLC,For Injection,Intravenous,0.9MG,N/A,Y,2017-08-17
761042,etanercept-szzs,Erelzi,Sandoz Inc.,Injection,Subcutaneous,25MG/0.5ML,Enbrel,N,2016-08-30
761042,etanercept-szzs,Erelzi,Sandoz Inc.,Injection,Subcutaneous,50MG/ML,Enbrel,N,2016-08-30
761042,etanercept-szzs,Erelzi Sensoready,Sandoz Inc.,Injection,Subcutaneous,50MG/ML,Enbrel,N,2016-08-30
761042,etanercept-szzs,Erelzi,Sandoz Inc.,For Injection,Subcutaneous,25MG,Enbrel,N,2022-11-10
761043,belimumab,Benlysta,GlaxoSmithKline LLC,Injection,Subcutaneous,200MG/ML,N/A,Y,2017-07-20
761044,ustekinumab,Stelara,"Janssen Biotech, Inc.",Injection,Intravenous,130MG/26ML (5MG/ML),N/A,Y,2016-09-23
761045,pegfilgrastim-bmez,Ziextenzo,Sandoz Inc.,Injection,Subcutaneous,6MG/0.6ML,Neulasta,N,2019-11-04
761046,bezlotoxumab,Zinplava,Merck Sharp & Dohme LLC,Injection,Intravenous,"1,000MG/40ML (25MG/ML)",N/A,Y,2016-10-21
761047,vestronidase alfa-vjbk,Mepsevii,Ultragenyx Pharamceutical Inc.,Injection,Intravenous,10MG/5ML (2MG/ML),N/A,Y,2017-11-15
761049,avelumab,Bavencio,"EMD Serono, Inc.",Injection,Intravenous,200MG/10ML (20MG/ML),N/A,Y,2017-03-23
761051,mogamulizumab-kpkc,Poteligeo,"Kyowa Kirin, Inc.",Injection,Intravenous,20MG/5ML (4MG/ML),N/A,Y,2018-08-08
761052,cerliponase alfa,Brineura,BioMarin Pharmaceutical Inc.,Injection,Intraventricular,150MG/5ML (30MG/ML),N/A,Y,2017-04-27
761053,ocrelizumab,Ocrevus,"Genentech, Inc.",Injection,Intravenous,300MG/10ML (30MG/ML),N/A,Y,2017-03-28
761054,infliximab-abda,Renflexis,"Samsung Bioepis Co., Ltd.",For Injection,Intravenous,100MG,Remicade,N,2017-04-21
761055,dupilumab,Dupixent,"Regeneron Pharmaceuticals, Inc.",Injection,Subcutaneous,300MG/2ML,N/A,Y,2017-03-28
761055,dupilumab,Dupixent,"Regeneron Pharmaceuticals, Inc.",Injection,Subcutaneous,200MG/1.14ML,N/A,Y,2018-10-19
761055,dupilumab,Dupixent,"Regeneron Pharmaceuticals, Inc.",Injection,Subcutaneous,300MG/2ML,N/A,Y,2020-06-18
761055,dupilumab,Dupixent,"Regeneron Pharmaceuticals, Inc.",Injection,Subcutaneous,200MG/1.14ML,N/A,Y,2021-06-14
761055,dupilumab,Dupixent,"Regeneron Pharmaceuticals, Inc.",Injection,Subcutaneous,100MG/0.67ML,N/A,Y,2021-10-20
761058,adalimumab-adbm,Cyltezo,"Boehringer Ingelheim Pharmaceuticals, Inc.",Injection,Subcutaneous,40MG/0.8ML,Humira,N,2017-08-25
761058,adalimumab-adbm,Cyltezo,"Boehringer Ingelheim Pharmaceuticals, Inc.",Injection,Subcutaneous,20MG/0.4ML,Humira,N,2018-07-13
761058,adalimumab-adbm,Cyltezo,"Boehringer Ingelheim Pharmaceuticals, Inc.",Injection,Subcutaneous,10MG/0.2ML,Humira,N,2022-03-18
761058,adalimumab-adbm,Cyltezo,"Boehringer Ingelheim Pharmaceuticals, Inc.",Injection,Subcutaneous,40MG/0.8ML,Humira,N,2023-05-18
761058,adalimumab-adbm,Cyltezo,"Boehringer Ingelheim Pharmaceuticals, Inc.",Injection,Subcutaneous,40MG/0.4ML,Humira,N,2024-04-30
761059,adalimumab-bwwd,Hadlima,"Samsung Bioepis Co., Ltd.",Injection,Subcutaneous,40MG/0.8ML,Humira,N,2019-07-23
761059,adalimumab-bwwd,Hadlima,"Samsung Bioepis Co., Ltd.",Injection,Subcutaneous,40MG/0.8ML,Humira,N,2022-06-17
761059,adalimumab-bwwd,Hadlima,"Samsung Bioepis Co., Ltd.",Injection,Subcutaneous,40MG/0.4ML,Humira,N,2022-08-15
761060,gemtuzumab ozogamicin,Mylotarg,Wyeth Pharmaceuticals LLC,For Injection,Intravenous,4.5MG,N/A,Y,2017-09-01
761061,guselkumab,Tremfya,"Janssen Biotech, Inc.",Injection,Subcutaneous,100MG/ML,N/A,Y,2017-07-13
761061,guselkumab,Tremfya,"Janssen Biotech, Inc.",Injection,Subcutaneous,100MG/ML,N/A,Y,2019-01-28
761061,guselkumab,Tremfya,"Janssen Biotech, Inc.",Injection,Subcutaneous,200MG/2ML (100MG/ML),N/A,Y,2024-09-11
761061,guselkumab,Tremfya,"Janssen Biotech, Inc.",Injection,Intravenous,200MG/20ML (10MG/ML),N/A,Y,2024-09-11
761062,romosozumab-aqqg,Evenity,Amgen Inc.,Injection,Subcutaneous,105MG/1.17ML,N/A,Y,2019-04-09
761063,galcanezumab-gnlm,Emgality,Eli Lilly and Company,Injection,Subcutaneous,120MG/ML,N/A,Y,2018-09-27
761063,galcanezumab-gnlm,Emgality,Eli Lilly and Company,Injection,Subcutaneous,100MG/ML,N/A,Y,2019-06-04
761064,rituximab and hyaluronidase human,Rituxan Hycela,"Genentech, Inc.",Injection,Subcutaneous,"1,400MG/11.7ML; 23,400UNITS/11.7ML (120MG/2,000UNITS/ML)",N/A,Y,2017-06-22
761064,rituximab and hyaluronidase human,Rituxan Hycela,"Genentech, Inc.",Injection,Subcutaneous,"1,600MG/13.4ML; 26,800UNITS/13.4ML (120MG/2,000UNITS/ML)",N/A,Y,2017-06-22
761065,ibalizumab-uiyk,Trogarzo,Theratechnologies Inc.,Injection,Intravenous,200MG/1.33ML (150MG/ML),N/A,Y,2018-03-06
761066,etanercept-ykro,Eticovo,"Samsung Bioepis Co., Ltd.",Injection,Subcutaneous,50MG/ML,Enbrel,N,2019-04-25
761066,etanercept-ykro,Eticovo,"Samsung Bioepis Co., Ltd.",Injection,Subcutaneous,25MG/0.5ML,Enbrel,N,2019-04-25
761066,etanercept-ykro,Eticovo,"Samsung Bioepis Co., Ltd.",Injection,Subcutaneous,50MG/ML,Enbrel,N,2024-05-03
761067,tildrakizumab-asmn,Ilumya,Sun Pharmaceutical Industries Limited,Injection,Subcutaneous,100MG/ML,N/A,Y,2018-03-20
761068,burosumab-twza,Crysvita,"Kyowa Kirin, Inc.",Injection,Subcutaneous,10MG/ML,N/A,Y,2018-04-17
761068,burosumab-twza,Crysvita,"Kyowa Kirin, Inc.",Injection,Subcutaneous,20MG/ML,N/A,Y,2018-04-17
761068,burosumab-twza,Crysvita,"Kyowa Kirin, Inc.",Injection,Subcutaneous,30MG/ML,N/A,Y,2018-04-17
761069,durvalumab,Imfinzi,AstraZeneca UK Ltd,Injection,Intravenous,500MG/10ML (50MG/ML),N/A,Y,2017-05-01
761069,durvalumab,Imfinzi,AstraZeneca UK Ltd,Injection,Intravenous,120MG/2.4ML (50MG/ML),N/A,Y,2017-05-01
761070,benralizumab,Fasenra,AstraZeneca AB,Injection,Subcutaneous,30MG/ML,N/A,Y,2017-11-14
761070,benralizumab,Fasenra,AstraZeneca AB,Injection,Subcutaneous,30MG/ML,N/A,Y,2019-10-03
761070,benralizumab,Fasenra,AstraZeneca AB,Injection,Subcutaneous,10MG/0.5ML,N/A,Y,2024-04-05
761071,adalimumab-adaz,Hyrimoz,Sandoz Inc.,Injection,Subcutaneous,40MG/0.8ML,Humira,N,2018-10-30
761071,adalimumab-adaz,Hyrimoz,Sandoz Inc.,Injection,Subcutaneous,10MG/0.2ML,Humira,N,2022-03-28
761071,adalimumab-adaz,Hyrimoz,Sandoz Inc.,Injection,Subcutaneous,40MG/0.4ML,Humira,N,2023-03-20
761071,adalimumab-adaz,Hyrimoz,Sandoz Inc.,Injection,Subcutaneous,80MG/0.8ML,Humira,N,2023-03-20
761071,adalimumab-adaz,Hyrimoz,Sandoz Inc.,Injection,Subcutaneous,20MG/0.4ML,Humira,N,2023-03-20
761071,adalimumab-adaz,Hyrimoz,Sandoz Inc.,Injection,Subcutaneous,10MG/0.1ML,Humira,N,2023-03-20
761071,adalimumab-adaz,Hyrimoz,Sandoz Inc.,Injection,Subcutaneous,20MG/0.2ML,Humira,N,2023-03-20
761072,infliximab-qbtx,Ixifi,Pfizer Ireland Pharmaceuticals,For Injection,Intravenous,100MG,Remicade,N,2017-12-13
761073,trastuzumab-anns,Kanjinti,Amgen Inc.,For Injection,Intravenous,420MG,Herceptin,N,2019-06-13
761073,trastuzumab-anns,Kanjinti,Amgen Inc.,For Injection,Intravenous,150MG,Herceptin,N,2019-10-25
761074,trastuzumab-dkst,Ogivri,Biocon Biologics Inc.,For Injection,Intravenous,420MG,Herceptin,N,2017-12-01
761074,trastuzumab-dkst,Ogivri,Biocon Biologics Inc.,For Injection,Intravenous,150MG,Herceptin,N,2019-04-17
761075,pegfilgrastim-jmdb,Fulphila,Biocon Biologics Inc.,Injection,Subcutaneous,6MG/0.6ML,Neulasta,N,2018-06-04
761077,erenumab-aooe,Aimovig,Amgen Inc.,Injection,Subcutaneous,70MG/ML,N/A,Y,2018-05-17
761077,erenumab-aooe,Aimovig,Amgen Inc.,Injection,Subcutaneous,140MG/ML,N/A,Y,2019-03-11
761079,pegvaliase-pqpz,Palynziq,BioMarin Pharmaceutical Inc.,Injection,Subcutaneous,2.5MG/0.5ML,N/A,Y,2018-05-24
761079,pegvaliase-pqpz,Palynziq,BioMarin Pharmaceutical Inc.,Injection,Subcutaneous,10MG/0.5ML,N/A,Y,2018-05-24
761079,pegvaliase-pqpz,Palynziq,BioMarin Pharmaceutical Inc.,Injection,Subcutaneous,20MG/ML,N/A,Y,2018-05-24
761080,filgrastim-aafi,Nivestym,"Hospira Inc., a Pfizer Company",Injection,"Intravenous, Subcutaneous",300MCG/ML,Neupogen,N,2018-07-20
761080,filgrastim-aafi,Nivestym,"Hospira Inc., a Pfizer Company",Injection,"Intravenous, Subcutaneous",480MCG/1.6ML,Neupogen,N,2018-07-20
761080,filgrastim-aafi,Nivestym,"Hospira Inc., a Pfizer Company",Injection,Subcutaneous,300MCG/0.5ML,Neupogen,N,2018-07-20
761080,filgrastim-aafi,Nivestym,"Hospira Inc., a Pfizer Company",Injection,Subcutaneous,480MCG/0.8ML,Neupogen,N,2018-07-20
761081,trastuzumab-qyyp,Trazimera,Pfizer Ireland Pharmaceuticals,For Injection,Intravenous,420MG,Herceptin,N,2019-03-11
761081,trastuzumab-qyyp,Trazimera,Pfizer Ireland Pharmaceuticals,For Injection,Intravenous,150MG,Herceptin,N,2020-11-30
761082,filgrastim-ayow,Releuko,"Kashiv BioSciences, LLC",Injection,"Intravenous, Subcutaneous",300MCG/ML,Neupogen,N,2022-02-25
761082,filgrastim-ayow,Releuko,"Kashiv BioSciences, LLC",Injection,"Intravenous, Subcutaneous",480MCG/1.6ML,Neupogen,N,2022-02-25
761082,filgrastim-ayow,Releuko,"Kashiv BioSciences, LLC",Injection,Subcutaneous,300MCG/0.5ML,Neupogen,N,2022-02-25
761082,filgrastim-ayow,Releuko,"Kashiv BioSciences, LLC",Injection,Subcutaneous,480MCG/0.8ML,Neupogen,N,2022-02-25
761083,emicizumab-kxwh,Hemlibra,"Genentech, Inc.",Injection,Subcutaneous,30MG/ML,N/A,Y,2017-11-16
761083,emicizumab-kxwh,Hemlibra,"Genentech, Inc.",Injection,Subcutaneous,60MG/0.4ML,N/A,Y,2017-11-16
761083,emicizumab-kxwh,Hemlibra,"Genentech, Inc.",Injection,Subcutaneous,105MG/0.7ML,N/A,Y,2017-11-16
761083,emicizumab-kxwh,Hemlibra,"Genentech, Inc.",Injection,Subcutaneous,150MG/ML,N/A,Y,2017-11-16
761083,emicizumab-kxwh,Hemlibra,"Genentech, Inc.",Injection,Subcutaneous,300MG/2ML (150MG/ML),N/A,Y,2023-03-16
761083,emicizumab-kxwh,Hemlibra,"Genentech, Inc.",Injection,Subcutaneous,12MG/0.4ML,N/A,Y,2024-01-31
761084,pegfilgrastim-pbbk,Fylnetra,"Kashiv BioSciences, LLC",Injection,Subcutaneous,6MG/0.6ML,Neulasta,N,2022-05-26
761085,prabotulinumtoxinA-xvfs,Jeuveau,Evolus Inc.,For Injection,Intramuscular,100UNITS,N/A,Y,2019-02-01
761086,infliximab-axxq,Avsola,Amgen Inc.,For Injection,Intravenous,100MG,Remicade,N,2019-12-06
761088,rituximab-abbs,Truxima,"CELLTRION, Inc.",Injection,Intravenous,100MG/10ML (10MG/ML),Rituxan,N,2018-11-28
761088,rituximab-abbs,Truxima,"CELLTRION, Inc.",Injection,Intravenous,500MG/50ML (10MG/ML),Rituxan,N,2018-11-28
761089,fremanezumab-vfrm,Ajovy,"Teva Branded Pharmaceutical Products R&D, Inc.",Injection,Subcutaneous,225MG/1.5ML,N/A,Y,2018-09-14
761089,fremanezumab-vfrm,Ajovy,"Teva Branded Pharmaceutical Products R&D, Inc.",Injection,Subcutaneous,225MG/1.5ML,N/A,Y,2020-01-27
761090,lanadelumab-flyo,Takhzyro,"Takeda Pharmaceuticals U.S.A., Inc.",Injection,Subcutaneous,300MG/2ML (150MG/ML),N/A,Y,2018-08-23
761090,lanadelumab-flyo,Takhzyro,"Takeda Pharmaceuticals U.S.A., Inc.",Injection,Subcutaneous,300MG/2ML (150MG/ML),N/A,Y,2022-02-08
761090,lanadelumab-flyo,Takhzyro,"Takeda Pharmaceuticals U.S.A., Inc.",Injection,Subcutaneous,150MG/1ML (150MG/ML),N/A,Y,2023-02-03
761091,trastuzumab-pkrb,Herzuma,"CELLTRION, Inc.",For Injection,Intravenous,420MG,Herceptin,N,2018-12-14
761091,trastuzumab-pkrb,Herzuma,"CELLTRION, Inc.",For injection,Intravenous,150MG,Herceptin,N,2019-05-16
761092,elapegademase-lvlr,Revcovi,"Chiesi USA, Inc.",Injection,Intramuscular,2.4MG/1.5ML (1.6MG/ML),N/A,Y,2018-10-05
761094,cenegermin-bkbj,Oxervate,Dompé farmaceutici S.p.A.,Solution,Topical,0.002% (20MCG/ML),N/A,Y,2018-08-22
761097,cemiplimab-rwlc,Libtayo,"Regeneron Pharmaceuticals, Inc.",Injection,Intravenous,350MG/7ML (50MG/ML),N/A,Y,2018-09-28
761099,bevacizumab-bvzr,Zirabev,Pfizer Inc.,Injection,Intravenous,100MG/4ML (25MG/ML),Avastin,N,2019-06-27
761099,bevacizumab-bvzr,Zirabev,Pfizer Inc.,Injection,Intravenous,400MG/16ML (25MG/ML),Avastin,N,2019-06-27
761100,trastuzumab-dttb,Ontruzant,"Samsung Bioepis Co., Ltd.",For Injection,Intravenous,150MG,Herceptin,N,2019-01-18
761100,trastuzumab-dttb,Ontruzant,"Samsung Bioepis Co., Ltd.",For Injection,Intravenous,420MG,Herceptin,N,2020-03-20
761102,calaspargase pegol-mknl,Asparlas,Servier Pharmaceuticals LLC,Injection,Intravenous,"3,750UNITS/5ML (750UNITS/ML)",N/A,Y,2018-12-20
761103,rituximab-pvvr,Ruxience,Pfizer Ireland Pharmaceuticals,Injection,Intravenous,100MG/10ML (10MG/ML),Rituxan,N,2019-07-23
761103,rituximab-pvvr,Ruxience,Pfizer Ireland Pharmaceuticals,Injection,Intravenous,500MG/50ML (10MG/ML),Rituxan,N,2019-07-23
761104,moxetumomab pasudotox-tdfk,Lumoxiti,AstraZeneca AB,For Injection,Intravenous,1MG,N/A,Y,2018-09-13
761105,risankizumab-rzaa,Skyrizi,AbbVie Inc.,Injection,Subcutaneous,75MG/0.83ML,N/A,Y,2019-04-23
761105,risankizumab-rzaa,Skyrizi,AbbVie Inc.,Injection,Subcutaneous,150MG/ML,N/A,Y,2021-04-26
761105,risankizumab-rzaa,Skyrizi,AbbVie Inc.,Injection,Subcutaneous,180MG/1.2ML (150MG/ML),N/A,Y,2022-09-23
761105,risankizumab-rzaa,Skyrizi,AbbVie Inc.,Injection,Subcutaneous,360MG/2.4ML (150MG/ML),N/A,Y,2022-06-16
761105,risankizumab-rzaa,Skyrizi,AbbVie Inc.,Injection,Subcutaneous,90MG/ML,N/A,Y,2023-03-22
761105,risankizumab-rzaa,Skyrizi,AbbVie Inc.,Injection,Subcutaneous,180MG/1.2ML (150MG/ML),N/A,Y,2025-09-03
761106,trastuzumab and hyaluronidase-oysk,Herceptin Hylecta,"Genentech, Inc.",Injection,Subcutaneous,"600MG/5ML;10,000 UNITS/5ML (120MG/2,000UNITS/ML)",N/A,Y,2019-02-28
761107,emapalumab-lzsg,Gamifant,Swedish Orphan Biovitrum AB (publ),Injection,Intravenous,10MG/2ML (5MG/ML),N/A,Y,2018-11-20
761107,emapalumab-lzsg,Gamifant,Swedish Orphan Biovitrum AB (publ),Injection,Intravenous,50MG/10ML (5MG/ML),N/A,Y,2018-11-20
761107,emapalumab-lzsg,Gamifant,Swedish Orphan Biovitrum AB (publ),Injection,Intravenous,100MG/20ML (5MG/ML),N/A,Y,2020-06-26
761107,emapalumab-lzsg,Gamifant,Swedish Orphan Biovitrum AB (publ),Injection,Intravenous,50MG/2ML (25MG/ML),N/A,Y,2023-06-07
761107,emapalumab-lzsg,Gamifant,Swedish Orphan Biovitrum AB (publ),Injection,Intravenous,100MG/4ML (25MG/ML),N/A,Y,2023-06-07
761107,emapalumab-lzsg,Gamifant,Swedish Orphan Biovitrum AB (publ),Injection,Intravenous,250MG/10ML (25MG/ML),N/A,Y,2023-06-07
761108,ravulizumab-cwvz,Ultomiris,"Alexion Pharmaceuticals, Inc.",Injection,Intravenous,300MG/30ML (10MG/ML),N/A,Y,2018-12-21
761108,ravulizumab-cwvz,Ultomiris,"Alexion Pharmaceuticals, Inc.",Injection,Intravenous,300MG/3ML (100MG/ML),N/A,Y,2020-10-09
761108,ravulizumab-cwvz,Ultomiris,"Alexion Pharmaceuticals, Inc.",Injection,Intravenous,"1,100MG/11ML (100MG/ML)",N/A,Y,2020-10-09
761108,ravulizumab-cwvz,Ultomiris,"Alexion Pharmaceuticals, Inc.",Injection,Subcutaneous,245MG/3.5ML (70MG/ML),N/A,Y,2022-06-22
761109,insulin lispro-aabc,Lyumjev,Eli Lilly and Company,Injection,"Intravenous, Subcutaneous","1,000UNITS/10ML (100UNITS/ML)",N/A,Y,2020-06-15
761109,insulin lispro-aabc,Lyumjev,Eli Lilly and Company,Injection,"Intravenous, Subcutaneous",300UNITS/3ML (100UNITS/ML),N/A,Y,2020-06-15
761109,insulin lispro-aabc,Lyumjev,Eli Lilly and Company,Injection,"Intravenous, Subcutaneous",600UNITS/3ML (200UNITS/ML),N/A,Y,2020-06-15
761111,pegfilgrastim-apgf,Nyvepria,"Hospira Inc., a Pfizer Company",Injection,Subcutaneous,6MG/0.6ML,Neulasta,N,2020-06-10
761112,caplacizumab-yhdp,Cablivi,Ablynx NV,For injection,"Intravenous, Subcutaneous",11MG,N/A,Y,2019-02-06
761113,isatuximab-irfc,Sarclisa,Sanofi-Aventis U.S. LLC,Injection,Intravenous,100MG/5ML (20MG/ML),N/A,Y,2020-03-02
761113,isatuximab-irfc,Sarclisa,Sanofi-Aventis U.S. LLC,Injection,Intravenous,500MG/25ML (20MG/ML),N/A,Y,2020-03-02
761115,sacituzumab govitecan-hziy,Trodelvy,"Gilead Sciences, Inc.",For Injection,Intravenous,180MG,N/A,Y,2020-04-22
761116,tagraxofusp-erzs,Elzonris,"Stemline Therapeutics, Inc.",Injection,Intravenous,"1,000MCG/1ML",N/A,Y,2018-12-21
761118,adalimumab-afzb,Abrilada,Pfizer Inc.,Injection,Subcutaneous,40MG/0.8ML,Humira,N,2019-11-15
761118,adalimumab-afzb,Abrilada,Pfizer Inc.,Injection,Subcutaneous,20MG/0.4ML,Humira,N,2019-11-15
761118,adalimumab-afzb,Abrilada,Pfizer Inc.,Injection,Subcutaneous,10MG/0.2ML,Humira,N,2019-11-15
761119,eptinezumab-jjmr,Vyepti,"Lundbeck Seattle BioPharmaceuticals, Inc.",Injection,Intravenous,100MG/ML,N/A,Y,2020-02-21
761121,polatuzumab vedotin-piiq,Polivy,"Genentech, Inc.",For Injection,Intravenous,140MG,N/A,Y,2019-06-10
761121,polatuzumab vedotin-piiq,Polivy,"Genentech, Inc.",For Injection,Intravenous,30MG,N/A,Y,2020-09-18
761122,mepolizumab,Nucala,GlaxoSmithKline LLC,For Injection,Subcutaneous,100MG,N/A,Y,2019-06-06
761122,mepolizumab,Nucala,GlaxoSmithKline LLC,Injection,Subcutaneous,100MG/ML,N/A,Y,2019-06-06
761122,mepolizumab,Nucala,GlaxoSmithKline LLC,Injection,Subcutaneous,40MG/0.4ML,N/A,Y,2022-01-22
761123,anifrolumab-fnia,Saphnelo,AstraZeneca AB,Injection,Intravenous,300MG/2ML (150MG/ML),N/A,Y,2021-07-30
761125,brolucizumab-dbll,Beovu,Novartis Pharmaceuticals Corporation,Injection,Intravitreal,6MG/0.05ML,N/A,Y,2019-10-07
761125,brolucizumab-dbll,Beovu,Novartis Pharmaceuticals Corporation,Injection,Intravitreal,6MG/0.05ML,N/A,Y,2022-05-27
761126,filgrastim-txid,Nypozi,"Tanvex BioPharma USA, Inc.",Injection,"Intravenous, Subcutaneous",300MCG/0.5ML,Neupogen,N,2024-06-28
761126,filgrastim-txid,Nypozi,"Tanvex BioPharma USA, Inc.",Injection,"Intravenous, Subcutaneous",480MCG/0.8ML,Neupogen,N,2024-06-28
761127,daxibotulinumtoxinA-lanm,Daxxify,"Revance Therapeutics, Inc.",For Injection,Intramuscular,50UNITS,N/A,Y,2022-09-07
761127,daxibotulinumtoxinA-lanm,Daxxify,"Revance Therapeutics, Inc.",For Injection,Intramuscular,100UNITS,N/A,Y,2022-09-07
761128,crizanlizumab-tmca,Adakveo,Novartis Pharmaceuticals Corporation,Injection,Intravenous,100MG/10ML (10MG/ML),N/A,Y,2019-11-15
761133,vedolizumab,Entyvio,"Takeda Pharmaceuticals U.S.A., Inc.",Injection,Subcutaneous,108MG/0.68ML,N/A,Y,2023-09-27
761133,vedolizumab,Entyvio Pen,"Takeda Pharmaceuticals U.S.A., Inc.",Injection,Subcutaneous,108MG/0.68ML,N/A,Y,2023-09-27
761134,efbemalenograstim alfa-vuxw,Ryzneuta,Evive Biotechnology Singapore PTE. LTD.,Injection,Subcutaneous,20MG/ML,N/A,Y,2023-11-16
761136,luspatercept-aamt,Reblozyl,"Celgene Corporation, a Bristol-Myers Squibb Company",For Injection,Subcutaneous,25MG/VIAL,N/A,Y,2019-11-08
761136,luspatercept-aamt,Reblozyl,"Celgene Corporation, a Bristol-Myers Squibb Company",For Injection,Subcutaneous,75MG/VIAL,N/A,Y,2019-11-08
761137,enfortumab vedotin-ejfv,Padcev,"Astellas Pharma US, Inc.",For Injection,Intravenous,20MG,N/A,Y,2019-12-18
761137,enfortumab vedotin-ejfv,Padcev,"Astellas Pharma US, Inc.",For Injection,Intravenous,30MG,N/A,Y,2019-12-18
761139,fam-trastuzumab deruxtecan-nxki,Enhertu,"Daiichi Sankyo, Inc",For Injection,Intravenous,100MG,N/A,Y,2019-12-20
761140,rituximab-arrx,Riabni,Amgen Inc.,Injection,Intravenous,100MG/10ML (10MG/ML),Rituxan,N,2020-12-17
761140,rituximab-arrx,Riabni,Amgen Inc.,Injection,Intravenous,500MG/50ML (10MG/ML),Rituxan,N,2020-12-17
761142,inebilizumab-cdon,Uplizna,Horizon Therapeutics Ireland DAC,Injection,Intravenous,100MG/10ML (10MG/ML),N/A,Y,2020-06-11
761143,teprotumumab-trbw,Tepezza,Horizon Therapeutics Ireland DAC,For Injection,Intravenous,500MG,N/A,Y,2020-01-21
761145,daratumumab and hyaluronidase-fihj,Darzalex Faspro,"Janssen Biotech, Inc.",Injection,Subcutaneous,"1800MG/15ML; 30,000UNITS/15ML (120MG/2,000UNITS/ML)",N/A,Y,2020-05-01
761146,collagenase clostridium histolyticum-aaes,Qwo,Endo Global Aesthetics Limited,For Injection,Subcutaneous,.92MG,N/A,Y,2020-07-06
761146,collagenase clostridium histolyticum-aaes,Qwo,Endo Global Aesthetics Limited,For Injection,Subcutaneous,1.84MG,N/A,Y,2020-07-06
761148,eflapegrastim-xnst,Rolvedon,"Spectrum Pharmaceuticals, Inc.",Injection,Subcutaneous,13.2MG/0.6ML,N/A,Y,2022-09-09
761149,satralizumab-mwge,Enspryng,"Genentech, Inc.",Injection,Subcutaneous,120MG/ML,N/A,Y,2020-08-14
761150,margetuximab-cmkb,Margenza,MacroGenics Inc.,Injection,Intravenous,250MG/10ML (25MG/ML),N/A,Y,2020-12-16
761151,bimekizumab-bkzx,Bimzelx,"UCB, Inc.",Injection,Subcutaneous,160MG/ML,N/A,Y,2023-10-17
761151,bimekizumab-bkzx,Bimzelx,"UCB, Inc.",Injection,Subcutaneous,320MG/2ML (160MG/2ML),N/A,Y,2024-10-11
761154,adalimumab-fkjp,Hulio,Biocon Biologics Inc.,Injection,Subcutaneous,40MG/0.8ML,Humira,N,2020-07-06
761154,adalimumab-fkjp,Hulio,Biocon Biologics Inc.,Injection,Subcutaneous,20MG/0.4ML,Humira,N,2020-07-06
761156,somapacitan-beco,Sogroya,Novo Nordisk Inc.,Injection,Subcutaneous,10MG/1.5ML (6.7MG/ML),N/A,Y,2020-08-28
761156,somapacitan-beco,Sogroya,Novo Nordisk Inc.,Injection,Subcutaneous,5MG/1.5ML (3.3MG/ML),N/A,Y,2021-10-01
761156,somapacitan-beco,Sogroya,Novo Nordisk Inc.,Injection,Subcutaneous,15MG/1.5ML (10MG/ML),N/A,Y,2023-04-28
761158,belantamab mafodotin-blmf,Blenrep,GlaxoSmithKline Intellectual Property Development Ltd. England,For Injection,Intravenous,100MG,N/A,Y,2020-08-05
761161,pegunigalsidase alfa-iwxj,Elfabrio,Chiesi Farmaceutici S.p.A.,Injection,Intravenous,20MG/10ML (2MG/ML),N/A,Y,2023-05-09
761161,pegunigalsidase alfa-iwxj,Elfabrio,Chiesi Farmaceutici S.p.A.,Injection,Intravenous,5MG/2.5ML,N/A,Y,2024-05-17
761163,tafasitamab-cxix,Monjuvi,Incyte Corporation,For Injection,Intravenous,200MG,N/A,Y,2020-07-31
761164,sutimlimab-jome,Enjaymo,"Bioverativ Therapeutics, Inc.",Injection,Intravenous,"1,100MG/22ML (50MG/ML)",N/A,Y,2022-02-04
761165,ranibizumab-eqrn,Cimerli,Sandoz Inc.,Injection,Intravitreal,10MG/ML (0.5MG/0.05ML),Lucentis,N,2022-08-02
761165,ranibizumab-eqrn,Cimerli,Sandoz Inc.,Injection,Intravitreal,6MG/ML (0.3MG/0.05ML),Lucentis,N,2022-08-02
761166,ropeginterferon alfa-2b-njft,Besremi,PharmaEssentia Corporation,Injection,Subcutaneous,500MCG/ML,N/A,Y,2021-11-12
761169,"atoltivimab, maftivimab, and odesivimab-ebgn",Inmazeb,"Regeneron Pharmaceuticals, Inc.",Injection,Intravenous,"241.7MG, 241.7MG, 241.7MG/14.5ML (16.67MG, 16.67MG, 16.67MG/ML)",N/A,Y,2020-10-14
761169,"atoltivimab, maftivimab, and odesivimab-ebgn",Inmazeb,"Regeneron Pharmaceuticals, Inc.",Injection,Intravenous,"483.3MG, 483.3MG, 483.3MG/14.5ML (33.33MG, 33.33MG, 33.33MG/ML)",N/A,Y,2021-09-29
761170,"pertuzumab, trastuzumab, and hyaluronidase-zzxf",Phesgo,"Genentech, Inc.",Injection,Subcutaneous,"1,200MG, 600MG, 30,000UNITS/15ML (80MG, 40MG, 2,000UNITS/ML)",N/A,Y,2020-06-29
761170,"pertuzumab, trastuzumab, and hyaluronidase-zzxf",Phesgo,"Genentech, Inc.",Injection,Subcutaneous,"600MG, 600MG, 20,000UNITS/10ML (60MG, 60MG, 2,000UNITS/ML)",N/A,Y,2020-06-29
761171,naxitamab-gqgk,Danyelza,"Y-mABs Therapeutics, Inc",Injection,Intravenous,40MG/10ML (4MG/ML),N/A,Y,2020-11-25
761172,ansuvimab-zykl,Ebanga,Emergent Manufacturing Operations Baltimore LLC,For Injection,Intravenous,400MG,N/A,Y,2020-12-21
761173,pegfilgrastim-fpgk,Stimufend,"Fresenius Kabi USA, LLC",Injection,Subcutaneous,6MG/0.6ML,Neulasta,N,2022-09-01
761174,dostarlimab-gxly,Jemperli,GlaxoSmithKline LLC,Injection,Intravenous,500MG/10ML (50MG/ML),N/A,Y,2021-04-22
761175,bevacizumab-nwgd,Jobevne,Biocon Biologics Inc.,Injection,Intravenous,100MG/4ML (25MG/ML),Avastin,N,2025-04-09
761175,bevacizumab-nwgd,Jobevne,Biocon Biologics Inc.,Injection,Intravenous,400MG/16ML (25MG/ML),Avastin,N,2025-04-09
761177,lonapegsomatropin-tcgd,Skytrofa,Ascendis Pharma Endocrinology Division A/S,For Injection,Subcutaneous,3MG,N/A,Y,2021-08-25
761177,lonapegsomatropin-tcgd,Skytrofa,Ascendis Pharma Endocrinology Division A/S,For Injection,Subcutaneous,3.6MG,N/A,Y,2021-08-25
761177,lonapegsomatropin-tcgd,Skytrofa,Ascendis Pharma Endocrinology Division A/S,For Injection,Subcutaneous,4.3MG,N/A,Y,2021-08-25
761177,lonapegsomatropin-tcgd,Skytrofa,Ascendis Pharma Endocrinology Division A/S,For Injection,Subcutaneous,5.2MG,N/A,Y,2021-08-25
761177,lonapegsomatropin-tcgd,Skytrofa,Ascendis Pharma Endocrinology Division A/S,For Injection,Subcutaneous,6.3MG,N/A,Y,2021-08-25
761177,lonapegsomatropin-tcgd,Skytrofa,Ascendis Pharma Endocrinology Division A/S,For Injection,Subcutaneous,7.6MG,N/A,Y,2021-08-25
761177,lonapegsomatropin-tcgd,Skytrofa,Ascendis Pharma Endocrinology Division A/S,For Injection,Subcutaneous,9.1MG,N/A,Y,2021-08-25
761177,lonapegsomatropin-tcgd,Skytrofa,Ascendis Pharma Endocrinology Division A/S,For Injection,Subcutaneous,11MG,N/A,Y,2021-08-25
761177,lonapegsomatropin-tcgd,Skytrofa,Ascendis Pharma Endocrinology Division A/S,For Injection,Subcutaneous,13.3MG,N/A,Y,2021-08-25
761177,lonapegsomatropin-tcgd,Skytrofa,Ascendis Pharma Endocrinology Division A/S,For Injection,Subcutaneous,0.7MG,N/A,Y,2025-07-25
761177,lonapegsomatropin-tcgd,Skytrofa,Ascendis Pharma Endocrinology Division A/S,For Injection,Subcutaneous,1.4MG,N/A,Y,2025-07-25
761177,lonapegsomatropin-tcgd,Skytrofa,Ascendis Pharma Endocrinology Division A/S,For Injection,Subcutaneous,1.8MG,N/A,Y,2025-07-25
761177,lonapegsomatropin-tcgd,Skytrofa,Ascendis Pharma Endocrinology Division A/S,For Injection,Subcutaneous,2.1MG,N/A,Y,2025-07-25
761177,lonapegsomatropin-tcgd,Skytrofa,Ascendis Pharma Endocrinology Division A/S,For Injection,Subcutaneous,2.5MG,N/A,Y,2025-07-25
761178,aducanumab-avwa,Aduhelm,Biogen Inc.,Injection,Intravenous,170MG/1.7ML (100MG/ML),N/A,Y,2021-06-07
761178,aducanumab-avwa,Aduhelm,Biogen Inc.,Injection,Intravenous,300MG/3ML (100MG/ML),N/A,Y,2021-06-07
761179,asparaginase erwinia chrysanthemi (recombinant)-rywn,Rylaze,Jazz Pharmaceuticals Ireland Limited,Injection,Intramuscular,10MG/0.5ML,N/A,Y,2021-06-30
761180,tralokinumab-ldrm,Adbry,LEO Pharma A/S,Injection,Subcutaneous,150MG/ML,N/A,Y,2021-12-27
761180,tralokinumab-ldrm,Adbry,LEO Pharma A/S,Injection,Subcutaneous,300MG/2ML,N/A,Y,2024-06-12
761181,evinacumab-dgnb,Evkeeza,"Regeneron Pharmaceuticals, Inc.",Injection,Intravenous,345MG/2.3ML (150MG/ML),N/A,Y,2021-02-11
761181,evinacumab-dgnb,Evkeeza,"Regeneron Pharmaceuticals, Inc.",Injection,Intravenous,"1,200MG/8ML (150MG/ML)",N/A,Y,2021-02-11
761183,teplizumab-mzwv,Tzield,"Provention Bio, Inc.",Injection,Intravenous,2MG/2ML (1MG/ML),N/A,Y,2022-11-17
761184,somatrogon-ghla,Ngenla,Pfizer Ireland Pharmaceuticals,Injection,Subcutaneous,24MG/1.2ML (20MG/ML),N/A,Y,2023-06-27
761184,somatrogon-ghla,Ngenla,Pfizer Ireland Pharmaceuticals,Injection,Subcutaneous,60MG/1.2ML (50MG/ML),N/A,Y,2023-06-27
761188,insulin aspart-xjhz,Kirsty,Biocon Biologics Inc.,Injection,Subcutaneous,300UNITS/3ML (100UNITS/ML),Novolog,N,2025-07-15
761188,insulin aspart-xjhz,Kirsty,Biocon Biologics Inc.,Injection,"Intravenous, Subcutaneous","1,000UNITS/10ML (100UNITS/ML)",Novolog,N,2025-07-15
761192,anacaulase-bcdb,Nexobrid,Vericel Corporation,For Topical Gel,Topical,8.8% (1.94GM),N/A,Y,2022-12-28
761192,anacaulase-bcdb,Nexobrid,Vericel Corporation,For Topical Gel,Topical,8.8% (4.85GM),N/A,Y,2022-12-28
761194,avalglucosidase alfa-ngpt,Nexviazyme,Genzyme Corporation,For Injection,Intravenous,100MG,N/A,Y,2021-08-06
761195,efgartigimod alfa-fcab,Vyvgart,Argenx BV,Injection,Intravenous,400MG/20ML (20MG/ML),N/A,Y,2021-12-17
761196,loncastuximab tesirine-lpyl,Zynlonta,ADC Therapeutics SA,For Injection,Intravenous,10MG,N/A,Y,2021-04-23
761197,ranibizumab,Susvimo,"Genentech, Inc.",Injection,Intravitreal,100MG/ML,N/A,Y,2021-10-22
761198,bevacizumab-tnjn,Avzivi,"Bio-Thera Solutions, Ltd.",Injection,Intravenous,100MG/4ML (25MG/ML),Avastin,N,2023-12-06
761198,bevacizumab-tnjn,Avzivi,"Bio-Thera Solutions, Ltd.",Injection,Intravenous,400MG/16ML (25MG/ML),Avastin,N,2023-12-06
761201,insulin glargine-yfgn,Semglee,Biocon Biologics Inc.,Injection,Subcutaneous,"1,000UNITS/10ML (100UNITS/ML)",Lantus,N,2021-07-28
761201,insulin glargine-yfgn,Semglee,Biocon Biologics Inc.,Injection,Subcutaneous,300UNITS/3ML (100UNITS/ML),Lantus,N,2021-07-28
761202,ranibizumab-nuna,Byooviz,"Samsung Bioepis Co., Ltd.",Injection,Intravitreal,10MG/ML,Lucentis,N,2021-09-17
761204,cipaglucosidase alfa-atga,Pombiliti,"Amicus Therapeutics US, LLC",Injection,Intravenous,105MG,N/A,Y,2023-09-28
761208,tisotumab vedotin-tftv,Tivdak,Seagen Inc.,For Injection,Intravenous,40MG,N/A,Y,2021-09-20
761210,amivantamab-vmjw,Rybrevant,"Janssen Biotech, Inc.",Injection,Intravenous,350MG/7ML (50MG/ML),N/A,Y,2021-05-21
761215,insulin glargine-aglr,Rezvoglar,Eli Lilly and Company,Injection,Subcutaneous,300UNITS/3ML (100UNITS/ML),Lantus,N,2021-12-17
761216,adalimumab-aqvh,Yusimry,Hong Kong King-Friend Industrial Company Limited,Injection,Subcutaneous,40MG/0.8ML,Humira,N,2021-12-17
761216,adalimumab-aqvh,Yusimry,Hong Kong King-Friend Industrial Company Limited,Injection,Subcutaneous,40MG/0.8ML,Humira,N,2023-02-27
761219,adalimumab-aaty,Yuflyma,"CELLTRION, Inc.",Injection,Subcutaneous,40MG/0.4ML,Humira,N,2023-05-23
761219,adalimumab-aaty,Yuflyma,"CELLTRION, Inc.",Injection,Subcutaneous,80MG/0.8ML,Humira,N,2023-09-29
761219,adalimumab-aaty,Yuflyma,"CELLTRION, Inc.",Injection,Subcutaneous,20MG/0.2ML,Humira,N,2023-09-29
761224,tezepelumab-ekko,Tezspire,AstraZeneca AB,Injection,Subcutaneous,210MG/1.91ML (110MG/ML),N/A,Y,2021-12-17
761224,tezepelumab-ekko,Tezspire,AstraZeneca AB,Injection,Subcutaneous,210MG/1.91ML (110MG/ML),N/A,Y,2023-02-01
761225,letibotulinumtoxinA-wlbg,Letybo,"Hugel, Inc.",For Injection,Intramuscular,50UNITS,N/A,Y,2024-02-29
761225,letibotulinumtoxinA-wlbg,Letybo,"Hugel, Inc.",For Injection,Intramuscular,100UNITS,N/A,Y,2024-02-29
761228,tebentafusp-tebn,Kimmtrak,Immunocore Limited,Injection,Intravenous,100MCG/0.5ML,N/A,Y,2022-01-25
761231,bevacizumab-maly,Alymsys,Amneal Pharmaceuticals LLC,Injection,Intravenous,100MG/4ML (25MG/ML),Avastin,N,2022-04-13
761231,bevacizumab-maly,Alymsys,Amneal Pharmaceuticals LLC,Injection,Intravenous,400MG/16ML (25MG/ML),Avastin,N,2022-04-13
761232,tislelizumab-jsgr,Tevimbra,"BeiGene USA, Inc.",Injection,Intravenous,100MG/10ML (10MG/ML),N/A,Y,2024-03-13
761234,nivolumab and relatlimab-rmbw,Opdualag,Bristol-Myers Squibb Company,Injection,Intravenous,"240MG, 80MG/20ML (12MG, 4MG/ML)",N/A,Y,2022-03-18
761235,faricimab-svoa,Vabysmo,"Genentech, Inc.",Injection,Intravitreal,6MG/0.05ML (120MG/ML),N/A,Y,2022-01-28
761235,faricimab-svoa,Vabysmo,"Genentech, Inc.",Injection,Intravitreal,6MG/0.05ML (120MG/ML),N/A,Y,2024-07-09
761238,ublituximab-xiiy,Briumvi,"TG Therapeutics, Inc.",Injection,Intravenous,150MG/6ML (25MG/ML),N/A,Y,2022-12-28
761240,toripalimab-tpzi,Loqtorzi,"Coherus BioSciences, Inc.",Injection,Intravenous,240MG/6ML (40MG/ML),N/A,Y,2023-10-27
761244,spesolimab-sbzo,Spevigo,"Boehringer Ingelheim Pharmaceuticals, Inc.",Injection,Intravenous,450MG/7.5ML (60MG/ML),N/A,Y,2022-09-01
761244,spesolimab-sbzo,Spevigo,"Boehringer Ingelheim Pharmaceuticals, Inc.",Injection,Subcutaneous,150MG/ML,N/A,Y,2024-03-18
761244,spesolimab-sbzo,Spevigo,"Boehringer Ingelheim Pharmaceuticals, Inc.",Injection,Subcutaneous,300MG/2ML (150MG/ML),N/A,Y,2025-05-28
761248,donanemab-azbt,Kisunla,Eli Lilly and Company,Injection,Intravenous,350MG/20ML (17.5MG/ML),N/A,Y,2024-07-02
761255,adalimumab-aacf,Idacio,"Fresenius Kabi USA, LLC",Injection,Subcutaneous,40MG/0.8ML,Humira,N,2022-12-13
761255,adalimumab-aacf,Idacio,"Fresenius Kabi USA, LLC",Injection,Subcutaneous,40MG/0.8ML,Humira,N,2024-01-05
761258,penpulimab-kcqx,<NA>,"Akeso Biopharma Co., Ltd.",Injection,Intravenous,100MG/10ML (10MG/ML),N/A,Y,2025-04-23
761261,olipudase alfa-rpcp,Xenpozyme,Genzyme Corporation,For Injection,Intravenous,20MG,N/A,Y,2022-08-31
761261,olipudase alfa-rpcp,Xenpozyme,Genzyme Corporation,For Injection,Intravenous,4MG,N/A,Y,2023-03-31
761262,risankizumab-rzaa,Skyrizi,AbbVie Inc.,Injection,Intravenous,600MG/10ML (60MG/ML),N/A,Y,2022-06-16
761263,mosunetuzumab-axgb,Lunsumio,"Genentech, Inc.",Injection,Intravenous,1MG/ML,N/A,Y,2022-12-22
761263,mosunetuzumab-axgb,Lunsumio,"Genentech, Inc.",Injection,Intravenous,30MG/30ML (1MG/ML),N/A,Y,2022-12-22
761268,bevacizumab-adcd,Vegzelma,"CELLTRION, Inc.",Injection,Intravenous,100MG/4ML (25MG/ML),Avastin,N,2022-09-27
761268,bevacizumab-adcd,Vegzelma,"CELLTRION, Inc.",Injection,Intravenous,400MG/16ML (25MG/ML),Avastin,N,2022-09-27
761269,lecanemab-irmb,Leqembi,"Eisai, Incorporated",Injection,Intravenous,200MG/2ML (100MG/ML),N/A,Y,2023-01-06
761269,lecanemab-irmb,Leqembi,"Eisai, Incorporated",Injection,Intravenous,500MG/5ML (100MG/ML),N/A,Y,2023-01-06
761274,aflibercept-jbvf,Yesafili,Biocon Biologics Inc.,Injection,Intravitreal,2MG/0.05ML,Eylea,N,2024-05-20
761275,tocilizumab-aazg,Tyenne,"Fresenius Kabi USA, LLC",Injection,Intravenous,200MG/10ML (20MG/ML),Actemra,N,2024-03-05
761275,tocilizumab-aazg,Tyenne,"Fresenius Kabi USA, LLC",Injection,Intravenous,400MG/20ML (20MG/ML),Actemra,N,2024-03-05
761278,velmanase alfa-tycv,Lamzede,Chiesi Farmaceutici S.p.A.,For Injection,Intravenous,10MG,N/A,Y,2023-02-16
761279,mirikizumab-mrkz,Omvoh,Eli Lilly and Company,Injection,Intravenous,300MG/15ML (20MG/ML),N/A,Y,2023-10-26
761279,mirikizumab-mrkz,Omvoh,Eli Lilly and Company,Injection,Subcutaneous,100MG/ML,N/A,Y,2023-10-26
761279,mirikizumab-mrkz,Omvoh,Eli Lilly and Company,Injection,Subcutaneous,100MG/ML,N/A,Y,2025-01-15
761279,mirikizumab-mrkz,Omvoh,Eli Lilly and Company,Injection,Subcutaneous,200MG/2ML (100MG/ML),N/A,Y,2025-01-15
761285,ustekinumab-auub,Wezlana,Amgen Inc.,Injection,Subcutaneous,45MG/0.5ML,Stelara,N,2023-10-31
761285,ustekinumab-auub,Wezlana,Amgen Inc.,Injection,Subcutaneous,90MG/ML,Stelara,N,2023-10-31
761285,ustekinumab-auub,Wezlana,Amgen Inc.,Injection,Subcutaneous,45MG/0.5ML,Stelara,N,2024-12-26
761285,ustekinumab-auub,Wezlana,Amgen Inc.,Injection,Subcutaneous,90MG/ML,Stelara,N,2024-12-26
761286,rozanolixizumab-noli,Rystiggo,"UCB, Inc.",Injection,Subcutaneous,280MG/2ML (140MG/ML),N/A,Y,2023-06-26
761289,tremelimumab-actl,Imjudo,AstraZeneca AB,Injection,Intravenous,25MG/1.25ML (20MG/ML),N/A,Y,2022-10-21
761289,tremelimumab-actl,Imjudo,AstraZeneca AB,Injection,Intravenous,300MG/15ML (20MG/ML),N/A,Y,2022-10-21
761291,teclistamab-cqyv,Tecvayli,"Janssen Biotech, Inc.",Injection,Subcutaneous,30MG/3ML (10MG/ML),N/A,Y,2022-10-25
761291,teclistamab-cqyv,Tecvayli,"Janssen Biotech, Inc.",Injection,Subcutaneous,153MG/1.7ML (90MG/ML),N/A,Y,2022-10-25
761297,cosibelimab-ipdl,Unloxcyt,"Checkpoint Therapeutics, Inc.",Injection,Intravenous,300MG/5ML (60MG/ML),N/A,Y,2024-12-13
761298,aflibercept-ayyh,Pavblu,Amgen Inc.,Injection,Intravitreal,2MG/0.05ML,Eylea,N,2024-08-23
761299,adalimumab-ryvk,Simlandi,Alvotech USA Inc.,Injection,Subcutaneous,40MG/0.4ML,Humira,N,2024-02-23
761299,adalimumab-ryvk,Simlandi,Alvotech USA Inc.,Injection,Subcutaneous,40MG/0.4ML,Humira,N,2024-06-26
761299,adalimumab-ryvk,Simlandi,Alvotech USA Inc.,Injection,Subcutaneous,20MG/0.2ML,Humira,N,2024-06-26
761299,adalimumab-ryvk,Simlandi,Alvotech USA Inc.,Injection,Subcutaneous,80MG/0.8ML,Humira,N,2024-06-26
761299,adalimumab-ryvk,Simlandi,Alvotech USA Inc.,Injection,Subcutaneous,80MG/0.8ML,Humira,N,2025-02-14
761304,efgartigimod alfa and hyaluronidase-qvfc,Vyvgart Hytrulo,Argenx BV,Injection,Subcutaneous,"1,008MG/5.6ML; 11,200UNITS/5.6ML (180MG/2,000UNITS/ML)",N/A,Y,2023-06-20
761304,efgartigimod alfa and hyaluronidase-qvfc,Vyvgart Hytrulo,Argenx BV,Injection,Subcutaneous,"1,000MG/5ML;10,000UNITS/5ML (200MG/2,000UNITS/ML)",N/A,Y,2025-04-10
761306,lebrikizumab-lbkz,Ebglyss,Eli Lilly and Company,Injection,Subcutaneous,250MG/2ML,N/A,Y,2024-09-13
761309,glofitamab-gxbm,Columvi,"Genentech, Inc.",Injection,Intravenous,2.5MG/2.5ML (1MG/ML),N/A,Y,2023-06-15
761309,glofitamab-gxbm,Columvi,"Genentech, Inc.",Injection,Intravenous,10MG/10ML (1MG/ML),N/A,Y,2023-06-15
761310,mirvetuximab soravtansine-gynx,Elahere,"ImmunoGen, Inc.",Injection,Intravenous,100MG/20ML (5MG/ML),N/A,Y,2022-11-14
761312,denileukin diftitox-cxdl,Lymphir,"Citius Pharmaceuticals, Inc.",For Injection,Intravenous,300MCG,N/A,Y,2024-08-07
761315,concizumab-mtci,Alhemo,Novo Nordisk Inc.,Injection,Subcutaneous,60MG/1.5ML (40MG/ML),N/A,Y,2024-12-20
761315,concizumab-mtci,Alhemo,Novo Nordisk Inc.,Injection,Subcutaneous,150MG/1.5ML (100MG/ML),N/A,Y,2024-12-20
761315,concizumab-mtci,Alhemo,Novo Nordisk Inc.,Injection,Subcutaneous,300MG/3ML (100MG/ML),N/A,Y,2024-12-20
761322,natalizumab-sztn,Tyruko,Sandoz Inc.,Injection,Intravenous,300MG/15ML (20MG/ML),Tysabri,N,2023-08-24
761324,epcoritamab-bysp,Epkinly,"Genmab US, Inc.",Injection,Subcutaneous,4MG/0.8ML,N/A,Y,2023-05-19
761324,epcoritamab-bysp,Epkinly,"Genmab US, Inc.",Injection,Subcutaneous,48MG/0.8ML,N/A,Y,2023-05-19
761325,insulin aspart-szjj,Merilog,Sanofi-Aventis U.S. LLC,Injection,Subcutaneous,"1,000UNITS/10ML (100UNITS/ML)",Novolog,N,2025-02-14
761325,insulin aspart-szjj,Merilog,Sanofi-Aventis U.S. LLC,Injection,Subcutaneous,300UNITS/3ML (100UNITS/ML),Novolog,N,2025-02-14
761328,nirsevimab-alip,Beyfortus,AstraZeneca AB,Injection,Intramuscular,50MG/0.5ML,N/A,Y,2023-07-17
761328,nirsevimab-alip,Beyfortus,AstraZeneca AB,Injection,Intramuscular,100MG/ML,N/A,Y,2023-07-17
761331,ustekinumab-auub,Wezlana,Amgen Inc.,Injection,Intravenous,130MG/26ML (5MG/ML),Stelara,N,2023-10-31
761333,eculizumab-aeeb,Bkemv,Amgen Inc.,Injection,Intravenous,300MG/30ML (10MG/ML),Soliris,N,2024-05-28
761334,retifanlimab-dlwr,Zynyz,Incyte Corporation,Injection,Intravenous,500MG/20ML (25MG/ML),N/A,Y,2023-03-22
761336,nogapendekin alfa inbakicept-pmln,Anktiva,"Altor BioScience, LLC, an indirect wholly-owned subsidiary of ImmunityBio, Inc.",Solution,Intravesical,400MCG/0.4ML,N/A,Y,2024-04-22
761338,ustekinumab-stba,Steqeyma,"CELLTRION, Inc.",Injection,Subcutaneous,45MG/0.5ML,Stelara,N,2024-12-17
761338,ustekinumab-stba,Steqeyma,"CELLTRION, Inc.",Injection,Subcutaneous,90MG/ML,Stelara,N,2024-12-17
761338,ustekinumab-stba,Steqeyma,"CELLTRION, Inc.",Injection,Intravenous,130MG/26ML (5MG/ML),Stelara,N,2024-12-17
761338,ustekinumab-stba,Steqeyma,"CELLTRION, Inc.",Injection,Subcutaneous,45MG/0.5ML,Stelara,N,2025-06-12
761339,pozelimab-bbfg,Veopoz,"Regeneron Pharmaceuticals, Inc.",Injection,"Intravenous, Subcutaneous",400MG/2ML (200MG/ML),N/A,Y,2023-08-18
761340,eculizumab-aagh,Epysqli,"Samsung Bioepis Co., Ltd.",Injection,Intravenous,300MG/30ML (10MG/ML),Soliris,N,2024-07-19
761342,talquetamab-tgvs,Talvey,"Janssen Biotech, Inc.",Injection,Subcutaneous,3MG/1.5ML (2MG/ML),N/A,Y,2023-08-09
761342,talquetamab-tgvs,Talvey,"Janssen Biotech, Inc.",Injection,Subcutaneous,40MG/ML,N/A,Y,2023-08-09
761343,ustekinumab-aekn,Selarsdi,Alvotech USA Inc.,Injection,Subcutaneous,45MG/0.5ML,Stelara,N,2024-04-16
761343,ustekinumab-aekn,Selarsdi,Alvotech USA Inc.,Injection,Subcutaneous,90MG/ML,Stelara,N,2024-04-16
761343,ustekinumab-aekn,Selarsdi,Alvotech USA Inc.,Injection,Intravenous,130MG/26ML (5MG/ML),Stelara,N,2024-10-18
761343,ustekinumab-aekn,Selarsdi,Alvotech USA Inc.,Injection,Subcutaneous,45MG/0.5ML,Stelara,N,2025-02-12
761344,tarlatamab-dlle,Imdelltra,Amgen Inc.,Injection,Intravenous,1MG,N/A,Y,2024-05-16
761344,tarlatamab-dlle,Imdelltra,Amgen Inc.,Injection,Intravenous,10MG,N/A,Y,2024-05-16
761345,elranatamab-bcmm,Elrexfio,Pfizer Inc.,Injection,Subcutaneous,76MG/1.9ML (40MG/ML),N/A,Y,2023-08-14
761345,elranatamab-bcmm,Elrexfio,Pfizer Inc.,Injection,Subcutaneous,44MG/1.1ML (40MG/ML),N/A,Y,2023-08-14
761346,trastuzumab-strf,Hercessi,Accord BioPharma Inc.,For Injection,Intravenous,150MG,Herceptin,N,2024-04-25
761346,trastuzumab-strf,Hercessi,Accord BioPharma Inc.,For Injection,Intravenous,420MG,Herceptin,N,2024-09-06
761347,atezolizumab and hyaluronidase-tqjs,Tecentriq Hybreza,"Genentech, Inc.",Injection,Subcutaneous,"1,875MG/15ML; 30,000UNITS/15ML (125MG/2,000UNITS/ML)",N/A,Y,2024-09-12
761349,secukinumab,Cosentyx,Novartis Pharmaceuticals Corporation,Injection,Intravenous,125MG/5ML,N/A,Y,2023-10-06
761350,aflibercept-yszy,Opuviz,"Samsung Bioepis Co., Ltd.",Injection,Intravitreal,2MG/0.05ML,Eylea,N,2024-05-20
761352,zenocutuzumab-zbco,Bizengri,Merus NV,Injection,Intravenous,375MG/18.75ML (20MG/ML),N/A,Y,2024-12-04
761354,tocilizumab-bavi,Tofidence,Biogen MA Inc.,Injection,Intravenous,200MG/10ML (20MG/ML),Actemra,N,2023-09-29
761354,tocilizumab-bavi,Tofidence,Biogen MA Inc.,Injection,Intravenous,400MG/20ML (20MG/ML),Actemra,N,2023-09-29
761355,aflibercept,Eylea HD,"Regeneron Pharmaceuticals, Inc.",Injection,Intravitreal,8MG/0.07ML,N/A,Y,2023-08-18
761358,infliximab-dyyb,Zymfentra,"CELLTRION, Inc.",Injection,Subcutaneous,120MG/ML,N/A,Y,2023-10-20
761362,denosumab-bbdz,Jubbonti,Sandoz Inc.,Injection,Subcutaneous,60MG/ML,Prolia,N,2024-03-05
761362,denosumab-bbdz,Wyost,Sandoz Inc.,Injection,Subcutaneous,120MG/1.7ML (70MG/ML),Xgeva,N,2024-03-05
761363,sotatercept-csrk,Winrevair,Merck Sharp & Dohme LLC,For Injection,Subcutaneous,45MG,N/A,Y,2024-03-26
761363,sotatercept-csrk,Winrevair,Merck Sharp & Dohme LLC,For Injection,Subcutaneous,60MG,N/A,Y,2024-03-26
761364,ustekinumab-srlf,Imuldosa,Accord BioPharma Inc.,Injection,Subcutaneous,45MG/0.5ML,Stelara,N,2024-10-10
761364,ustekinumab-srlf,Imuldosa,Accord BioPharma Inc.,Injection,Subcutaneous,90MG/ML,Stelara,N,2024-10-10
761364,ustekinumab-srlf,Imuldosa,Accord BioPharma Inc.,Injection,Intravenous,130MG/26ML (5MG/ML),Stelara,N,2024-10-10
761365,zolbetuximab-clzb,Vyloy,"Astellas Pharma US, Inc.",Injection,Intravenous,100MG,N/A,Y,2024-10-18
761365,zolbetuximab-clzb,Vyloy,"Astellas Pharma US, Inc.",Injection,Intravenous,300MG,N/A,Y,2025-03-24
761367,garadacimab-gxii,Andembry,CSL Behring LLC,Injection,Subcutaneous,200MG/1.2ML (167MG/ML),N/A,Y,2025-06-16
761369,marstacimab-hncq,Hympavzi,Pfizer Inc.,Injection,Subcutaneous,150MG/ML,N/A,Y,2024-10-11
761371,ocrelizumab and hyaluronidase-ocsq,Ocrevus Zunovo,"Genentech, Inc.",Injection,Subcutaneous,"920MG/23ML; 23,000UNITS/23ML (40MG/1,000UNITS/ML)",N/A,Y,2024-09-13
761373,ustekinumab-ttwe,Pyzchiva,"Samsung Bioepis Co., Ltd.",Injection,Subcutaneous,45MG/0.5ML,Stelara,N,2024-06-28
761373,ustekinumab-ttwe,Pyzchiva,"Samsung Bioepis Co., Ltd.",Injection,Subcutaneous,90MG/ML,Stelara,N,2024-06-28
761373,ustekinumab-ttwe,Pyzchiva,"Samsung Bioepis Co., Ltd.",Injection,Subcutaneous,45MG/0.5ML,Stelara,N,2024-12-20
761373,ustekinumab-ttwe,Pyzchiva,"Samsung Bioepis Co., Ltd.",Injection,Subcutaneous,45MG/0.5ML,Stelara,N,2025-06-27
761373,ustekinumab-ttwe,Pyzchiva,"Samsung Bioepis Co., Ltd.",Injection,Subcutaneous,90MG/ML,Stelara,N,2025-06-27
761375,lecanemab-irmb,Leqembi IQLIK,"Eisai, Incorporated",Injection,Subcutaneous,360MG/1.8ML (200MG/ML),N/A,Y,2025-08-29
761378,aflibercept-mrbb,Ahzantive,Formycon AG,Injection,Intravitreal,2MG/0.05ML,Eylea,N,2024-06-28
761379,ustekinumab-aauz,Otulfi,"Fresenius Kabi USA, LLC",Injection,Subcutaneous,45MG/0.5ML,Stelara,N,2024-09-27
761379,ustekinumab-aauz,Otulfi,"Fresenius Kabi USA, LLC",Injection,Subcutaneous,90MG/ML,Stelara,N,2024-09-27
761379,ustekinumab-aauz,Otulfi,"Fresenius Kabi USA, LLC",Injection,Intravenous,130MG/26ML (5MG/ML),Stelara,N,2024-09-27
761379,ustekinumab-aauz,Otulfi,"Fresenius Kabi USA, LLC",Injection,Subcutaneous,45MG/0.5ML,Stelara,N,2025-03-21
761381,nivolumab and hyaluronidase-nvhy,Opdivo Qvantig,Bristol-Myers Squibb Company,Injection,Subcutaneous,"600MG/5ML;10,000 UNITS/5ML (120MG/2,000UNITS/ML)",N/A,Y,2024-12-27
761382,aflibercept-abzv,Enzeevu,Sandoz Inc.,Injection,Intravitreal,2MG/0.05ML,Eylea,N,2024-08-09
761384,telisotuzumab vedotin-tllv,Emrelis,AbbVie Inc.,Injection,Intravenous,20MG,N/A,Y,2025-05-14
761384,telisotuzumab vedotin-tllv,Emrelis,AbbVie Inc.,Injection,Intravenous,100MG,N/A,Y,2025-05-14
761388,crovalimab-akkz,Piasky,"Genentech, Inc.",Injection,"Intravenous, Subcutaneous",340MG/2ML (170MG/ML),N/A,Y,2024-06-20
761390,nemolizumab-ilto,Nemluvio,"Galderma Laboratories, L.P.",For Injection,Subcutaneous,30MG,N/A,Y,2024-08-12
761392,denosumab-dssb,Ospomyv,"Samsung Bioepis Co., Ltd.",Injection,Subcutaneous,60MG/ML,Prolia,N,2025-02-13
761392,denosumab-dssb,Xbryk,"Samsung Bioepis Co., Ltd.",Injection,Subcutaneous,120MG/1.7ML (70MG/ML),Xgeva,N,2025-02-13
761394,datopotamab deruxtecan-dlnk,Datroway,"Daiichi Sankyo, Inc",Injection,Intravenous,100MG,N/A,Y,2025-01-17
761398,denosumab-bnht,Conexxence,"Fresenius Kabi USA, LLC",Injection,Subcutaneous,60MG/ML,Prolia,N,2025-03-25
761398,denosumab-bnht,Bomyntra,"Fresenius Kabi USA, LLC",Injection,Subcutaneous,120MG/1.7ML (70MG/ML),Xgeva,N,2025-03-25
761399,omalizumab-igec,Omlyclo,"CELLTRION, Inc.",Injection,Subcutaneous,75MG/0.5ML,Xolair,N,2025-03-07
761399,omalizumab-igec,Omlyclo,"CELLTRION, Inc.",Injection,Subcutaneous,150MG/ML,Xolair,N,2025-03-07
761400,linvoseltamab-gcpt,Lynozyfic,"Regeneron Pharmaceuticals, Inc.",Injection,Intravenous,5MG/2.5ML (2MG/ML),N/A,Y,2025-07-02
761400,linvoseltamab-gcpt,Lynozyfic,"Regeneron Pharmaceuticals, Inc.",Injection,Intravenous,200MG/10ML (20MG/ML),N/A,Y,2025-07-02
761404,denosumab-bmwo,Stoboclo,"CELLTRION, Inc.",Injection,Subcutaneous,60MG/ML,Prolia,N,2025-02-28
761404,denosumab-bmwo,Osenvelt,"CELLTRION, Inc.",Injection,Subcutaneous,120MG/1.7ML (70MG/ML),Xgeva,N,2025-02-28
761406,ustekinumab-kfce,Yesintek,Biocon Biologics Inc.,Injection,Subcutaneous,45MG/0.5ML,Stelara,N,2024-11-29
761406,ustekinumab-kfce,Yesintek,Biocon Biologics Inc.,Injection,Subcutaneous,90MG/ML,Stelara,N,2024-11-29
761406,ustekinumab-kfce,Yesintek,Biocon Biologics Inc.,Injection,Intravenous,130MG/26ML (5MG/ML),Stelara,N,2024-11-29
761411,axatilimab-csfr,Niktimvo,Incyte Corporation,Injection,Intravenous,50MG/ML,N/A,Y,2024-08-14
761416,zanidatamab-hrii,Ziihera,Jazz Pharmaceuticals Ireland Limited,For Injection,Intravenous,300MG,N/A,Y,2024-11-20
761419,ustekinumab-hmny,Starjemza,"Bio-Thera Solutions, Ltd.",Injection,Subcutaneous,45MG/0.5ML,Stelara,N,2025-05-22
761419,ustekinumab-hmny,Starjemza,"Bio-Thera Solutions, Ltd.",Injection,Subcutaneous,90MG/ML,Stelara,N,2025-05-22
761419,ustekinumab-hmny,Starjemza,"Bio-Thera Solutions, Ltd.",Injection,Intravenous,130MG/26ML (5MG/ML),Stelara,N,2025-05-22
761420,tocilizumab-anoh,Avtozma,"CELLTRION, Inc.",Injection,Intravenous,80MG/4ML (20MG/ML),Actemra,N,2025-01-24
761420,tocilizumab-anoh,Avtozma,"CELLTRION, Inc.",Injection,Intravenous,200MG/10ML (20MG/ML),Actemra,N,2025-01-24
761420,tocilizumab-anoh,Avtozma,"CELLTRION, Inc.",Injection,Intravenous,400MG/20ML (20MG/ML),Actemra,N,2025-01-24
761420,tocilizumab-anoh,Avtozma,"CELLTRION, Inc.",Injection,Subcutaneous,162MG/0.9ML,Actemra,N,2025-01-24
761425,ustekinumab-ttwe,Pyzchiva,"Samsung Bioepis Co., Ltd.",Injection,Intravenous,130MG/26ML (5MG/ML),Stelara,N,2024-06-28
761430,nipocalimab-aahu,Imaavy,"Janssen Biotech, Inc.",Injection,Intravenous,300MG/1.62ML (185MG/ML),N/A,Y,2025-04-29
761430,nipocalimab-aahu,Imaavy,"Janssen Biotech, Inc.",Injection,Intravenous,"1,200MG/6.5ML (185MG/ML)",N/A,Y,2025-04-29
761432,clesrovimab-cfor,Enflonsia,Merck Sharp & Dohme LLC,Injection,Intramuscular,105MG/0.7ML,N/A,Y,2025-06-09
761436,denosumab-kyqq,Bosaya,Biocon Biologics Inc.,Injection,Subcutaneous,60MG/ML,Prolia,N,2025-09-16
761436,denosumab-kyqq,Aukelso,Biocon Biologics Inc.,Injection,Subcutaneous,120MG/1.7ML (70MG/ML),Xgeva,N,2025-09-16
761444,denosumab-nxxp,Bildyos,"Shanghai Henlius Biotech, Inc.",Injection,Subcutaneous,60MG/ML,Prolia,N,2025-08-29
761444,denosumab-nxxp,Bilprevda,"Shanghai Henlius Biotech, Inc.",Injection,Subcutaneous,120MG/1.7ML (70MG/ML),Xgeva,N,2025-08-29
761449,tocilizumab-aazg,Tyenne,"Fresenius Kabi USA, LLC",Injection,Subcutaneous,162MG/0.9ML,Actemra,N,2025-03-14
761467,pembrolizumab and berahyaluronidase alfa-pmph,Keytruda Qlex,Merck Sharp & Dohme LLC,Injection,Subcutaneous,"395MG/2.4ML; 4,800UNITS/2.4ML (165MG/2,000UNITS/ML)",N/A,Y,2025-09-19
761467,pembrolizumab and berahyaluronidase alfa-pmph,Keytruda Qlex,Merck Sharp & Dohme LLC,Injection,Subcutaneous,"790MG/4.8ML; 9,600UNITS/4.8ML (165MG/2,000UNITS/ML)",N/A,Y,2025-09-19
