ApplNo,ProductNo,PatentNo,PatentExpiration,PatentUseCode,DrugSubstanceFlag,DrugProductFlag,DelistRequested
020610,001,7625884,2026-08-24,U-141,,,
018613,001,7560445,2027-02-01,U-986,Y,Y,
019734,002,8455524,2027-04-18,U-1029,,,
019734,005,8455524,2027-04-18,U-1029,,,
020832,007,7422388,2027-04-25,U-1397,,Y,
020845,002,8431163,2029-06-30,U-1286,,,
020845,003,8282966,2029-06-30,U-1286,,,
020845,003,8293284,2029-06-30,U-1286,,,
021038,002,8455527,2032-01-04,U-421,,,
021038,003,8455527,2032-01-04,U-421,,,
021400,003,8273876,2027-07-23,U-1288,,,
021528,001,8008338,2027-05-24,U-1181,Y,Y,
021539,001,8399445,2025-08-24,U-1373,,,
021572,002,8003673,2028-09-04,U-1180,,,
021223,002,8324189,2025-05-29,U-1308,,,
021223,003,8324189,2025-05-29,U-1308,,,
021633,002,7572779,2025-10-02,U-904,,,
208351,001,9296769,2032-08-15,U-257,Y,Y,
021660,001,8034375,2026-08-13,U-1290,,,
021669,001,7935093,2027-10-02,U-1022,,Y,
021688,001,7829595,2026-09-22,U-1098,,Y,
021688,002,7829595,2026-09-22,U-1098,,Y,
202880,001,9326982,2033-07-25,U-1810,,,
202880,003,9326982,2033-07-25,U-1810,,,
202880,004,9326982,2033-07-25,U-1810,,,
202880,005,9326982,2033-07-25,U-1810,,,
021695,005,9314447,2033-05-31,U-1447,,Y,
208251,001,8932610,2030-03-24,U-1578,,Y,
021829,001,8246979,2027-09-01,U-1272,,Y,
021829,004,8246979,2027-09-01,U-1272,,Y,
021829,005,8246979,2027-09-01,U-1273,,Y,
021829,006,8246979,2027-09-01,U-1273,,Y,
021856,002,8372872,2031-09-08,U-1346,,,
021862,001,7834059,2027-01-31,U-1095,,,
021897,001,7919499,2029-10-15,U-1124,,,
021897,001,7919499,2029-10-15,U-1123,,,
021902,001,7858662,2026-10-02,U-172,,Y,
022108,002,7569610,2026-06-27,U-997,,,
022184,001,8309605,2025-03-16,U-1293,,,
022202,001,7884095,2029-02-24,U-1111,,,
022202,001,8110606,2029-02-24,U-980,,,
022249,002,8445524,2029-03-26,U-1402,Y,Y,
022252,001,8153616,2028-01-30,U-1240,,,
022256,001,7994220,2029-09-19,U-819,,,
022256,002,7994220,2029-09-19,U-819,,,
022256,003,7994220,2029-09-19,U-819,,,
022256,004,7994220,2029-09-19,U-819,,,
022271,001,7807689,2028-06-27,U-1337,Y,Y,
022271,003,7807689,2028-06-27,U-1337,Y,Y,
203510,002,8859623,2033-11-14,U-1594,,,
022287,001,8173158,2030-03-17,U-951,,,
022287,001,8173158,2030-03-17,U-949,,,
022287,002,8173158,2030-03-17,U-951,,,
022287,002,8173158,2030-03-17,U-950,,,
022287,002,8173158,2030-03-17,U-949,,,
203093,001,7635704,2026-10-26,U-257,Y,Y,
203093,002,7635704,2026-10-26,U-257,Y,Y,
201699,001,8859510,2027-07-31,U-319,,,
050819,002,8288434,2029-08-05,U-818,,Y,
050819,002,8288434,2029-08-05,U-124,,Y,
022249,004,8791270,2026-01-12,U-1542,,Y,
050819,002,8288434,2029-08-05,U-134,,Y,
203565,001,8895612,2027-01-08,U-1620,,,
022304,002,7994364,2025-06-27,U-931,Y,Y,
022309,002,8466137,2026-10-12,U-1103,,,
022320,001,8080537,2027-07-18,U-1078,,,
022320,001,8129362,2027-07-18,U-1078,,,
022328,001,7658945,2027-04-15,U-1194,,Y,
022352,001,7619004,2028-12-03,U-1020,,,
022352,001,7820681,2029-02-17,U-1020,,,
022352,001,7915269,2029-02-17,U-1007,,,
022352,001,7964647,2028-10-06,U-1007,,,
022352,001,8093297,2028-10-06,U-1161,,,
022352,001,8097655,2028-10-06,U-1020,,,
022352,001,8415396,2028-10-06,U-1007,,,
022352,001,8440722,2029-02-17,U-1020,,,
021964,001,8420663,2029-09-30,U-1185,,,
021964,002,8420663,2029-09-30,U-1185,,,
021964,003,8420663,2029-09-30,U-1185,,,
207533,002,9452131,2035-03-19,U-2402,,,
203100,001,8633219,2030-04-30,U-257,,Y,
207533,003,9452131,2035-03-19,U-2402,,,
202834,001,6949571,2025-05-23,U-2429,Y,Y,
202834,001,6949571,2025-05-23,U-2428,Y,Y,
202834,002,6949571,2025-05-23,U-2088,Y,Y,
202834,002,6949571,2025-05-23,U-2089,Y,Y,
202834,003,6949571,2025-05-23,U-2088,Y,Y,
202834,003,6949571,2025-05-23,U-106,Y,Y,
202834,003,6949571,2025-05-23,U-2429,Y,Y,
202834,003,6949571,2025-05-23,U-2428,Y,Y,
202834,004,6949571,2025-05-23,U-2428,Y,Y,
202834,004,6949571,2025-05-23,U-2089,Y,Y,
211288,001,8623883,2025-05-05,U-1403,,,
209305,001,10098910,2035-04-21,U-2205,,Y,
211288,003,8623883,2025-05-05,U-1403,,,
210365,001,9956186,2035-06-17,U-2426,,,
202834,005,6949571,2025-05-23,U-2428,Y,Y,
202834,005,6949571,2025-05-23,U-2088,Y,Y,
202834,005,6949571,2025-05-23,U-2429,Y,Y,
202834,005,6949571,2025-05-23,U-2089,Y,Y,
210365,001,10092525,2035-06-17,U-2427,,,
210365,001,9956183,2035-06-17,U-2422,,,
210365,001,9949937,2035-06-17,U-2421,,,
202834,006,6949571,2025-05-23,U-2088,Y,Y,
202834,006,6949571,2025-05-23,U-2089,Y,Y,
202834,006,6949571,2025-05-23,U-106,Y,Y,
206073,001,9173859,2027-05-04,U-1772,,Y,Y
203634,001,9192581,2031-09-07,U-1325,,Y,
207533,003,9193685,2033-10-24,U-543,,Y,
022030,001,8088398,2027-06-07,U-913,,Y,
207533,001,9193685,2033-10-24,U-543,,Y,
022044,001,8414921,2028-07-21,U-1036,,Y,
022048,001,8211880,2029-03-10,U-1258,,,
022067,001,7799331,2028-10-11,U-1068,,Y,
022067,002,7799331,2028-10-11,U-139,,Y,
022399,002,8114909,2026-04-11,U-1231,,,
022410,002,8475832,2030-03-26,U-1411,,Y,
022411,001,7829120,2027-03-27,U-796,,Y,
022418,001,7569612,2027-08-20,U-1000,,,
022418,001,7741374,2027-08-20,U-1061,,,
022418,002,7741373,2027-08-20,U-1059,,,
022418,002,7741374,2027-08-20,U-1061,,,
022418,002,7915247,2027-08-20,U-1000,,,
022425,001,8410167,2029-04-16,U-1387,,,
022426,001,8173663,2025-03-15,U-1338,,,
022426,002,8173663,2025-03-15,U-1338,,,
022426,003,8173663,2025-03-15,U-1338,,,
022426,004,7807689,2028-06-27,U-1337,Y,Y,
022426,004,8173663,2025-03-15,U-1338,,,
022426,005,8173663,2025-03-15,U-1338,,,
022426,006,7807689,2028-06-27,U-1337,Y,Y,
022426,006,8173663,2025-03-15,U-1338,,,
022430,001,8022106,2025-03-04,U-1182,,,
022430,001,8273795,2025-03-04,U-1182,,,
022434,001,7687516,2027-09-26,U-1164,,Y,
022468,001,8299078,2025-05-31,U-1004,,,
022468,002,7622470,2025-05-31,U-1015,,,
022468,002,8299078,2025-05-31,U-1004,,,
022483,001,8236816,2029-12-11,U-68,,,
022483,002,8222270,2029-12-11,U-68,,,
022502,001,7998467,2028-05-31,U-1078,,Y,
022519,001,8067451,2026-07-18,U-1196,,Y,
050805,001,8206740,2025-12-24,U-925,,Y,
050808,002,7541347,2027-04-02,U-917,,,
050808,002,7919483,2027-03-07,U-1078,,,
050808,002,8252776,2025-06-24,U-124,,,
050808,003,8268804,2025-06-24,U-1078,,,
050808,004,7790705,2025-06-24,U-1078,,,
050808,004,8252776,2025-06-24,U-124,,,
050808,005,7919483,2027-03-07,U-1078,,,
050808,006,7919483,2027-03-07,U-1078,,,
050808,007,7790705,2025-06-24,U-1078,,,
050808,007,8252776,2025-06-24,U-124,,,
050808,008,8268804,2025-06-24,U-1078,,,
050818,001,7795316,2028-08-03,U-1082,,Y,
200327,002,8247400,2031-02-10,U-282,,Y,
200533,002,7994364,2025-06-27,U-1178,Y,Y,
200533,003,7994364,2025-06-27,U-1276,Y,Y,
200533,004,7994364,2025-06-27,U-1276,Y,Y,
200533,004,7994364,2025-06-27,U-1178,Y,Y,
201699,001,7906489,2027-03-04,U-319,,,
201917,001,8431615,2028-05-30,U-1398,,,
201922,001,8268804,2025-06-24,U-124,,,
201922,003,7541347,2027-04-02,U-917,,,
201922,003,7919483,2027-03-07,U-124,,,
201922,005,7541347,2027-04-02,U-917,,,
201922,005,7790705,2025-06-24,U-124,,,
201922,005,7919483,2027-03-07,U-124,,,
201922,005,8268804,2025-06-24,U-124,,,
202020,003,8168218,2028-01-07,U-1269,,Y,
202057,001,8431560,2030-02-09,U-1287,,,
202100,001,8465765,2031-02-15,U-1415,,Y,
202258,001,7772178,2027-11-11,U-1128,,Y,
022430,001,8487005,2025-03-04,U-1182,,Y,
201444,001,8496973,2031-03-29,U-1419,Y,Y,
204168,001,8481598,2031-03-02,U-839,,,
204168,002,RE43879,2026-01-11,U-839,,,
204168,002,8481598,2031-03-02,U-839,,,
204168,003,8481598,2031-03-02,U-839,,,
022184,001,8586630,2025-03-16,U-1458,,,
203858,001,8618135,2025-03-07,U-1316,,,
203858,002,8618135,2025-03-07,U-1316,,,
022399,002,8686034,2025-01-24,U-1231,,,
205382,001,8183257,2025-07-27,U-1476,,,
202100,001,8778390,2031-02-15,U-1543,,Y,
022321,004,8685443,2025-07-03,U-1508,,,
022321,005,8685443,2025-07-03,U-1508,,,
022399,002,8686034,2025-01-24,U-1247,,,
022421,003,8679533,2029-09-08,U-219,,Y,
206256,001,6888027,2026-08-10,U-1544,Y,Y,
022421,004,8679533,2029-09-08,U-219,,Y,
022430,001,8791160,2025-03-04,U-1182,,Y,
022399,001,8795725,2029-06-10,U-1231,,Y,
022399,002,8795725,2029-06-10,U-1231,,Y,
020845,002,8776795,2031-01-06,U-1226,,Y,
204569,003,7951797,2029-11-20,U-620,Y,Y,
202278,001,7973058,2027-04-12,U-1328,,,
202278,001,8155737,2027-04-12,U-1328,,,
202278,001,8366600,2029-04-21,U-1327,,,
202278,001,8470853,2027-04-12,U-1328,,,
202331,001,7572920,2025-01-07,U-3,,Y,
202331,002,7572920,2025-01-07,U-3,,Y,
202343,001,7326708,2026-04-11,U-1188,Y,Y,
202343,002,7326708,2026-04-11,U-1188,Y,Y,
202343,003,7326708,2026-04-11,U-1188,Y,Y,
202343,004,7326708,2026-04-11,U-1188,Y,Y,
202343,005,7326708,2026-04-11,U-1188,Y,Y,
202714,001,7491704,2025-04-14,U-1260,,,
202799,002,7550433,2026-06-02,U-1238,,,
202799,002,7919461,2026-06-02,U-1238,,,
202799,004,7919461,2026-06-02,U-1238,,,
202799,005,7919461,2026-06-02,U-1238,,,
202799,007,7550433,2026-06-02,U-1238,,,
202799,008,7550433,2026-06-02,U-1238,,,
203100,001,7635704,2026-10-26,U-257,Y,Y,
203414,001,7807689,2028-06-27,U-1337,Y,Y,
203414,002,7807689,2028-06-27,U-1337,Y,Y,
203858,002,7932268,2027-08-19,U-1316,,,
204061,001,8450299,2025-10-07,U-1,,,
202057,001,8501225,2030-04-29,U-1287,,,
202317,001,7872050,2029-07-08,U-1427,,,
022519,001,8501228,2026-07-18,U-1196,,,
202057,001,8524698,2030-02-09,U-1287,,,
204708,001,8053427,2031-06-13,U-1428,,Y,
204708,001,8513247,2031-03-25,U-1428,,Y,
204708,001,8426410,2025-05-24,U-1428,,,
204708,001,8513249,2031-03-25,U-1428,,Y,
022184,001,8524777,2025-03-16,U-1235,,,
020866,001,8431155,2032-04-30,U-976,,Y,
207932,002,9901539,2032-12-21,U-1556,,,
207932,003,9901539,2032-12-21,U-1556,,,
202833,002,8536163,2026-12-18,U-1440,,,
204824,003,8480631,2030-03-19,U-1442,,Y,
204410,001,8268847,2029-04-18,U-1446,,,
021695,004,8026281,2025-04-22,U-1448,,,
204824,004,8579865,2030-03-19,U-1442,,Y,
208745,001,9919024,2031-09-15,U-2230,,,
205123,001,8349869,2026-07-28,U-1467,Y,Y,
022581,001,8592480,2027-07-20,U-1469,,,
021272,001,8653137,2028-09-05,U-1437,,,
021272,004,8653137,2028-09-05,U-1437,,,
022450,001,9399012,2031-09-11,U-2262,,,
201635,002,9622983,2027-11-16,U-1992,,Y,
201635,003,9622983,2027-11-16,U-1992,,Y,
202057,001,8546372,2030-02-09,U-1287,,,
021272,001,8658694,2028-09-05,U-1437,,,
021272,004,8658694,2028-09-05,U-1437,,,
201635,003,9622983,2027-11-16,U-1675,,Y,
201635,004,9622983,2027-11-16,U-1992,,Y,
021445,001,7612058,2025-10-30,U-1173,,,
205410,001,8338489,2028-10-16,U-1496,,,
204031,001,8668929,2029-03-11,U-1499,,,
204031,001,8377453,2029-11-19,U-1499,,Y,
050808,007,8722650,2025-06-24,U-1078,,,
022266,002,9597288,2027-07-23,U-767,,Y,
050808,008,8722650,2025-06-24,U-1078,,,
202833,002,8716271,2026-12-18,U-1440,,,
204485,002,9375478,2035-01-30,U-1857,,,
022266,003,9597288,2027-07-23,U-767,,Y,
022266,004,9597288,2027-07-23,U-767,,Y,
202833,001,8716271,2026-12-18,U-1440,,,
050808,006,8722650,2025-06-24,U-1078,,,
202788,001,8486973,2030-04-27,U-55,,,
202788,003,8486973,2030-04-27,U-55,,,
205060,001,8383678,2025-02-07,U-1511,,Y,
204623,001,8741956,2029-07-10,U-1435,,,
202788,005,8486973,2030-04-27,U-55,,,
204141,001,8715624,2026-05-26,U-1408,,Y,
202788,006,8486973,2030-04-27,U-55,,,
204141,001,8277780,2028-09-01,U-1408,,Y,
203567,001,7214506,2026-02-22,U-281,,,
022525,003,8039009,2029-03-24,U-539,,,
022525,004,8039009,2029-03-24,U-539,,,
205637,002,8147866,2027-07-23,U-1521,,Y,
021272,003,7999007,2029-03-29,U-1437,,Y,
209115,001,8859562,2031-08-04,U-2012,,,
209115,001,8143241,2027-08-12,U-2012,,,
204623,001,8546450,2030-08-09,U-1435,,,
204623,001,8618164,2029-07-10,U-1477,,,
022321,004,7682633,2027-06-19,U-1510,,,
205123,001,8754106,2026-07-28,U-1467,Y,,
022321,001,8158156,2027-06-19,U-1510,,,
022321,002,7682633,2027-06-19,U-1510,,,
022321,003,8158156,2027-06-19,U-1510,,,
022321,005,7682633,2027-06-19,U-1510,,,
022321,006,8158156,2027-06-19,U-1510,,,
208780,002,7910610,2030-01-08,U-2048,,,
202293,001,8685934,2030-05-26,U-1522,,,
205123,001,8741926,2026-07-28,U-1467,Y,,
205435,001,8426389,2030-12-31,U-282,Y,Y,
205436,001,8426389,2030-12-31,U-282,Y,Y,
021361,001,8741904,2026-02-27,U-1526,Y,,
021729,003,8759350,2027-03-02,U-1529,,,
204399,002,8785426,2034-02-11,U-1531,,Y,
208780,002,8778947,2033-08-30,U-2044,,,
021436,001,8759350,2027-03-02,U-1529,,,
208780,002,8420674,2027-12-18,U-2079,,,
208780,002,7635707,2029-04-22,U-2083,,,
208780,002,7635707,2029-04-22,U-2072,,,
208780,002,7635707,2029-04-22,U-2073,,,
208780,002,8609701,2029-04-22,U-2069,,,
208780,002,8609701,2029-04-22,U-2064,,,
208780,002,8609701,2029-04-22,U-2067,,,
208780,002,8609701,2029-04-22,U-2065,,,
208780,002,8084475,2030-01-08,U-2268,,,
208780,002,8318780,2030-01-08,U-2046,,,
208780,002,8754109,2030-01-08,U-2053,,,
208780,002,8592462,2029-04-22,U-2060,,,
203108,001,8034809,2025-05-12,U-1547,,,
203108,001,7220742,2025-05-12,U-1547,Y,Y,
205776,004,8664231,2029-06-01,U-1442,,,
205776,005,8664231,2029-06-01,U-1442,,,
205776,008,8664231,2029-06-01,U-1442,,,
205776,009,8664231,2029-06-01,U-1442,,,
205776,010,8664231,2029-06-01,U-1442,,,
020845,002,8795741,2029-06-30,U-1286,,,
022272,003,8808741,2027-08-24,U-1556,,,
022272,004,8808741,2027-08-24,U-1556,,,
022272,007,8808741,2027-08-24,U-1556,,,
022272,001,8808741,2027-08-24,U-1556,,,
205874,001,8093423,2026-04-21,U-1577,,,
022192,002,8586610,2027-11-02,U-1625,,,
022192,003,8586610,2027-11-02,U-1625,,,
203094,001,8148374,2029-09-03,U-1279,Y,Y,
204242,003,8658198,2027-12-03,U-1494,,Y,
204677,001,7807135,2029-03-18,U-1497,Y,Y,
206829,001,7129232,2028-05-15,U-36,Y,Y,
022192,001,8586610,2027-11-02,U-1625,,,
022192,005,8586610,2027-11-02,U-1625,,,
022192,006,8586610,2027-11-02,U-1625,,,
206829,001,8685957,2032-09-27,U-36,Y,,
021964,002,8822490,2029-09-30,U-1185,,Y,
206334,001,8420592,2029-08-29,U-1570,,,
200063,001,8722085,2027-11-08,U-1585,,,
021964,003,8822490,2029-09-30,U-1185,,Y,
202123,001,8841310,2025-12-09,U-257,,Y,
021923,001,8877933,2027-12-24,U-1624,Y,Y,
022249,002,8791270,2026-01-12,U-1542,,Y,
202788,007,8835460,2027-01-25,U-55,,Y,
201655,002,8808737,2027-06-21,U-1598,,,
022535,001,7988994,2026-09-22,U-1602,,Y,
201655,001,8808737,2027-06-21,U-1598,,,
201655,003,8808737,2027-06-21,U-1598,,,
201655,005,8808737,2027-06-21,U-1598,,,
201655,006,8808737,2027-06-21,U-1598,,,
022535,001,8013002,2030-01-08,U-1603,,,
022535,001,8778947,2033-08-30,U-1613,,,
022535,001,7767225,2026-09-22,U-1602,,Y,
022535,001,7767700,2027-12-18,U-1601,,,
022249,001,8883836,2029-03-26,U-1402,,Y,
021338,001,8428709,2032-06-11,U-736,,Y,
022291,004,8052994,2027-08-01,U-1714,,Y,
022535,001,8592462,2029-04-22,U-1609,,,
022535,001,8318780,2030-01-08,U-1606,,,
022535,001,8420674,2027-12-18,U-1608,,Y,
022535,001,7910610,2030-01-08,U-1604,,,
022535,001,8754109,2030-01-08,U-1612,,,
206627,002,8808740,2031-12-21,U-1556,,Y,
022535,001,8753679,2026-09-22,U-1602,,Y,
206627,006,8808740,2031-12-21,U-1556,,Y,
022192,001,9074256,2031-02-10,U-1674,,,
022192,001,9072742,2031-01-16,U-1674,,,
022192,002,9072742,2031-01-16,U-1674,,,
022192,003,9074256,2031-02-10,U-1674,,,
022291,003,8071129,2027-08-01,U-1714,,Y,
206843,001,8900566,2027-08-08,U-1725,,,
022291,005,7547719,2025-07-13,U-1575,Y,Y,
022291,005,7547719,2025-07-13,U-930,Y,Y,
206843,002,8900566,2027-08-08,U-1725,,,
206843,002,8900566,2027-08-08,U-1724,,,
206843,002,8642025,2027-08-11,U-1724,Y,Y,
204399,002,9662340,2034-02-11,U-1531,,Y,
208383,001,8557852,2028-09-08,U-1167,,,
204623,001,9132110,2027-10-17,U-1488,,,
021436,001,9125939,2026-07-28,U-1749,,,
206940,001,9115091,2028-07-07,U-1738,Y,Y,
021436,002,9125939,2026-07-28,U-1749,,,
021436,004,9125939,2026-07-28,U-1749,,,
021436,005,9125939,2026-07-28,U-1749,,,
021436,006,9125939,2026-07-28,U-1749,,,
207958,001,9339489,2034-03-14,U-1850,,Y,
206406,001,8664239,2028-08-30,U-1752,,,
202192,001,8822481,2028-06-12,U-1573,,,
202192,002,8822481,2028-06-12,U-1573,,,
202192,003,8822481,2028-06-12,U-1573,,,
202192,005,8822481,2028-06-12,U-1573,,,
204824,005,8480631,2030-03-19,U-1442,,Y,
208383,002,9555023,2026-11-07,U-1502,,,
203756,001,8877776,2030-10-08,U-1617,Y,Y,
202788,004,8835460,2027-01-25,U-55,,Y,
205649,001,6515117,2025-10-04,U-493,Y,Y,
205649,002,6515117,2025-10-04,U-493,Y,Y,
205649,003,8501698,2027-06-20,U-493,,Y,
205649,003,6515117,2025-10-04,U-493,Y,Y,
020845,003,8846112,2029-06-30,U-1286,,,
021537,001,8846650,2025-06-04,U-1578,,Y,
206406,003,8685998,2028-08-30,U-1752,,Y,
208383,002,8404724,2031-03-29,U-2034,,Y,
022184,001,9155716,2025-03-16,U-1528,,Y,
204824,005,8945063,2030-03-19,U-1442,,Y,
022004,001,8371292,2028-02-01,U-1356,,,
021658,002,8371292,2028-02-01,U-1355,,,
020517,003,8921326,2031-02-05,U-1666,,Y,
205858,002,8980901,2025-05-12,U-1678,,,
206947,001,9006256,2027-07-27,U-1695,,,
206439,002,8039009,2029-03-24,U-1641,,,
206756,001,7220742,2025-05-12,U-1703,Y,Y,
200063,001,9107837,2027-06-04,U-1639,,,
022192,005,9072742,2031-01-16,U-1674,,,
022192,005,9074256,2031-02-10,U-1674,,,
021856,001,9107912,2031-09-08,U-1346,,,
022192,006,9074256,2031-02-10,U-1674,,,
022192,006,9072742,2031-01-16,U-1674,,,
022192,007,9074255,2030-12-17,U-1674,,,
022192,007,9072742,2031-01-16,U-1674,,,
200063,001,9125868,2027-11-08,U-1585,,,
022192,001,9157121,2030-04-05,U-1674,,,
022192,003,9157121,2030-04-05,U-1674,,,
022192,005,9157121,2030-04-05,U-1674,,,
022192,007,9157121,2030-04-05,U-1674,,,
204592,001,9186328,2030-04-23,U-55,,,
022291,001,8052994,2027-08-01,U-1714,,Y,
204516,001,8946251,2026-08-04,U-904,Y,Y,
021997,001,9265720,2031-02-25,U-674,,,
022430,001,8957113,2025-03-04,U-1182,,Y,
021997,002,9265720,2031-02-25,U-674,,,
205837,001,6911461,2026-02-21,U-1815,Y,Y,
022088,001,8791097,2032-05-10,U-1551,,,
022504,001,8435944,2027-09-27,U-1390,,,
022334,003,9006224,2028-07-01,U-1681,,,
021937,001,9018192,2026-06-13,U-750,,,
205123,001,9040562,2026-07-28,U-1467,Y,Y,
204275,001,8511304,2027-06-14,U-1691,,Y,
020866,001,8877708,2030-06-07,U-1706,,Y,
203858,004,8618135,2025-03-07,U-1316,,,
203858,005,7932268,2027-08-19,U-1316,,,
203858,006,8618135,2025-03-07,U-1316,,,
202270,003,7326708,2026-11-24,U-1227,Y,Y,
022348,002,9114068,2029-09-30,U-1735,,,
022192,004,9138432,2025-09-30,U-1737,,,
021549,003,8258132,2027-09-26,U-901,,Y,
021549,003,8258132,2027-09-26,U-1743,,Y,
206500,001,8470842,2029-01-18,U-1741,,,
022192,001,9138432,2025-09-30,U-1737,,,
206619,001,9139536,2028-11-09,U-1753,,,
207988,001,8084483,2029-08-17,U-1801,,,
207988,001,8283369,2028-11-26,U-1804,,,
207988,001,8357713,2029-12-22,U-1801,,Y,
209022,001,7975690,2025-12-29,U-2133,,,
021549,002,8258132,2027-09-26,U-901,,Y,
021549,002,8258132,2027-09-26,U-1743,,Y,
021549,001,8258132,2027-09-26,U-1743,,Y,
021549,001,8258132,2027-09-26,U-901,,Y,
022512,001,9034822,2031-01-20,U-1759,,,
205552,001,9125889,2031-06-03,U-1745,,,
205060,001,9132112,2025-02-07,U-1511,,Y,
209482,001,8309572,2025-04-27,U-2129,,,
208079,001,9775851,2030-08-31,U-1858,,Y,
207533,003,9034867,2032-11-07,U-543,,Y,
207988,001,8357713,2029-12-22,U-1803,,Y,
021995,002,7326708,2026-11-24,U-802,Y,Y,
021995,003,7326708,2026-11-24,U-802,Y,Y,
022287,002,9233103,2032-03-05,U-1805,,,
202270,001,7326708,2026-11-24,U-1227,Y,Y,
206619,001,8466159,2032-09-04,U-1637,,,
206619,001,8501238,2028-12-19,U-1636,Y,Y,
022321,004,8623418,2029-11-07,U-1640,,,
201280,001,8853156,2031-03-05,U-1642,,Y,
201281,001,8673927,2027-05-04,U-1503,,,Y
201281,003,8673927,2027-05-04,U-1503,,,Y
201280,001,8673927,2027-05-04,U-1503,,,Y
022192,002,8999638,2030-10-28,U-1674,,,
022192,003,8999638,2030-10-28,U-1674,,,
022192,006,8999638,2030-10-28,U-1674,,,
204242,003,8470361,2030-05-22,U-1425,,Y,
203312,003,9089607,2028-12-26,U-1645,,Y,
203312,003,9089607,2028-12-26,U-1720,,Y,
205858,002,9149477,2025-05-12,U-1757,,,
203312,001,9089607,2028-12-26,U-1645,,Y,
022581,001,9089528,2027-07-20,U-1469,,,
021964,001,9180125,2029-09-30,U-1185,,Y,
021964,002,9180125,2029-09-30,U-1185,,Y,
021964,003,9180125,2029-09-30,U-1185,,Y,
207932,002,8147866,2027-07-23,U-1769,,Y,
205739,001,8216560,2027-03-14,U-1766,,,
205739,001,7556799,2025-02-27,U-1766,,,
205739,002,7556799,2025-02-27,U-1766,,,
205739,002,8216560,2027-03-14,U-1766,,,
205739,003,8337824,2030-05-29,U-1766,Y,,
205739,003,7556799,2025-02-27,U-1766,,,
207932,003,8147866,2027-07-23,U-1769,,Y,
022563,001,8629128,2026-05-26,U-1280,,Y,
208183,001,8962028,2033-06-19,U-1775,,Y,
207561,001,8148374,2029-09-03,U-1279,Y,Y,
207561,001,8754065,2032-08-15,U-257,Y,Y,
206333,001,7754230,2027-12-10,U-1690,,,
206333,001,8846066,2025-02-08,U-1690,,,
203469,002,9029533,2026-12-22,U-1283,,,
206099,001,8875704,2028-04-07,U-1809,,Y,
203469,002,9029533,2026-12-22,U-1700,,,
203469,003,9029533,2026-12-22,U-1701,,,
203469,003,9029533,2026-12-22,U-836,,,
205422,004,8618109,2026-04-12,U-543,,,
205422,006,8349840,2026-04-12,U-1529,,Y,
204623,001,9168305,2027-10-17,U-1488,,,
022036,002,9107898,2028-05-01,U-620,,,
205223,001,9198858,2032-06-28,U-1664,,,
204223,001,9192608,2034-03-12,U-43,,,
204223,005,9192608,2034-03-12,U-55,,,
202992,001,9186346,2034-02-04,U-1786,,,
022425,001,9107900,2029-04-16,U-1728,,,
202811,002,7304036,2026-08-30,U-1278,Y,Y,
022425,001,9107900,2029-04-16,U-1726,,,
022225,002,RE44733,2026-01-27,U-1794,Y,Y,
202091,001,9233112,2028-12-14,U-1676,,Y,
204447,001,9227946,2027-06-15,U-1668,,,
207916,001,8747894,2032-05-08,U-1373,,Y,
203858,002,9265758,2025-03-07,U-1316,,,
203858,005,9265758,2025-03-07,U-1316,,,
202880,004,9265760,2033-07-25,U-1810,,,
206099,001,8590530,2025-09-15,U-1809,,Y,
206099,001,7975690,2025-08-18,U-1809,,Y,
203858,001,9265758,2025-03-07,U-1316,,,
203858,006,9265758,2025-03-07,U-1316,,,
202880,006,9265760,2033-07-25,U-1810,,,
022044,001,7326708,2026-11-24,U-802,Y,Y,
022044,002,7326708,2026-11-24,U-802,Y,Y,
202278,001,8983594,2030-11-19,U-1328,,Y,
206829,001,8968753,2034-03-14,U-1673,,,
206829,001,8968753,2034-03-14,U-1672,,,
203312,001,8377474,2028-12-26,U-219,,Y,
203312,001,8377474,2028-12-26,U-1645,,Y,
203312,002,8377474,2028-12-26,U-219,,Y,
203312,003,8377474,2028-12-26,U-219,,Y,
203312,004,8377474,2028-12-26,U-1645,,Y,
021926,001,7332183,2025-10-02,U-867,,Y,
206627,002,9095614,2027-08-24,U-1556,,,
205060,001,9012501,2025-02-07,U-1511,,Y,
204153,001,9012484,2033-09-06,U-540,Y,Y,
022192,001,9074254,2031-12-28,U-1674,,,
022192,002,9074254,2031-12-28,U-1674,,,
022192,006,9074254,2031-12-28,U-1674,,,
206627,003,9095614,2027-08-24,U-1556,,,
206255,001,9233118,2034-03-13,U-1631,,,
205003,002,7846961,2029-10-05,U-3,Y,Y,
207947,001,9173881,2029-08-12,U-1798,,,
208159,001,7776838,2027-08-17,U-1791,,,
208194,001,9144568,2033-03-15,U-1542,,,
206030,001,9629797,2028-11-10,U-2004,,,
204308,001,8778366,2032-11-06,U-3,,,
204308,001,8778366,2032-11-06,U-71,,,
207947,003,9173881,2029-08-12,U-1798,,,
207947,004,7205302,2026-10-31,U-1797,Y,Y,
207947,005,7205302,2026-10-31,U-1797,Y,Y,
207947,006,7205302,2026-10-31,U-1797,Y,Y,
207947,008,9173881,2029-08-12,U-1798,,,
204410,001,9265762,2027-05-29,U-1820,,Y,
204308,001,8778366,2032-11-06,U-185,,,
022063,001,9173857,2026-05-12,U-2025,,,
205637,003,9655843,2027-07-23,U-2017,,Y,
207932,001,9655843,2027-07-23,U-1556,,Y,
207932,003,9655843,2027-07-23,U-1556,,Y,
202788,001,9642797,2027-01-25,U-55,,Y,
202788,002,9642797,2027-01-25,U-55,,Y,
202788,003,9642797,2027-01-25,U-55,,Y,
202788,005,9289387,2027-01-25,U-55,,Y,
202788,006,9289387,2027-01-25,U-55,,Y,
205637,001,9655843,2027-07-23,U-2017,,Y,
021038,004,8455527,2032-01-04,U-421,,,
021775,001,8946262,2030-02-12,U-1655,,,
202971,001,8338427,2025-03-15,U-543,,Y,
202971,002,8338427,2025-03-15,U-543,,Y,
202971,003,8338427,2025-03-15,U-1633,,Y,
203312,001,8454998,2028-12-26,U-1645,,Y,
203312,001,8454998,2028-12-26,U-1649,,Y,
203312,001,8454998,2028-12-26,U-1646,,Y,
203312,002,8454998,2028-12-26,U-1649,,Y,
203312,002,8454998,2028-12-26,U-219,,Y,
203312,002,8454998,2028-12-26,U-1647,,Y,
203312,003,8454998,2028-12-26,U-1645,,Y,
203312,003,8454998,2028-12-26,U-1647,,Y,
203312,003,8454998,2028-12-26,U-1649,,Y,
203312,003,8454998,2028-12-26,U-219,,Y,
203312,004,8454998,2028-12-26,U-1646,,Y,
203312,004,8454998,2028-12-26,U-219,,Y,
203312,004,8454998,2028-12-26,U-1645,,Y,
205552,001,8999999,2031-06-03,U-1684,,,
022192,004,8652776,2030-08-31,U-1685,,,
203312,002,8557283,2028-12-26,U-219,,Y,
203312,002,8557283,2028-12-26,U-1645,,Y,
022192,007,8652776,2030-08-31,U-1685,,,
022291,002,8071129,2027-08-01,U-1714,,Y,
205858,002,RE44599,2025-07-21,U-1615,,,
205858,001,8865730,2033-03-05,U-1615,Y,Y,
205858,001,RE44599,2025-07-21,U-1558,,,
204623,001,9066913,2027-10-17,U-1488,,Y,
205422,002,8618109,2026-04-12,U-543,,,
050444,001,9084802,2031-05-12,U-282,,,
022291,001,8052993,2027-08-01,U-1306,,Y,
022291,001,8052993,2027-08-01,U-2451,,Y,
022291,002,7547719,2025-07-13,U-1575,Y,Y,
022291,002,7547719,2025-07-13,U-2452,Y,Y,
022291,003,8062665,2027-08-01,U-1306,,Y,
022291,003,7547719,2025-07-13,U-2451,Y,Y,
022291,003,7547719,2025-07-13,U-1575,Y,Y,
022291,004,8071129,2027-08-01,U-2451,,Y,
022291,004,8071129,2027-08-01,U-930,,Y,
021196,001,10213400,2033-03-15,U-2499,,,
205787,001,10220158,2035-03-20,U-2500,,Y,
202810,002,10220042,2027-04-13,U-2501,,,
204623,001,9339551,2027-10-17,U-1488,,,
207958,003,9339489,2034-03-14,U-1850,,Y,
021923,001,9737488,2028-09-10,U-2107,,Y,
021923,001,9737488,2028-09-10,U-1480,,Y,
207958,004,9339489,2034-03-14,U-1850,,Y,
050795,008,9295652,2034-10-23,U-918,,Y,
208026,002,9173859,2027-05-04,U-1503,,Y,Y
202880,002,9421200,2033-07-25,U-1810,,,
202880,002,9433619,2033-07-25,U-1810,,,
202880,003,9433619,2033-07-25,U-1810,,,
202880,003,9421200,2033-07-25,U-1810,,,
202880,004,9421200,2033-07-25,U-1810,,,
202880,006,9433619,2033-07-25,U-1810,,,
202880,006,9421200,2033-07-25,U-1810,,,
207621,002,8685443,2025-07-03,U-1508,,,
207621,001,8685443,2025-07-03,U-1508,,,
207621,003,8685443,2025-07-03,U-1508,,,
207621,005,8685443,2025-07-03,U-1508,,,
207621,006,8685443,2025-07-03,U-1508,,,
022201,002,9415085,2032-04-27,U-1895,,,
202278,001,9427578,2027-04-12,U-1328,,Y,
207620,001,9388134,2026-11-08,U-1723,,,
207620,003,9388134,2026-11-08,U-1723,,,
204242,006,8658198,2027-12-03,U-1494,,Y,
203188,001,8324242,2027-08-05,U-1311,,,
204242,006,8470361,2030-05-22,U-1425,,Y,
205739,002,9492476,2033-10-08,U-1766,,,
206627,001,9545380,2027-08-24,U-1556,,,
206627,003,9545380,2027-08-24,U-1556,,,
205739,003,9492476,2033-10-08,U-1766,,,
206940,001,8772325,2025-03-14,U-1709,,,
021660,001,9511046,2034-01-12,U-1434,,,
206627,004,9545380,2027-08-24,U-1556,,,
209531,001,8110560,2025-12-05,U-1943,,,
209531,001,8110560,2025-12-05,U-1944,,,
208325,002,8999932,2031-02-07,U-2014,Y,Y,
206099,001,9649456,2030-10-21,U-1719,,Y,
208944,001,8895615,2025-11-23,U-2106,,,
208944,001,8389578,2028-01-22,U-2105,,,
208944,002,8741343,2030-12-02,U-2106,,,
208944,002,8895615,2025-11-23,U-2106,,,
202155,001,6967208,2026-11-21,U-1501,Y,Y,
202155,001,6967208,2026-11-21,U-1200,Y,Y,
202155,001,6967208,2026-11-21,U-1302,Y,Y,
202155,001,6967208,2026-11-21,U-1729,Y,Y,
202155,002,6967208,2026-11-21,U-1301,Y,Y,
202155,002,6967208,2026-11-21,U-1200,Y,Y,
208780,001,7767700,2027-12-18,U-2080,,,
022114,001,9370622,2035-09-28,U-1870,,,
201635,001,8298576,2028-04-04,U-106,,Y,
201635,001,8298576,2028-04-04,U-1992,,Y,
202714,002,8207127,2025-04-14,U-1260,,,
208010,001,8778373,2028-04-25,U-1873,,,
204824,003,9421333,2030-03-19,U-1442,,Y,
204824,005,9421333,2030-03-19,U-1442,,Y,
206843,002,9421192,2027-08-08,U-1725,Y,,
206843,002,9421192,2027-08-08,U-1724,Y,,
206843,003,9421192,2027-08-08,U-1725,Y,,
206038,001,8846718,2029-07-02,U-1717,,,
206038,002,8324242,2027-08-05,U-1911,,,
204824,007,9421333,2030-03-19,U-1442,,Y,
206038,002,8716338,2030-09-20,U-1910,,Y,
209862,001,9474869,2031-02-28,U-1907,,Y,
205787,001,9474869,2031-02-28,U-1907,,Y,
200533,001,8536130,2028-09-22,U-1276,,,
200533,002,8536130,2028-09-22,U-1276,,,
200533,003,8536130,2028-09-22,U-1276,,,
200533,005,8536130,2028-09-22,U-1276,,,
022271,001,8173663,2025-12-02,U-1338,,,
022271,002,8173663,2025-12-02,U-1338,,,
022271,003,8173663,2025-12-02,U-1338,,,
201635,001,8663683,2027-11-16,U-1992,,Y,
201635,001,8663683,2027-11-16,U-106,,Y,
201635,001,8992989,2027-11-16,U-1675,,Y,
208552,001,7812049,2028-05-02,U-1959,,,
201635,001,8889191,2027-11-16,U-106,,,
201635,001,9549940,2027-11-16,U-1992,,Y,
203585,001,6987103,2026-10-26,U-1300,,,
201635,001,8298580,2027-11-16,U-1992,,Y,
201635,001,8877248,2027-11-16,U-1992,,Y,
201635,001,8877248,2027-11-16,U-106,,Y,
203496,005,9393203,2026-04-27,U-1877,,Y,
201635,001,9555004,2027-11-16,U-1992,,Y,
201635,002,9549940,2027-11-16,U-1992,,Y,
201635,002,8877248,2027-11-16,U-1992,,Y,
201635,002,8889191,2027-11-16,U-106,,,
201635,002,8889191,2027-11-16,U-1992,,,
201635,002,8298576,2028-04-04,U-1992,,Y,
201635,003,8992989,2027-11-16,U-1992,,Y,
201635,003,9555004,2027-11-16,U-1992,,Y,
201635,003,8298580,2027-11-16,U-1992,,Y,
201635,003,8877248,2027-11-16,U-106,,Y,
201635,004,8298576,2028-04-04,U-1992,,Y,
201635,004,8663683,2027-11-16,U-1992,,Y,
201635,004,8663683,2027-11-16,U-106,,Y,
201635,004,8992989,2027-11-16,U-1675,,Y,
201635,004,8298580,2027-11-16,U-1992,,Y,
207145,002,8278485,2027-06-08,U-1993,Y,,
207145,002,8283380,2031-03-21,U-1993,,,
022196,001,8236285,2032-08-07,U-70,Y,Y,
208079,001,9364485,2030-08-31,U-1858,,Y,
206302,001,7838552,2027-10-04,U-185,,,
203697,001,9226892,2032-09-29,U-1733,,,
020845,003,9408993,2031-01-06,U-1824,,Y,
050819,002,9561208,2029-06-03,U-916,,Y,
205109,001,9561251,2030-01-23,U-1468,,Y,
208854,001,RE46375,2026-10-05,U-1185,Y,Y,
208079,001,9655907,2030-08-31,U-1858,,Y,
205474,001,9549907,2035-11-13,U-2023,Y,Y,
203923,001,9345724,2030-07-07,U-2015,Y,Y,
206619,001,9629841,2033-10-18,U-1753,,Y,
207958,001,9669009,2034-03-14,U-2021,,,
207958,002,9669009,2034-03-14,U-1850,,,
207958,003,9669009,2034-03-14,U-2021,,,
203188,001,9670163,2026-12-28,U-1311,,Y,
207958,003,9669009,2034-03-14,U-2022,,,
208610,001,8252813,2026-10-02,U-2028,,Y,
208610,001,8648093,2025-10-07,U-2028,,Y,
208325,002,9701712,2030-07-29,U-2014,Y,Y,
022410,001,9687454,2029-08-07,U-1464,,Y,
208611,001,8252813,2026-10-02,U-2028,,Y,
208611,001,9539250,2025-10-07,U-2028,Y,Y,
209195,001,8940718,2032-11-16,U-2039,Y,Y,
202057,002,8445013,2030-04-29,U-1287,,,
202057,002,8518929,2030-02-09,U-1287,,,
202057,002,8399446,2030-02-09,U-1287,,,
202057,002,8546372,2030-02-09,U-1287,,,
202057,002,8617594,2030-04-29,U-1287,,,
202057,002,8445003,2030-04-29,U-1287,,,
202057,002,8426399,2030-02-09,U-1287,,,
202057,002,8623406,2030-04-29,U-1287,,,
209195,001,8575135,2032-11-16,U-2040,Y,Y,
209195,001,8921341,2032-11-16,U-2040,Y,Y,
209195,001,8921341,2032-11-16,U-2039,Y,Y,
204114,002,8952018,2030-10-15,U-2020,,,
208780,001,7566729,2029-04-22,U-2078,,,
208780,001,8592462,2029-04-22,U-2060,,,
208780,001,8778947,2033-08-30,U-2044,,,
202811,001,9708371,2033-08-16,U-1515,,Y,
202811,001,7304036,2026-08-30,U-1278,Y,Y,
202811,002,9708371,2033-08-16,U-1515,,Y,
202811,003,9708371,2033-08-16,U-1516,,Y,
208780,001,8592462,2029-04-22,U-2063,,,
208780,001,8592462,2029-04-22,U-2056,,,
208780,001,8592462,2029-04-22,U-2058,,,
208780,001,8592462,2029-04-22,U-2057,,,
208780,001,7816383,2030-01-08,U-2042,,,
208780,001,7910610,2030-01-08,U-2049,,,
208780,001,8318780,2030-01-08,U-2046,,,
208780,001,8318780,2030-01-08,U-2081,,,
208780,001,7635707,2029-04-22,U-2083,,,
208780,001,7635707,2029-04-22,U-2074,,,
208780,001,8084475,2030-01-08,U-2052,,,
208780,001,8084475,2030-01-08,U-2054,,,
208780,001,8648098,2030-01-08,U-2051,,,
208780,001,8648098,2030-01-08,U-2052,,,
208780,001,8609701,2029-04-22,U-2065,,,
208780,001,8609701,2029-04-22,U-2069,,,
208780,001,8609701,2029-04-22,U-2066,,,
208780,001,8609701,2029-04-22,U-2067,,,
208780,001,8013002,2030-01-08,U-2047,,,
208780,003,8318780,2030-01-08,U-2081,,,
208780,003,8084475,2030-01-08,U-2052,,,
208780,003,7635707,2029-04-22,U-2075,,,
208780,003,7635707,2029-04-22,U-2083,,,
208780,003,7635707,2029-04-22,U-2073,,,
208215,001,9296769,2032-08-15,U-257,Y,Y,
202276,002,6656935,2025-04-27,U-155,Y,Y,
021539,001,9327028,2031-07-21,U-1839,,,
202880,002,9339499,2033-07-25,U-1810,,,
202880,005,9339499,2033-07-25,U-1810,,,
204516,001,9393237,2026-08-04,U-904,,,
204200,001,9295657,2035-03-13,U-1829,,,
202278,001,9327114,2032-10-08,U-1328,,Y,
202020,001,9504699,2027-08-03,U-1362,,,
208603,001,9549899,2033-07-01,U-1556,,Y,
208603,003,9549899,2033-07-01,U-1556,,Y,
202880,003,9486451,2034-09-12,U-55,,,
202880,004,9486451,2034-09-12,U-55,,,
202880,006,9486451,2034-09-12,U-55,,,
205677,001,9539234,2033-01-25,U-1934,,,
207533,004,8796276,2030-06-24,U-543,,,
207533,004,9193685,2033-10-24,U-543,,Y,
208051,001,7982043,2025-10-08,U-2043,,,
208051,001,8518446,2030-11-20,U-2043,,Y,
204275,001,7439393,2025-05-21,U-2099,Y,Y,
209936,001,9636344,2032-03-29,U-2124,,,
209606,001,9512107,2033-01-07,U-2087,Y,Y,
209606,002,9512107,2033-01-07,U-2087,Y,Y,
203469,001,9493470,2033-12-12,U-1700,Y,Y,
203469,002,9493470,2033-12-12,U-1948,Y,Y,
208026,001,9555001,2033-03-06,U-1967,,Y,
021937,001,9545414,2026-06-13,U-1170,,Y,
208026,002,9555001,2033-03-06,U-1968,,Y,
203567,001,9566272,2028-01-03,U-1969,,,
206038,001,7973038,2026-11-08,U-1973,,,
206038,002,7973038,2026-11-08,U-1973,,,
208194,001,9572797,2031-01-28,U-1971,,,
207078,001,9592253,2035-10-14,U-2312,Y,,
205838,001,6911461,2026-02-21,U-2295,Y,Y,
208082,001,9550780,2033-09-18,U-1995,Y,Y,
208082,002,9550780,2033-09-18,U-1995,Y,Y,
022416,001,9763954,2028-09-13,U-2123,,,
021064,001,9789210,2037-03-16,U-665,,,
205836,001,6911461,2026-02-21,U-2295,Y,Y,
022416,003,9763954,2028-09-13,U-2123,,,
205836,002,6911461,2026-02-21,U-2295,Y,Y,
207078,001,9844567,2032-02-10,U-2312,,,
207078,002,9861658,2032-02-10,U-2312,,,
209305,001,9980983,2035-04-21,U-2205,,,
203284,001,9962359,2030-09-22,U-1816,,,
205836,004,6911461,2026-02-21,U-2295,Y,Y,
205836,005,6911461,2026-02-21,U-2295,Y,Y,
207078,002,9592253,2035-10-14,U-2312,Y,,
022068,003,9061029,2032-04-07,U-1374,Y,,
202714,003,7491704,2025-04-14,U-2319,,,
202714,003,8207127,2025-04-14,U-2320,,,
202714,003,8129346,2025-04-14,U-2320,,,
202714,003,8129346,2025-04-14,U-2319,,,
022068,003,8389537,2026-07-18,U-1374,,,
205029,001,9283197,2034-08-15,U-1829,,Y,Y
208271,001,9180125,2029-09-30,U-1185,,Y,
206073,001,8551957,2029-10-14,U-1651,,Y,
206439,001,8058291,2029-12-05,U-1641,,,
206439,001,8338486,2025-11-22,U-1641,,,
206439,004,8058291,2029-12-05,U-1641,,,
206439,004,8283379,2025-11-22,U-1641,,,Y
206439,004,8338486,2025-11-22,U-1641,,,
209115,001,9861638,2031-02-10,U-2012,,,
022264,002,9439906,2031-01-26,U-543,,,
022264,002,9439906,2031-01-26,U-1901,,,
022264,003,9439906,2031-01-26,U-543,,,
022264,004,9439906,2031-01-26,U-1901,,,
203137,002,7270800,2025-09-03,U-336,Y,Y,
200603,002,9259423,2031-05-23,U-1822,,,
200603,003,9259423,2031-05-23,U-1822,,,
202880,003,9610286,2033-07-25,U-1810,,,
209115,002,9861638,2031-02-10,U-2012,,,
201281,001,8846695,2030-06-04,U-1503,,,
207916,002,9561204,2032-05-08,U-1373,,,
208401,001,9616096,2035-11-06,U-3,,,
021660,001,9393318,2032-03-04,U-1290,,,
209115,002,8859562,2031-08-04,U-2273,,,
201281,002,8846695,2030-06-04,U-1503,,,
021660,001,9597409,2032-03-04,U-1290,,,
201280,001,8846695,2030-06-04,U-1503,,,Y
209115,002,8143241,2027-08-12,U-2012,,,
209115,003,8143241,2027-08-12,U-2273,,,
209115,003,8143241,2027-08-12,U-2012,,,
209531,001,9717750,2030-06-17,U-1942,,,
205552,001,8476284,2026-12-28,U-1650,,,
209115,003,9861638,2031-02-10,U-2273,,,
209115,003,8859562,2031-08-04,U-2273,,,
205552,001,8497277,2026-12-28,U-1491,,,
205552,001,8497277,2026-12-28,U-1946,,,
204485,001,9744209,2035-01-30,U-1857,,,
205787,001,9724471,2027-05-23,U-2092,,Y,
021964,002,9492445,2029-09-30,U-1185,,Y,
205649,005,8501698,2027-06-20,U-493,,Y,
205649,005,8685934,2030-05-26,U-1522,,,
207793,001,9717724,2033-06-12,U-2091,,,
209531,001,9717750,2030-06-17,U-2094,,,
209531,001,9717750,2030-06-17,U-2093,,,
208271,001,9492445,2029-09-30,U-1185,,Y,
209862,001,9724471,2027-05-23,U-2092,,Y,
207561,001,9296769,2032-08-15,U-257,Y,Y,
202811,002,8748573,2031-10-30,U-1516,,,
202880,003,9333201,2033-07-25,U-1810,,,
202880,004,9333201,2033-07-25,U-1810,,,
204824,006,8945063,2030-03-19,U-1442,,Y,
202811,001,8748573,2031-10-30,U-1515,,,
204824,007,8945063,2030-03-19,U-1442,,Y,
022081,001,9474752,2027-12-11,U-1754,,,
205858,002,9492449,2030-03-11,U-1914,,,
022081,002,9474752,2027-12-11,U-1754,,,
204824,008,8480631,2030-03-19,U-1442,,Y,
207865,001,8258132,2027-09-26,U-1916,,Y,
207793,001,9492442,2033-06-12,U-1917,,,
206488,001,9506058,2034-03-14,U-1918,,,
205787,001,9517307,2034-07-18,U-1925,,Y,
021978,001,9492384,2025-08-31,U-1412,,Y,
209862,001,9517307,2034-07-18,U-1925,,Y,
202992,001,6794410,2026-09-12,U-1285,,,
205103,002,9539214,2033-03-13,U-1902,,,
202992,002,6794410,2026-09-12,U-1285,,,
208780,003,8609701,2029-04-22,U-2067,,,
208780,003,8609701,2029-04-22,U-2068,,,
208780,003,7566729,2029-04-22,U-2078,,,
208794,001,7709493,2031-02-28,U-1979,Y,,
208794,001,7968559,2027-12-11,U-1979,,,
207960,002,9545399,2033-08-14,U-1827,,Y,
022249,002,9533955,2029-03-26,U-1952,,Y,
022249,001,9533955,2029-03-26,U-1952,,Y,
208799,002,9066957,2034-10-06,U-645,,Y,
208603,002,9044402,2033-07-01,U-1556,,Y,
208780,003,8013002,2030-01-08,U-2082,,,
208780,003,7816383,2030-01-08,U-2050,,,
208780,003,7767700,2027-12-18,U-2080,,,
022406,003,9539218,2034-02-17,U-1955,,,
022406,003,9539218,2034-02-17,U-1954,,,
206500,001,8404702,2027-04-04,U-1741,,,
208780,003,8648098,2030-01-08,U-2052,,,
208780,003,8592462,2029-04-22,U-2062,,,
208780,003,8592462,2029-04-22,U-2057,,,
208780,003,8592462,2029-04-22,U-2058,,,
211962,001,10188697,2035-11-06,U-282,,Y,
205108,001,10206895,2034-04-01,U-2096,,Y,
210493,001,10208073,2032-05-23,U-2301,,,
212038,002,10111839,2035-10-30,U-2357,,,
211962,003,10039804,2035-11-06,U-282,,Y,
212038,003,10111839,2035-10-30,U-2357,,,
210132,001,10206932,2032-11-21,U-2439,,,
050819,002,10220049,2029-06-03,U-916,,Y,
209410,001,10213393,2038-02-15,U-20,,,
209410,001,10213394,2038-02-15,U-2497,,,
211962,003,10188697,2035-11-06,U-282,,Y,
209410,002,10213394,2038-02-15,U-2497,,,
203441,001,9060992,2025-11-01,U-1320,,,Y
209410,003,10213394,2038-02-15,U-2497,,,
209410,003,10213393,2038-02-15,U-20,,,
211962,004,10188697,2035-11-06,U-282,,Y,
211962,001,10039804,2035-11-06,U-282,,Y,
212038,006,10111839,2035-10-30,U-2357,,,
207960,001,9295642,2033-08-14,U-1827,,Y,
208090,002,9737530,2036-09-02,U-1556,,Y,
208341,001,8921341,2032-11-16,U-1470,Y,Y,
208341,001,8575135,2032-11-16,U-1470,Y,Y,
208341,001,8735372,2028-03-21,U-1470,,,
208624,001,9139536,2028-11-09,U-1753,,,
208624,001,9044480,2031-04-10,U-1638,,,
208010,001,9408858,2028-04-25,U-1888,,,
208624,001,8466159,2032-09-04,U-1637,,,
208624,001,9006387,2030-06-10,U-1687,,,
208624,001,8501238,2028-09-17,U-1636,Y,Y,
022272,001,9492393,2027-08-24,U-1556,,,
022272,002,9492393,2027-08-24,U-1556,,,
022272,004,9492393,2027-08-24,U-1556,,,
206627,002,9492391,2027-08-24,U-1556,,,
206627,003,9492390,2027-08-24,U-1556,,,
206627,006,9492390,2027-08-24,U-1556,,,
022117,001,7741358,2026-04-06,U-1960,Y,Y,
202020,003,9504699,2027-08-03,U-1362,,,
022036,002,9486437,2027-05-18,U-620,,,
022117,001,7741358,2026-04-06,U-1064,Y,Y,
022272,005,9492393,2027-08-24,U-1556,,,
022272,007,9492391,2027-08-24,U-1556,,,
022117,002,7741358,2026-04-06,U-1963,Y,Y,
022117,002,7741358,2026-04-06,U-1064,Y,Y,
022117,003,7741358,2026-04-06,U-1966,Y,Y,
022572,001,9649428,2029-05-21,U-2095,,,
205552,001,8952015,2026-12-28,U-1650,,,
205552,001,8952015,2026-12-28,U-1491,,,
208090,004,9737530,2036-09-02,U-1556,,Y,
209203,001,9216179,2031-08-01,U-2104,,,
209203,001,8546437,2029-04-29,U-2104,,,
202880,002,9713611,2034-09-12,U-55,,Y,
202880,006,9713611,2034-09-12,U-55,,Y,
203752,002,9730900,2028-07-10,U-2086,,,
208912,001,10028965,2034-05-23,U-2340,,,
205552,001,9801881,2031-06-03,U-1491,,,
208194,001,10052385,2033-03-15,U-1972,,,
209203,002,8357713,2029-12-22,U-2104,,Y,
209776,001,9694025,2031-08-08,U-2120,,,
020866,001,9352025,2030-06-07,U-2111,,,
020866,001,9352025,2030-06-07,U-2113,,,
020866,001,9352025,2030-06-07,U-2117,,,
021529,001,9757552,2030-07-28,U-1,,Y,
022416,002,9750747,2032-08-24,U-2121,,,
022416,003,9750747,2032-08-24,U-2121,,,
022416,001,9750747,2032-08-24,U-2041,,,
204958,001,10039780,2035-07-10,U-2260,,,
022535,001,8383150,2028-05-10,U-2361,,Y,
207793,001,9364473,2033-06-12,U-1856,,,
203858,002,9364470,2025-03-07,U-1851,,,
203858,003,9364470,2025-03-07,U-1851,,,
203858,006,9364470,2025-03-07,U-1851,,,
203284,001,9561197,2030-09-22,U-1383,,,
203858,001,9433617,2025-03-07,U-1316,,,
206940,001,9364489,2028-07-07,U-1709,,,
206940,002,9364489,2028-07-07,U-1709,,,
208073,001,8168655,2029-05-09,U-1880,,,
207947,002,9284280,2030-06-25,U-1831,,,
207947,003,9284280,2030-06-25,U-1831,,,
204640,001,9295657,2035-03-13,U-1829,,,
020845,003,9265911,2031-01-06,U-1824,,Y,
020845,003,9295802,2031-01-06,U-1226,,Y,
207947,001,9284280,2030-06-25,U-1831,,,
207947,005,9284280,2030-06-25,U-1831,,,
207947,006,9284280,2030-06-25,U-1831,,,
204623,001,9370501,2029-07-10,U-1614,,,
203858,005,9433617,2025-03-07,U-1316,,,
202022,001,7125879,2025-04-21,U-1740,Y,Y,
206038,001,9192606,2029-09-29,U-1912,,Y,
206038,001,8716338,2030-09-20,U-1718,,Y,
206038,001,8324242,2027-08-05,U-1311,,,
206038,001,8324242,2027-08-05,U-1911,,,
050819,002,9504704,2029-06-03,U-134,,Y,
208464,001,8754065,2032-08-15,U-999,Y,Y,
050819,002,9504704,2029-06-03,U-818,,Y,
050819,002,9504704,2029-06-03,U-916,,Y,
208090,003,9682075,2030-12-10,U-1556,,Y,
021514,001,9668981,2025-10-07,U-2024,,,
208194,001,9597399,2033-03-15,U-1972,,,
208194,001,9597399,2033-03-15,U-1971,,,
021514,002,9668981,2025-10-07,U-2024,,,
209806,002,9439902,2030-10-21,U-2214,,,
209806,003,8080580,2030-07-13,U-2214,Y,Y,
209803,001,8080580,2030-07-13,U-2214,Y,Y,
203389,001,9198882,2027-01-26,U-1399,,,
203389,001,9192590,2027-01-26,U-1399,,,
203389,001,8026284,2027-09-22,U-1399,,,
203389,002,8026284,2027-09-22,U-1399,,,
203389,002,9192590,2027-01-26,U-1399,,,
203389,002,9198882,2027-01-26,U-1399,,,
208944,001,9867792,2030-12-02,U-2106,,,
209819,001,9827241,2031-06-06,U-2206,,Y,
209819,001,9827241,2031-06-06,U-2211,,Y,
209805,001,7326708,2026-11-24,U-2214,Y,Y,
209819,001,9827241,2031-06-06,U-2181,,Y,
209819,001,9827241,2031-06-06,U-2210,,Y,
209819,001,9782402,2031-06-06,U-2180,,Y,
209819,001,9782402,2031-06-06,U-2176,,Y,
209819,001,9782402,2031-06-06,U-2208,,Y,
209819,001,9272044,2031-06-06,U-2176,,,
209819,001,9272044,2031-06-06,U-2209,,,
209819,001,9272044,2031-06-06,U-2178,,,
209819,001,8975270,2031-09-05,U-2206,,Y,
209819,001,8921387,2032-01-06,U-2174,,Y,
209819,002,9827241,2031-06-06,U-2181,,Y,
209819,002,9827241,2031-06-06,U-2206,,Y,
209819,002,9827241,2031-06-06,U-2211,,Y,
209805,002,8080580,2030-07-13,U-2214,Y,Y,
209805,002,7326708,2026-11-24,U-2214,Y,Y,
208944,001,9867791,2030-12-02,U-2106,,,
209819,002,9782402,2031-06-06,U-2208,,Y,
209819,002,9782402,2031-06-06,U-2207,,Y,
209819,002,9272044,2031-06-06,U-2209,,,
208944,002,9867791,2030-12-02,U-2106,,,
209806,001,9439902,2030-10-21,U-2214,,,
209806,004,8080580,2030-07-13,U-2214,Y,Y,
209819,002,9272044,2031-06-06,U-2178,,,
209819,002,8921387,2032-01-06,U-2173,,Y,
209819,002,9498432,2031-06-06,U-2179,,Y,
209819,002,8975270,2031-09-05,U-2206,,Y,
022406,001,9539218,2034-02-17,U-1957,,,
204447,001,9861630,2027-06-15,U-1668,,,
204447,002,9861630,2027-06-15,U-1668,,,
204447,004,9861630,2027-06-15,U-1668,,,
205677,001,9855241,2033-01-25,U-2149,,,
202293,001,8906851,2026-08-18,U-2139,,,
202293,001,8329648,2026-08-18,U-2213,,,
202293,001,8329648,2026-08-18,U-2139,,,
202293,001,8461105,2025-04-13,U-2139,,,
202293,002,8329648,2026-08-18,U-2139,,,
202293,002,8431685,2025-04-13,U-2139,,,
202293,002,8461105,2025-04-13,U-2139,,,
202293,002,7456254,2025-06-30,U-2139,,,
208780,002,8592462,2029-04-22,U-2057,,,
205123,001,9856265,2026-07-28,U-1467,Y,Y,
208780,002,8592462,2029-04-22,U-2062,,,
208780,002,8592462,2029-04-22,U-2056,,,
208780,002,8592462,2029-04-22,U-2058,,,
208780,002,8592462,2029-04-22,U-2055,,,
208780,002,7566729,2029-04-22,U-2269,,,
208780,002,8648098,2030-01-08,U-2052,,,
208780,002,8648098,2030-01-08,U-2051,,,
208780,002,7816383,2030-01-08,U-2050,,,
209203,002,9956205,2031-12-28,U-2104,,,
207988,001,9956205,2031-12-28,U-2311,,,
205718,001,9943515,2030-11-18,U-2293,,,
209203,001,9956205,2031-12-28,U-2104,,,
211109,001,8796245,2029-08-07,U-2380,,,
202880,003,10028946,2033-07-25,U-1810,,,
202880,005,10028946,2033-07-25,U-1810,,,
210655,001,9186413,2028-02-13,U-543,,,
210913,001,8980839,2033-08-23,U-1483,,Y,
210655,002,10058554,2026-09-26,U-2363,,,
204026,002,8198262,2025-06-17,U-1360,,,
209521,001,8513223,2029-12-07,U-2406,,,
209521,001,9481639,2028-08-10,U-2409,,,
209521,002,8318706,2031-05-01,U-2405,Y,Y,
209521,002,9481639,2028-08-10,U-2409,,,
209521,003,9481639,2028-08-10,U-2409,,,
208401,001,10039800,2035-11-06,U-8,,,
208401,001,10039800,2035-11-06,U-1864,,,
210045,002,9662315,2029-05-22,U-2410,,Y,
205552,001,9795604,2034-10-24,U-2150,,,
206940,001,9789125,2028-07-07,U-2152,,Y,
206940,002,9789125,2028-07-07,U-1709,,Y,
202293,001,6515117,2025-10-04,U-493,Y,Y,
202293,001,8361972,2028-03-21,U-2139,,,
210563,001,8476284,2026-12-28,U-1946,,,
210563,001,9801883,2031-06-03,U-2159,,,
210563,001,9801883,2031-06-03,U-2243,,,
202293,002,8361972,2028-03-21,U-2139,,,
210563,001,9125889,2031-06-03,U-1650,,,
210563,001,9801881,2031-06-03,U-1491,,,
210563,001,8497277,2026-12-28,U-2242,,,
210563,001,8497277,2026-12-28,U-1650,,,
202293,002,6515117,2025-10-04,U-2139,Y,Y,
208399,001,8470842,2029-01-18,U-1741,,,
208399,001,9101615,2032-07-14,U-1741,,,
202833,002,9820959,2026-12-18,U-1440,,Y,
208399,001,7981905,2027-04-04,U-1741,,,
208399,001,8404702,2027-04-04,U-1741,,,
210259,001,9796721,2036-07-01,U-2145,Y,Y,
210563,001,8703780,2026-12-28,U-1491,,,
210563,002,8497277,2026-12-28,U-1946,,,
210563,002,8497277,2026-12-28,U-2242,,,
210563,002,8497277,2026-12-28,U-1491,,,
210563,002,9801883,2031-06-03,U-2243,,,
210563,002,9801883,2031-06-03,U-2159,,,
210563,002,8703780,2026-12-28,U-2242,,,
210563,002,9125889,2031-06-03,U-1650,,,
210563,002,8999999,2031-06-03,U-2242,,,
210563,002,8999999,2031-06-03,U-2241,,,
210563,002,8999999,2031-06-03,U-1946,,,
210563,002,9801881,2031-06-03,U-1491,,,
210563,002,8952015,2026-12-28,U-1946,,,
210563,002,8952015,2026-12-28,U-2242,,,
210563,002,8952015,2026-12-28,U-2241,,,
210563,002,8476284,2026-12-28,U-2241,,,
210563,002,8476284,2026-12-28,U-1650,,,
210563,002,8476284,2026-12-28,U-1946,,,
210563,003,8999999,2031-06-03,U-2242,,,
210563,003,8999999,2031-06-03,U-2241,,,
210563,003,8999999,2031-06-03,U-1491,,,
210563,003,8497277,2026-12-28,U-2241,,,
210563,003,8497277,2026-12-28,U-1650,,,
210563,003,9801881,2031-06-03,U-2242,,,
210563,003,8952015,2026-12-28,U-2241,,,
210563,003,9125889,2031-06-03,U-1650,,,
210563,003,8476284,2026-12-28,U-2241,,,
210563,004,9125889,2031-06-03,U-1650,,,
210491,001,9670163,2026-12-28,U-2246,,Y,
210491,001,8629162,2025-06-24,U-2247,,,
210563,001,8952015,2026-12-28,U-1491,,,
210563,001,8952015,2026-12-28,U-2241,,,
210563,001,8952015,2026-12-28,U-2242,,,
210563,004,8952015,2026-12-28,U-1456,,,
210563,004,8952015,2026-12-28,U-1947,,,
210563,004,8703780,2026-12-28,U-1491,,,
210563,004,8497277,2026-12-28,U-2242,,,
210563,004,8497277,2026-12-28,U-1491,,,
210563,004,8476284,2026-12-28,U-1650,,,
210563,004,8476284,2026-12-28,U-1456,,,
210563,004,9801881,2031-06-03,U-1491,,,
210563,004,8999999,2031-06-03,U-1946,,,
210563,004,8999999,2031-06-03,U-1491,,,
204063,001,8399514,2028-02-07,U-1384,,,
209360,001,9220745,2034-12-18,U-2218,,,
209360,001,9220745,2034-12-18,U-2217,,,
209360,002,9220745,2034-12-18,U-2217,,,
209360,002,9220745,2034-12-18,U-2218,,,
208694,001,9993471,2030-03-15,U-1680,,,
206038,002,9931334,2026-12-28,U-2276,,Y,
207202,002,9125939,2026-07-28,U-1749,,,
207202,002,8759350,2027-03-02,U-1529,,,
207202,003,9125939,2026-07-28,U-1749,,,
207202,003,8759350,2027-03-02,U-1529,,,
207202,004,9125939,2026-07-28,U-1749,,,
207202,005,8759350,2027-03-02,U-1529,,,
207202,006,8759350,2027-03-02,U-1529,,,
208716,002,7855211,2031-09-28,U-2135,Y,Y,
205437,002,9872854,2034-05-29,U-2232,,,
205437,002,9872854,2034-05-29,U-2233,,,
205437,003,9872854,2034-05-29,U-2232,,,
209410,002,8574626,2025-11-28,U-20,,Y,
209410,003,8574626,2025-11-28,U-20,,Y,
208716,004,7855211,2031-09-28,U-1981,Y,Y,
209299,001,9283238,2026-06-17,U-2294,,,
209299,002,7989448,2026-06-12,U-2294,Y,,
209299,002,9266912,2026-01-19,U-2294,,,
209299,002,9283238,2026-06-17,U-2294,,,
210493,001,8895586,2032-05-23,U-2301,,,
202611,001,8772315,2028-10-30,U-2300,,,
205552,001,10004746,2031-06-03,U-2242,,,
205552,001,10004746,2031-06-03,U-2241,,,
205552,002,10004746,2031-06-03,U-2242,,,
205552,002,10004746,2031-06-03,U-1946,,,
210563,001,10004746,2031-06-03,U-1946,,,
210563,002,10004746,2031-06-03,U-1684,,,
210563,002,10004746,2031-06-03,U-2241,,,
210563,004,10004746,2031-06-03,U-1946,,,
210563,004,10004746,2031-06-03,U-2241,,,
210455,001,8754065,2032-08-15,U-2352,Y,Y,
205677,001,RE46604,2033-01-25,U-2147,,,
207795,001,8058467,2029-02-21,U-2144,Y,,
208745,001,9610321,2031-09-15,U-1999,,,
207960,002,9844544,2033-08-14,U-2203,,Y,
208944,001,9877933,2030-12-02,U-2224,,,
209637,001,8129343,2031-12-05,U-2202,Y,Y,
209360,001,9867863,2029-12-16,U-2231,,,
208254,001,8450344,2026-07-11,U-1524,Y,Y,
020866,001,9700555,2032-04-30,U-2190,,Y,
020866,001,9700555,2032-04-30,U-2194,,Y,
020866,001,9700555,2032-04-30,U-2188,,Y,
020866,001,9700555,2032-04-30,U-2184,,Y,
020866,001,9700555,2032-04-30,U-2191,,Y,
020866,001,9700555,2032-04-30,U-2187,,Y,
210251,001,9296769,2032-08-15,U-257,Y,Y,
210303,001,9688711,2028-11-21,U-2328,Y,,
209963,001,10016407,2037-02-07,U-2329,,,
205103,002,9987231,2033-01-02,U-2324,,,
206073,002,9949998,2034-06-11,U-2290,,,
022517,001,9974826,2030-04-13,U-2326,,,
201281,002,10022379,2029-04-02,U-2339,,,
208026,001,10022379,2029-04-02,U-2339,,,
205552,001,10016435,2031-06-03,U-1650,,,
208051,001,10035788,2028-10-15,U-2043,,,
022517,002,9974826,2030-04-13,U-2327,,,
205422,001,9839637,2026-04-12,U-1529,,Y,
205422,002,9839637,2026-04-12,U-543,,Y,
205422,003,9839637,2026-04-12,U-1529,,Y,
205422,003,9839637,2026-04-12,U-543,,Y,
205422,004,9839637,2026-04-12,U-1529,,Y,
205422,005,9839637,2026-04-12,U-543,,Y,
205422,006,9839637,2026-04-12,U-543,,Y,
211358,001,8324242,2027-08-05,U-2374,,,
209092,001,8962630,2029-12-09,U-1981,,,
209092,001,8962630,2029-12-09,U-2356,,,
209092,001,8962630,2029-12-09,U-2355,,,
209092,001,9868739,2031-11-09,U-2355,,,
209092,001,9868739,2031-11-09,U-2356,,,
209092,001,9416136,2029-08-20,U-2355,,,
209092,001,9416136,2029-08-20,U-2356,,,
208780,003,8383150,2028-05-10,U-2361,,Y,
204026,001,8198262,2025-06-17,U-2254,,,
211358,001,7973038,2026-11-08,U-2374,,,
211358,001,9931334,2026-12-28,U-2376,,Y,
211358,001,8741933,2026-11-08,U-2374,,,
208623,001,9987263,2027-05-16,U-2371,,,
204026,003,8198262,2025-06-17,U-2254,,,
204026,003,8198262,2025-06-17,U-1360,,,
211358,002,8716338,2030-09-20,U-2396,,Y,
211358,001,8846718,2029-07-02,U-2375,,,
211358,001,9150552,2028-12-04,U-2375,,,
211358,002,9670163,2026-12-28,U-2376,,Y,
208623,001,9480682,2027-05-16,U-2371,,,
209483,001,10064875,2030-08-31,U-88,,Y,
209483,001,10064875,2030-08-31,U-1858,,Y,
210361,001,10052267,2028-10-17,U-2398,,Y,
211358,001,8716338,2030-09-20,U-2396,,Y,
208623,001,9999618,2028-04-28,U-2373,,,
210361,001,8859610,2033-02-28,U-2398,,Y,
210498,001,9980944,2033-10-18,U-2334,,,
210498,001,10005761,2030-08-27,U-2331,,,
210498,001,9314464,2031-07-04,U-2332,,,
208780,001,8383150,2028-05-10,U-2361,,Y,
209311,002,9028868,2032-03-23,U-2357,,,
209311,002,9034902,2032-03-23,U-2357,,,
209311,004,8916588,2032-03-23,U-2357,,,
209311,004,9603809,2032-03-23,U-2357,,,
209311,005,9028868,2032-03-23,U-2357,,,
020866,001,9993474,2032-04-30,U-2393,,,
020866,001,9993474,2032-04-30,U-2385,,,
020866,001,9993474,2032-04-30,U-2391,,,
207233,001,9808468,2035-03-31,U-2165,,,
022036,001,9861607,2027-05-18,U-620,,,
200603,001,9827242,2031-05-23,U-2199,,,
203415,001,8183274,2026-08-24,U-1281,,,
210496,001,9314464,2031-07-04,U-2336,,,
200603,002,9827242,2031-05-23,U-2201,,,
203858,002,9861622,2025-03-07,U-1316,,,
202429,001,8470818,2026-08-02,U-2164,,,
200603,003,9827242,2031-05-23,U-2199,,,
200603,005,9827242,2031-05-23,U-2199,,,
207561,001,9891239,2029-09-03,U-257,,Y,
209963,001,9867815,2037-02-07,U-2225,,,
209963,001,9867815,2037-02-07,U-2226,,,
203858,006,9861622,2025-03-07,U-1316,,,
208010,001,9943530,2027-02-02,U-2274,,,
203312,002,9901640,2028-12-26,U-219,,Y,
020866,001,9895422,2030-06-07,U-2285,,,
208692,001,10039757,2031-07-18,U-1480,,,
205552,001,8563563,2027-04-26,U-1946,,,
205552,002,8563563,2027-04-26,U-2219,,,
205552,002,8563563,2027-04-26,U-1946,,,
205552,002,8563563,2027-04-26,U-1650,,,
210922,001,8802644,2030-10-21,U-2378,,Y,
210922,001,8822668,2029-04-15,U-2378,,Y,
210922,001,8158601,2030-11-10,U-2378,,Y,
210563,001,8563563,2027-04-26,U-1650,,,
205552,002,8952015,2026-12-28,U-1650,,,
205552,002,8952015,2026-12-28,U-1946,,,
205552,002,9801881,2031-06-03,U-1491,,,
205552,002,8497277,2026-12-28,U-1946,,,
205552,002,8497277,2026-12-28,U-1491,,,
205552,002,8999999,2031-06-03,U-2228,,,
205552,002,8999999,2031-06-03,U-1491,,,
210563,001,8563563,2027-04-26,U-1946,,,
205552,002,9540382,2033-08-18,U-1491,,,
205552,002,9540382,2033-08-18,U-1946,,,
205552,002,8703780,2026-12-28,U-1491,,,
205552,002,8476284,2026-12-28,U-1946,,,
205552,002,9801883,2031-06-03,U-2159,,,
205552,002,9125889,2031-06-03,U-1650,,,
203858,001,9861622,2025-03-07,U-1316,,,
210922,001,8168775,2032-08-10,U-2378,Y,Y,
210496,001,8541575,2030-02-26,U-2335,Y,Y,
210496,002,10005761,2030-08-27,U-2335,,,
020866,001,9895422,2030-06-07,U-2282,,,
203389,001,9925158,2027-01-26,U-1399,Y,Y,
205739,002,9925212,2033-10-08,U-1766,,,
020866,001,9895422,2030-06-07,U-2287,,,
020866,001,9895422,2030-06-07,U-2116,,,
203389,001,9925157,2027-01-26,U-1399,Y,Y,
204958,001,9925265,2029-05-13,U-2260,,,
020866,001,9895422,2030-06-07,U-2114,,,
020866,001,9895422,2030-06-07,U-2284,,,
020866,001,9895422,2030-06-07,U-2286,,,
209661,001,9937132,2033-02-18,U-1382,,Y,
205739,003,9925212,2033-10-08,U-1766,,,
203389,002,9925158,2027-01-26,U-1399,Y,Y,
208658,003,9949998,2034-06-11,U-2290,,,
204629,001,9949998,2034-06-11,U-2290,,,
204629,002,9949998,2034-06-11,U-2290,,,
204629,002,9949997,2034-05-17,U-2292,,,
203415,001,9126941,2026-05-15,U-2345,,,
203415,001,9126941,2026-05-15,U-1588,,,
205029,001,10039728,2034-08-14,U-1828,,,Y
210496,002,9314464,2031-07-04,U-2336,,,
210496,002,9763941,2032-11-21,U-2335,,,
210496,002,9850230,2030-08-27,U-2334,,,
210496,002,8541575,2030-02-26,U-2335,Y,Y,
208065,002,9732058,2032-07-25,U-1777,Y,Y,
208090,002,9968598,2036-09-02,U-1556,,Y,
208090,005,9968598,2036-09-02,U-1556,,Y,
208065,001,9732058,2032-07-25,U-1777,Y,Y,
210563,002,8563563,2027-04-26,U-1491,,,
210563,003,8563563,2027-04-26,U-2242,,,
210563,003,8563563,2027-04-26,U-1650,,,
208144,001,8293742,2030-07-14,U-2222,,,
204114,002,8835443,2025-06-10,U-2037,,,
022068,002,8389537,2026-07-18,U-1374,,,
022068,002,8415363,2026-07-18,U-1407,Y,Y,
204308,001,9968553,2032-11-06,U-71,,,
204308,001,9968553,2032-11-06,U-3,,,
204114,003,8835443,2025-06-10,U-2037,,,
204114,003,8835443,2025-06-10,U-1582,,,
204114,003,8835443,2025-06-10,U-2020,,,
204447,001,9125908,2027-06-15,U-2309,,,
204308,001,9968553,2032-11-06,U-1892,,,
204308,001,9968553,2032-11-06,U-185,,,
204114,003,8835443,2025-06-10,U-1581,,,
202806,001,8835443,2025-06-10,U-2027,,,
202806,001,8835443,2025-06-10,U-2298,,,
202806,001,8835443,2025-06-10,U-2026,,,
202806,001,9233956,2029-05-04,U-2032,,,
202806,001,9233956,2029-05-04,U-2296,,,
202806,001,7994185,2030-01-20,U-2296,Y,Y,
202806,001,7994185,2030-01-20,U-2032,Y,Y,
202806,001,7994185,2030-01-20,U-1406,Y,Y,
204447,003,9125908,2027-06-15,U-2309,,,
204447,003,9125909,2027-06-15,U-2309,,,
204447,004,9125909,2027-06-15,U-2309,,,
207202,001,8945005,2029-08-19,U-2167,,Y,
207202,001,8956288,2029-07-06,U-2167,,Y,
202806,001,8703781,2030-10-15,U-2296,Y,Y,
202806,001,8703781,2030-10-15,U-1713,Y,Y,
207202,001,8547248,2030-12-18,U-2167,,Y,
207202,002,8945005,2029-08-19,U-2167,,Y,
207202,002,9268909,2033-10-15,U-2168,,Y,
202806,001,8415345,2030-01-20,U-2032,Y,Y,
202806,001,8415345,2030-01-20,U-2031,Y,Y,
207202,002,8547248,2030-12-18,U-2167,,Y,
202806,001,8415345,2030-01-20,U-1406,Y,Y,
202806,002,8415345,2030-01-20,U-1406,Y,Y,
202806,002,8415345,2030-01-20,U-2031,Y,Y,
202806,002,8415345,2030-01-20,U-2032,Y,Y,
202806,002,8415345,2030-01-20,U-2296,Y,Y,
207202,002,8674825,2029-04-09,U-2170,,Y,
207202,003,8956288,2029-07-06,U-2167,,Y,
207202,003,8547248,2030-12-18,U-2167,,Y,
207202,003,8847766,2030-03-29,U-2167,,Y,
202806,002,8703781,2030-10-15,U-1713,Y,Y,
202806,002,8703781,2030-10-15,U-2298,Y,Y,
202806,002,8835443,2025-06-10,U-2027,,,
207202,003,9444503,2027-11-19,U-2169,,Y,
202806,002,8835443,2025-06-10,U-2298,,,
207202,004,8547248,2030-12-18,U-2167,,Y,
202806,002,8835443,2025-06-10,U-2026,,,
207202,004,9444503,2027-11-19,U-2169,,Y,
202806,002,9233956,2029-05-04,U-1811,,,
207202,004,8674825,2029-04-09,U-2170,,Y,
202806,002,9233956,2029-05-04,U-2296,,,
202806,002,7994185,2030-01-20,U-2296,Y,Y,
207202,004,9268909,2033-10-15,U-2168,,Y,
202806,002,7994185,2030-01-20,U-2032,Y,Y,
207202,005,8847766,2030-03-29,U-2167,,Y,
207202,005,8674825,2029-04-09,U-2170,,Y,
202806,002,7994185,2030-01-20,U-1406,Y,Y,
207202,005,9444503,2027-11-19,U-2169,,Y,
207202,005,8547248,2030-12-18,U-2167,,Y,
204114,001,8835443,2025-06-10,U-2305,,,
204114,001,8835443,2025-06-10,U-2302,,,
204114,001,8835443,2025-06-10,U-1582,,,
204114,001,8835443,2025-06-10,U-2037,,,
207202,006,8945005,2029-08-19,U-2167,,Y,
207202,006,8547248,2030-12-18,U-2167,,Y,
207202,006,8956288,2029-07-06,U-2167,,Y,
208686,001,9808442,2036-03-25,U-71,,,
208686,001,9808442,2036-03-25,U-1723,,,
208686,001,9808442,2036-03-25,U-185,,,
210563,004,8563563,2027-04-26,U-1491,,,
208065,001,8946235,2032-08-08,U-1777,Y,Y,
208010,001,9925147,2028-04-25,U-2258,,Y,
204447,002,9125910,2027-06-15,U-2309,,,
206333,001,9949986,2028-02-21,U-1940,,,
204447,001,9125910,2027-06-15,U-2309,,,
208090,002,10004729,2030-12-10,U-1556,,Y,
208090,001,10004729,2030-12-10,U-1556,,Y,
208090,003,10004729,2030-12-10,U-1556,,Y,
209483,001,9956231,2030-08-31,U-88,,Y,
209381,001,9326969,2033-09-10,U-2310,,,
209830,001,8796276,2030-06-24,U-543,,,
210563,003,8563563,2027-04-26,U-2241,,,
203858,002,10016404,2025-03-07,U-1316,,,
022450,001,9987238,2028-11-13,U-2261,,,
208623,001,10076514,2037-03-15,U-2371,,,
211155,001,9840505,2032-01-10,U-2413,,,
211155,002,9216982,2029-01-05,U-2413,,,
203858,005,10016404,2025-03-07,U-1316,,,
209360,001,10028995,2034-12-18,U-2338,,,
211155,002,9840505,2032-01-10,U-2412,,,
210563,002,10016435,2031-06-03,U-1650,,,
205580,001,9572796,2031-01-28,U-1971,,Y,
205580,001,9572796,2031-01-28,U-1972,,Y,
205580,001,8609707,2031-08-11,U-1971,,Y,
210563,004,10016435,2031-06-03,U-1650,,,
209241,002,10065952,2036-10-28,U-1995,Y,Y,
209863,001,9950125,2036-09-04,U-2418,,Y,
208341,001,10086011,2034-01-30,U-1470,,,
021196,001,9486426,2033-03-15,U-1532,,,
206099,001,10076615,2029-07-30,U-2011,,,
206099,001,10076615,2029-07-30,U-2010,,,
209863,003,9950125,2036-09-04,U-2418,,Y,
207356,001,7718189,2025-06-06,U-2415,,Y,
207356,001,8679532,2026-12-05,U-2415,,,
207356,001,9566234,2034-01-18,U-2415,,Y,
207356,001,8632804,2026-12-05,U-2416,,,
021196,001,9050302,2033-03-15,U-1532,,,
021196,001,8772306,2033-03-15,U-1532,,,
204671,001,7964580,2029-03-26,U-1470,Y,Y,
209606,001,10093654,2034-08-01,U-2087,Y,Y,
209606,002,10093654,2034-08-01,U-2087,Y,Y,
022468,001,7622470,2025-05-31,U-1015,,,
022474,001,8426392,2030-06-12,U-1389,,,
021539,001,8653061,2025-08-24,U-1373,,,
022321,003,8685443,2025-07-03,U-1508,,,
202293,002,8501698,2027-06-20,U-493,,Y,
208277,001,6949571,2025-05-23,U-2428,Y,Y,
208277,001,6949571,2025-05-23,U-2088,Y,Y,
208277,001,6949571,2025-05-23,U-2089,Y,Y,
208277,001,6949571,2025-05-23,U-106,Y,Y,
022348,002,8735452,2029-09-30,U-981,,,
205436,001,8420676,2028-02-23,U-282,Y,Y,
021964,001,8822490,2029-09-30,U-1185,,Y,
202788,001,8835460,2027-01-25,U-55,,Y,
022525,002,8039009,2029-03-24,U-539,,,
022249,001,8791270,2026-01-12,U-1542,,Y,
022272,002,8808741,2027-08-24,U-1556,,,
022272,006,8808741,2027-08-24,U-1556,,,
208686,001,10154987,2036-03-25,U-3,,,
208686,001,10154987,2036-03-25,U-1892,,,
208686,001,10154987,2036-03-25,U-185,,,
211651,001,9820985,2029-07-27,U-2437,,,
211651,002,9820985,2029-07-27,U-2437,,,
209816,001,10111890,2037-08-03,U-2444,,,
209128,001,8778393,2027-01-05,U-1351,,,
209128,001,9320710,2027-01-05,U-1351,,,
209128,001,8202535,2030-10-22,U-1351,,,
209128,001,8226978,2027-01-05,U-1351,,Y,
209128,001,8865743,2030-10-22,U-1351,,,
209128,001,8865211,2027-01-05,U-1351,,,
204447,002,7144884,2026-06-17,U-1439,Y,Y,
204447,003,7144884,2026-06-17,U-1439,Y,Y,
210365,001,10111840,2035-06-17,U-2443,,,
208658,002,10258637,2034-04-03,U-2290,,,
209819,001,10198218,2031-06-06,U-2489,,,
211243,001,8785500,2033-03-05,U-2502,,,
206940,001,10213415,2025-03-14,U-2152,Y,,
209819,002,10198218,2031-06-06,U-2489,,,
208400,001,10231927,2033-01-02,U-1699,,,
211243,001,9592207,2027-03-20,U-2502,,,
207981,001,RE46284,2029-09-22,U-2503,,,
207981,001,RE46284,2029-09-22,U-1751,,,
209115,001,10130636,2035-08-17,U-2273,,,
209115,001,10130636,2035-08-17,U-2101,,,
207946,002,10143693,2036-04-05,U-2457,,,
207946,002,10143693,2036-04-05,U-2458,,,
207981,002,RE46284,2029-09-22,U-1751,,,
207533,003,10226458,2032-03-19,U-543,,,
208653,002,9132125,2030-07-01,U-2249,Y,Y,
207533,004,10238651,2035-03-19,U-2402,,,
207533,004,10226458,2032-03-19,U-543,,,
206143,001,7867996,2026-12-12,U-1694,Y,Y,
206143,001,7361649,2026-02-22,U-1694,Y,Y,
206143,001,7879842,2026-02-22,U-1694,Y,Y,
206143,002,7361649,2026-02-22,U-1694,Y,Y,
206143,002,7879842,2026-02-22,U-1694,Y,Y,
207533,001,10238651,2035-03-19,U-2402,,,
212038,001,10292939,2035-10-30,U-2357,,Y,
212038,003,10292939,2035-10-30,U-2357,,Y,
208742,001,8563027,2030-02-12,U-2487,,,
212038,004,10292939,2035-10-30,U-2357,,Y,
206089,001,8492369,2030-12-20,U-2506,,Y,
022036,002,10238620,2027-05-18,U-620,,,
206089,002,8241664,2029-03-29,U-2506,,Y,
209884,002,8492441,2030-11-30,U-2511,,,
208658,004,10258637,2034-04-03,U-2290,,,
206111,004,10258637,2034-04-03,U-2290,,,
209115,002,10130636,2035-08-17,U-2101,,,
207027,001,7547719,2025-07-13,U-1575,Y,Y,
207027,001,7547719,2025-07-13,U-1736,Y,Y,
209964,001,7867996,2026-12-12,U-1694,Y,Y,
207027,002,7547719,2025-07-13,U-2452,Y,Y,
207027,002,7547719,2025-07-13,U-1736,Y,Y,
204629,001,10258637,2034-04-03,U-2290,,,
206073,001,10258637,2034-04-03,U-2290,,,
208944,001,10154971,2034-12-04,U-2459,,,
208944,002,10154971,2034-12-04,U-2459,,,
207946,001,10143693,2036-04-05,U-2458,,,
204114,001,8703781,2030-10-15,U-2305,Y,Y,
204114,002,8703781,2030-10-15,U-2302,Y,Y,
204114,003,8703781,2030-10-15,U-2037,Y,Y,
205060,001,10117844,2033-01-04,U-2447,,,
210598,001,7491736,2025-03-10,U-2440,,,
210598,001,7521041,2025-03-10,U-2440,,,
210598,001,10106503,2025-03-10,U-2440,,,
205787,001,10143972,2031-05-24,U-2476,,,
209935,001,8962630,2029-12-09,U-2505,,,
205677,001,10149829,2033-01-25,U-2477,,,
202107,001,10166243,2036-04-20,U-1643,,,
208558,001,8143241,2027-08-12,U-2482,,,
209935,001,9416136,2029-08-20,U-2505,,,
209091,002,8501698,2027-06-20,U-493,,Y,
203341,001,7417148,2025-12-11,U-1283,,,
203341,002,7417148,2025-12-11,U-1283,,,
208558,001,8143241,2027-08-12,U-2480,,,
208558,002,8859562,2031-08-04,U-2101,,,
208558,002,8859562,2031-08-04,U-2482,,,
209091,002,6515117,2025-10-04,U-493,Y,Y,
206494,001,7112592,2026-01-07,U-2508,Y,Y,
208558,002,8143241,2027-08-12,U-2480,,,
208558,002,8143241,2027-08-12,U-2482,,,
206494,001,7112592,2026-01-07,U-2244,Y,Y,
207356,001,10251900,2035-05-15,U-2414,,,
209091,002,8361972,2028-03-21,U-493,,,
210874,001,6515117,2025-10-04,U-493,Y,Y,
210874,002,6515117,2025-10-04,U-493,Y,Y,
210874,002,8501698,2027-06-20,U-493,,Y,
208558,001,8859562,2031-08-04,U-2101,,,
208558,001,8859562,2031-08-04,U-2483,,,
210874,003,8501698,2027-06-20,U-493,,Y,
210874,004,6515117,2025-10-04,U-493,Y,Y,
209091,001,8501698,2027-06-20,U-1976,,Y,
209091,001,8501698,2027-06-20,U-1977,,Y,
207925,001,8354427,2026-07-06,U-1311,,,
207925,001,8354427,2026-07-06,U-2528,,,
022561,001,7713947,2026-10-16,U-2520,,,
206185,001,9539262,2028-10-15,U-2400,,,
208573,002,9539251,2033-09-06,U-2538,,,
211192,001,9850277,2033-01-18,U-2534,Y,Y,
209394,001,10039754,2030-06-10,U-2141,,,
211192,001,9850277,2033-01-18,U-2350,Y,Y,
211192,001,9474779,2033-08-19,U-2534,Y,Y,
209394,001,8648037,2032-01-19,U-2141,Y,Y,
209091,001,8361972,2028-03-21,U-1977,,,
211192,001,9474779,2033-08-19,U-2533,Y,Y,
207925,001,8629162,2025-06-24,U-2529,,,
207925,001,8324242,2027-08-05,U-1906,,,
207925,001,9670163,2026-12-28,U-1311,,Y,
211321,001,9687495,2028-01-18,U-2526,,Y,
208573,003,9539251,2033-09-06,U-2538,,,
205787,001,10322239,2031-02-28,U-1907,,,
207925,002,8629162,2025-06-24,U-2234,,,
207925,002,8324242,2027-08-05,U-1311,,,
207925,002,8324242,2027-08-05,U-2527,,,
207925,003,8629162,2025-06-24,U-2234,,,
207925,003,8324242,2027-08-05,U-1311,,,
207925,003,8354427,2026-07-06,U-1311,,,
210326,001,9271990,2034-05-17,U-2540,,Y,
209311,003,10292937,2032-03-23,U-2357,,,
209311,001,10292937,2032-03-23,U-2357,,,
022433,002,10300065,2036-01-27,U-2541,,,
204370,001,7737142,2029-09-17,U-2544,Y,Y,
204370,001,7737142,2029-09-17,U-2545,Y,Y,
204370,001,RE47350,2029-07-16,U-1750,,,
204370,002,7737142,2029-09-17,U-2545,Y,Y,
204370,002,7737142,2029-09-17,U-2544,Y,Y,
204370,003,7737142,2029-09-17,U-1750,Y,Y,
204370,004,7737142,2029-09-17,U-2543,Y,Y,
205474,001,9808431,2035-11-13,U-2023,Y,Y,
210132,001,8846649,2032-11-21,U-2439,,Y,
210132,001,8846648,2032-11-21,U-2439,,,
210132,001,9114146,2032-11-21,U-2439,,Y,
207533,001,10112903,2030-06-24,U-543,Y,,
209830,001,10112903,2030-06-24,U-543,Y,,
207533,003,10112903,2030-06-24,U-543,Y,,
207533,004,10112903,2030-06-24,U-543,Y,,
209501,001,10022447,2026-11-02,U-2137,,,
209501,001,8945620,2026-11-02,U-2136,,Y,
209501,002,8945620,2026-11-02,U-2137,,Y,
209501,002,8945620,2026-11-02,U-2136,,Y,
209501,002,10022447,2026-11-02,U-2137,,,
209501,002,10022447,2026-11-02,U-2136,,,
209501,003,10022447,2026-11-02,U-2137,,,
208090,001,10188644,2036-09-02,U-1556,,Y,
208090,003,10188644,2036-09-02,U-1556,,Y,
208090,004,10188644,2036-09-02,U-1556,,Y,
208090,005,10188644,2036-09-02,U-1556,,Y,
203505,001,8236861,2026-08-11,U-905,,,
203505,001,8236861,2026-08-11,U-1369,,,
208079,001,10179137,2030-08-31,U-1858,,Y,
205410,001,8987262,2028-10-16,U-1988,,,
021880,004,8741929,2028-03-08,U-1983,,,
021880,005,8741929,2028-03-08,U-1983,,,
022291,001,8828430,2027-08-01,U-2451,,Y,
022291,001,7547719,2025-07-13,U-2451,Y,Y,
022291,001,7547719,2025-07-13,U-2452,Y,Y,
022291,003,8828430,2027-08-01,U-2451,,Y,
022291,004,8828430,2027-08-01,U-1306,,Y,
210884,001,9211282,2031-07-19,U-1719,,Y,
210565,001,9056057,2033-05-03,U-2491,,Y,
210884,001,8440631,2026-05-09,U-1719,,Y,
208564,001,10258630,2032-11-21,U-2316,,,
208564,002,10258630,2032-11-21,U-2316,,,
200063,001,10231964,2034-07-02,U-1583,,,
021978,001,8460641,2027-08-13,U-1412,,Y,
202450,001,10085974,2029-03-13,U-2513,,Y,
208462,001,8871745,2027-08-06,U-2434,,,
208462,001,9175017,2029-06-16,U-2434,,,
202880,002,10092559,2034-09-12,U-55,,,
202880,003,10092559,2034-09-12,U-55,,,
202880,005,10092559,2034-09-12,U-55,,,
202880,006,10092559,2034-09-12,U-55,,,
208462,001,8003819,2027-08-06,U-2434,Y,Y,
208462,002,7442830,2029-11-20,U-2434,Y,Y,
208462,002,8530694,2027-08-06,U-2434,Y,Y,
208462,003,8871745,2027-08-06,U-2434,,,
208462,003,9175017,2029-06-16,U-2434,,,
208462,003,8003819,2027-08-06,U-2434,Y,Y,
208462,003,7442830,2029-11-20,U-2434,Y,Y,
209817,001,10124014,2029-03-05,U-2449,,,
208259,001,9993470,2034-03-14,U-1524,Y,Y,
207071,001,10117812,2027-10-18,U-1796,,Y,
204353,001,7943582,2029-02-26,U-493,Y,Y,
204353,001,8513202,2027-12-03,U-2441,Y,Y,
204353,002,8513202,2027-12-03,U-493,Y,Y,
204353,002,8222219,2025-04-11,U-2441,,,
204353,002,7943582,2029-02-26,U-2441,Y,Y,
204353,003,8222219,2025-04-11,U-2441,,,
204353,003,8222219,2025-04-11,U-493,,,
204353,003,8513202,2027-12-03,U-493,Y,Y,
204353,003,7943582,2029-02-26,U-493,Y,Y,
204353,004,8222219,2025-04-11,U-493,,,
204353,004,7943582,2029-02-26,U-493,Y,Y,
204353,004,8513202,2027-12-03,U-493,Y,Y,
204353,004,8513202,2027-12-03,U-2441,Y,Y,
205879,001,8513202,2027-12-03,U-493,Y,Y,
205879,001,8513202,2027-12-03,U-2441,Y,Y,
205879,001,8222219,2025-04-11,U-2441,,,
205879,001,8222219,2025-04-11,U-493,,,
205879,001,7943582,2029-02-26,U-493,Y,Y,
205879,001,7943582,2029-02-26,U-2441,Y,Y,
205879,002,8513202,2027-12-03,U-2441,Y,Y,
205879,002,8222219,2025-04-11,U-2441,,,
204042,001,8513202,2027-12-03,U-493,Y,Y,
204042,001,8513202,2027-12-03,U-2441,Y,Y,
204042,001,8222219,2025-04-11,U-493,,,
204042,001,8222219,2025-04-11,U-2441,,,
204042,001,7943582,2029-02-26,U-2441,Y,Y,
204042,002,8222219,2025-04-11,U-493,,,
204042,002,7943582,2029-02-26,U-493,Y,Y,
204042,002,8513202,2027-12-03,U-493,Y,Y,
205879,003,8222219,2025-04-11,U-493,,,
205879,003,8513202,2027-12-03,U-493,Y,Y,
205879,003,8513202,2027-12-03,U-2441,Y,Y,
205879,003,7943582,2029-02-26,U-2441,Y,Y,
205879,003,7943582,2029-02-26,U-493,Y,Y,
205879,004,8222219,2025-04-11,U-493,,,
205879,004,7943582,2029-02-26,U-2441,Y,Y,
204353,001,8222219,2025-04-11,U-2441,,,
204353,001,8222219,2025-04-11,U-493,,,
206099,001,10124132,2027-03-06,U-2010,,Y,
208054,001,10124079,2035-12-30,U-2450,,,
204447,003,9278096,2032-03-21,U-2436,,,
204447,004,9278096,2032-03-21,U-2436,,,
202107,001,10151763,2037-01-18,U-1643,,,
210365,001,10137095,2035-06-17,U-2454,,,
209203,002,10183012,2028-11-26,U-2104,,,
207988,001,10183012,2028-11-26,U-2311,,,
203284,001,10183003,2030-09-22,U-1816,,,
203284,001,10183002,2030-09-22,U-1816,,,
203284,001,10183004,2030-09-22,U-1816,,,
022483,001,10238645,2029-08-18,U-172,,,
022483,001,10238645,2029-08-18,U-1455,,,
209862,001,10143792,2031-05-24,U-2476,,,
208259,001,9931336,2034-03-14,U-1524,Y,Y,
208065,002,10183020,2035-01-02,U-1777,,Y,
208692,002,10034873,2031-07-18,U-2488,,,
211580,001,8647605,2029-02-11,U-2468,,,
211580,001,9421280,2025-11-24,U-2466,,,
211580,001,8406860,2029-04-09,U-2463,,,
211710,001,10047097,2029-10-21,U-2474,,,
211710,001,8865698,2029-10-21,U-2469,,,
211710,001,10005783,2029-10-21,U-2472,,,
203389,002,10143665,2036-08-16,U-1399,,,
210861,001,10047097,2029-10-21,U-2474,,,
210861,002,9447104,2029-10-21,U-2470,,,
208692,003,10034873,2031-07-18,U-2488,,,
207078,002,9913860,2033-10-22,U-2312,Y,,
202810,002,9119791,2027-04-13,U-2041,,,
202810,003,7910131,2027-04-13,U-2041,,,
208259,001,10174017,2030-01-27,U-1524,Y,Y,
210259,001,10272083,2035-01-21,U-2519,,,
205934,001,9763880,2033-09-30,U-2560,,,
205934,001,9763880,2033-09-30,U-2564,,,
205934,001,9763880,2033-09-30,U-2559,,,
205934,001,9763880,2033-09-30,U-2558,,,
205934,002,9763880,2033-09-30,U-2561,,,
205934,002,9763880,2033-09-30,U-2562,,,
205934,002,9763880,2033-09-30,U-2564,,,
205934,002,9763880,2033-09-30,U-2560,,,
205934,002,9763880,2033-09-30,U-2563,,,
205934,003,9763880,2033-09-30,U-2563,,,
205934,003,9763880,2033-09-30,U-2559,,,
205934,003,9763880,2033-09-30,U-2558,,,
205934,003,9763880,2033-09-30,U-2562,,,
209449,002,10328029,2035-01-05,U-1836,,Y,
209360,001,9572856,2031-07-18,U-2221,,,
211929,001,9707182,2036-09-09,U-2554,,Y,
211929,002,10172802,2036-09-09,U-2554,,,
211929,002,9707182,2036-09-09,U-2554,,Y,
209449,003,10328029,2035-01-05,U-1836,,Y,
209360,001,10335451,2029-12-16,U-2581,,,
209531,001,10266822,2025-12-05,U-1944,,,
209531,001,10266822,2025-12-05,U-1942,,,
208573,001,9174982,2030-05-26,U-2537,,,
208573,001,9174982,2030-05-26,U-2445,,,
208573,001,9174982,2030-05-26,U-2323,,,
208573,002,9174982,2030-05-26,U-2323,,,
208573,002,9174982,2030-05-26,U-2537,,,
208573,002,9174982,2030-05-26,U-2446,,,
208573,003,9174982,2030-05-26,U-2537,,,
208573,003,9174982,2030-05-26,U-2445,,,
203565,001,7754702,2028-02-15,U-1432,,,
209195,001,7964580,2029-03-26,U-2039,Y,Y,
209195,001,7964580,2029-03-26,U-2040,Y,Y,
212306,001,9079865,2032-07-26,U-2584,,,
209195,001,8618076,2030-12-11,U-2040,Y,Y,
209195,001,9085573,2028-03-21,U-2040,Y,Y,
209195,001,9085573,2028-03-21,U-2039,Y,Y,
209195,001,8334270,2028-03-21,U-2040,Y,Y,
205122,002,10363224,2033-03-19,U-766,,,
205122,003,10363224,2033-03-19,U-766,,,
205122,004,10363224,2033-03-19,U-766,,,
204671,001,8334270,2028-03-21,U-1470,Y,Y,
204671,001,8618076,2030-12-11,U-1470,Y,Y,
204671,001,8633309,2029-03-26,U-1470,Y,Y,
204671,001,9085573,2028-03-21,U-1470,Y,Y,
204671,001,8580765,2028-03-21,U-1470,Y,Y,
205834,001,9511056,2030-05-12,U-1470,,Y,
205834,001,10039779,2034-01-30,U-2369,Y,Y,
205834,001,9393256,2032-09-14,U-1470,,,
205834,001,8841278,2030-05-12,U-1470,,Y,
205834,001,8822430,2030-05-12,U-1470,Y,Y,
205834,001,8633309,2029-03-26,U-1470,Y,Y,
205834,001,8580765,2028-03-21,U-1470,Y,Y,
205834,001,8889159,2029-03-26,U-1470,,Y,
205834,001,8735372,2028-03-21,U-1470,,,
205834,001,7964580,2029-03-26,U-1470,Y,Y,
208341,001,8889159,2029-03-26,U-1470,,Y,
208341,001,8633309,2029-03-26,U-1470,Y,Y,
208341,001,7964580,2029-03-26,U-1470,Y,Y,
209195,001,8889159,2029-03-26,U-2040,Y,Y,
209195,001,9284342,2030-09-13,U-2040,Y,Y,
209195,001,9284342,2030-09-13,U-2039,Y,Y,
209195,001,8580765,2028-03-21,U-2040,Y,Y,
209195,001,8580765,2028-03-21,U-2039,Y,Y,
020832,005,7422388,2027-04-25,U-1397,,Y,
203389,001,10328037,2036-08-16,U-1399,,,
211367,001,10179140,2031-06-28,U-2553,,,
207078,002,10300087,2035-10-14,U-2312,Y,,
201635,001,10314790,2027-11-16,U-1675,,Y,
201635,002,10314790,2027-11-16,U-1992,,Y,
201635,003,10314790,2027-11-16,U-1992,,Y,
201635,003,10314790,2027-11-16,U-1675,,Y,
201635,004,10314790,2027-11-16,U-1992,,Y,
207078,001,10300087,2035-10-14,U-2312,Y,,
210491,001,10239867,2027-04-09,U-2569,Y,Y,
210491,001,10022352,2027-04-09,U-2573,,Y,
210491,001,10022352,2027-04-09,U-2343,,Y,
210491,001,9974781,2027-04-09,U-2318,,Y,
210491,002,8598181,2027-05-01,U-2246,,,
210491,002,8324242,2027-08-05,U-2246,,,
210491,002,9670163,2026-12-28,U-2246,,Y,
210491,002,8415387,2027-11-12,U-2246,,,
210491,001,9931334,2026-12-28,U-2575,,Y,
210491,001,9931334,2026-12-28,U-2275,,Y,
020845,002,8282966,2029-06-30,U-1286,,,
020845,002,8293284,2029-06-30,U-1286,,,
020845,003,8291904,2031-01-06,U-1226,,Y,
201688,001,8664187,2025-06-20,U-909,,,
206829,001,9724353,2032-09-07,U-2565,,,
201688,001,8869794,2028-09-12,U-909,,Y,
206829,001,10028963,2032-09-07,U-2566,,,
209816,001,9724358,2029-03-05,U-1569,,,
208799,004,9415008,2034-10-06,U-645,,Y,
208799,005,9066957,2034-10-06,U-645,,Y,
211225,001,8703787,2032-02-02,U-1179,,,
210589,002,9629821,2025-07-11,U-2367,,Y,
013217,003,7122566,2026-02-06,U-915,,,
018708,001,7608616,2028-06-03,U-1012,,,
211230,001,8440715,2031-06-11,U-2548,,,
211230,001,9604917,2026-06-07,U-2548,,,
211230,002,9604917,2026-06-07,U-2548,,,
211230,002,8440715,2031-06-11,U-2548,,,
205874,001,10300039,2030-07-21,U-2549,,,
210557,001,9352013,2033-11-05,U-2568,,,
210491,002,9931334,2026-12-28,U-2575,,Y,
210491,002,9931334,2026-12-28,U-2275,,Y,
210491,002,10239867,2027-04-09,U-2512,Y,Y,
210491,002,10022352,2027-04-09,U-2343,,Y,
210607,001,10342791,2035-12-02,U-2582,,,
209363,001,10335390,2035-09-04,U-2583,,Y,
212819,001,8487093,2033-03-21,U-2587,Y,Y,
019734,003,7659291,2027-04-18,U-1029,,,
019734,004,7659291,2027-04-18,U-1029,,,
210598,001,10343995,2025-03-10,U-2440,,,
207589,001,9119781,2031-06-10,U-1761,,Y,
209091,001,6515117,2025-10-04,U-493,Y,Y,
020610,001,7452872,2026-08-24,U-141,,,
021223,002,8324189,2025-05-29,U-1309,,,
021223,003,8324189,2025-05-29,U-1309,,,
021223,003,8324189,2025-05-29,U-53,,,
021361,001,7928115,2029-07-24,U-1121,,,
021633,001,7572779,2025-10-02,U-904,,,
050444,001,9278105,2031-05-12,U-282,,,
204399,002,9295675,2034-02-11,U-1531,,Y,
021641,002,7815942,2027-08-27,U-219,Y,Y,
021660,001,8268348,2026-02-21,U-1290,,,
021669,001,7717889,2025-02-27,U-1022,,Y,
020947,001,8217078,2029-07-10,U-1248,,,
021400,002,8273876,2027-07-23,U-1288,,,
021400,004,8273876,2027-07-23,U-1288,,,
021879,001,7659282,2026-08-13,U-1093,,,
022108,001,7569610,2026-06-27,U-997,,,
022108,003,7569610,2026-06-27,U-997,,,
022165,001,8097651,2026-06-16,U-436,Y,Y,
022184,001,8309605,2025-03-16,U-1294,,,
022184,001,8338479,2025-03-16,U-1295,,Y,
022202,001,7662858,2029-02-24,U-1035,,,
022202,001,7939518,2029-02-24,U-980,,,
022205,001,7452872,2026-08-24,U-1229,,,
022249,001,8445524,2029-03-26,U-1402,Y,Y,
022252,001,8071577,2026-05-13,U-1,,Y,
202834,001,6949571,2025-05-23,U-2089,Y,Y,
206192,001,8362002,2026-10-05,U-1776,,,
022504,001,9180194,2026-06-02,U-1390,,,
022013,001,8460641,2028-11-05,U-1410,,Y,
022030,001,7807715,2027-06-07,U-913,,Y,
022030,002,8088398,2027-06-07,U-913,,Y,
022036,001,7915307,2027-08-24,U-620,,,
022044,002,8414921,2028-07-21,U-1036,,Y,
022410,001,8475832,2030-03-26,U-1411,,Y,
022410,004,8475832,2030-03-26,U-1411,,Y,
022411,002,7829120,2027-03-27,U-796,,Y,
022418,001,7741373,2027-08-20,U-1059,,,
022418,001,7741374,2027-08-20,U-1060,,,
022418,001,7915247,2027-08-20,U-1061,,,
022418,002,7569612,2027-08-20,U-1000,,,
022418,002,7741374,2027-08-20,U-1060,,,
022418,002,7915247,2027-08-20,U-1059,,,
022425,001,8410167,2029-04-16,U-1388,,,
022426,001,7807689,2028-06-27,U-1337,Y,Y,
022426,002,7807689,2028-06-27,U-1337,Y,Y,
022426,003,7807689,2028-06-27,U-1337,Y,Y,
022483,001,8299109,2029-12-11,U-68,,,
022501,001,7704984,2029-02-02,U-1090,,,
022502,001,8435502,2026-09-15,U-1078,,Y,
022560,001,7645460,2028-01-09,U-662,,Y,
050805,001,7749532,2027-12-19,U-1063,,Y,
050808,001,7790705,2025-06-24,U-1078,,,
050808,001,8252776,2025-06-24,U-124,,,
050808,002,7790705,2025-06-24,U-1078,,,
050808,002,8268804,2025-06-24,U-1078,,,
050808,003,7790705,2025-06-24,U-1078,,,
050808,003,8252776,2025-06-24,U-124,,,
050808,004,7919483,2027-03-07,U-1078,,,
050808,004,8268804,2025-06-24,U-1078,,,
050808,005,7790705,2025-06-24,U-1078,,,
050808,005,8252776,2025-06-24,U-124,,,
050808,006,7790705,2025-06-24,U-1078,,,
050808,006,8252776,2025-06-24,U-124,,,
050808,007,7919483,2027-03-07,U-1078,,,
050808,007,8268804,2025-06-24,U-1078,,,
050808,008,7790705,2025-06-24,U-1078,,,
050808,008,8252776,2025-06-24,U-124,,,
050813,001,8299052,2027-05-07,U-1304,,,
050818,001,8101582,2027-12-19,U-1082,,Y,
050819,001,8288434,2029-08-05,U-124,,Y,
200533,001,7994364,2025-06-27,U-1276,Y,Y,
200533,003,7994364,2025-06-27,U-1178,Y,Y,
200533,005,7994364,2025-06-27,U-1276,Y,Y,
200796,001,7572920,2025-01-07,U-3,,Y,
200796,002,7572920,2025-01-07,U-3,,Y,
201152,001,8460704,2029-03-12,U-1409,,,
201922,001,7790705,2025-06-24,U-124,,,
201922,003,7790705,2025-06-24,U-124,,,
203858,003,8618135,2025-03-07,U-1316,,,
022202,001,8623920,2029-02-24,U-1482,,,
204242,001,8658198,2027-12-03,U-1494,,Y,
022219,001,8338395,2027-05-08,U-1500,,,
022262,001,7855190,2028-12-05,U-1,,,
022271,002,7807689,2028-06-27,U-1337,Y,Y,
050819,002,8288434,2029-08-05,U-1033,,Y,
022249,003,8791270,2026-01-12,U-1542,,Y,
050819,002,8288434,2029-08-05,U-921,,Y,
022304,001,7994364,2025-06-27,U-931,Y,Y,
022304,003,7994364,2025-06-27,U-931,Y,Y,
022309,001,8466138,2026-10-12,U-1103,,,
022309,002,8466138,2026-10-12,U-1103,,,
022320,001,8071644,2027-07-18,U-1078,,Y,
022328,001,7682628,2025-02-16,U-1194,,,
022328,002,7658945,2027-04-15,U-1194,,Y,
022328,002,8242131,2029-08-20,U-1266,,,
022352,001,7601758,2029-02-10,U-1007,,,
022352,001,7906519,2029-02-17,U-1116,,,
022352,001,7935731,2028-12-03,U-1116,,,
022352,001,8093296,2028-10-06,U-1007,,,
022352,001,8093298,2028-10-06,U-1116,,,
022352,001,8415395,2028-10-06,U-1007,,,
022352,001,8440721,2029-02-17,U-1007,,,
021964,001,8247425,2030-12-31,U-1185,,,
021964,002,8247425,2030-12-31,U-1185,,,
021964,003,8247425,2030-12-31,U-1185,,,
209022,001,10076615,2029-07-30,U-2133,,,
206073,002,9173859,2027-05-04,U-1772,,Y,Y
021688,003,7829595,2026-09-22,U-1098,,Y,
202880,002,9326982,2033-07-25,U-1810,,,
021695,005,8026281,2025-04-22,U-1447,,,
021829,002,8246979,2027-09-01,U-1272,,Y,
021829,003,8246979,2027-09-01,U-1272,,Y,
021829,004,8246979,2027-09-01,U-1273,,Y,
021829,005,8246979,2027-09-01,U-1272,,Y,
021829,006,8246979,2027-09-01,U-1272,,Y,
021840,001,7855190,2028-12-05,U-1,,,
021908,002,8748481,2025-09-01,U-1519,,,
208780,002,8778947,2033-08-30,U-2045,,,
021908,001,8748481,2025-09-01,U-1520,,,
204399,003,8785426,2034-02-11,U-1531,,Y,
021729,002,8759350,2027-03-02,U-1529,,,
021436,004,8759350,2027-03-02,U-1529,,,
021436,006,8759350,2027-03-02,U-1529,,,
201655,007,8808737,2027-06-21,U-1598,,,
022535,001,8084475,2030-01-08,U-1605,,,
022535,001,7566729,2029-04-22,U-1600,,,
022535,001,7635707,2029-04-22,U-1609,,,
022249,002,8669279,2029-03-26,U-1402,,Y,
022291,003,8052993,2027-08-01,U-1714,,Y,
022291,004,8062665,2027-08-01,U-1714,,Y,
021338,001,8428708,2032-05-21,U-736,,,
022535,001,8648098,2030-01-08,U-1611,,,
022535,001,8609701,2029-04-22,U-1610,,,
206627,003,8808740,2031-12-21,U-1556,,Y,
021338,001,8781571,2032-03-31,U-736,,Y,
204768,001,9089471,2030-04-23,U-55,,,
206627,001,8808740,2031-12-21,U-1556,,Y,
206627,005,8808740,2031-12-21,U-1556,,Y,
206627,007,8808740,2031-12-21,U-1556,,Y,
022192,001,9074255,2030-12-17,U-1674,,,
022192,003,9072742,2031-01-16,U-1674,,,
022192,003,9074255,2030-12-17,U-1674,,,
022192,004,9072742,2031-01-16,U-1674,,,
022291,003,8052994,2027-08-01,U-1714,,Y,
021660,001,9101543,2026-02-21,U-1434,,,
206843,001,8642025,2027-08-11,U-1724,Y,Y,
202788,003,8835460,2027-01-25,U-55,,Y,
205649,001,8501698,2027-06-20,U-493,,Y,
202788,005,8835460,2027-01-25,U-55,,Y,
205649,001,8685934,2030-05-26,U-1522,,,
205649,002,8501698,2027-06-20,U-493,,Y,
205649,002,8685934,2030-05-26,U-1522,,,
205649,003,8685934,2030-05-26,U-1522,,,
205649,004,6515117,2025-10-04,U-493,Y,Y,
020845,002,8846112,2029-06-30,U-1286,,,
204592,002,9180095,2030-04-23,U-55,,,
208383,002,8557852,2028-09-08,U-1167,,,
206406,001,8685998,2028-08-30,U-1752,,Y,
206406,002,8664239,2028-08-30,U-1752,,,
206406,002,8685998,2028-08-30,U-1752,,Y,
206406,003,8664239,2028-08-30,U-1752,,,
204592,001,9180095,2030-04-23,U-55,,,
204824,004,8945063,2030-03-19,U-1442,,Y,
202129,001,8371292,2028-02-01,U-1357,,,
204824,001,8945063,2030-03-19,U-1442,,Y,
021658,003,8371292,2028-02-01,U-1355,,,
202100,001,8956649,2031-02-15,U-1665,,Y,
206307,001,8536167,2031-08-08,U-1679,,,
022192,006,9157121,2030-04-05,U-1674,,,
204592,002,9186328,2030-04-23,U-55,,,
022291,001,8071129,2027-08-01,U-1714,,Y,
202107,001,8921348,2028-08-27,U-1643,,,
022204,001,8920392,2031-03-26,U-1644,,,
022308,001,8937062,2029-11-13,U-80,,,
021997,001,9597281,2027-04-06,U-674,,,
206317,001,7816404,2029-04-17,U-1656,,Y,
022192,002,9138432,2025-09-30,U-1737,,,
022334,002,9006224,2028-07-01,U-1681,,,
022334,001,9006224,2028-07-01,U-1681,,,
022334,004,9006224,2028-07-01,U-1681,,,
208261,001,8871759,2031-05-04,U-1813,Y,Y,
204275,001,8511304,2027-06-14,U-1424,,Y,
203858,004,7932268,2027-08-19,U-1316,,,
202270,002,7326708,2026-11-24,U-1227,Y,Y,
207533,002,9034867,2032-11-07,U-543,,Y,
206500,001,7981905,2027-04-04,U-1741,,,
207988,001,8546437,2029-04-29,U-1803,,,
022287,001,9233103,2032-03-05,U-1805,,,
020866,001,9192576,2032-04-30,U-976,,Y,
208261,001,7973040,2029-07-24,U-1813,Y,Y,
206162,001,8143241,2027-08-12,U-1634,,,
022321,002,8623418,2029-11-07,U-1640,,,
206439,002,8338486,2025-11-22,U-1641,,,
022321,001,8623418,2029-11-07,U-1640,,,
206619,001,8642538,2029-09-10,U-1638,Y,Y,
206619,001,8680106,2032-09-04,U-1637,,,
022321,006,8623418,2029-11-07,U-1640,,,
206439,002,8058291,2029-12-05,U-1641,,,
206255,001,9089587,2034-03-13,U-1631,,,
204447,002,8969355,2027-06-15,U-1668,,,
206439,002,8580858,2025-11-22,U-1641,,,
204447,004,8969355,2027-06-15,U-1668,,,
022535,001,7696236,2027-12-18,U-1601,,,
022192,004,8999638,2030-10-28,U-1674,,,
022192,007,8999638,2030-10-28,U-1674,,,
206619,001,9006387,2030-06-10,U-1687,,,
204242,002,8470361,2030-05-22,U-1425,,Y,
204242,004,8470361,2030-05-22,U-1425,,Y,
207931,001,8642538,2029-09-10,U-1638,Y,Y,
207931,001,9044480,2031-04-10,U-1638,,,
203312,002,9089607,2028-12-26,U-1645,,Y,
207931,001,9006387,2030-06-10,U-1687,,,
206843,002,8629171,2031-06-13,U-1724,Y,Y,
203312,004,9089607,2028-12-26,U-1645,,Y,
203312,001,9089607,2028-12-26,U-1720,,Y,
206843,001,8629171,2031-06-13,U-1724,Y,Y,
207932,005,8147866,2027-07-23,U-1769,,Y,
207932,006,8147866,2027-07-23,U-1769,,Y,
207932,007,8147866,2027-07-23,U-1769,,Y,
207561,001,8633219,2030-04-30,U-257,,Y,
206333,001,7622130,2027-12-10,U-1690,,,
205223,001,8658678,2028-06-27,U-1682,,,
203469,002,9029533,2026-12-22,U-1701,,,
206323,001,9066942,2032-01-03,U-1716,,,
203469,001,9029533,2026-12-22,U-1700,,,
203469,002,9029533,2026-12-22,U-836,,,
205422,003,8349840,2026-04-12,U-1529,,Y,
205422,003,8618109,2026-04-12,U-543,,,
205422,005,8349840,2026-04-12,U-1529,,Y,
205422,006,8618109,2026-04-12,U-543,,,
022512,003,9034822,2031-01-20,U-1759,,,
204223,001,9192608,2034-03-12,U-55,,,
204223,002,9192608,2034-03-12,U-43,,,
204223,004,9192608,2034-03-12,U-43,,,
204223,005,9192608,2034-03-12,U-43,,,
206940,002,9205076,2025-03-14,U-1709,,,
202811,002,7304036,2026-08-30,U-1516,Y,Y,
207986,001,8318817,2030-04-27,U-1792,,,
022198,001,7608282,2025-01-22,U-1011,,Y,
205934,002,8940786,2033-09-30,U-1789,,Y,
022036,001,8513299,2030-09-07,U-620,,,
207916,002,8747894,2032-05-08,U-1373,,Y,
204447,002,9227946,2027-06-15,U-1668,,,
204447,004,9227946,2027-06-15,U-1668,,,
203858,003,9265758,2025-03-07,U-1316,,,
203858,004,9265758,2025-03-07,U-1316,,,
202880,005,9265760,2033-07-25,U-1810,,,
022192,005,9074254,2031-12-28,U-1674,,,
022192,007,9074254,2031-12-28,U-1674,,,
206627,004,9095614,2027-08-24,U-1556,,,
205934,001,8940786,2033-09-30,U-1789,,Y,
022526,001,7151103,2028-05-09,U-1734,,,
205003,003,7846961,2029-10-05,U-3,Y,Y,
206627,001,9095614,2027-08-24,U-1556,,,
208194,001,9034908,2033-03-15,U-1542,,,
205003,001,7846961,2029-10-05,U-3,Y,Y,
207947,002,7205302,2026-10-31,U-1797,Y,Y,
208194,001,8609707,2031-08-11,U-1542,,Y,
206255,001,9233117,2034-03-13,U-1631,,,
204820,001,9555029,2033-08-22,U-1020,,,
207947,003,7205302,2026-10-31,U-1797,Y,Y,
202331,001,9387249,2031-07-01,U-3,,,
022321,002,8685443,2025-07-03,U-1508,,,
022321,001,8685443,2025-07-03,U-1508,,,
022321,006,8685443,2025-07-03,U-1508,,,
022399,001,8686034,2025-01-24,U-1247,,,
205382,001,8309572,2025-04-27,U-1476,,,
022421,002,8679533,2029-09-08,U-219,,Y,
205755,001,8377921,2027-11-20,U-1179,,,
021713,001,8759350,2027-03-02,U-1529,,,
022421,006,8679533,2029-09-08,U-219,,Y,
022421,007,8679533,2029-09-08,U-219,,Y,
022399,001,8795725,2029-06-10,U-1247,,Y,
020845,002,8776794,2031-01-06,U-1226,,Y,
020845,003,8776795,2031-01-06,U-1226,,Y,
204569,002,7951797,2029-11-20,U-620,Y,Y,
204569,004,7951797,2029-11-20,U-620,Y,Y,
022504,001,8807861,2027-02-26,U-1563,,Y,
202343,006,7326708,2026-04-11,U-1188,Y,Y,
202714,001,8207127,2025-04-14,U-1260,,,
202799,001,7919461,2026-06-02,U-1238,,,
202799,003,7550433,2026-06-02,U-1238,,,
202799,004,7550433,2026-06-02,U-1238,,,
202799,005,7550433,2026-06-02,U-1238,,,
202799,006,7919461,2026-06-02,U-1238,,,
202799,008,7919461,2026-06-02,U-1238,,,
203100,001,8148374,2029-09-03,U-1279,Y,Y,
203284,001,8404215,2032-03-09,U-1383,,,Y
203414,001,8173663,2025-03-15,U-1338,,,
203414,002,8173663,2025-03-15,U-1338,,,
203858,001,7932268,2027-08-19,U-1316,,,
203858,003,7932268,2027-08-19,U-1316,,,
204485,001,9375478,2035-01-30,U-1857,,,
020947,001,8546450,2030-08-09,U-1435,,,
022249,003,8344006,2029-09-23,U-1402,,Y,
207932,001,9901539,2032-12-21,U-1556,,,
202833,001,8536163,2026-12-18,U-1440,,,
207932,006,9901539,2032-12-21,U-1556,,,
204824,002,8480631,2030-03-19,U-1442,,Y,
204824,004,8480631,2030-03-19,U-1442,,Y,
207932,007,9901539,2032-12-21,U-1556,,,
022247,001,7683051,2027-03-10,U-594,Y,Y,
204824,002,8579865,2030-03-19,U-1442,,Y,
204824,003,8579865,2030-03-19,U-1442,,Y,
021695,004,8026281,2025-04-22,U-1447,,,
020845,003,8573210,2031-01-06,U-1453,,Y,
205123,001,8148399,2029-09-05,U-1467,Y,Y,
022425,001,8602215,2031-06-30,U-1473,,,
203975,001,8309572,2025-04-27,U-1476,,,
020947,001,8618164,2029-07-10,U-1477,,,
021272,003,8653137,2028-09-05,U-1437,,,
201635,001,9622983,2027-11-16,U-1992,,Y,
202788,002,8486973,2030-04-27,U-55,,,
202057,001,8617593,2030-04-29,U-1478,,,
022483,001,8598196,2029-08-18,U-172,,,
021272,002,8658694,2028-09-05,U-1437,,,
021272,003,8658694,2028-09-05,U-1437,,,
201635,004,9622983,2027-11-16,U-1675,,Y,
203284,001,8642012,2030-09-22,U-1383,,,
021445,001,7612058,2025-10-30,U-1027,,,
022266,001,9597288,2027-07-23,U-767,,Y,
204516,001,8658663,2029-04-06,U-904,Y,Y,
022525,001,8039009,2029-03-24,U-539,,,
207986,001,9603796,2029-04-21,U-2252,Y,Y,
204031,001,8741885,2032-05-16,U-1499,,Y,
209310,001,8025635,2027-06-12,U-2272,,Y,
022309,002,8741881,2026-10-12,U-1103,,,
021272,002,7999007,2029-03-29,U-1437,,Y,
021272,004,7999007,2029-03-29,U-1437,,Y,
202100,001,8563033,2031-02-15,U-1415,,Y,
202057,001,8617594,2030-04-29,U-1287,,,
204623,001,8217078,2029-07-10,U-1477,,,
204623,001,8252838,2028-04-21,U-1489,,Y,
204623,001,8546450,2030-08-09,U-1436,,,
022563,001,8263580,2028-05-07,U-1280,,Y,
022321,001,7682633,2027-06-19,U-1510,,,
022321,002,8158156,2027-06-19,U-1510,,,
202293,001,8501698,2027-06-20,U-493,,Y,
022502,001,8709392,2026-09-15,U-1078,,Y,
022321,004,8158156,2027-06-19,U-1510,,,
022321,006,7682633,2027-06-19,U-1510,,,
022221,001,8759401,2026-07-24,U-1523,,Y,
203791,001,8747896,2027-06-03,U-1460,,Y,
202293,002,8685934,2030-05-26,U-1522,,,
202833,001,8735375,2026-12-18,U-1440,,,
022184,001,8772338,2025-03-16,U-1528,,Y,
205123,001,9353103,2026-07-28,U-1467,,,
207958,002,9339489,2034-03-14,U-1850,,Y,
021923,001,9737488,2028-09-10,U-1696,,Y,
050795,007,9295652,2034-10-23,U-918,,Y,
209531,001,8110560,2025-12-05,U-1942,,,
205552,001,9540382,2033-08-18,U-1650,,,
203312,002,9533046,2028-12-26,U-219,,Y,
205552,001,9540382,2033-08-18,U-1946,,,
209661,001,9375404,2033-02-18,U-1382,,Y,
209661,001,9526703,2033-02-18,U-1382,,Y,
208325,001,8999932,2031-02-07,U-2014,Y,Y,
206099,001,9649456,2030-10-21,U-2011,,Y,
206099,001,9649456,2030-10-21,U-2010,,Y,
208325,003,8999932,2031-02-07,U-2014,Y,Y,
022348,002,9649284,2029-09-30,U-2018,,,
208944,001,8895616,2025-11-23,U-2106,,,
208944,001,8741343,2030-12-02,U-2106,,,
208944,001,8796337,2025-11-23,U-2106,,,
208944,002,8895616,2025-11-23,U-2106,,,
208944,002,8895617,2025-11-23,U-2106,,,
208944,002,8389578,2028-01-22,U-2105,,,
202155,001,6967208,2026-11-21,U-1730,Y,Y,
202155,001,6967208,2026-11-21,U-1301,Y,Y,
202155,001,6967208,2026-11-21,U-1167,Y,Y,
202155,002,6967208,2026-11-21,U-1302,Y,Y,
202155,002,6967208,2026-11-21,U-1323,Y,Y,
208780,001,8778947,2033-08-30,U-2045,,,
208351,001,8754065,2032-08-15,U-257,Y,Y,
208010,001,8207149,2028-04-25,U-1871,,,
022114,001,9358338,2035-04-27,U-1870,,,
206439,001,8039009,2029-03-24,U-1641,,,
206439,004,8039009,2029-03-24,U-1641,,,
202714,002,8129346,2025-04-14,U-1260,,,
204824,002,9421333,2030-03-19,U-1442,,Y,
204824,004,9421333,2030-03-19,U-1442,,Y,
206843,001,9421192,2027-08-08,U-1725,Y,,
206843,003,9421192,2027-08-08,U-1724,Y,,
207988,001,9216179,2031-08-01,U-1806,,,
206038,001,9150552,2028-12-04,U-1908,,,
201635,002,8298580,2027-11-16,U-106,,Y,
203100,001,7176220,2026-08-27,U-257,Y,Y,
201635,002,8992989,2027-11-16,U-1675,,Y,
201635,002,9549940,2027-11-16,U-1675,,Y,
202811,001,8748573,2031-10-30,U-1516,,,
204824,007,8579865,2030-03-19,U-1442,,Y,
204824,007,8480631,2030-03-19,U-1442,,Y,
201280,001,9486526,2029-08-05,U-1915,,,
205858,001,9492449,2030-03-11,U-1914,,,
206488,002,9506058,2034-03-14,U-1918,,,
206488,002,9506058,2034-03-14,U-1919,,,
206488,001,9506058,2034-03-14,U-1919,,,
204958,001,9427448,2030-11-10,U-1926,,,
208411,002,9480644,2035-03-16,U-1903,,Y,Y
205103,001,9539214,2033-03-13,U-1902,,,
208780,003,8609701,2029-04-22,U-2064,,,
208780,003,8609701,2029-04-22,U-2069,,,
208780,003,8609701,2029-04-22,U-2065,,,
020866,001,9522117,2032-04-30,U-1939,,Y,
022202,001,9561200,2029-02-24,U-1482,,,
208794,001,8653094,2028-12-19,U-1979,,,
022201,001,9579359,2029-02-10,U-1978,,,
022201,002,9579359,2029-02-10,U-1978,,,
022249,002,9533955,2029-03-26,U-1949,,Y,
207960,003,9545399,2033-08-14,U-1827,,Y,
022249,001,9533955,2029-03-26,U-1949,,Y,
208799,003,9066957,2034-10-06,U-645,,Y,
208603,001,9044402,2033-07-01,U-1556,,Y,
208603,003,9044402,2033-07-01,U-1556,,Y,
208780,003,7816383,2030-01-08,U-2042,,,
022406,002,9539218,2034-02-17,U-1953,,,
022406,003,9539218,2034-02-17,U-1953,,,
208780,003,8754109,2030-01-08,U-2053,,,
208780,003,8648098,2030-01-08,U-2051,,,
208780,003,8592462,2029-04-22,U-2063,,,
208780,003,8592462,2029-04-22,U-2056,,,
208780,003,8592462,2029-04-22,U-2055,,,
208780,003,8592462,2029-04-22,U-2061,,,
205786,001,7754731,2029-03-11,U-257,Y,Y,
206510,001,7754731,2029-03-11,U-1663,Y,Y,
022145,001,7754731,2029-03-11,U-257,Y,Y,
022145,002,7754731,2029-03-11,U-257,Y,Y,
208624,001,9333204,2035-01-02,U-1889,,Y,
208624,001,8642538,2029-09-10,U-1638,Y,Y,
208624,001,8685984,2032-09-04,U-1840,,,
022272,001,9492391,2027-08-24,U-1556,,,
022272,002,9492391,2027-08-24,U-1556,,,
022272,003,9492391,2027-08-24,U-1556,,,
206627,001,9492391,2027-08-24,U-1556,,,
206627,002,9492390,2027-08-24,U-1556,,,
206627,004,9492391,2027-08-24,U-1556,,,
206627,005,9492391,2027-08-24,U-1556,,,
206627,006,9492391,2027-08-24,U-1556,,,
204629,001,8551957,2029-10-14,U-1651,,,
201292,001,9539258,2026-11-09,U-1950,,,
022117,001,7741358,2026-04-06,U-1961,Y,Y,
022272,006,9492393,2027-08-24,U-1556,,,
022272,007,9492393,2027-08-24,U-1556,,,
206627,001,9492390,2027-08-24,U-1556,,,
022117,002,7741358,2026-04-06,U-1961,Y,Y,
022117,002,7741358,2026-04-06,U-1960,Y,Y,
205677,001,9730910,2034-05-17,U-2085,,,
208090,003,9737530,2036-09-02,U-1556,,Y,
208090,005,9737530,2036-09-02,U-1556,,Y,
208271,001,9724343,2029-09-30,U-1185,,Y,
021529,002,9757552,2030-07-28,U-1,,Y,
022572,001,9539241,2028-01-02,U-2095,Y,Y,
209203,001,8283369,2028-11-26,U-2104,,,
202880,001,9713611,2034-09-12,U-55,,Y,
202880,003,9713611,2034-09-12,U-55,,Y,
202880,005,9713611,2034-09-12,U-55,,Y,
206073,002,8673927,2027-05-04,U-1652,,,Y
203752,003,9730900,2028-07-10,U-2086,,,
203752,005,9730900,2028-07-10,U-2086,,Y,
210450,001,7419983,2029-07-06,U-2360,Y,Y,
210450,002,7419983,2029-07-06,U-2360,Y,Y,
209203,001,8084483,2029-08-17,U-2104,,,
205552,001,9801883,2031-06-03,U-2159,,,
208194,001,10052385,2033-03-15,U-1971,,,
209203,001,8357713,2029-12-22,U-2104,,Y,
209203,002,8084483,2029-08-17,U-2104,,,
203284,001,10045959,2030-09-22,U-1816,,,
020866,001,9352025,2030-06-07,U-2114,,,
020866,001,9352025,2030-06-07,U-2118,,,
020866,001,9352025,2030-06-07,U-2115,,,
022416,002,9750747,2032-08-24,U-2041,,,
022416,003,9750747,2032-08-24,U-2041,,,
204623,001,9375412,2029-07-10,U-1614,,,
203858,003,9433617,2025-03-07,U-1316,,,
203858,004,9433617,2025-03-07,U-1316,,,
203858,006,9433617,2025-03-07,U-1316,,,
202022,001,7125879,2025-04-21,U-1153,Y,Y,
206038,002,9192606,2029-09-29,U-1912,,Y,
206038,001,8716338,2030-09-20,U-1910,,Y,
050819,002,9504704,2029-06-03,U-124,,Y,
208090,002,9682075,2030-12-10,U-1556,,Y,
208090,004,9682075,2030-12-10,U-1556,,Y,
208194,001,9597397,2033-03-15,U-1972,,,
021514,003,9668981,2025-10-07,U-2024,,,
206255,001,9782425,2034-03-13,U-1631,,,
208780,002,7816383,2030-01-08,U-2042,,,
208780,002,8013002,2030-01-08,U-2047,,,
205718,001,8623826,2030-11-18,U-2293,,,
205718,001,9271975,2031-09-09,U-2293,,,
203284,001,9999608,2030-09-22,U-1816,,,
202880,002,10028946,2033-07-25,U-1810,,,
202880,004,10028946,2033-07-25,U-1810,,,
202880,006,10028946,2033-07-25,U-1810,,,
210913,001,9937225,2033-08-23,U-1483,,Y,
210655,001,10058554,2026-09-26,U-2363,,,
204026,002,8198262,2025-06-17,U-2254,,,
209521,001,9255068,2033-02-09,U-2407,Y,Y,
209521,001,8318706,2031-05-01,U-2405,Y,Y,
209521,002,8513223,2029-12-07,U-2406,,,
209521,002,9255068,2033-02-09,U-2408,Y,Y,
209521,003,8318706,2031-05-01,U-2405,Y,Y,
208401,001,10039800,2035-11-06,U-1991,,,
208401,001,10039800,2035-11-06,U-71,,,
208401,001,10039800,2035-11-06,U-1723,,,
210045,003,9662315,2029-05-22,U-2410,,Y,
208845,001,9555048,2031-08-04,U-2151,,,
206940,001,9789125,2028-07-07,U-1709,,Y,
206940,002,9789125,2028-07-07,U-2152,,Y,
204820,001,9789108,2033-08-22,U-1020,,,
210563,001,8999999,2031-06-03,U-2241,,,
202293,001,8361972,2028-03-21,U-493,,,
210563,001,8999999,2031-06-03,U-1491,,,
210563,003,8497277,2026-12-28,U-1491,,,
210563,003,9801883,2031-06-03,U-2159,,,
210563,003,9801881,2031-06-03,U-1491,,,
210563,003,8952015,2026-12-28,U-2242,,,
210563,003,8952015,2026-12-28,U-1491,,,
210563,003,8952015,2026-12-28,U-1650,,,
210563,003,8703780,2026-12-28,U-1491,,,
210563,004,8754090,2031-06-03,U-1456,,,
210491,001,8415387,2027-11-12,U-2246,,,
210491,001,8598181,2027-05-01,U-2246,,,
210491,001,8324242,2027-08-05,U-2246,,,
210563,001,8952015,2026-12-28,U-1650,,,
210563,004,8952015,2026-12-28,U-1491,,,
210563,004,8952015,2026-12-28,U-2242,,,
210563,004,8952015,2026-12-28,U-1946,,,
210563,004,8703780,2026-12-28,U-2242,,,
210563,004,8497277,2026-12-28,U-2241,,,
210563,004,8497277,2026-12-28,U-1947,,,
210563,004,8497277,2026-12-28,U-1650,,,
210563,004,8476284,2026-12-28,U-1947,,,
210563,004,8476284,2026-12-28,U-1946,,,
210563,004,9801881,2031-06-03,U-2242,,,
210563,004,8999999,2031-06-03,U-2241,,,
210563,004,9814721,2031-06-03,U-1947,,,
209305,001,9675639,2035-07-04,U-2205,,Y,
202833,002,9861603,2026-12-18,U-1440,,,
204063,002,8399514,2028-02-07,U-1384,,,
209299,001,8951504,2032-07-27,U-2294,,,
209299,001,8912170,2026-06-17,U-2294,,,
209299,001,7538108,2026-03-28,U-2294,Y,,
209299,002,7538108,2026-03-28,U-2294,Y,,
209299,002,8951504,2032-07-27,U-2294,,,
210493,001,9403772,2032-05-23,U-2301,Y,,
210493,001,9186357,2030-11-18,U-2301,,,
202611,002,8772315,2028-10-30,U-2300,,,
205552,001,10004746,2031-06-03,U-1946,,,
205552,001,10004746,2031-06-03,U-1684,,,
205552,002,10004746,2031-06-03,U-1684,,,
208627,001,7737168,2031-09-04,U-2346,,,
206229,001,10028858,2034-03-22,U-2348,,Y,
210563,001,10004746,2031-06-03,U-2242,,,
210563,001,10004746,2031-06-03,U-1684,,,
210563,002,10004746,2031-06-03,U-1946,,,
210563,002,10004746,2031-06-03,U-2242,,,
210563,003,10004746,2031-06-03,U-1684,,,
210563,004,10004746,2031-06-03,U-1684,,,
202107,001,9829495,2036-08-15,U-1643,,,
207795,001,7629345,2025-01-05,U-2144,,Y,
208745,001,9610321,2031-09-15,U-2230,,,
208944,002,9877933,2030-12-02,U-2224,,,
209360,002,9867863,2029-12-16,U-2231,,,
208254,001,9096569,2026-07-11,U-1524,Y,Y,
203188,001,8629162,2025-06-24,U-2234,,,
020866,001,9700555,2032-04-30,U-2183,,Y,
020866,001,9700555,2032-04-30,U-2193,,Y,
020866,001,9700555,2032-04-30,U-2189,,Y,
020866,001,9700555,2032-04-30,U-2198,,Y,
020866,001,9700555,2032-04-30,U-2192,,Y,
020866,001,9700555,2032-04-30,U-2186,,Y,
020866,001,9700555,2032-04-30,U-2185,,Y,
210251,001,8754065,2032-08-15,U-257,Y,Y,
210303,001,9266919,2028-11-21,U-2328,,,
205103,001,9987231,2033-01-02,U-2324,,,
206073,001,9949998,2034-06-11,U-2290,,,
208026,002,10022379,2029-04-02,U-2339,,,
205552,002,10016435,2031-06-03,U-1650,,,
204026,004,8198262,2025-06-17,U-1360,,,
209311,001,9603809,2032-03-23,U-2357,,,
208623,001,9000011,2027-05-16,U-2371,,,
211358,002,9931334,2026-12-28,U-2376,,Y,
208623,001,9095584,2029-02-12,U-2371,,,
211358,002,8741933,2026-11-08,U-2374,,,
209483,001,10064875,2030-08-31,U-193,,Y,
209483,001,10064875,2030-08-31,U-1408,,Y,
211358,002,9192606,2029-09-29,U-2397,,Y,
210361,001,9259414,2033-02-28,U-2398,,,
208623,001,9999618,2028-04-28,U-2372,,,
211358,001,9192606,2029-09-29,U-2397,,Y,
210498,001,9850229,2030-08-27,U-2333,,,
210498,001,9598376,2033-10-18,U-2330,,,
210951,001,10052314,2033-09-23,U-2381,,,Y
201635,002,9555004,2027-11-16,U-1992,,Y,
201635,002,8877248,2027-11-16,U-106,,Y,
201635,002,8298576,2028-04-04,U-106,,Y,
201635,002,8663683,2027-11-16,U-106,,Y,
201635,003,8992989,2027-11-16,U-1675,,Y,
201635,003,8889191,2027-11-16,U-1992,,,
201635,003,8663683,2027-11-16,U-106,,Y,
201635,003,8298576,2028-04-04,U-106,,Y,
201635,003,9549940,2027-11-16,U-1992,,Y,
201635,003,8298580,2027-11-16,U-106,,Y,
201635,003,8877248,2027-11-16,U-1992,,Y,
201635,004,8298576,2028-04-04,U-106,,Y,
201635,004,8889191,2027-11-16,U-106,,,
201635,004,8992989,2027-11-16,U-1992,,Y,
201635,004,9555004,2027-11-16,U-1675,,Y,
201635,004,8877248,2027-11-16,U-106,,Y,
201635,004,9549940,2027-11-16,U-1992,,Y,
207145,001,8076515,2028-12-10,U-1993,Y,Y,
207145,002,8076515,2028-12-10,U-1993,Y,Y,
207145,001,8278485,2027-06-08,U-1993,Y,,
202714,001,8129346,2025-04-14,U-1260,,,
208032,001,9308191,2030-04-02,U-1876,,Y,
203697,001,9226892,2032-09-29,U-1731,,,
208054,001,9387266,2026-11-28,U-1879,,,
208032,001,8580282,2030-04-02,U-1876,,Y,
203496,001,9393203,2026-04-27,U-1877,,Y,
200603,002,9555027,2026-05-26,U-543,,Y,
200603,003,9555027,2026-05-26,U-543,,Y,
200603,005,9555027,2026-05-26,U-543,,Y,
202057,002,8617593,2030-04-29,U-1287,,,
206038,002,9670163,2026-12-28,U-1911,,Y,
207958,001,9669009,2034-03-14,U-2022,,,
207958,002,9669009,2034-03-14,U-2022,,,
207958,002,9669009,2034-03-14,U-2021,,,
207958,003,9669009,2034-03-14,U-1850,,,
202806,001,8952018,2030-10-15,U-2027,,,
022410,002,9687454,2029-08-07,U-1464,,Y,
207958,004,9669009,2034-03-14,U-1850,,,
207958,004,9669009,2034-03-14,U-2021,,,
208610,001,8969569,2025-10-07,U-2028,,Y,
208610,001,9539250,2025-10-07,U-2028,Y,Y,
208325,001,9701712,2030-07-29,U-2014,Y,Y,
208780,003,7635707,2029-04-22,U-2072,,,
202276,001,6656935,2025-04-27,U-155,Y,Y,
202880,001,9339499,2033-07-25,U-1810,,,
202880,003,9339499,2033-07-25,U-1810,,,
202880,006,9339499,2033-07-25,U-1810,,,
208051,001,8790708,2030-11-05,U-2043,,Y,
203284,001,9326966,2030-09-22,U-1816,,,
202020,002,9504699,2027-08-03,U-1362,,,
208603,002,9549899,2033-07-01,U-1556,,Y,
208194,001,9572887,2033-03-15,U-1972,,,
208194,001,9572887,2033-03-15,U-1971,,,
202880,001,9486451,2034-09-12,U-55,,,
202880,005,9486451,2034-09-12,U-55,,,
203168,001,9517220,2033-11-11,U-1933,,,
208051,001,9211291,2030-03-24,U-2043,,,
208051,001,9630946,2028-10-15,U-2043,,,
204275,001,7439393,2025-05-21,U-1691,Y,Y,
204275,001,7439393,2025-05-21,U-2100,Y,Y,
204275,002,7439393,2025-05-21,U-2100,Y,Y,
208194,001,9572796,2031-01-28,U-1972,,Y,
208026,001,9555001,2033-03-06,U-1968,,Y,
203469,002,9493470,2033-12-12,U-1700,Y,Y,
208194,001,9572797,2031-01-28,U-1972,,,
205029,001,9283197,2034-08-15,U-1828,,Y,Y
208194,001,9579384,2033-03-15,U-1971,,,
206073,002,8551957,2029-10-14,U-1651,,Y,
208090,002,8758813,2025-06-10,U-1556,,,
208090,003,8758813,2025-06-10,U-1556,,,
208090,005,8758813,2025-06-10,U-1556,,,
208194,001,9579384,2033-03-15,U-1972,,,
206439,001,8580858,2025-11-22,U-1641,,,
206439,004,8362085,2025-11-22,U-1641,,,Y
202880,001,9452163,2034-09-12,U-55,,,
202880,002,9452163,2034-09-12,U-55,,,
202880,003,9452163,2034-09-12,U-55,,,
202880,004,9452163,2034-09-12,U-55,,,
202880,006,9452163,2034-09-12,U-55,,,
022264,001,9439906,2031-01-26,U-1901,,,
209115,001,8071579,2027-08-12,U-2273,,,
022264,003,9439906,2031-01-26,U-1901,,,
208079,001,9433630,2030-08-31,U-1858,,Y,
208073,001,9447077,2029-04-15,U-1900,,,
203312,002,9463246,2028-12-26,U-219,,Y,
203312,004,9463246,2028-12-26,U-219,,Y,
200603,001,9259423,2031-05-23,U-1822,,,
022036,001,9572814,2027-07-20,U-620,,,
022036,002,9572814,2027-07-20,U-620,,,
200603,004,9259423,2031-05-23,U-1822,,,
200603,005,9259423,2031-05-23,U-1822,,,
206307,001,9504691,2033-11-21,U-1679,,Y,
202880,002,9610286,2033-07-25,U-1810,,,
202880,004,9610286,2033-07-25,U-1810,,,
202880,005,9610286,2033-07-25,U-1810,,,
209115,002,9861638,2031-02-10,U-2273,,,
203469,003,9493470,2033-12-12,U-1700,Y,Y,
204384,001,7498343,2026-12-01,U-1321,Y,Y,
208401,001,9616096,2035-11-06,U-185,,,
209115,002,8859562,2031-08-04,U-2012,,,
206619,001,8685984,2032-09-04,U-1840,,,
206619,001,8492386,2032-09-04,U-1840,,,
204824,006,8579865,2030-03-19,U-1442,,Y,
202880,002,9333201,2033-07-25,U-1810,,,
207947,005,9173881,2029-08-12,U-1798,,,
207947,007,9173881,2029-08-12,U-1798,,,
207947,008,7205302,2026-10-31,U-1797,Y,Y,
206030,001,9629797,2028-11-10,U-2005,,,
202811,003,7304036,2026-08-30,U-1516,Y,Y,
022334,001,8410131,2025-11-01,U-1368,,,
022334,003,8410131,2025-11-01,U-1368,,,
022334,004,8410131,2025-11-01,U-1368,,,
022063,003,9173857,2026-05-12,U-2025,,,
207930,001,6878721,2025-02-25,U-1773,Y,Y,
205637,002,9655843,2027-07-23,U-2017,,Y,
207932,002,9655843,2027-07-23,U-1556,,Y,
202788,002,9289387,2027-01-25,U-55,,Y,
202788,003,9289387,2027-01-25,U-55,,Y,
202788,004,9289387,2027-01-25,U-55,,Y,
202788,005,9642797,2027-01-25,U-55,,Y,
202788,007,9642797,2027-01-25,U-55,,Y,
207932,005,9655843,2027-07-23,U-1556,,Y,
203312,001,8557283,2028-12-26,U-219,,Y,
022192,002,8652776,2030-08-31,U-1685,,,
205552,001,8999999,2031-06-03,U-1683,,,
022192,001,8652776,2030-08-31,U-1685,,,
022192,005,8652776,2030-08-31,U-1685,,,
022192,006,8652776,2030-08-31,U-1685,,,
022348,002,9012508,2030-09-14,U-981,,,
050813,001,8778924,2026-12-08,U-897,Y,Y,
022291,002,8062665,2027-08-01,U-1714,,Y,
203312,004,8557283,2028-12-26,U-1645,,Y,
206940,002,8691860,2028-07-07,U-1709,Y,,
206940,001,8691860,2028-07-07,U-1709,Y,,
205677,001,9060995,2033-01-25,U-1710,,,
205858,002,8865730,2033-03-05,U-1615,Y,Y,
205858,001,RE44599,2025-07-21,U-1615,,,
022291,002,8052993,2027-08-01,U-1714,,Y,
204242,005,8658198,2027-12-03,U-1494,,Y,
205060,001,9050308,2033-01-04,U-1511,,,
206619,001,9044480,2031-04-10,U-1638,,,
205422,001,8618109,2026-04-12,U-543,,,
205422,002,8349840,2026-04-12,U-1529,,Y,
211349,001,9487491,2030-07-28,U-2456,,,
022291,001,8052993,2027-08-01,U-930,,Y,
022291,002,8052994,2027-08-01,U-1306,,Y,
022291,002,8052994,2027-08-01,U-2451,,Y,
022291,002,7547719,2025-07-13,U-1306,Y,Y,
022291,002,7547719,2025-07-13,U-930,Y,Y,
022291,003,8062665,2027-08-01,U-2451,,Y,
022291,003,8062665,2027-08-01,U-930,,Y,
022291,003,7547719,2025-07-13,U-930,Y,Y,
022291,004,8071129,2027-08-01,U-1306,,Y,
208624,001,10201584,2032-05-17,U-1889,,,
209862,001,10220158,2035-03-20,U-2500,,Y,
202810,001,10220042,2027-04-13,U-2501,,,
022291,004,7547719,2025-07-13,U-2451,Y,Y,
021880,006,8741929,2028-03-08,U-1983,,,
210884,001,9974770,2030-06-16,U-1719,,Y,
210565,001,9532955,2033-05-03,U-2491,,,
210565,001,10058511,2033-05-03,U-2492,,Y,
208564,001,10258630,2032-11-21,U-2317,,,
211580,001,8185176,2028-06-04,U-2462,,,
211580,001,9421280,2025-11-24,U-2467,,,
211710,001,10045991,2037-04-04,U-2473,,,
211710,001,9782414,2035-11-16,U-2471,,,
211710,001,9447104,2029-10-21,U-2470,,,
208065,001,10183020,2035-01-02,U-1777,,Y,
210861,001,8865698,2029-10-21,U-2469,,,
210861,001,10005783,2029-10-21,U-2472,,,
210861,001,9782414,2035-11-16,U-2475,,,
210861,002,10005783,2029-10-21,U-2472,,,
210861,002,10047097,2029-10-21,U-2474,,,
210861,002,9676783,2029-10-21,U-2469,,,
202810,001,7910131,2027-04-13,U-2041,,,
202810,003,9119791,2027-04-13,U-2041,,,
208254,001,10174017,2030-01-27,U-1524,Y,Y,
208259,001,9096569,2026-07-11,U-1524,Y,Y,
209128,001,10245228,2027-01-05,U-1351,,Y,
206321,001,9968659,2037-01-09,U-2438,,,
208799,004,9066957,2034-10-06,U-645,,Y,
210589,001,9629821,2025-07-11,U-2367,,Y,
202331,002,9387249,2031-07-01,U-3,,,
022165,001,7759394,2026-06-16,U-436,Y,Y,
022309,001,8466137,2026-10-12,U-1103,,,
022328,002,7682628,2025-02-16,U-1194,,,
202834,004,6949571,2025-05-23,U-2429,Y,Y,
022036,002,7915307,2027-08-24,U-620,,,
022560,001,7645459,2028-01-09,U-662,,Y,
050808,006,8268804,2025-06-24,U-1078,,,
201922,003,8252776,2025-06-24,U-124,,,
202057,001,8445003,2030-04-29,U-1287,,,
022114,001,8540665,2029-10-22,U-1438,,,
022249,004,8344006,2029-09-23,U-1402,,Y,
022581,001,8591938,2030-02-23,U-1469,,Y,
204485,002,9937223,2035-01-30,U-1857,,,
205435,001,8420676,2028-02-23,U-282,Y,Y,
205776,003,8664231,2029-06-01,U-1442,,,
204242,004,8658198,2027-12-03,U-1494,,Y,
207793,001,8703181,2025-05-02,U-1434,,,
022192,005,9074255,2030-12-17,U-1674,,,
022192,002,9157121,2030-04-05,U-1674,,,
021997,002,9597281,2027-04-06,U-674,,,
207533,001,8796276,2030-06-24,U-543,,,
022321,005,8623418,2029-11-07,U-1640,,,
022563,001,8629128,2026-05-26,U-1767,,Y,
203469,001,9029533,2026-12-22,U-836,,,
204223,003,9192608,2034-03-12,U-55,,,
202811,003,8933030,2031-02-17,U-1516,,Y,
207932,004,9655843,2027-07-23,U-1556,,Y,
208026,002,8673927,2027-05-04,U-1503,,,Y
206038,002,8741933,2026-11-08,U-1909,,,
204824,008,9421333,2030-03-19,U-1442,,Y,
201635,001,8992989,2027-11-16,U-1992,,Y,
201635,002,8663683,2027-11-16,U-1992,,Y,
206038,001,9670163,2026-12-28,U-1911,,Y,
209195,001,8735372,2028-03-21,U-2040,Y,Y,
208780,001,8592462,2029-04-22,U-2059,,,
208780,003,8084475,2030-01-08,U-2054,,,
202880,002,9486451,2034-09-12,U-55,,,
209115,002,8143241,2027-08-12,U-2273,,,
204485,001,9744239,2035-01-30,U-1857,,,
203441,001,7847061,2025-11-01,U-1320,,,Y
206627,007,9492390,2027-08-24,U-1556,,,
206073,001,8673927,2027-05-04,U-1652,,,Y
020866,001,9352025,2030-06-07,U-2112,,,
208073,001,8367701,2029-04-15,U-1880,,Y,
209803,002,8080580,2030-07-13,U-2214,Y,Y,
209819,001,8921387,2032-01-06,U-2173,,Y,
209819,002,8921387,2032-01-06,U-2174,,Y,
202293,001,8329648,2026-08-18,U-2212,,,
208780,002,8013002,2030-01-08,U-2082,,,
202293,002,8361972,2028-03-21,U-493,,,
210563,002,8497277,2026-12-28,U-2241,,,
210563,004,8497277,2026-12-28,U-1946,,,
208716,004,7855211,2031-09-28,U-2135,Y,Y,
210563,004,10004746,2031-06-03,U-2242,,,
205422,006,9839637,2026-04-12,U-1529,,Y,
204026,004,8198262,2025-06-17,U-2254,,,
209311,003,8916588,2032-03-23,U-2357,,,
208692,003,10039757,2031-07-18,U-1480,,,
210563,001,8563563,2027-04-26,U-2242,,,
208658,004,9949998,2034-06-11,U-2290,,,
207202,001,8847766,2030-03-29,U-2167,,Y,
202806,002,8703781,2030-10-15,U-2032,Y,Y,
207202,004,8945005,2029-08-19,U-2167,,Y,
208010,001,9925147,2028-04-25,U-2255,,Y,
205580,001,9572797,2031-01-28,U-1972,,,
208686,001,10154987,2036-03-25,U-71,,,
210365,001,10111840,2035-06-17,U-2442,,,
207027,001,7547719,2025-07-13,U-2452,Y,Y,
204114,002,8703781,2030-10-15,U-2037,Y,Y,
208558,001,8859562,2031-08-04,U-2482,,,
211192,001,9850277,2033-01-18,U-2533,Y,Y,
204370,004,7737142,2029-09-17,U-1750,Y,Y,
210132,001,9114145,2032-11-21,U-2439,,,
203505,001,6245819,2025-07-21,U-905,,,
202880,001,10092559,2034-09-12,U-55,,,
204353,001,7943582,2029-02-26,U-2441,Y,Y,
205879,002,7943582,2029-02-26,U-2441,Y,Y,
208065,002,10183020,2035-01-02,U-2289,,Y,
208259,001,8450344,2026-07-11,U-1524,Y,Y,
211230,001,10351517,2026-06-07,U-2548,,,
211230,002,10351517,2026-06-07,U-2548,,,
209210,001,8501698,2027-06-20,U-2588,,,
209210,001,6515117,2025-10-04,U-2588,Y,Y,
209210,001,8361972,2028-03-21,U-2588,,,
209210,001,7456254,2025-06-30,U-2588,,Y,
209210,001,7456254,2025-06-30,U-2590,,Y,
209210,001,7456254,2025-06-30,U-2589,,Y,
209210,001,7612176,2025-04-13,U-2590,,Y,
209210,001,7612176,2025-04-13,U-2589,,Y,
209210,001,8329648,2026-08-18,U-2590,,,
209210,001,8329648,2026-08-18,U-2593,,,
209210,001,8329648,2026-08-18,U-2594,,,
209210,001,8329648,2026-08-18,U-2596,,,
209210,001,8329648,2026-08-18,U-2595,,,
209210,001,8329648,2026-08-18,U-2588,,,
209210,001,8329648,2026-08-18,U-2589,,,
209210,001,8906851,2026-08-18,U-2590,,,
209210,001,8906851,2026-08-18,U-2593,,,
209210,001,8906851,2026-08-18,U-2597,,,
209210,001,8906851,2026-08-18,U-2589,,,
209210,001,8431685,2025-04-13,U-2589,,Y,
209210,001,8431685,2025-04-13,U-2597,,Y,
209210,001,8431685,2025-04-13,U-2590,,Y,
209210,001,8461105,2025-04-13,U-2589,,Y,
209210,001,8461105,2025-04-13,U-2597,,Y,
209210,001,8461105,2025-04-13,U-2590,,Y,
209210,001,9884092,2026-08-18,U-2593,,,
209210,001,9884092,2026-08-18,U-2589,,,
209210,001,9884092,2026-08-18,U-2594,,,
209210,001,9884092,2026-08-18,U-2596,,,
209210,001,9884092,2026-08-18,U-2597,,,
209210,001,9884092,2026-08-18,U-2595,,,
209210,001,9884092,2026-08-18,U-2590,,,
209210,001,8895033,2030-10-04,U-2597,,Y,
209210,001,8895033,2030-10-04,U-2590,,Y,
209210,001,8895033,2030-10-04,U-2601,,Y,
209210,001,8895033,2030-10-04,U-2589,,Y,
209210,001,8895033,2030-10-04,U-2602,,Y,
212320,001,10179120,2035-01-06,U-2603,,,
212320,001,9802973,2035-10-23,U-2603,Y,Y,
212320,001,9248148,2031-03-29,U-2603,,,
209311,001,8916588,2032-03-23,U-2357,,,
209311,002,8916588,2032-03-23,U-2357,,,
209311,002,9603809,2032-03-23,U-2357,,,
209311,003,9034902,2032-03-23,U-2357,,,
209311,004,9028868,2032-03-23,U-2357,,,
209311,004,9034902,2032-03-23,U-2357,,,
209311,005,9603809,2032-03-23,U-2357,,,
209311,005,9034902,2032-03-23,U-2357,,,
020866,001,9993474,2032-04-30,U-2384,,,
020866,001,9993474,2032-04-30,U-2390,,,
020866,001,9993474,2032-04-30,U-2388,,,
020866,001,9993474,2032-04-30,U-2386,,,
020866,001,9993474,2032-04-30,U-2392,,,
207233,001,9808468,2035-03-31,U-2160,,,
202833,001,9789078,2033-05-15,U-2138,,,
207233,002,9808468,2035-03-31,U-2160,,,
018705,002,7872049,2029-03-12,U-2223,,Y,
205598,001,8192719,2027-10-12,U-2220,,,
022527,002,9592208,2032-03-30,U-2315,,Y,
203415,001,8183274,2026-08-24,U-1588,,,
205552,001,8563563,2027-04-26,U-2219,,,
209296,001,9808465,2035-09-18,U-2161,,,
200603,002,9827242,2031-05-23,U-2199,,,
202429,001,8470818,2026-08-02,U-1418,,,
200603,003,9827242,2031-05-23,U-2201,,,
200603,004,9827242,2031-05-23,U-2201,,,
200603,005,9827242,2031-05-23,U-2201,,,
210192,001,7125879,2025-04-21,U-257,Y,Y,
203567,001,9877955,2028-01-03,U-1969,,,
209963,001,9867815,2037-02-07,U-2227,,,
203858,003,9861622,2025-03-07,U-1316,,,
203858,005,9861622,2025-03-07,U-1316,,,
203312,001,9901640,2028-12-26,U-219,,Y,
208065,002,9732058,2032-07-25,U-2289,Y,Y,
208090,003,9968598,2036-09-02,U-1556,,Y,
208065,001,9732058,2032-07-25,U-2289,Y,Y,
210563,002,8563563,2027-04-26,U-2242,,,
210563,003,8563563,2027-04-26,U-1946,,,
210563,003,8563563,2027-04-26,U-1491,,,
204708,001,9861631,2031-03-25,U-1428,,,
204708,001,9861632,2031-03-25,U-1428,,,
208780,003,8420674,2027-12-18,U-2079,,,
210951,001,8802689,2027-03-27,U-2237,,,
210951,001,9884054,2033-09-23,U-2237,,,
022068,001,9061029,2032-04-07,U-1374,Y,,
022068,001,8415363,2026-07-18,U-1407,Y,Y,
022068,002,9061029,2032-04-07,U-1374,Y,,
204114,002,8835443,2025-06-10,U-1582,,,
204114,002,8835443,2025-06-10,U-1581,,,
204308,001,9968553,2032-11-06,U-1723,,,
204114,002,8835443,2025-06-10,U-2020,,,
207202,006,8847766,2030-03-29,U-2167,,Y,
207202,006,9444503,2027-11-19,U-2169,,Y,
207202,006,9268909,2033-10-15,U-2168,,Y,
208686,001,9808442,2036-03-25,U-1892,,,
208686,001,9808442,2036-03-25,U-3,,,
210563,004,8563563,2027-04-26,U-2241,,,
208065,001,8946235,2032-08-08,U-2289,Y,Y,
208552,001,9974773,2035-06-11,U-2306,,,
208010,001,9925147,2028-04-25,U-2256,,Y,
208010,001,8426391,2028-08-27,U-1872,,,
208065,002,8946235,2032-08-08,U-2289,Y,Y,
204447,003,9125910,2027-06-15,U-2309,,,
209483,001,9956231,2030-08-31,U-1408,,Y,
209483,001,9956231,2030-08-31,U-193,,Y,
209483,001,9956231,2030-08-31,U-742,,Y,
209483,001,9956231,2030-08-31,U-1858,,Y,
208090,005,10004729,2030-12-10,U-1556,,Y,
205029,001,10004700,2034-08-14,U-2325,,Y,Y
209381,001,9592252,2032-08-11,U-2310,,Y,
021920,001,10028925,2026-03-03,U-1731,,Y,
021920,001,10022344,2026-03-03,U-1731,,Y,
210563,004,8563563,2027-04-26,U-1946,,,
203858,001,10016404,2025-03-07,U-1316,,,
205580,001,9572797,2031-01-28,U-1971,,,
205437,001,10092541,2034-05-29,U-2403,,,
206038,001,10076513,2028-12-04,U-2411,,Y,
205437,003,10092541,2034-05-29,U-2403,,,
210793,001,7659285,2026-08-24,U-1844,,,
211155,001,9840505,2032-01-10,U-2412,,,
211155,002,9216982,2029-01-05,U-2412,,,
203858,004,10016404,2025-03-07,U-1316,,,
203858,006,10016404,2025-03-07,U-1316,,,
211155,002,9840505,2032-01-10,U-2413,,,
210563,001,10016435,2031-06-03,U-1650,,,
210563,003,10016435,2031-06-03,U-1650,,,
206089,001,8241664,2029-03-29,U-2506,,Y,
206089,002,8492369,2030-12-20,U-2506,,Y,
212038,005,10292939,2035-10-30,U-2357,,Y,
206089,003,8241664,2029-03-29,U-2506,,Y,
209884,001,8492441,2030-11-30,U-2511,,,
208551,001,7816404,2029-04-17,U-1656,,,
209115,002,10130636,2035-08-17,U-2273,,,
208658,003,10258637,2034-04-03,U-2290,,,
206111,001,10258637,2034-04-03,U-2290,,,
206111,003,10258637,2034-04-03,U-2290,,,
209115,003,10130636,2035-08-17,U-2101,,,
207027,001,7547719,2025-07-13,U-1306,Y,Y,
209964,001,7361650,2026-02-22,U-1694,Y,Y,
209964,001,7361649,2026-02-22,U-1694,Y,Y,
207027,002,7547719,2025-07-13,U-1575,Y,Y,
204629,002,10258637,2034-04-03,U-2290,,,
208623,001,10251873,2038-05-30,U-2371,,,
207946,001,10143693,2036-04-05,U-2457,,,
207946,003,10143693,2036-04-05,U-2458,,,
202292,001,9585868,2031-10-31,U-1319,,,
204114,001,8703781,2030-10-15,U-1712,Y,Y,
204114,001,8703781,2030-10-15,U-2020,Y,Y,
204114,002,8703781,2030-10-15,U-1712,Y,Y,
204114,002,8703781,2030-10-15,U-2305,Y,Y,
204114,002,8703781,2030-10-15,U-2020,Y,Y,
204114,003,8703781,2030-10-15,U-2305,Y,Y,
204114,003,8703781,2030-10-15,U-1712,Y,Y,
209091,001,8361972,2028-03-21,U-1976,,,
209091,001,8361972,2028-03-21,U-493,,,
211192,001,9968595,2035-03-13,U-2534,,Y,
211192,001,9968595,2035-03-13,U-2533,,Y,
210308,001,10292990,2034-05-20,U-2535,,,
207925,001,9670163,2026-12-28,U-2530,,Y,
211321,001,9289432,2028-01-18,U-2526,,Y,
211321,001,8217033,2028-01-18,U-2526,,Y,
210861,001,10285993,2035-11-16,U-2470,,,
022433,001,10300065,2036-01-27,U-2541,,,
200063,001,10307376,2027-11-08,U-1585,,,
207925,002,10272046,2033-02-27,U-2531,,Y,
207925,002,9670163,2026-12-28,U-2530,,Y,
207925,002,8354427,2026-07-06,U-1905,,,
207925,002,8629162,2025-06-24,U-2529,,,
207925,002,8324242,2027-08-05,U-1906,,,
207925,003,8324242,2027-08-05,U-1906,,,
207925,003,9670163,2026-12-28,U-1311,,Y,
207925,003,8354427,2026-07-06,U-1905,,,
210326,001,9833459,2034-02-14,U-2540,,Y,
022433,001,10300065,2036-01-27,U-2542,,,
209311,005,10292937,2032-03-23,U-2357,,,
204370,001,7737142,2029-09-17,U-2543,Y,Y,
204370,001,7737142,2029-09-17,U-1750,Y,Y,
204370,001,RE47350,2029-07-16,U-2543,,,
204370,002,7737142,2029-09-17,U-1750,Y,Y,
204370,003,7737142,2029-09-17,U-2543,Y,Y,
204370,003,7737142,2029-09-17,U-2544,Y,Y,
204370,004,7737142,2029-09-17,U-2544,Y,Y,
203505,001,6245819,2025-07-21,U-1370,,,
021880,002,8741929,2028-03-08,U-1983,,,
022291,001,8828430,2027-08-01,U-1306,,Y,
022291,001,7547719,2025-07-13,U-1575,Y,Y,
022291,002,8828430,2027-08-01,U-2451,,Y,
022291,003,8828430,2027-08-01,U-1306,,Y,
208623,001,10383864,2027-05-16,U-2371,,,
212480,001,8334270,2028-03-21,U-1470,Y,Y,
212480,001,8580765,2028-03-21,U-1470,Y,Y,
212480,001,7964580,2029-03-26,U-1470,Y,Y,
212480,002,7964580,2029-03-26,U-1470,Y,Y,
212480,002,8580765,2028-03-21,U-1470,Y,Y,
212480,002,8334270,2028-03-21,U-1470,Y,Y,
212480,001,8618076,2030-12-11,U-1470,Y,Y,
212480,001,9284342,2030-09-13,U-1470,Y,Y,
212480,001,9085573,2028-03-21,U-1470,Y,Y,
212480,001,8633309,2029-03-26,U-1470,Y,Y,
212480,001,8889159,2029-03-26,U-1470,,Y,
212480,002,8633309,2029-03-26,U-1470,Y,Y,
212480,002,9284342,2030-09-13,U-1470,Y,Y,
212480,002,8618076,2030-12-11,U-1470,Y,Y,
212480,002,8889159,2029-03-26,U-1470,,Y,
212480,002,9085573,2028-03-21,U-1470,Y,Y,
212477,001,8580765,2028-03-21,U-1470,Y,Y,
212477,001,8273341,2030-05-12,U-1470,,,
212477,001,7964580,2029-03-26,U-1470,Y,Y,
212477,001,8334270,2028-03-21,U-1470,Y,Y,
212477,002,8580765,2028-03-21,U-1470,Y,Y,
212477,002,8273341,2030-05-12,U-1470,,,
212477,002,7964580,2029-03-26,U-1470,Y,Y,
212477,002,8334270,2028-03-21,U-1470,Y,Y,
212477,001,8822430,2030-05-12,U-1470,Y,Y,
212477,001,8735372,2028-03-21,U-1470,,,
212477,001,8841278,2030-05-12,U-1470,,Y,
212477,001,8618076,2030-12-11,U-1470,Y,Y,
212477,001,8633309,2029-03-26,U-1470,Y,Y,
212477,002,8633309,2029-03-26,U-1470,Y,Y,
212477,002,8618076,2030-12-11,U-1470,Y,Y,
212477,002,8841278,2030-05-12,U-1470,,Y,
212477,002,8822430,2030-05-12,U-1470,Y,Y,
212477,002,8735372,2028-03-21,U-1470,,,
212477,001,9284342,2030-09-13,U-1470,Y,Y,
212477,001,9085573,2028-03-21,U-1470,Y,Y,
212477,001,9393256,2032-09-14,U-1470,,,
212477,001,8889159,2029-03-26,U-1470,,Y,
212477,001,9511056,2030-05-12,U-1470,,,
212477,002,8889159,2029-03-26,U-1470,,Y,
212477,002,9393256,2032-09-14,U-1470,,,
212477,002,9085573,2028-03-21,U-1470,Y,Y,
212477,002,9284342,2030-09-13,U-1470,Y,Y,
212477,002,9511056,2030-05-12,U-1470,,,
205834,002,7964580,2029-03-26,U-1470,Y,Y,
205834,002,8334270,2028-03-21,U-1470,Y,Y,
205834,002,8273341,2030-05-12,U-1470,,,
205834,002,8580765,2028-03-21,U-1470,Y,Y,
205834,002,8618076,2030-12-11,U-1470,Y,Y,
205834,002,8633309,2029-03-26,U-1470,Y,Y,
205834,002,8841278,2030-05-12,U-1470,,Y,
205834,002,8822430,2030-05-12,U-1470,Y,Y,
205834,002,8735372,2028-03-21,U-1470,,,
205834,002,8889159,2029-03-26,U-1470,,Y,
205834,002,10039779,2034-01-30,U-1470,Y,Y,
205834,002,9511056,2030-05-12,U-1470,,,
205834,002,9085573,2028-03-21,U-1470,Y,Y,
205834,002,9284342,2030-09-13,U-1470,Y,Y,
205834,002,9393256,2032-09-14,U-1470,,,
210806,001,8486975,2032-08-30,U-2630,Y,Y,
202880,001,10456393,2033-07-25,U-1810,,,
202880,002,10456393,2033-07-25,U-1810,,,
202880,003,10456393,2033-07-25,U-1810,,,
202880,004,10456393,2033-07-25,U-1810,,,
202880,005,10456393,2033-07-25,U-1810,,,
202880,006,10456393,2033-07-25,U-1810,,,
205677,001,10449176,2033-01-25,U-2149,,,
211855,001,9090558,2033-09-20,U-1384,,,
211855,001,10080733,2033-09-20,U-1384,Y,Y,
208447,001,8071579,2027-08-12,U-2655,,,
208447,001,8859562,2031-08-04,U-2655,,,
208447,001,8143241,2027-08-12,U-2655,,,
209355,001,10478502,2031-11-02,U-2625,,Y,
209354,001,10478502,2031-11-02,U-2625,,Y,
205437,001,10092541,2034-05-29,U-2659,,,
205437,002,10092541,2034-05-29,U-2659,,,
210951,001,8802689,2027-03-27,U-2624,,,
210951,001,8445507,2030-09-15,U-2624,Y,Y,
209816,001,10383884,2037-10-31,U-2576,,,
210807,001,8486975,2032-08-30,U-2629,Y,Y,
209963,001,10413505,2037-02-07,U-2479,,,
209531,001,10436802,2035-09-11,U-2094,,,
209531,001,10436802,2035-09-11,U-1943,,,
209531,001,10436802,2035-09-11,U-1941,,,
209531,001,10436802,2035-09-11,U-2093,,,
209531,001,10436802,2035-09-11,U-1944,,,
209531,001,10436802,2035-09-11,U-1942,,,
211527,001,8470871,2025-12-21,U-2639,,,
210797,001,8334265,2033-01-20,U-2638,,,
210797,001,10076555,2025-02-11,U-2638,,,
213004,001,9603806,2034-02-12,U-2660,,Y,
213004,001,9498445,2034-02-12,U-2660,,Y,
213004,001,9050263,2034-02-12,U-2660,,Y,
208901,001,10463740,2033-06-21,U-2453,,Y,
209310,001,10232152,2034-11-24,U-2272,,Y,
208623,001,10471053,2038-05-30,U-2371,,,
209128,001,10507180,2027-01-05,U-1351,,Y,
207318,002,10517860,2037-03-23,U-1974,,,
202057,001,9700537,2027-05-31,U-2707,,,
202057,001,9198892,2027-09-25,U-2706,,,
202057,002,9198892,2027-09-25,U-2706,,,
202057,002,9700537,2027-05-31,U-2707,,,
212614,001,9949998,2034-06-11,U-2731,,,
212614,002,9949998,2034-06-11,U-2731,,,
212614,003,9949998,2034-06-11,U-2731,,,
212614,004,9949998,2034-06-11,U-2731,,,
212614,001,10022379,2029-04-02,U-2732,,Y,
212614,002,10022379,2029-04-02,U-2732,,Y,
212614,003,10022379,2029-04-02,U-2732,,Y,
212614,004,10022379,2029-04-02,U-2732,,Y,
212614,001,10406172,2030-06-15,U-2733,,Y,
212614,001,10258637,2034-04-03,U-2731,,,
212614,002,10258637,2034-04-03,U-2731,,,
212614,002,10406172,2030-06-15,U-2733,,Y,
212614,003,10406172,2030-06-15,U-2733,,Y,
212614,003,10258637,2034-04-03,U-2731,,,
212614,004,10406172,2030-06-15,U-2733,,Y,
212614,004,10258637,2034-04-03,U-2731,,,
212097,001,9649364,2036-04-22,U-2742,,Y,
212097,002,9649364,2036-04-22,U-2742,,Y,
212097,003,9649364,2036-04-22,U-2742,,Y,
212097,004,9649364,2036-04-22,U-2742,,Y,
201699,001,8859510,2027-07-31,U-2741,,,
201699,001,7906489,2027-03-04,U-2741,,,
022200,002,6515117,2025-10-04,U-2588,Y,Y,
022200,002,8329648,2026-08-18,U-2596,,,
022200,002,8329648,2026-08-18,U-2595,,,
022200,002,8329648,2026-08-18,U-2589,,,
022200,002,8329648,2026-08-18,U-2588,,,
022200,002,8329648,2026-08-18,U-2590,,,
022200,002,8329648,2026-08-18,U-2593,,,
022200,002,8329648,2026-08-18,U-2594,,,
022200,002,7456254,2025-06-30,U-2590,,Y,
022200,002,7456254,2025-06-30,U-2588,,Y,
022200,002,7456254,2025-06-30,U-2589,,Y,
212728,001,11083724,2039-03-25,U-2718,,Y,
022200,002,7612176,2025-04-13,U-2590,,Y,
212728,001,11083724,2039-03-25,U-3142,,Y,
022200,002,7612176,2025-04-13,U-2588,,Y,
022200,002,7612176,2025-04-13,U-2589,,Y,
022200,002,8906851,2026-08-18,U-2588,,,
022200,002,8906851,2026-08-18,U-2589,,,
022200,002,8906851,2026-08-18,U-2593,,,
022200,002,8906851,2026-08-18,U-2590,,,
022200,002,8461105,2025-04-13,U-2588,,Y,
022200,002,8461105,2025-04-13,U-2589,,Y,
022200,002,8461105,2025-04-13,U-2590,,Y,
205580,001,11103483,2031-01-28,U-1971,,Y,
205580,001,11103483,2031-01-28,U-1972,,Y,
022200,002,8431685,2025-04-13,U-2590,,Y,
022200,002,8431685,2025-04-13,U-2588,,Y,
022200,002,8431685,2025-04-13,U-2589,,Y,
207078,001,10398730,2032-02-10,U-2312,,,
207078,002,10398730,2032-02-10,U-2312,,,
210192,001,10426780,2031-01-24,U-257,Y,Y,
211415,001,9180090,2030-02-11,U-2635,,,
211415,001,8314083,2030-02-28,U-2634,,,
211415,001,8513259,2030-02-11,U-2636,,,
211415,001,8263581,2030-02-28,U-2635,,,
211415,001,9119771,2030-02-11,U-2635,,,
022204,001,10449173,2029-11-06,U-2637,,Y,
208215,001,8754065,2032-08-15,U-1259,Y,Y,
208215,001,9296769,2032-08-15,U-1259,Y,Y,
212273,001,9012496,2033-07-15,U-2649,,,
212379,001,10137200,2030-10-01,U-2647,,,
212379,001,8865139,2030-10-01,U-2647,,Y,
212379,001,10398641,2037-09-08,U-2647,,,
212379,001,9675700,2030-10-01,U-2647,,Y,
212379,001,8992896,2030-10-01,U-2647,,Y,
212379,001,10086080,2030-10-01,U-2647,,,
212379,001,10213512,2030-10-01,U-2647,,Y,
212273,001,10022352,2027-04-09,U-2651,,Y,
210563,001,10463668,2034-10-24,U-2654,,,
210563,002,10463668,2034-10-24,U-2654,,,
210563,003,10463668,2034-10-24,U-2654,,,
210563,004,10463668,2034-10-24,U-2654,,,
211746,001,10765686,2034-09-04,U-3295,,,
211746,001,10758550,2034-09-04,U-3296,,,
211746,001,10646500,2034-09-04,U-3297,,,
211746,001,10548907,2034-09-04,U-3297,,,
205437,003,10092541,2034-05-29,U-2659,,,
213137,001,9248199,2034-01-29,U-2676,,,
210259,001,10167291,2036-07-01,U-2667,,Y,
210259,001,10167291,2036-07-01,U-2670,,Y,
210259,001,10167291,2036-07-01,U-2666,,Y,
210259,001,10167291,2036-07-01,U-2668,,Y,
210259,001,10167291,2036-07-01,U-2669,,Y,
210259,001,10167291,2036-07-01,U-2671,,Y,
210259,001,10272083,2035-01-21,U-2683,,,
210259,001,10272083,2035-01-21,U-2686,,,
210259,001,10272083,2035-01-21,U-2684,,,
210259,001,10272083,2035-01-21,U-2687,,,
210259,001,10272083,2035-01-21,U-2682,,,
210259,001,10272083,2035-01-21,U-2685,,,
202057,001,8410086,2030-06-15,U-2688,,,
202057,001,8454994,2030-04-29,U-2689,,,
202057,002,8410086,2030-06-15,U-2688,,,
202057,002,8454994,2030-04-29,U-2689,,,
202057,001,8455472,2030-06-15,U-2690,,,
202057,001,8617593,2030-04-29,U-2691,,,
202057,002,8617593,2030-04-29,U-2691,,,
202057,001,8618166,2030-04-29,U-2689,,,
202057,001,8623406,2030-04-29,U-2692,,,
202057,002,8623406,2030-04-29,U-2692,,,
202057,001,8642077,2030-04-29,U-2693,,,
202057,002,8642077,2030-04-29,U-2693,,,
202057,001,8669245,2030-06-15,U-2694,,,
202057,002,8669245,2030-06-15,U-2694,,,
202057,001,8680144,2030-02-09,U-2695,,,
202057,002,8680144,2030-02-09,U-2695,,,
202057,001,8703185,2030-04-29,U-2691,,,
202057,001,8691871,2030-04-29,U-2689,,,
202057,001,8709475,2030-04-29,U-2689,,,
202057,002,8703185,2030-04-29,U-2691,,,
202057,002,8709475,2030-04-29,U-2689,,,
202057,002,8691871,2030-04-29,U-2689,,,
202057,001,8710041,2030-06-15,U-2690,,,
202057,002,8710041,2030-06-15,U-2690,,,
202057,001,9603826,2033-06-28,U-2696,,,
202057,002,9603826,2033-06-28,U-2696,,,
202057,001,9610272,2033-06-28,U-2697,,,
202057,002,9610272,2033-06-28,U-2697,,,
212327,001,10391094,2032-06-04,U-2607,,Y,
022348,003,9072661,2032-03-16,U-2264,,,
022348,003,8871810,2029-09-30,U-981,,,
208564,001,10398708,2032-11-21,U-2317,,,
208564,002,10398708,2032-11-21,U-2317,,,
022348,003,9012508,2030-09-14,U-981,,,
022348,003,8735452,2029-09-30,U-981,,,
204671,002,8618076,2030-12-11,U-1470,Y,Y,
204671,002,8889159,2029-03-26,U-1470,,Y,
204671,002,8633309,2029-03-26,U-1470,Y,Y,
204671,002,8580765,2028-03-21,U-1470,Y,Y,
204671,002,8334270,2028-03-21,U-1470,Y,Y,
204671,002,9284342,2030-09-13,U-1470,Y,Y,
204671,002,9085573,2028-03-21,U-1470,Y,Y,
204671,002,7964580,2029-03-26,U-1470,Y,Y,
022075,001,7727993,2028-01-28,U-2623,,Y,
022075,002,7727993,2028-01-28,U-2623,,Y,
208623,001,10406143,2027-05-16,U-2371,,,
212725,001,9616059,2028-07-08,U-2618,,,
212725,002,9616059,2028-07-08,U-2618,,,
210655,001,10406160,2026-06-26,U-2608,,Y,
210655,002,10406160,2026-06-26,U-2608,,Y,
212725,001,10231965,2035-02-17,U-2618,,,
212725,001,9649306,2033-05-22,U-2618,,,
212725,001,8673893,2028-07-08,U-2618,,,
212725,001,9255087,2028-07-08,U-2618,,,
212725,002,9649306,2033-05-22,U-2618,,,
212725,002,10231965,2035-02-17,U-2618,,,
212725,002,9255087,2028-07-08,U-2618,,,
212725,002,8673893,2028-07-08,U-2618,,,
211801,001,9006281,2030-05-02,U-2626,,,
211801,001,9408840,2029-12-30,U-2626,,,
206192,001,10478400,2036-06-29,U-1776,Y,Y,
206488,001,RE47751,2025-06-28,U-1918,,,
206488,001,RE47751,2025-06-28,U-2664,,,
206488,001,RE47751,2025-06-28,U-2673,,,
206488,001,RE47751,2025-06-28,U-2674,,,
206488,002,RE47751,2025-06-28,U-1918,,,
206488,002,RE47751,2025-06-28,U-2673,,,
206488,002,RE47751,2025-06-28,U-2674,,,
206488,002,RE47751,2025-06-28,U-2664,,,
211970,001,10266827,2025-06-28,U-2675,,,
202057,001,9623001,2033-06-28,U-2698,,,
202057,001,9693984,2033-06-28,U-2697,,,
202057,002,9693984,2033-06-28,U-2697,,,
202057,002,9623001,2033-06-28,U-2698,,,
202057,001,9693985,2033-06-28,U-2696,,,
202057,001,9693986,2033-06-28,U-2698,,,
202057,002,9693985,2033-06-28,U-2696,,,
202057,002,9693986,2033-06-28,U-2698,,,
202057,001,10010517,2030-04-29,U-2690,,,
202057,001,9918954,2033-06-28,U-2699,,,
202057,002,10010517,2030-04-29,U-2690,,,
202057,002,9918954,2033-06-28,U-2699,,,
202057,001,10278935,2033-06-28,U-2701,,,
202057,001,10265287,2030-04-29,U-2700,,,
202057,002,10278935,2033-06-28,U-2701,,,
202057,002,10265287,2030-04-29,U-2700,,,
202057,001,10278937,2033-06-28,U-2703,,,
202057,001,10278936,2033-06-28,U-2702,,,
202057,002,10278936,2033-06-28,U-2702,,,
202057,002,10278937,2033-06-28,U-2703,,,
202057,001,10383840,2033-06-28,U-2704,,,
202057,002,10383840,2033-06-28,U-2704,,,
203567,001,10512640,2028-01-03,U-1969,,,
206829,001,7129232,2028-05-15,U-1676,Y,Y,
203415,001,9126941,2026-05-15,U-2708,,,
203415,001,8183274,2026-08-24,U-2708,,,
208558,001,8143241,2027-08-12,U-2716,,,
208558,002,8143241,2027-08-12,U-2716,,,
208558,001,8859562,2031-08-04,U-2716,,,
208558,002,8859562,2031-08-04,U-2716,,,
212535,001,10543186,2039-03-15,U-2722,,,
211765,001,8754096,2032-07-19,U-2717,Y,Y,
211765,002,8754096,2032-07-19,U-2717,Y,Y,
202971,003,10525057,2034-03-08,U-2723,,,
202971,003,10525057,2034-03-08,U-1632,,,
202971,003,10525057,2034-03-08,U-543,,,
211765,001,9499545,2031-11-10,U-2718,Y,Y,
211765,001,9833448,2031-11-10,U-2718,,,
211765,002,9833448,2031-11-10,U-2718,,,
211765,002,9499545,2031-11-10,U-2718,Y,Y,
202971,004,10525057,2034-03-08,U-1632,,,
202971,004,10525057,2034-03-08,U-543,,,
202971,004,10525057,2034-03-08,U-2723,,,
211810,001,9358235,2033-06-08,U-2606,,,
211810,001,8461169,2028-04-19,U-2606,,,
211810,001,10189833,2036-05-05,U-2606,,,
212327,001,8138199,2028-06-30,U-2607,,,
208791,001,8969412,2026-09-05,U-2609,,Y,
206829,001,10376496,2034-09-09,U-2611,,,
206829,001,10376496,2034-09-09,U-2610,,,
210251,001,10385067,2035-06-19,U-257,,,
209817,001,10383884,2037-10-31,U-2576,,,
209354,001,10426787,2036-06-06,U-2625,,,
207589,001,9119781,2031-06-10,U-2627,,Y,
213051,001,8536122,2026-03-20,U-2628,Y,Y,
213051,001,9278123,2031-12-16,U-2628,,Y,
213051,001,8129343,2031-12-05,U-2628,Y,Y,
213051,002,8536122,2026-03-20,U-2628,Y,Y,
213051,002,9278123,2031-12-16,U-2628,,Y,
213051,002,8129343,2031-12-05,U-2628,Y,Y,
213051,003,9278123,2031-12-16,U-2628,,Y,
213051,003,8129343,2031-12-05,U-2628,Y,Y,
213051,003,8536122,2026-03-20,U-2628,Y,Y,
213051,001,10278923,2034-05-02,U-2628,,,
213051,002,10278923,2034-05-02,U-2628,,,
213051,003,10278923,2034-05-02,U-2628,,,
022563,001,8629128,2026-05-26,U-2662,,Y,
022563,001,8263580,2028-05-07,U-2662,,Y,
212038,001,10512613,2035-10-30,U-2357,,,
212038,002,10512613,2035-10-30,U-2357,,,
212038,003,10512613,2035-10-30,U-2357,,,
212038,004,10512613,2035-10-30,U-2357,,,
212038,005,10512613,2035-10-30,U-2357,,,
212038,006,10512613,2035-10-30,U-2357,,,
212379,001,10517882,2030-10-01,U-2647,,,
208223,001,10537554,2036-01-29,U-72,,,
209500,001,9956227,2034-12-03,U-2714,,,
209500,001,9199995,2029-03-12,U-2713,,,
210450,001,10537572,2036-09-01,U-2735,,,
211723,001,9889138,2035-10-16,U-2736,,,
211723,001,10155002,2031-09-12,U-2736,,,
211723,001,10245269,2033-04-11,U-2737,,,
211723,001,9688665,2034-08-22,U-2736,,,
211723,001,9549931,2031-09-12,U-2736,,,
211723,001,9855275,2031-09-12,U-2736,,,
211723,001,10420775,2031-09-12,U-2736,,,
211723,001,10369155,2035-10-16,U-2736,,,
209360,001,10548943,2029-12-16,U-2740,,,
209360,001,10548943,2029-12-16,U-2739,,,
209360,002,10548943,2029-12-16,U-2740,,,
209360,002,10548943,2029-12-16,U-2739,,,
213138,001,7906489,2027-03-04,U-2741,,,
213138,001,8859510,2027-07-31,U-2741,,,
022200,001,6515117,2025-10-04,U-2588,Y,Y,
022200,001,7456254,2025-06-30,U-2589,,Y,
022200,001,8461105,2025-04-13,U-2589,,Y,
022200,001,7456254,2025-06-30,U-2588,,Y,
022200,001,7456254,2025-06-30,U-2590,,Y,
022200,001,7612176,2025-04-13,U-2590,,Y,
022200,001,7612176,2025-04-13,U-2589,,Y,
022200,001,7612176,2025-04-13,U-2588,,Y,
022200,001,8329648,2026-08-18,U-2590,,,
022200,001,8329648,2026-08-18,U-2589,,,
022200,001,8329648,2026-08-18,U-2595,,,
022200,001,8329648,2026-08-18,U-2593,,,
022200,001,8329648,2026-08-18,U-2596,,,
022200,001,8329648,2026-08-18,U-2588,,,
022200,001,8329648,2026-08-18,U-2594,,,
022200,001,8361972,2028-03-21,U-2588,,,
207960,001,11103495,2033-08-14,U-2993,,Y,
022200,001,8431685,2025-04-13,U-2588,,Y,
022200,001,8431685,2025-04-13,U-2590,,Y,
022200,001,8431685,2025-04-13,U-2589,,Y,
022200,001,8461105,2025-04-13,U-2590,,Y,
207960,002,11103495,2033-08-14,U-2993,,Y,
022200,001,8461105,2025-04-13,U-2588,,Y,
022200,001,8501698,2027-06-20,U-2588,,Y,
022200,001,8906851,2026-08-18,U-2593,,,
022200,001,8906851,2026-08-18,U-2589,,,
022200,001,8906851,2026-08-18,U-2588,,,
022200,001,8906851,2026-08-18,U-2590,,,
022200,001,9884092,2026-08-18,U-2593,,,
022200,001,9884092,2026-08-18,U-2594,,,
022200,001,9884092,2026-08-18,U-2595,,,
022200,001,9884092,2026-08-18,U-2596,,,
022200,001,9884092,2026-08-18,U-2590,,,
022200,001,9884092,2026-08-18,U-2588,,,
022200,001,9884092,2026-08-18,U-2589,,,
206426,001,10391075,2027-02-12,U-2622,,,
206426,001,8778997,2027-05-07,U-2622,,,
206829,001,10420841,2034-03-14,U-2631,,,
206829,001,10420841,2034-03-14,U-1672,,,
212038,001,10449159,2035-10-30,U-2357,,,
212038,002,10449159,2035-10-30,U-2357,,,
212038,003,10449159,2035-10-30,U-2357,,,
212038,004,10449159,2035-10-30,U-2357,,,
212038,005,10449159,2035-10-30,U-2357,,,
212038,006,10449159,2035-10-30,U-2357,,,
210259,001,9796721,2036-07-01,U-2669,Y,Y,
210259,001,9796721,2036-07-01,U-2671,Y,Y,
210259,001,9796721,2036-07-01,U-2670,Y,Y,
210259,001,9796721,2036-07-01,U-2668,Y,Y,
210259,001,9796721,2036-07-01,U-2666,Y,Y,
210259,001,9796721,2036-07-01,U-2667,Y,Y,
209310,001,10357640,2031-10-03,U-2272,,,
212038,001,10500162,2035-10-30,U-2357,,,
212038,002,10500162,2035-10-30,U-2357,,,
212038,003,10500162,2035-10-30,U-2357,,,
212038,004,10500162,2035-10-30,U-2357,,,
212038,005,10500162,2035-10-30,U-2357,,,
212038,006,10500162,2035-10-30,U-2357,,,
212194,001,9631193,2033-03-15,U-2672,,,
212194,001,10131907,2028-08-24,U-2672,Y,Y,
212194,001,10125364,2033-03-15,U-2672,Y,Y,
212194,001,8106022,2029-12-12,U-2672,Y,Y,
212194,001,10119143,2034-10-03,U-2672,Y,Y,
212194,001,9133461,2033-11-30,U-2672,Y,Y,
212194,001,8828956,2028-12-04,U-2672,Y,Y,
209410,001,10500171,2038-02-15,U-2497,,,
209410,001,10500172,2038-02-15,U-2497,,,
209410,001,10500170,2038-02-15,U-20,,,
209410,002,10500172,2038-02-15,U-2497,,,
209410,002,10500170,2038-02-15,U-20,,,
209410,002,10500171,2038-02-15,U-2497,,,
209410,003,10500170,2038-02-15,U-20,,,
209410,003,10500172,2038-02-15,U-2497,,,
209410,003,10500171,2038-02-15,U-2497,,,
208623,001,10525045,2028-04-28,U-2371,,,
209500,001,8598119,2029-12-28,U-543,,,Y
213137,001,9248199,2034-01-29,U-2715,,,
211230,001,10512609,2037-09-05,U-2548,,,
211230,002,10512609,2037-09-05,U-2548,,,
212306,001,10519139,2035-08-14,U-2584,Y,Y,
203567,001,10342875,2034-10-02,U-2720,,Y,
203567,001,10478601,2035-04-25,U-2721,,Y,
212608,001,9944651,2034-10-15,U-2726,Y,Y,
212608,001,9994575,2034-10-15,U-2726,Y,Y,
212608,001,9200002,2034-10-15,U-2726,Y,Y,
212608,002,9994575,2034-10-15,U-2726,Y,Y,
212608,002,9200002,2034-10-15,U-2726,Y,Y,
212608,002,9944651,2034-10-15,U-2726,Y,Y,
212608,003,9944651,2034-10-15,U-2726,Y,Y,
212608,003,9994575,2034-10-15,U-2726,Y,Y,
212608,003,9200002,2034-10-15,U-2726,Y,Y,
208171,001,8815301,2029-08-14,U-2734,Y,Y,
206089,001,10543219,2030-04-12,U-2506,,,
206089,002,10543219,2030-04-12,U-2506,,,
206089,003,10543219,2030-04-12,U-2506,,,
204353,001,7943582,2029-02-26,U-2632,Y,Y,
204353,002,7943582,2029-02-26,U-2632,Y,Y,
204353,003,7943582,2029-02-26,U-2632,Y,Y,
204353,004,7943582,2029-02-26,U-2632,Y,Y,
204353,001,8222219,2025-04-11,U-2632,,,
204353,002,8222219,2025-04-11,U-2632,,,
204353,003,8222219,2025-04-11,U-2632,,,
204353,004,8222219,2025-04-11,U-2632,,,
204353,001,8513202,2027-12-03,U-2632,Y,Y,
204353,002,8513202,2027-12-03,U-2632,Y,Y,
204353,003,8513202,2027-12-03,U-2632,Y,Y,
204353,004,8513202,2027-12-03,U-2632,Y,Y,
205879,001,7943582,2029-02-26,U-2632,Y,Y,
205879,002,7943582,2029-02-26,U-2632,Y,Y,
205879,003,7943582,2029-02-26,U-2632,Y,Y,
205879,004,7943582,2029-02-26,U-2632,Y,Y,
205879,001,8222219,2025-04-11,U-2632,,,
205879,002,8222219,2025-04-11,U-2632,,,
205879,003,8222219,2025-04-11,U-2632,,,
205879,004,8222219,2025-04-11,U-2632,,,
205879,001,8513202,2027-12-03,U-2632,Y,Y,
205879,002,8513202,2027-12-03,U-2632,Y,Y,
022348,002,8871810,2029-09-30,U-981,,,
204042,001,8513202,2027-12-03,U-2632,Y,Y,
204042,002,8513202,2027-12-03,U-2632,Y,Y,
204042,001,8222219,2025-04-11,U-2632,,,
204042,001,7943582,2029-02-26,U-2632,Y,Y,
204042,002,7943582,2029-02-26,U-2632,Y,Y,
204042,002,8222219,2025-04-11,U-2632,,,
205552,001,10463668,2034-10-24,U-2654,,,
205552,002,10463668,2034-10-24,U-2654,,,
213217,001,9447106,2034-04-22,U-2145,Y,Y,
208215,001,9296769,2032-08-15,U-1663,Y,Y,
208215,001,8754065,2032-08-15,U-1663,Y,Y,
208564,001,10471072,2032-11-21,U-2317,,,
208564,001,10471072,2032-11-21,U-2316,,,
208564,002,10471072,2032-11-21,U-2317,,,
208564,002,10471072,2032-11-21,U-2316,,,
209022,001,10478574,2033-11-04,U-2133,,,
206099,001,10478574,2033-11-04,U-2404,,,
209445,001,9238657,2033-11-14,U-282,Y,Y,
212279,001,9034300,2030-10-15,U-2663,,Y,
212279,001,9259494,2035-05-04,U-2663,,Y,
202107,001,10500216,2033-03-05,U-1643,,,
205552,002,10478439,2031-06-03,U-1684,,,
210563,001,10478439,2031-06-03,U-2242,,,
210563,001,10478439,2031-06-03,U-1650,,,
210563,001,10478439,2031-06-03,U-1946,,,
210563,001,10478439,2031-06-03,U-2665,,,
210563,001,10478439,2031-06-03,U-2241,,,
210563,002,10478439,2031-06-03,U-2665,,,
210563,002,10478439,2031-06-03,U-1946,,,
210563,002,10478439,2031-06-03,U-1650,,,
206406,001,8685998,2028-08-30,U-2678,,Y,
210563,002,10478439,2031-06-03,U-2242,,,
210563,002,10478439,2031-06-03,U-2241,,,
210563,003,10478439,2031-06-03,U-2241,,,
210563,003,10478439,2031-06-03,U-2665,,,
210563,003,10478439,2031-06-03,U-2242,,,
206406,001,8685998,2028-08-30,U-2677,,Y,
210563,003,10478439,2031-06-03,U-1946,,,
210563,003,10478439,2031-06-03,U-1650,,,
210563,004,10478439,2031-06-03,U-1650,,,
210563,004,10478439,2031-06-03,U-1947,,,
210563,004,10478439,2031-06-03,U-1456,,,
210563,004,10478439,2031-06-03,U-1946,,,
210563,004,10478439,2031-06-03,U-2241,,,
210563,004,10478439,2031-06-03,U-2665,,,
210563,004,10478439,2031-06-03,U-2242,,,
205552,001,10478439,2031-06-03,U-1946,,,
205552,001,10478439,2031-06-03,U-2665,,,
205552,001,10478439,2031-06-03,U-1650,,,
205552,001,10478439,2031-06-03,U-2241,,,
205552,001,10478439,2031-06-03,U-2242,,,
205552,002,10478439,2031-06-03,U-1650,,,
205552,002,10478439,2031-06-03,U-2241,,,
205552,002,10478439,2031-06-03,U-2665,,,
205552,002,10478439,2031-06-03,U-1946,,,
205552,002,10478439,2031-06-03,U-2242,,,
206406,002,8685998,2028-08-30,U-2678,,Y,
210563,001,10478439,2031-06-03,U-1684,,,
210563,002,10478439,2031-06-03,U-1684,,,
210563,003,10478439,2031-06-03,U-1684,,,
210563,004,10478439,2031-06-03,U-1684,,,
205552,001,10478439,2031-06-03,U-1684,,,
206406,002,8685998,2028-08-30,U-2677,,Y,
206406,003,8685998,2028-08-30,U-2677,,Y,
206406,003,8685998,2028-08-30,U-2678,,Y,
209360,001,10493124,2034-12-18,U-2679,,,
209360,001,10500247,2029-12-16,U-2681,,,
209360,001,10500247,2029-12-16,U-2680,,,
209360,002,10493124,2034-12-18,U-2679,,,
209360,002,10500247,2029-12-16,U-2681,,,
209360,002,10500247,2029-12-16,U-2680,,,
209410,001,10512617,2038-02-15,U-2497,,,
209410,002,10512617,2038-02-15,U-2497,,,
209410,003,10512617,2038-02-15,U-2497,,,
022527,001,10543179,2027-12-25,U-2719,,,
205879,003,8513202,2027-12-03,U-2632,Y,Y,
205879,004,8513202,2027-12-03,U-2632,Y,Y,
211280,001,7423050,2028-02-17,U-1719,Y,Y,
211280,002,7423050,2028-02-17,U-1719,Y,Y,
212306,001,10544108,2032-07-26,U-2584,,,
210134,001,10213487,2036-02-16,U-2604,,Y,
210655,001,10376590,2028-02-13,U-2608,,,
210655,002,10376590,2028-02-13,U-2608,,,
206488,001,10364431,2034-03-14,U-1919,,,
206488,001,10364431,2034-03-14,U-1918,,,
206488,002,10364431,2034-03-14,U-1919,,,
206488,002,10364431,2034-03-14,U-1918,,,
208564,001,10398708,2032-11-21,U-2614,,,
208564,002,10398708,2032-11-21,U-2614,,,
022348,003,9072710,2032-03-16,U-2266,,,
206488,001,10337003,2034-03-14,U-1918,,,
206488,002,10337003,2034-03-14,U-1918,,,
205677,001,10376487,2035-07-27,U-2615,,,
211150,001,8354430,2026-02-06,U-1101,,,
211150,001,8486947,2029-09-26,U-1101,,,
211150,002,8486947,2029-09-26,U-1101,,,
211150,002,8354430,2026-02-06,U-1101,,,
212725,001,8673893,2028-07-08,U-2617,,,
212725,001,10231965,2035-02-17,U-2617,,,
212725,001,9255087,2028-07-08,U-2617,,,
212725,001,9649306,2033-05-22,U-2617,,,
212725,002,9255087,2028-07-08,U-2617,,,
212725,002,9649306,2033-05-22,U-2617,,,
212725,002,10231965,2035-02-17,U-2617,,,
212725,002,8673893,2028-07-08,U-2617,,,
205832,001,10154990,2026-01-08,U-2620,,,
205832,002,10154990,2026-01-08,U-2620,,,
022450,001,10383834,2028-11-13,U-2262,,,
022450,001,10383834,2028-11-13,U-2621,,,
208401,001,10406199,2035-11-06,U-1864,,,
208401,001,10406199,2035-11-06,U-185,,,
208401,001,10406199,2035-11-06,U-1723,,,
208401,001,10406199,2035-11-06,U-71,,,
208401,001,10406199,2035-11-06,U-1991,,,
208401,001,10406199,2035-11-06,U-3,,,
208401,001,10406199,2035-11-06,U-8,,,
209963,001,10420760,2037-02-07,U-2478,,,
210868,001,10420749,2036-07-27,U-2633,Y,Y,
210868,002,10420749,2036-07-27,U-2633,Y,Y,
211527,001,9084778,2033-05-30,U-134,,Y,
211527,001,8227507,2025-12-21,U-818,,,
022406,001,9539218,2034-02-17,U-2641,,,
202107,001,10495650,2036-08-12,U-1643,,,
210259,001,10239883,2032-07-11,U-2668,,,
210259,001,10239883,2032-07-11,U-2666,,,
203496,001,8747897,2031-08-11,U-2725,,Y,
203496,001,8747897,2031-08-11,U-2724,,Y,
203496,002,8747897,2031-08-11,U-2725,,Y,
203496,002,8747897,2031-08-11,U-2724,,Y,
203496,003,8747897,2031-08-11,U-2724,,Y,
203496,003,8747897,2031-08-11,U-2725,,Y,
203496,004,8747897,2031-08-11,U-2725,,Y,
203496,004,8747897,2031-08-11,U-2724,,Y,
203496,005,8747897,2031-08-11,U-2725,,Y,
203496,005,8747897,2031-08-11,U-2724,,Y,
202971,001,10525057,2034-03-08,U-543,,,
202971,001,10525057,2034-03-08,U-1632,,,
202971,001,10525057,2034-03-08,U-2723,,,
202971,002,10525057,2034-03-08,U-2723,,,
202971,002,10525057,2034-03-08,U-1632,,,
202971,002,10525057,2034-03-08,U-543,,,
208564,001,10537581,2032-11-21,U-2316,,Y,
208564,001,10537581,2032-11-21,U-2317,,Y,
208564,002,10537581,2032-11-21,U-2317,,Y,
208564,002,10537581,2032-11-21,U-2316,,Y,
212614,001,8551957,2029-10-14,U-2730,,Y,
212614,002,8551957,2029-10-14,U-2730,,Y,
212614,003,8551957,2029-10-14,U-2730,,Y,
212614,004,8551957,2029-10-14,U-2730,,Y,
018708,003,7608616,2028-06-03,U-1012,,,
019734,003,8455524,2027-04-18,U-1029,,,
019734,005,7659291,2027-04-18,U-1029,,,
202799,001,7550433,2026-06-02,U-1238,,,
202799,003,7919461,2026-06-02,U-1238,,,
020845,003,8795741,2029-06-30,U-1286,,,
022352,001,7981938,2028-10-06,U-1166,,,
022383,001,6878721,2025-02-25,U-1168,Y,Y,
202799,006,7550433,2026-06-02,U-1238,,,
202834,001,6949571,2025-05-23,U-106,Y,Y,
202834,002,6949571,2025-05-23,U-2428,Y,Y,
202834,003,6949571,2025-05-23,U-2089,Y,Y,
202834,004,6949571,2025-05-23,U-106,Y,Y,
202834,005,6949571,2025-05-23,U-106,Y,Y,
202834,006,6949571,2025-05-23,U-2429,Y,Y,
022399,001,8114909,2026-04-11,U-1231,,,
022418,001,7915247,2027-08-20,U-1059,,,
022418,002,7915247,2027-08-20,U-1061,,,
201922,001,7541347,2027-04-02,U-917,,,
201922,003,8268804,2025-06-24,U-124,,,
201922,005,8252776,2025-06-24,U-124,,,
202057,001,8426399,2030-02-09,U-1287,,,
022205,001,7625884,2026-08-24,U-1229,,,
022426,005,7807689,2028-06-27,U-1337,Y,Y,
203923,001,8496973,2031-03-29,U-1419,Y,Y,
202317,001,8501819,2026-03-07,U-1427,,,
204708,001,7439241,2025-08-25,U-1428,,,
203794,001,7994364,2025-06-27,U-1289,Y,Y,
204824,001,8579865,2030-03-19,U-1442,,Y,
203791,001,8592434,2030-06-16,U-1460,,Y,
205098,001,7814943,2027-11-19,U-1461,,Y,
201655,004,8808737,2027-06-21,U-1598,,,
022249,001,8669279,2029-03-26,U-1402,,Y,
022434,001,7589106,2027-09-26,U-1163,,Y,
022200,002,8501698,2027-06-20,U-2588,,Y,
022200,002,8361972,2028-03-21,U-2588,,,
022200,002,9884092,2026-08-18,U-2588,,,
022200,002,9884092,2026-08-18,U-2594,,,
022200,002,9884092,2026-08-18,U-2590,,,
022200,002,9884092,2026-08-18,U-2596,,,
022200,002,9884092,2026-08-18,U-2589,,,
022200,002,9884092,2026-08-18,U-2595,,,
022200,002,9884092,2026-08-18,U-2593,,,
020832,002,7422388,2027-04-25,U-1397,,Y,
020845,002,8291904,2031-01-06,U-1226,,Y,
020845,003,8431163,2029-06-30,U-1286,,,
021223,002,8324189,2025-05-29,U-53,,,
021400,001,8273876,2027-07-23,U-1288,,,
021641,001,7815942,2027-08-27,U-219,Y,Y,
021829,003,8246979,2027-09-01,U-1273,,Y,
021856,001,8372872,2031-09-08,U-1346,,,
212038,001,10568841,2035-10-30,U-2357,,Y,
212038,002,10568841,2035-10-30,U-2357,,Y,
212038,003,10568841,2035-10-30,U-2357,,Y,
212038,004,10568841,2035-10-30,U-2357,,Y,
212038,005,10568841,2035-10-30,U-2357,,Y,
212038,006,10568841,2035-10-30,U-2357,,Y,
202057,001,10555925,2033-06-28,U-2744,,,
202057,001,10555924,2033-06-28,U-2743,,,
202057,002,10555924,2033-06-28,U-2743,,,
202057,002,10555925,2033-06-28,U-2744,,,
021991,001,7399787,2025-02-09,U-892,,,
022030,002,7807715,2027-06-07,U-913,,Y,
022184,001,8299118,2025-03-16,U-1295,,,
022067,002,7799331,2028-10-11,U-1068,,Y,
200533,001,7994364,2025-06-27,U-1178,Y,Y,
021695,005,8026281,2025-04-22,U-1448,,,
200533,005,7994364,2025-06-27,U-1178,Y,Y,
050808,001,8268804,2025-06-24,U-1078,,,
050808,003,7919483,2027-03-07,U-1078,,,
050808,005,8268804,2025-06-24,U-1078,,,
204886,001,7304078,2027-12-23,U-1512,Y,Y,
021026,001,8147852,2028-03-30,U-1426,,,
021539,001,8722738,2032-04-06,U-1373,,,
204384,001,8546428,2029-03-19,U-1321,Y,Y,
205776,001,8664231,2029-06-01,U-1442,,,
205776,007,8664231,2029-06-01,U-1442,,,
204031,001,7976870,2027-06-01,U-1498,,,
050819,002,8288434,2029-08-05,U-916,,Y,
203756,002,8877776,2030-10-08,U-1617,Y,Y,
204654,001,7704984,2029-02-02,U-1,,,
202788,004,8486973,2030-04-27,U-55,,,
022309,003,8741881,2026-10-12,U-1103,,,
202833,002,8735375,2026-12-18,U-1440,,,
204447,004,7144884,2026-06-17,U-1439,Y,Y,
204824,001,8480631,2030-03-19,U-1442,,Y,
022247,001,7683051,2027-03-10,U-904,Y,Y,
201635,001,8889191,2027-11-16,U-1992,,,
201635,003,8889191,2027-11-16,U-106,,,
022399,001,8686034,2025-01-24,U-1231,,,
202057,001,8551521,2030-04-29,U-1287,,,
203975,001,8183257,2025-07-27,U-1476,,,
021272,002,8653137,2028-09-05,U-1437,,,
022399,002,8795725,2029-06-10,U-1247,,Y,
204308,001,8778366,2032-11-06,U-1723,,,
022287,001,8173158,2030-03-17,U-950,,,
022291,001,8052993,2027-08-01,U-1575,,Y,
022291,002,8052994,2027-08-01,U-930,,Y,
022291,004,7547719,2025-07-13,U-1575,Y,Y,
022291,005,7547719,2025-07-13,U-1306,Y,Y,
205637,001,8147866,2027-07-23,U-1521,,Y,
205637,003,8147866,2027-07-23,U-1521,,Y,
204353,001,8513202,2027-12-03,U-493,Y,Y,
204353,002,7943582,2029-02-26,U-493,Y,Y,
204353,002,8513202,2027-12-03,U-2441,Y,Y,
204353,003,7943582,2029-02-26,U-2441,Y,Y,
204353,003,8513202,2027-12-03,U-2441,Y,Y,
204353,004,8222219,2025-04-11,U-2441,,,
202192,004,8822481,2028-06-12,U-1573,,,
022192,004,8586610,2027-11-02,U-1625,,,
020947,001,8546450,2030-08-09,U-1436,,,
022036,002,8513299,2030-09-07,U-620,,,
203093,001,7176220,2026-08-27,U-257,Y,Y,
203510,001,8859623,2033-11-14,U-1594,,,
201635,003,8298576,2028-04-04,U-1992,,Y,
201635,002,8298580,2027-11-16,U-1992,,Y,
202788,007,8486973,2030-04-27,U-55,,,
204824,003,8945063,2030-03-19,U-1442,,Y,
204447,003,8969355,2027-06-15,U-1668,,,
203312,002,9089607,2028-12-26,U-1720,,Y,
022291,001,8062665,2027-08-01,U-1714,,Y,
206619,001,8188104,2029-05-17,U-1636,Y,Y,
022321,003,8623418,2029-11-07,U-1640,,,
204592,001,8999387,2030-04-23,U-55,,,
050819,001,8895070,2029-06-03,U-124,,,
203312,004,9089607,2028-12-26,U-1720,,Y,
205834,001,9085573,2028-03-21,U-1470,Y,Y,
021856,002,9107912,2031-09-08,U-1346,,,
205739,001,8337824,2030-05-29,U-1766,Y,,
205739,003,8216560,2027-03-14,U-1766,,,
207932,001,8147866,2027-07-23,U-1769,,Y,
203188,001,8354427,2026-07-06,U-1905,,,
206353,001,8148374,2029-09-03,U-1279,Y,Y,
022474,001,8962603,2030-06-12,U-1657,,,
201635,002,8992989,2027-11-16,U-1992,,Y,
022504,001,8993520,2026-06-02,U-1390,,,
208462,001,7442830,2029-11-20,U-2434,Y,Y,
208462,002,8003819,2027-08-06,U-2434,Y,Y,
208462,003,8530694,2027-08-06,U-2434,Y,Y,
204223,002,9192608,2034-03-12,U-55,,,
202992,002,9186346,2034-02-04,U-1786,,,
022225,001,RE44733,2026-01-27,U-1794,Y,Y,
204447,003,9227946,2027-06-15,U-1668,,,
205858,001,8980901,2025-05-12,U-1678,,,
206500,001,7049320,2028-08-19,U-1741,Y,Y,
021729,002,9125939,2026-07-28,U-1749,,,
021436,003,9125939,2026-07-28,U-1749,,,
207932,004,8147866,2027-07-23,U-1769,,Y,
022184,001,9241918,2025-03-16,U-1814,,Y,
205836,003,6911461,2026-02-21,U-2295,Y,Y,
204629,001,9949997,2034-05-17,U-2292,,,
208010,001,9925147,2028-04-25,U-2257,,Y,
209936,001,RE46856,2029-10-22,U-2124,Y,Y,
210303,001,8383596,2031-06-02,U-2328,Y,,
209819,001,8975270,2031-09-05,U-2175,,Y,
209819,001,9272044,2031-06-06,U-2177,,,
209819,002,9272044,2031-06-06,U-2176,,,
209819,001,9498432,2031-06-06,U-2179,,Y,
209819,001,9782402,2031-06-06,U-2207,,Y,
209819,002,9782402,2031-06-06,U-2180,,Y,
209819,001,9827241,2031-06-06,U-2174,,Y,
209819,002,9827241,2031-06-06,U-2174,,Y,
207202,001,9125939,2026-07-28,U-1749,,,
207202,004,8759350,2027-03-02,U-1529,,,
207202,005,9125939,2026-07-28,U-1749,,,
207202,006,9125939,2026-07-28,U-1749,,,
210496,001,9850230,2030-08-27,U-2334,,,
210496,001,9763941,2032-11-21,U-2335,,,
210496,002,9850229,2030-08-27,U-2337,,,
202880,001,10028946,2033-07-25,U-1810,,,
203312,001,8454998,2028-12-26,U-1647,,Y,
203312,002,8454998,2028-12-26,U-1645,,Y,
203312,002,8454998,2028-12-26,U-1646,,Y,
203312,002,8377474,2028-12-26,U-1645,,Y,
203312,003,8557283,2028-12-26,U-1645,,Y,
203312,003,8454998,2028-12-26,U-1646,,Y,
203312,004,8377474,2028-12-26,U-219,,Y,
203312,004,8454998,2028-12-26,U-1649,,Y,
203312,004,8557283,2028-12-26,U-219,,Y,
205395,001,8148374,2029-09-03,U-1279,Y,Y,
205353,002,8883842,2028-06-13,U-1669,,,
206038,001,8741933,2026-11-08,U-1909,,,
205422,005,8618109,2026-04-12,U-543,,,
210455,001,9296769,2032-08-15,U-2352,Y,Y,
210455,001,8148374,2029-09-03,U-2353,Y,Y,
211172,001,9399774,2031-04-29,U-2430,,,
022192,003,9138432,2025-09-30,U-1737,,,
022192,007,9138432,2025-09-30,U-1737,,,
207561,001,7635704,2026-10-26,U-257,Y,Y,
210951,001,8445507,2030-09-15,U-2237,Y,Y,
210491,001,9012496,2033-07-15,U-2248,,,
022474,001,9283233,2030-04-13,U-1821,,,
020845,003,9279794,2034-02-19,U-1823,,Y,
208215,001,8754065,2032-08-15,U-257,Y,Y,
021695,005,9314447,2033-05-31,U-1448,,Y,
208573,001,9174982,2030-05-26,U-2446,,,
208573,002,9174982,2030-05-26,U-2445,,,
208573,003,9174982,2030-05-26,U-2446,,,
202880,006,9326982,2033-07-25,U-1810,,,
206356,001,9301932,2033-02-28,U-1836,,Y,
205422,001,8349840,2026-04-12,U-1529,,Y,
021926,002,7332183,2025-10-02,U-1719,,Y,
204768,002,9089471,2030-04-23,U-55,,,
022192,003,9074254,2031-12-28,U-1674,,,
022192,004,9074254,2031-12-28,U-1674,,,
022192,002,9074255,2030-12-17,U-1674,,,
022192,004,9074255,2030-12-17,U-1674,,,
022192,006,9074255,2030-12-17,U-1674,,,
022192,004,9074256,2031-02-10,U-1674,,,
206494,001,7112592,2026-01-07,U-282,Y,Y,
205934,003,8940786,2033-09-30,U-1789,,Y,
202880,001,9265760,2033-07-25,U-1810,,,
202880,002,9265760,2033-07-25,U-1810,,,
202806,001,9233956,2029-05-04,U-2031,,,
202806,001,9233956,2029-05-04,U-1811,,,
202806,002,9233956,2029-05-04,U-2031,,,
204623,001,9220784,2027-10-17,U-1488,,,
203388,001,9278961,2028-12-15,U-1825,,,
208351,001,7125879,2025-04-21,U-257,Y,Y,
203697,001,9226892,2032-09-29,U-1732,,,
205858,001,9149477,2025-05-12,U-1757,,,
208065,002,8946235,2032-08-08,U-1777,Y,Y,
208462,002,9175017,2029-06-16,U-2434,,,
206143,001,7361650,2026-02-22,U-1694,Y,Y,
206143,002,7361650,2026-02-22,U-1694,Y,Y,
208194,001,9000021,2033-03-15,U-1542,,,
207986,001,9205048,2029-04-21,U-1793,,,
207988,001,8357713,2029-12-22,U-1802,,Y,
207988,001,8283369,2028-11-26,U-1802,,,
022192,004,9157121,2030-04-05,U-1674,,,
201635,001,9549940,2027-11-16,U-1675,,Y,
201635,004,9549940,2027-11-16,U-1675,,Y,
207960,001,9545399,2033-08-14,U-1827,,Y,
208551,001,7857977,2027-09-08,U-1656,,,
209195,001,8334270,2028-03-21,U-2039,Y,Y,
209195,001,8575135,2032-11-16,U-2039,Y,Y,
209195,001,8618076,2030-12-11,U-2039,Y,Y,
209195,001,8735372,2028-03-21,U-2039,Y,Y,
209195,001,8633309,2029-03-26,U-2039,Y,Y,
209195,001,8889159,2029-03-26,U-2039,Y,Y,
208780,003,8778947,2033-08-30,U-2044,,,
208780,003,8318780,2030-01-08,U-2046,,,
208780,003,8013002,2030-01-08,U-2047,,,
208780,001,7910610,2030-01-08,U-2048,,,
208780,001,7816383,2030-01-08,U-2050,,,
208780,001,8754109,2030-01-08,U-2053,,,
208780,001,8592462,2029-04-22,U-2061,,,
208780,001,8592462,2029-04-22,U-2055,,,
208780,003,8592462,2029-04-22,U-2059,,,
208780,001,8609701,2029-04-22,U-2068,,,
208780,001,8609701,2029-04-22,U-2070,,,
208780,003,8609701,2029-04-22,U-2066,,,
202811,001,9708371,2033-08-16,U-1516,,Y,
208780,001,7635707,2029-04-22,U-2072,,,
208780,001,7635707,2029-04-22,U-2075,,,
208780,003,7635707,2029-04-22,U-2076,,,
208780,001,7566729,2029-04-22,U-2077,,,
208780,003,7566729,2029-04-22,U-2077,,,
208780,001,8420674,2027-12-18,U-2079,,,
021964,003,9492445,2029-09-30,U-1185,,Y,
205649,005,6515117,2025-10-04,U-493,Y,Y,
208799,001,9415008,2034-10-06,U-645,,Y,
204671,001,9549941,2029-03-26,U-1958,,,
022264,001,9439906,2031-01-26,U-543,,,
022264,004,9439906,2031-01-26,U-543,,,
203312,003,9463246,2028-12-26,U-219,,Y,
208026,002,9555001,2033-03-06,U-1967,,Y,
208194,001,9572796,2031-01-28,U-1971,,Y,
203858,004,9861622,2025-03-07,U-1316,,,
208079,001,9877974,2030-08-31,U-1858,,Y,
207078,002,9844567,2032-02-10,U-2312,,,
207078,002,8808750,2032-02-10,U-2312,,,
022341,001,9968659,2037-01-09,U-2313,,,
207533,004,9452131,2035-03-19,U-2402,,,
202057,002,8415335,2030-02-09,U-1287,,,
202057,002,8501225,2030-04-29,U-1287,,,
202057,002,8524698,2030-02-09,U-1287,,,
202057,002,8563608,2030-04-29,U-1287,,,
207958,001,9669009,2034-03-14,U-1850,,,
207958,004,9669009,2034-03-14,U-2022,,,
207916,001,9561204,2032-05-08,U-1373,,,
208558,001,8143241,2027-08-12,U-2483,,,
208558,001,8859562,2031-08-04,U-2480,,,
208558,002,8859562,2031-08-04,U-2483,,,
208558,002,8143241,2027-08-12,U-2483,,,
209203,002,8283369,2028-11-26,U-2104,,,
209241,002,8357697,2027-11-08,U-1995,,,
207981,002,RE46284,2029-09-22,U-2503,,,
205718,001,9186357,2030-11-18,U-2293,,,
208271,001,8420663,2029-09-30,U-1185,,,
206843,001,9421192,2027-08-08,U-1724,Y,,
209310,001,9585681,2026-04-04,U-2272,,,
209310,001,7544192,2026-11-29,U-2272,,,
208090,004,10004729,2030-12-10,U-1556,,Y,
205552,002,10004746,2031-06-03,U-2241,,,
202880,001,9433619,2033-07-25,U-1810,,,
202880,004,9433619,2033-07-25,U-1810,,,
205879,002,8222219,2025-04-11,U-493,,,
205879,004,8222219,2025-04-11,U-2441,,,
205879,002,8513202,2027-12-03,U-493,Y,Y,
205879,004,8513202,2027-12-03,U-493,Y,Y,
205879,002,7943582,2029-02-26,U-493,Y,Y,
205879,004,7943582,2029-02-26,U-493,Y,Y,
209531,001,9717750,2030-06-17,U-1943,,,
206843,001,8642025,2027-08-11,U-1725,Y,Y,
206843,002,8642025,2027-08-11,U-1725,Y,Y,
202714,002,7491704,2025-04-14,U-1260,,,
208624,001,8680106,2032-09-04,U-1637,,,
200603,004,9555027,2026-05-26,U-543,,Y,
208401,001,9616096,2035-11-06,U-1723,,,
208401,001,9616096,2035-11-06,U-1864,,,
208082,003,9550780,2033-09-18,U-1995,Y,Y,
209360,002,10028995,2034-12-18,U-2338,,,
211192,001,9968595,2035-03-13,U-2351,,Y,
211192,001,9474779,2033-08-19,U-2350,Y,Y,
209589,001,9827231,2034-06-26,U-2162,,Y,
209805,001,8080580,2030-07-13,U-2214,Y,Y,
209805,002,9439901,2030-10-21,U-2214,,,
208944,001,9867793,2030-12-02,U-2106,,,
208944,002,9867793,2030-12-02,U-2106,,,
207960,002,9295642,2033-08-14,U-1827,,Y,
204031,001,9468636,2032-05-16,U-1499,,,
207695,001,8501712,2027-02-16,U-1932,,,
207233,002,9808468,2035-03-31,U-2165,,,
207795,001,7273946,2025-10-03,U-2144,Y,Y,
207960,003,9844544,2033-08-14,U-2203,,Y,
205552,002,8497277,2026-12-28,U-1650,,,
208341,001,8940718,2032-11-16,U-1470,Y,Y,
208341,001,8334270,2028-03-21,U-1470,Y,Y,
208341,001,9085573,2028-03-21,U-1470,Y,Y,
022272,006,9492391,2027-08-24,U-1556,,,
022272,003,9492393,2027-08-24,U-1556,,,
206627,004,9492390,2027-08-24,U-1556,,,
206627,003,9492391,2027-08-24,U-1556,,,
202880,006,9610286,2033-07-25,U-1810,,,
208073,001,8592450,2026-05-17,U-1880,,,
022266,005,9597288,2027-07-23,U-767,,Y,
209092,001,9416136,2029-08-20,U-1981,,,
210589,002,9566260,2025-07-11,U-2366,,Y,
208623,001,8592362,2029-02-12,U-2371,,,Y
210951,001,10052314,2033-09-23,U-2382,,,Y
021937,001,9545414,2026-06-13,U-750,,Y,
204114,003,8952018,2030-10-15,U-2020,,,
203341,003,7417148,2025-12-11,U-1283,,,
202293,001,7456254,2025-06-30,U-2139,,,
202293,002,8329648,2026-08-18,U-2212,,,
202293,001,8431685,2025-04-13,U-2139,,,
205739,001,9492476,2033-10-08,U-1766,,,
208194,001,9597397,2033-03-15,U-1971,,,
209091,001,8501698,2027-06-20,U-493,,Y,
207932,006,9655843,2027-07-23,U-1556,,Y,
205552,002,8999999,2031-06-03,U-1946,,,
205552,002,9540382,2033-08-18,U-1650,,,
205552,001,8563563,2027-04-26,U-1650,,,
205552,002,8563563,2027-04-26,U-1491,,,
206627,002,9545380,2027-08-24,U-1556,,,
206627,005,9545380,2027-08-24,U-1556,,,
202880,004,9713611,2034-09-12,U-55,,Y,
209478,001,9757394,2036-10-28,U-2109,,Y,
022416,004,9750747,2032-08-24,U-2041,,,
209806,001,8080580,2030-07-13,U-2214,Y,Y,
209806,002,8080580,2030-07-13,U-2214,Y,Y,
209806,004,9439902,2030-10-21,U-2214,,,
206038,002,8846718,2029-07-02,U-1908,,,
205552,001,9540382,2033-08-18,U-1684,,,
022081,002,9549926,2031-10-14,U-1965,,,
020866,001,9993474,2032-04-30,U-2387,,,
209311,001,9028868,2032-03-23,U-2357,,,
203496,002,9393203,2026-04-27,U-1877,,Y,
203469,003,9493470,2033-12-12,U-1948,Y,Y,
202293,002,8906851,2026-08-18,U-2139,,,
209410,001,8574626,2025-11-28,U-20,,Y,
201635,002,9622983,2027-11-16,U-1675,,Y,
207145,001,8283380,2031-03-21,U-1993,,,
207695,001,9682092,2027-02-16,U-1932,,,
207202,001,8674825,2029-04-09,U-2170,,Y,
207202,003,8674825,2029-04-09,U-2170,,Y,
020866,001,9700555,2032-04-30,U-2195,,Y,
020866,001,9700555,2032-04-30,U-2197,,Y,
200603,001,9827242,2031-05-23,U-2201,,,
200603,004,9827242,2031-05-23,U-2199,,,
205422,002,9839637,2026-04-12,U-1529,,Y,
205422,004,9839637,2026-04-12,U-543,,Y,
205422,005,9839637,2026-04-12,U-1529,,Y,
209115,001,9861638,2031-02-10,U-2273,,,
209115,003,9861638,2031-02-10,U-2012,,,
205437,001,9872854,2034-05-29,U-2232,,,
205437,003,9872854,2034-05-29,U-2233,,,
203100,001,9891239,2029-09-03,U-257,,Y,
210563,001,8999999,2031-06-03,U-2242,,,
210563,001,8563563,2027-04-26,U-2241,,,
210563,001,8497277,2026-12-28,U-2241,,,
210563,001,8497277,2026-12-28,U-1946,,,
210563,002,8703780,2026-12-28,U-1491,,,
210563,002,8497277,2026-12-28,U-1650,,,
210563,002,8952015,2026-12-28,U-1650,,,
210563,002,8952015,2026-12-28,U-1491,,,
210563,002,8999999,2031-06-03,U-1491,,,
210563,002,8563563,2027-04-26,U-1650,,,
210563,003,8703780,2026-12-28,U-2242,,,
210563,003,8999999,2031-06-03,U-1946,,,
210563,003,8952015,2026-12-28,U-1946,,,
210563,004,8563563,2027-04-26,U-1650,,,
210563,004,8497277,2026-12-28,U-1456,,,
204447,001,9125909,2027-06-15,U-2309,,,
204447,002,9125908,2027-06-15,U-2309,,,
204447,004,9125908,2027-06-15,U-2309,,,
204447,004,9125910,2027-06-15,U-2309,,,
208401,001,10039800,2035-11-06,U-3,,,
202806,001,8835443,2025-06-10,U-2296,,,
202806,002,8835443,2025-06-10,U-2296,,,
208611,001,8648093,2025-10-07,U-2028,,Y,
207932,005,9901539,2032-12-21,U-1556,,,
208745,001,9919024,2031-09-15,U-1999,,,
209531,001,9926559,2034-01-09,U-1943,,,
208780,002,7910610,2030-01-08,U-2049,,,
208780,002,8084475,2030-01-08,U-2054,,,
208780,002,8383150,2028-05-10,U-2361,,Y,
208780,002,8609701,2029-04-22,U-2068,,,
208780,002,8609701,2029-04-22,U-2070,,,
208780,002,8592462,2029-04-22,U-2063,,,
208780,002,8592462,2029-04-22,U-2061,,,
208780,002,7635707,2029-04-22,U-2074,,,
208780,002,7635707,2029-04-22,U-2075,,,
208780,002,7566729,2029-04-22,U-2270,,,
022450,001,9610265,2028-11-13,U-2263,,,
208716,001,7855211,2031-09-28,U-2135,Y,Y,
208716,003,7855211,2031-09-28,U-2135,Y,Y,
207202,006,8674825,2029-04-09,U-2170,,Y,
207202,001,9444503,2027-11-19,U-2169,,Y,
207202,002,9444503,2027-11-19,U-2169,,Y,
207202,003,8945005,2029-08-19,U-2167,,Y,
207202,004,8956288,2029-07-06,U-2167,,Y,
207202,005,8945005,2029-08-19,U-2167,,Y,
022416,002,9763954,2028-09-13,U-2123,,,
210563,004,8952015,2026-12-28,U-1650,,,
210563,001,9801881,2031-06-03,U-2242,,,
210563,001,8476284,2026-12-28,U-1650,,,
210563,002,9801881,2031-06-03,U-2242,,,
210563,003,9801883,2031-06-03,U-2243,,,
210563,004,8476284,2026-12-28,U-2241,,,
208653,001,9132125,2030-07-01,U-2249,Y,Y,
209080,001,8765150,2029-03-12,U-2401,,Y,
209521,001,9255068,2033-02-09,U-2408,Y,Y,
209521,002,9255068,2033-02-09,U-2407,Y,Y,
209521,003,9255068,2033-02-09,U-2408,Y,Y,
209521,003,8513223,2029-12-07,U-2406,,,
211155,001,9216982,2029-01-05,U-2413,,,
210563,001,10004746,2031-06-03,U-2241,,,
210563,003,10004746,2031-06-03,U-2242,,,
209483,001,10064875,2030-08-31,U-742,,Y,
209311,003,9028868,2032-03-23,U-2357,,,
209311,005,8916588,2032-03-23,U-2357,,,
207947,007,7205302,2026-10-31,U-1797,Y,Y,
207947,004,9173881,2029-08-12,U-1798,,,
022205,001,9192616,2026-08-02,U-1229,,,
207202,003,9268909,2033-10-15,U-2168,,Y,
207202,005,9268909,2033-10-15,U-2168,,Y,
206038,001,9931334,2026-12-28,U-2276,,Y,
020866,001,9895422,2030-06-07,U-2281,,,
020866,001,9895422,2030-06-07,U-2283,,,
208658,001,9949998,2034-06-11,U-2290,,,
204569,001,7951797,2029-11-20,U-620,Y,Y,
201635,003,8663683,2027-11-16,U-1992,,Y,
022291,004,8828430,2027-08-01,U-2451,,Y,
204671,001,8889159,2029-03-26,U-1470,,Y,
204168,001,RE43879,2026-01-11,U-839,,,
204168,003,RE43879,2026-01-11,U-839,,,
022421,001,8679533,2029-09-08,U-219,,Y,
204242,002,8658198,2027-12-03,U-1494,,Y,
201281,003,8846695,2030-06-04,U-1503,,,Y
022301,001,8865688,2030-05-01,U-1310,,,
202057,001,8563608,2030-04-29,U-1287,,,
205858,002,RE44599,2025-07-21,U-1558,,,
205834,001,8618076,2030-12-11,U-1470,Y,Y,
205834,001,8273341,2030-05-12,U-1470,,,
202971,003,8338427,2025-03-15,U-543,,Y,
202971,004,8338427,2025-03-15,U-1633,,Y,
206627,004,8808740,2031-12-21,U-1556,,Y,
204824,005,8579865,2030-03-19,U-1442,,Y,
202123,001,7125879,2025-04-21,U-257,Y,Y,
202258,001,8119602,2027-03-17,U-1233,,,
022484,001,8486456,2028-10-03,U-1054,,Y,
202811,002,8748573,2031-10-30,U-1515,,,
202788,002,8835460,2027-01-25,U-55,,Y,
022203,001,8518919,2025-11-22,U-1430,,,
204042,002,8513202,2027-12-03,U-2441,Y,Y,
204114,001,8835443,2025-06-10,U-2020,,,
204114,003,8835443,2025-06-10,U-2302,,,
022308,001,8415342,2030-11-07,U-80,,,
207925,004,11147770,2033-02-27,U-3604,,Y,
207925,004,11564916,2029-08-13,U-3603,,,
207925,005,11564916,2029-08-13,U-3603,,,
207925,005,11147770,2033-02-27,U-3604,,Y,
207925,004,10272046,2033-02-27,U-3605,,Y,
207925,005,10272046,2033-02-27,U-3605,,Y,
207925,004,9670163,2026-12-28,U-3606,,Y,
207925,005,9670163,2026-12-28,U-3606,,Y,
215935,001,11896719,2043-01-23,U-3810,,,
217369,001,11884696,2037-08-23,U-2552,,,
217369,003,11884696,2037-08-23,U-2552,,,
217369,002,11884696,2037-08-23,U-2552,,,
215064,001,11266660,2039-01-04,U-3811,,,
215064,001,9827214,2030-11-24,U-3811,,,
215064,001,9352041,2030-11-24,U-3811,,,
212608,001,11999744,2040-04-10,U-3168,,,
212608,005,11999744,2040-04-10,U-3168,,,
212608,004,11999744,2040-04-10,U-3168,,,
212608,002,11999744,2040-04-10,U-3168,,,
212608,004,11999744,2040-04-10,U-3506,,,
217785,001,11986481,2033-09-17,U-3861,,,
217785,003,11986481,2033-09-17,U-3861,,,
217785,002,11986481,2033-09-17,U-3861,,,
215390,001,11998529,2040-07-17,U-3935,,,
215390,002,11998529,2040-07-17,U-3935,,,
214787,001,11975012,2041-05-28,U-3835,,,
214787,001,11975012,2041-05-28,U-3836,,,
214787,002,11975012,2041-05-28,U-3833,,,
214787,002,11975012,2041-05-28,U-3834,,,
217660,001,10081621,2031-03-25,U-4065,,Y,
217660,002,10081621,2031-03-25,U-4065,,Y,
217660,001,9974781,2027-04-09,U-4066,,Y,
217660,002,9974781,2027-04-09,U-4066,,Y,
217660,001,9931334,2026-12-28,U-4068,,Y,
217660,002,9931334,2026-12-28,U-4068,,Y,
217660,001,9670163,2026-12-28,U-4068,,Y,
217660,002,9670163,2026-12-28,U-4068,,Y,
217660,001,8629162,2025-06-24,U-4072,,,
217660,002,8629162,2025-06-24,U-4072,,,
217660,001,8598181,2027-05-01,U-4066,,,
217660,002,8598181,2027-05-01,U-4066,,,
212273,001,10081621,2031-03-25,U-4075,,Y,
212273,002,10081621,2031-03-25,U-4075,,Y,
212273,001,9931334,2026-12-28,U-4078,,Y,
212273,002,9931334,2026-12-28,U-4078,,Y,
212273,001,9670163,2026-12-28,U-4078,,Y,
212273,002,9670163,2026-12-28,U-4078,,Y,
212273,001,8629162,2025-06-24,U-4079,,,
212273,002,8629162,2025-06-24,U-4079,,,
212273,001,8415387,2027-11-12,U-4073,,,
212273,002,8415387,2027-11-12,U-4073,,,
212273,001,8324242,2027-08-05,U-4073,,,
212273,002,8324242,2027-08-05,U-4073,,,
218730,001,9670163,2026-12-28,U-4080,,Y,
218730,002,9670163,2026-12-28,U-4080,,Y,
218730,001,10022352,2027-04-09,U-4081,,Y,
218730,002,10022352,2027-04-09,U-4081,,Y,
218730,001,9974781,2027-04-09,U-4082,,Y,
218730,002,9974781,2027-04-09,U-4082,,Y,
218730,001,11873300,2040-08-13,U-4083,Y,Y,
218730,002,11873300,2040-08-13,U-4083,Y,Y,
218730,001,8415387,2027-11-12,U-4082,,,
218730,002,8415387,2027-11-12,U-4082,,,
218730,001,8629162,2025-06-24,U-4084,,,
218730,002,8629162,2025-06-24,U-4084,,,
215935,001,12171882,2043-01-23,U-4085,,,
215935,001,12171882,2043-01-23,U-4086,,,
218730,001,10081621,2031-03-25,U-4087,,Y,
218730,002,10081621,2031-03-25,U-4087,,Y,
218730,002,12186306,2043-01-10,U-4088,,,
218730,002,11951212,2035-04-14,U-4089,,Y,
218730,001,11866450,2039-02-14,U-4082,,,
218730,002,11866450,2039-02-14,U-4082,,,
218730,001,8598181,2027-05-01,U-4090,,,
218730,002,8598181,2027-05-01,U-4090,,,
218730,001,8354427,2026-07-06,U-4091,,,
218730,002,8354427,2026-07-06,U-4091,,,
218730,002,10206877,2035-04-14,U-4092,,Y,
218730,001,9181192,2032-05-17,U-4094,Y,Y,
218730,002,9181192,2032-05-17,U-4094,Y,Y,
218730,001,8324242,2027-08-05,U-4090,,,
218730,002,8324242,2027-08-05,U-4090,,,
218730,001,10239867,2027-04-09,U-4090,Y,Y,
218730,002,10239867,2027-04-09,U-4090,Y,Y,
218730,001,11564916,2029-08-13,U-4095,,,
218730,002,11564916,2029-08-13,U-4095,,,
218730,001,11639347,2027-04-09,U-4090,Y,Y,
218730,002,11639347,2027-04-09,U-4090,Y,Y,
218730,001,11578062,2031-03-25,U-4096,,Y,
218730,002,11578062,2031-03-25,U-4096,,Y,
218730,002,9012496,2033-07-15,U-4097,,,
218730,001,9512079,2032-05-17,U-4098,Y,Y,
218730,002,9512079,2032-05-17,U-4098,Y,Y,
218730,001,9931334,2026-12-28,U-4080,,Y,
212157,001,10722456,2036-05-27,U-2718,,Y,
202057,001,11369582,2033-06-28,U-2841,,,
202057,002,11369582,2033-06-28,U-2841,,,
215515,001,11401517,2035-08-14,U-3396,Y,Y,
212327,001,11400092,2039-09-24,U-3409,,,
213407,001,11478436,2040-05-16,U-3183,,,
203565,001,11478502,2027-01-08,U-3472,,,
203565,002,11478502,2027-01-08,U-3472,,,
203565,003,11478502,2027-01-08,U-3472,,,
203565,004,11478502,2027-01-08,U-3472,,,
203565,001,11478502,2027-01-08,U-3473,,,
203565,002,11478502,2027-01-08,U-3473,,,
203565,003,11478502,2027-01-08,U-3473,,,
203565,004,11478502,2027-01-08,U-3473,,,
203565,001,11478502,2027-01-08,U-3474,,,
203565,002,11478502,2027-01-08,U-3474,,,
203565,003,11478502,2027-01-08,U-3474,,,
203565,004,11478502,2027-01-08,U-3474,,,
207925,004,8629162,2025-06-24,U-3607,,,
207925,005,8629162,2025-06-24,U-3607,,,
207925,004,8354427,2026-07-06,U-3608,,,
207925,005,8354427,2026-07-06,U-3608,,,
207925,004,8324242,2027-08-05,U-3609,,,
207925,005,8324242,2027-08-05,U-3609,,,
209500,001,12122792,2040-12-10,U-4019,,Y,
209500,002,12122792,2040-12-10,U-4019,,Y,
209500,003,12122792,2040-12-10,U-4019,,Y,
209500,001,12122792,2040-12-10,U-4020,,Y,
209500,002,12122792,2040-12-10,U-4020,,Y,
209500,003,12122792,2040-12-10,U-4020,,Y,
208700,001,12168063,2038-07-25,U-4036,,Y,
208742,001,12144889,2041-04-26,U-1680,,,
208742,001,12150896,2036-10-07,U-1680,,,
208742,001,12150896,2036-10-07,U-3455,,,
213872,001,8518919,2025-11-22,U-3166,,,
208716,001,7855211,2031-09-28,U-3546,Y,Y,
208716,002,7855211,2031-09-28,U-3546,Y,Y,
208716,003,7855211,2031-09-28,U-3546,Y,Y,
209355,001,11986527,2031-11-02,U-2625,,,
217645,001,11918689,2041-07-28,U-3944,,Y,
206406,001,11123331,2028-05-30,U-2677,,,
206406,002,11123331,2028-05-30,U-2677,,,
206406,003,11123331,2028-05-30,U-2677,,,
204275,001,11116721,2029-02-26,U-1401,,Y,
214094,001,11117867,2039-11-01,U-3010,,Y,
214094,002,11117867,2039-11-01,U-3010,,Y,
209935,001,9868739,2031-11-09,U-3998,,,
209935,001,9416136,2029-08-20,U-3998,,,
209935,001,8962630,2029-12-09,U-3998,,,
209092,001,9868739,2031-11-09,U-3999,,,
209092,001,9416136,2029-08-20,U-3999,,,
209092,001,8962630,2029-12-09,U-3999,,,
218730,002,9931334,2026-12-28,U-4080,,Y,
218171,001,10899744,2037-06-01,U-4099,Y,,
218171,002,10899744,2037-06-01,U-4099,Y,,
219389,001,12295925,2041-02-17,U-4130,,,
219389,002,12295925,2041-02-17,U-4130,,,
219379,001,12295925,2041-02-17,U-4130,,,
218276,001,12285422,2038-08-30,U-4181,,,
209363,001,12280037,2041-12-11,U-3302,,,
213702,001,12324806,2040-05-29,U-4212,,,
215110,001,10286029,2034-03-14,U-4206,,,
215110,001,10039754,2030-06-10,U-4206,,,
215110,001,10028937,2030-06-10,U-4206,,,
215110,001,9586978,2030-11-06,U-4206,,,
215110,001,8648037,2032-01-19,U-4206,Y,Y,
209394,001,11484534,2034-03-14,U-4206,,,
209394,001,10286029,2034-03-14,U-4206,,,
209394,001,10028937,2030-06-10,U-4206,,,
209394,001,10039754,2030-06-10,U-4206,,,
209394,001,9586978,2030-11-06,U-4206,,,
209394,001,8648037,2032-01-19,U-4206,Y,Y,
212725,001,10561651,2035-02-19,U-2745,,,
212725,002,10561651,2035-02-19,U-2745,,,
213491,001,8026284,2027-09-22,U-1399,,,
213491,001,9198882,2027-01-26,U-1399,,,
213491,001,9192590,2027-01-26,U-1399,,,
213491,002,9192590,2027-01-26,U-1399,,,
213491,002,8026284,2027-09-22,U-1399,,,
213491,002,9198882,2027-01-26,U-1399,,,
213491,001,9925156,2027-01-26,U-1399,,Y,
213491,001,10143665,2036-08-16,U-1399,,,
213491,001,10328037,2036-08-16,U-1399,,,
213491,001,9925157,2027-01-26,U-1399,,Y,
213491,001,9925158,2027-01-26,U-1399,,Y,
213491,001,10548859,2036-08-16,U-1399,,,
213491,002,9925157,2027-01-26,U-1399,,Y,
213491,002,9925158,2027-01-26,U-1399,,Y,
213491,002,10548859,2036-08-16,U-1399,,,
213491,002,9925156,2027-01-26,U-1399,,Y,
213491,002,10143665,2036-08-16,U-1399,,,
213491,002,10328037,2036-08-16,U-1399,,,
202293,002,10973836,2040-03-09,U-3127,,,
211810,001,10961240,2038-07-24,U-2606,,,
206192,001,11087354,2034-06-22,U-1776,,,
204370,001,RE49110,2029-07-16,U-2545,,,
204370,001,RE49110,2029-07-16,U-2544,,,
204370,001,RE49110,2029-07-16,U-2543,,,
204370,002,RE49110,2029-07-16,U-2545,,,
204370,002,RE49110,2029-07-16,U-2543,,,
204370,002,RE49110,2029-07-16,U-2544,,,
204370,003,RE49110,2029-07-16,U-2544,,,
204370,003,RE49110,2029-07-16,U-2543,,,
204370,003,RE49110,2029-07-16,U-2545,,,
204370,004,RE49110,2029-07-16,U-2545,,,
204370,004,RE49110,2029-07-16,U-2544,,,
204370,004,RE49110,2029-07-16,U-2543,,,
208464,001,8754065,2032-08-15,U-1275,Y,Y,
208464,001,9296769,2032-08-15,U-1275,Y,Y,
022496,001,11452691,2041-01-22,U-3439,,Y,
214012,001,10851377,2036-08-25,U-3652,,,
217865,001,9421184,2032-02-03,U-3885,,,
217865,001,9867799,2032-02-03,U-3885,,,
217865,001,10688047,2036-10-28,U-3885,,Y,
215974,001,11944611,2041-08-28,U-3507,,,
215973,001,11944611,2041-08-28,U-3507,,,
210450,001,10682351,2036-09-01,U-2850,,,
209637,003,8536122,2026-03-20,U-3355,Y,Y,
209637,003,8129343,2031-12-05,U-3355,Y,Y,
214510,001,10945987,2040-02-19,U-3356,,,
213135,001,11382864,2037-08-04,U-3164,,,
202570,001,7825137,2027-05-12,U-3403,,,
202570,002,7825137,2027-05-12,U-3403,,,
215309,001,8822481,2028-06-12,U-3404,,,
215309,001,9079912,2026-12-12,U-3404,,,
215309,001,10610530,2028-06-12,U-3404,,,
215309,001,10869870,2031-05-20,U-3404,,,
215309,001,9974790,2026-12-12,U-3404,,,
213388,001,11459305,2028-11-07,U-2842,,Y,
216956,001,11884626,2036-06-21,U-3731,,,
213217,001,11911386,2043-01-19,U-3715,,,
213217,001,11911386,2043-01-19,U-3720,,,
213217,001,11911386,2043-01-19,U-3719,,,
213217,001,11911386,2043-01-19,U-3718,,,
213217,001,11911386,2043-01-19,U-3717,,,
213217,001,11911386,2043-01-19,U-3716,,,
213217,001,11884674,2037-08-15,U-1745,,,
213217,001,11884674,2037-08-15,U-2145,,,
213217,001,11884674,2037-08-15,U-2537,,,
213217,001,11884674,2037-08-15,U-2666,,,
213217,001,11884674,2037-08-15,U-3063,,,
213217,001,11884674,2037-08-15,U-3486,,,
208627,001,11890270,2032-08-08,U-2346,,,
215309,001,12233067,2040-07-28,U-4151,,,
215014,001,12290566,2038-12-14,U-4174,,Y,
215014,001,12290566,2038-12-14,U-4175,,Y,
215866,001,12295987,2041-12-30,U-4192,,,
215866,012,12295987,2041-12-30,U-4193,,,
215866,011,12295987,2041-12-30,U-4193,,,
215866,010,12295987,2041-12-30,U-4193,,,
215866,009,12295987,2041-12-30,U-4193,,,
215866,008,12295987,2041-12-30,U-4193,,,
215866,007,12295987,2041-12-30,U-4193,,,
215866,006,12295987,2041-12-30,U-4193,,,
215866,005,12295987,2041-12-30,U-4193,,,
215866,004,12295987,2041-12-30,U-4193,,,
215866,003,12295987,2041-12-30,U-4193,,,
215866,002,12295987,2041-12-30,U-4193,,,
215866,001,12295987,2041-12-30,U-4193,,,
215866,012,12295987,2041-12-30,U-4192,,,
215866,011,12295987,2041-12-30,U-4192,,,
215866,010,12295987,2041-12-30,U-4192,,,
215866,009,12295987,2041-12-30,U-4192,,,
215866,008,12295987,2041-12-30,U-4192,,,
215866,007,12295987,2041-12-30,U-4192,,,
215866,006,12295987,2041-12-30,U-4192,,,
215866,005,12295987,2041-12-30,U-4192,,,
215866,004,12295987,2041-12-30,U-4192,,,
215866,003,12295987,2041-12-30,U-4192,,,
215866,002,12295987,2041-12-30,U-4192,,,
208088,001,12310978,2039-02-21,U-4194,,,
217186,001,12303482,2041-12-21,U-1649,,,
217186,004,12303482,2041-12-21,U-4005,,,
217186,003,12303482,2041-12-21,U-4005,,,
217186,002,12303482,2041-12-21,U-4005,,,
217186,001,12303482,2041-12-21,U-4005,,,
217186,004,12303482,2041-12-21,U-4004,,,
217186,003,12303482,2041-12-21,U-4004,,,
217186,002,12303482,2041-12-21,U-4004,,,
217186,001,12303482,2041-12-21,U-4004,,,
217186,004,12303482,2041-12-21,U-219,,,
217186,003,12303482,2041-12-21,U-219,,,
217186,002,12303482,2041-12-21,U-219,,,
217186,001,12303482,2041-12-21,U-219,,,
217186,004,12303482,2041-12-21,U-1649,,,
217186,003,12303482,2041-12-21,U-1649,,,
217186,002,12303482,2041-12-21,U-1649,,,
217186,001,12295931,2041-12-21,U-1649,,,
217186,004,12295931,2041-12-21,U-4005,,,
217186,003,12295931,2041-12-21,U-4005,,,
217186,002,12295931,2041-12-21,U-4005,,,
217186,001,12295931,2041-12-21,U-4005,,,
217186,004,12295931,2041-12-21,U-4004,,,
217186,003,12295931,2041-12-21,U-4004,,,
217186,002,12295931,2041-12-21,U-4004,,,
217186,001,12295931,2041-12-21,U-4004,,,
217186,004,12295931,2041-12-21,U-219,,,
217186,003,12295931,2041-12-21,U-219,,,
217186,002,12295931,2041-12-21,U-219,,,
217186,001,12295931,2041-12-21,U-219,,,
217186,004,12295931,2041-12-21,U-1649,,,
217186,003,12295931,2041-12-21,U-1649,,,
217186,002,12295931,2041-12-21,U-1649,,,
022496,001,12318483,2044-07-02,U-4152,,,
022496,002,12318483,2044-07-02,U-4152,,,
217186,001,12303481,2041-12-21,U-1649,,,
217186,002,12303481,2041-12-21,U-1649,,,
217186,003,12303481,2041-12-21,U-1649,,,
217186,004,12303481,2041-12-21,U-1649,,,
217186,001,12303481,2041-12-21,U-219,,,
217186,002,12303481,2041-12-21,U-219,,,
217186,003,12303481,2041-12-21,U-219,,,
217186,004,12303481,2041-12-21,U-219,,,
217186,001,12303481,2041-12-21,U-4004,,,
217186,002,12303481,2041-12-21,U-4004,,,
217186,003,12303481,2041-12-21,U-4004,,,
217186,004,12303481,2041-12-21,U-4004,,,
217186,001,12303481,2041-12-21,U-4005,,,
217186,002,12303481,2041-12-21,U-4005,,,
214869,001,11819485,2039-03-28,U-3557,,,
213535,001,11827646,2036-01-25,U-1943,,,
218197,001,11760760,2028-10-10,U-3762,,,
218197,002,11760760,2028-10-10,U-3762,,,
218197,001,10654855,2028-10-10,U-3762,,,
218197,002,10654855,2028-10-10,U-3762,,,
218197,001,10039766,2033-04-16,U-3762,,,
218197,002,10039766,2033-04-16,U-3762,,,
218197,001,8809336,2025-10-25,U-3762,,,
218197,002,8809336,2025-10-25,U-3762,,,
218197,001,8101623,2030-03-10,U-3762,Y,Y,
218197,002,8101623,2030-03-10,U-3762,Y,Y,
217469,001,11413323,2039-10-11,U-3627,,,
217469,001,11154513,2038-11-20,U-1900,,Y,
214231,001,11795204,2034-01-06,U-3752,,,
214231,002,11795204,2034-01-06,U-3752,,,
211616,001,11744816,2036-03-14,U-3883,,,
211192,001,10980788,2039-06-07,U-3214,,,
207620,001,11135192,2033-08-22,U-3084,,,
207620,002,11135192,2033-08-22,U-3084,,,
207620,003,11135192,2033-08-22,U-3084,,,
211651,003,9820985,2029-07-27,U-2437,,,
211651,004,9820985,2029-07-27,U-2437,,,
210296,001,11903918,2035-02-27,U-1384,,,
208224,001,11850182,2029-09-14,U-3819,,Y,
203159,001,11850182,2029-09-14,U-3819,,Y,
021225,001,11850182,2029-09-14,U-3819,,Y,
215446,001,12310946,2041-11-12,U-4111,,,
219379,001,12357597,2041-02-17,U-4130,,,
213005,001,11712442,2037-05-05,U-4200,,,
213005,002,11712442,2037-05-05,U-4200,,,
213005,003,11712442,2037-05-05,U-4200,,,
213005,004,11712442,2037-05-05,U-4200,,,
215727,001,12364675,2033-11-01,U-3639,,,
213224,001,12350475,2041-12-29,U-4007,,,
213224,001,12350475,2041-12-29,U-4008,,,
213224,001,12350475,2041-12-29,U-4009,,,
218980,001,12133914,2043-02-23,U-4215,,,
218980,001,11904046,2043-02-23,U-4216,,Y,
205395,002,8148374,2029-09-03,U-4162,Y,Y,
205395,001,8148374,2029-09-03,U-4162,Y,Y,
219389,001,11883375,2043-03-16,U-4130,,,
219389,002,11883375,2043-03-16,U-4130,,,
215833,001,12208102,2041-09-18,U-4169,,,
215833,001,11951190,2035-11-12,U-4169,,,
215833,001,11318121,2028-08-15,U-4169,Y,Y,
215833,001,10406240,2028-08-15,U-4169,Y,Y,
219616,001,11873296,2042-12-29,U-4196,,Y,
219616,001,11517573,2040-09-11,U-4196,,,
219616,001,11400090,2038-10-29,U-4196,,,
021964,001,12303592,2027-08-03,U-4197,,Y,
021964,002,12303592,2027-08-03,U-4197,,Y,
021964,003,12303592,2027-08-03,U-4197,,Y,
021964,001,12303592,2027-08-03,U-4198,,Y,
021964,002,12303592,2027-08-03,U-4198,,Y,
021964,003,12303592,2027-08-03,U-4198,,Y,
217186,003,12303481,2041-12-21,U-4005,,,
217186,004,12303481,2041-12-21,U-4005,,,
216665,001,12343348,2035-11-12,U-4211,,,
216665,002,12343348,2035-11-12,U-4211,,,
216665,003,12343348,2035-11-12,U-4211,,,
216340,001,12336995,2041-02-05,U-3953,,,
208564,001,11246875,2032-11-21,U-2316,,,
208564,002,11246875,2032-11-21,U-2317,,,
208564,001,11246875,2032-11-21,U-2317,,,
208564,002,11246875,2032-11-21,U-2316,,,
208564,001,11241445,2032-11-21,U-2316,,,
208564,002,11241445,2032-11-21,U-2317,,,
208564,001,11241445,2032-11-21,U-2317,,,
208564,002,11241445,2032-11-21,U-2316,,,
214094,001,11230530,2035-03-09,U-3300,,,
214094,002,11230530,2035-03-09,U-3300,,,
208114,001,11236328,2032-06-22,U-3301,,,
201848,001,11633528,2032-11-07,U-3675,,,
217603,001,11690827,2038-12-14,U-3674,,,
217603,001,11690826,2038-12-14,U-3674,,,
217603,001,11197847,2038-12-14,U-3674,,,
217603,001,10835517,2038-12-14,U-3674,,,
215383,001,RE49948,2034-09-05,U-4195,Y,Y,
215383,001,9908845,2034-09-05,U-4195,Y,Y,
210493,002,8895586,2032-05-23,U-2301,,,
210493,002,9403772,2032-05-23,U-2301,Y,,
210493,002,9186357,2030-11-18,U-2301,,,
208437,001,10940110,2029-02-26,U-1773,,Y,
207620,001,9517226,2033-08-22,U-3084,,,
207620,001,9937143,2033-08-22,U-3084,,,
207620,002,9517226,2033-08-22,U-3084,,,
207620,002,9937143,2033-08-22,U-3084,,,
207620,003,9517226,2033-08-22,U-3084,,,
207620,003,9937143,2033-08-22,U-3084,,,
213026,001,9758783,2030-11-12,U-3088,,,
213026,001,9758783,2030-11-12,U-3089,,,
213026,001,10781450,2030-11-12,U-3089,,,
206829,001,10933053,2034-09-09,U-3091,,,
206829,001,10933053,2034-09-09,U-3090,,,
217564,001,11046674,2035-09-07,U-3753,,,
217564,002,11046674,2035-09-07,U-3753,,,
217564,001,10519142,2035-09-07,U-3753,Y,Y,
217564,002,10519142,2035-09-07,U-3753,Y,Y,
217564,001,8212033,2028-05-09,U-3753,,,
217564,002,8212033,2028-05-09,U-3753,,,
022496,001,11819575,2041-01-22,U-3250,,Y,
022496,002,11819575,2041-01-22,U-3250,,Y,
217677,001,11807611,2042-09-08,U-3754,,Y,
217677,001,11612588,2042-07-08,U-3754,,Y,
217677,001,10941118,2039-08-09,U-3754,Y,,
217677,001,10710966,2039-08-09,U-3754,Y,,
215935,001,12311057,2043-01-23,U-4085,,Y,
215935,001,12311057,2043-01-23,U-4086,,Y,
215935,001,12311057,2043-01-23,U-4204,,Y,
217370,001,11850221,2042-12-16,U-1900,,Y,
217370,001,10028920,2031-09-08,U-1900,,,
217370,001,9433679,2031-09-08,U-1900,,,
217370,001,9095609,2031-09-08,U-1900,,Y,
218213,001,12310968,2036-07-20,U-3755,,,
218213,002,12310968,2036-07-20,U-3755,,,
213498,001,12336980,2035-12-10,U-3103,,,
213498,010,12336980,2035-12-10,U-3103,,,
213498,009,12336980,2035-12-10,U-3103,,,
213498,008,12336980,2035-12-10,U-3103,,,
213498,007,12336980,2035-12-10,U-3103,,,
213498,006,12336980,2035-12-10,U-3103,,,
213498,005,12336980,2035-12-10,U-3103,,,
213498,004,12336980,2035-12-10,U-3103,,,
213498,003,12336980,2035-12-10,U-3103,,,
213498,002,12336980,2035-12-10,U-3103,,,
210136,001,12318379,2032-07-26,U-4100,,Y,
210136,002,12318379,2032-07-26,U-4100,,Y,
210136,003,12318379,2032-07-26,U-4100,,Y,
210136,004,12318379,2032-07-26,U-4100,,Y,
210136,005,12318379,2032-07-26,U-4100,,Y,
210136,006,12318379,2032-07-26,U-4100,,Y,
210136,007,12318379,2032-07-26,U-4100,,Y,
218730,002,10058546,2033-07-15,U-4218,,,
214662,001,10512657,2032-10-26,U-3850,,,
214662,001,11229661,2032-10-26,U-3850,,,
214662,001,11918578,2040-02-12,U-3290,,,
217603,001,12171750,2038-12-14,U-3674,,,
202880,001,10722511,2033-07-25,U-1810,,,
202880,002,10722511,2033-07-25,U-1810,,,
202880,003,10722511,2033-07-25,U-1810,,,
202880,004,10722511,2033-07-25,U-1810,,,
202880,005,10722511,2033-07-25,U-1810,,,
202880,006,10722511,2033-07-25,U-1810,,,
213378,001,11241425,2031-08-23,U-3137,,,
213378,002,11241425,2031-08-23,U-3137,,,
213378,003,11241425,2031-08-23,U-3137,,,
213378,004,11241425,2031-08-23,U-3137,,,
208564,001,11266661,2034-02-02,U-2316,,,
208564,002,11266661,2034-02-02,U-2316,,,
208564,001,11266661,2034-02-02,U-2317,,,
208564,002,11266661,2034-02-02,U-2317,,,
204629,001,9949997,2034-05-17,U-3325,,,
208232,001,11338011,2036-02-03,U-2857,,,
216873,001,9809559,2035-06-11,U-1201,,,
216873,003,9809559,2035-06-11,U-1201,,,
215973,001,10654827,2037-08-17,U-3507,,,
215973,001,9951043,2034-02-28,U-3507,Y,Y,
216873,002,9809559,2035-06-11,U-1201,,,
216873,001,8486941,2030-01-03,U-1201,Y,Y,
216873,003,8486941,2030-01-03,U-1201,Y,Y,
216873,002,8486941,2030-01-03,U-1201,Y,Y,
216873,001,RE48285,2035-06-11,U-1201,Y,Y,
216873,003,RE48285,2035-06-11,U-1201,Y,Y,
216873,002,RE48285,2035-06-11,U-1201,Y,Y,
212306,001,11753401,2035-08-14,U-2855,,Y,
212306,001,11753401,2035-08-14,U-2584,,Y,
215985,001,11129818,2037-08-25,U-3712,,,
215985,001,9907788,2037-06-07,U-3712,,,
211243,001,11883526,2040-02-18,U-4120,,,
210491,001,11578062,2031-03-25,U-3545,,Y,
210491,002,11578062,2031-03-25,U-3545,,Y,
211675,001,8962629,2031-01-15,U-3371,Y,,
207924,003,9089574,2032-11-30,U-3372,,,
207924,003,11045474,2032-11-30,U-3372,,,
214998,001,9585883,2034-06-19,U-3373,,,
214998,002,9585883,2034-06-19,U-3373,,,
214998,003,9585883,2034-06-19,U-3373,,,
214998,004,9585883,2034-06-19,U-3373,,,
217225,001,11491176,2034-07-11,U-3673,,,
217225,001,11273171,2034-07-11,U-3673,,,
217225,001,10947544,2025-02-14,U-3673,Y,,
217225,001,9617546,2026-02-14,U-3673,Y,,
217225,001,8236773,2026-11-11,U-3673,,,
211192,001,9474779,2033-08-19,U-3742,Y,Y,
211192,001,9850277,2033-01-18,U-3742,Y,Y,
211192,001,10980788,2039-06-07,U-3743,,,
215430,001,12146889,2043-02-23,U-3419,,,
212018,001,10898482,2036-02-09,U-3066,,Y,
212018,001,10898482,2036-02-09,U-3065,,Y,
212018,001,10898482,2036-02-09,U-3067,,Y,
212018,001,10898482,2036-02-09,U-2518,,Y,
212018,002,10898482,2036-02-09,U-3067,,Y,
212018,002,10898482,2036-02-09,U-3066,,Y,
212018,002,10898482,2036-02-09,U-2518,,Y,
212018,002,10898482,2036-02-09,U-3065,,Y,
212018,003,10898482,2036-02-09,U-3067,,Y,
212018,003,10898482,2036-02-09,U-3066,,Y,
212018,003,10898482,2036-02-09,U-2518,,Y,
212018,003,10898482,2036-02-09,U-3065,,Y,
021610,001,8808737,2027-06-21,U-3085,,,
021610,002,8808737,2027-06-21,U-3085,,,
021610,003,8808737,2027-06-21,U-3085,,,
021610,004,8808737,2027-06-21,U-3085,,,
021610,005,8808737,2027-06-21,U-3085,,,
021610,006,8808737,2027-06-21,U-3085,,,
021610,007,8808737,2027-06-21,U-3085,,,
207318,002,10953000,2037-03-23,U-1974,,,
210868,001,10420749,2036-07-27,U-3096,Y,Y,
210868,002,10420749,2036-07-27,U-3096,Y,Y,
208082,001,10959996,2036-03-07,U-3055,,,
208082,002,10959996,2036-03-07,U-3055,,,
208082,003,10959996,2036-03-07,U-3055,,,
210872,001,9629368,2028-05-23,U-1397,,,
208051,001,7982043,2025-10-08,U-3047,,,
208051,001,7982043,2025-10-08,U-3097,,,
208051,001,8790708,2030-11-05,U-3097,,Y,
208051,001,8790708,2030-11-05,U-3047,,Y,
208051,001,9211291,2030-03-24,U-3097,,,
208051,001,8518446,2030-11-20,U-3097,,Y,
208051,001,8518446,2030-11-20,U-3047,,Y,
208051,001,9139558,2028-10-15,U-3097,,,
208051,001,9139558,2028-10-15,U-3047,,,
208051,001,9630946,2028-10-15,U-3047,,,
208051,001,9630946,2028-10-15,U-3097,,,
208051,001,10035788,2028-10-15,U-3047,,,
208051,001,10035788,2028-10-15,U-3097,,,
210872,001,9844654,2036-04-24,U-1397,,Y,
210872,001,10688291,2034-12-20,U-1397,,Y,
210872,001,8389583,2029-08-09,U-1397,,,
208623,001,11033538,2028-04-28,U-2371,,,
022496,001,11033495,2041-01-22,U-3182,,Y,
022496,002,11033495,2041-01-22,U-3182,,Y,
217677,001,11845732,2039-08-09,U-3754,Y,,
217677,001,11844780,2042-09-08,U-3754,,Y,
217639,001,11819480,2037-02-28,U-3523,,,
217639,002,11819480,2037-02-28,U-3523,,,
208552,001,10751325,2035-06-11,U-2921,,,
210875,001,11419769,2031-12-16,U-2825,,Y,
210875,002,11419769,2031-12-16,U-2825,,Y,
210875,003,11419769,2031-12-16,U-2825,,Y,
210875,004,11419769,2031-12-16,U-2825,,Y,
210875,005,11419769,2031-12-16,U-2825,,Y,
210526,001,11590081,2038-09-24,U-3538,,Y,
210526,002,11590081,2038-09-24,U-3538,,Y,
210526,003,11590081,2038-09-24,U-3538,,Y,
210526,004,11590081,2038-09-24,U-3538,,Y,
208147,001,11590228,2036-09-07,U-3538,,Y,
213217,001,11591340,2037-08-15,U-1745,,,
213217,001,11591340,2037-08-15,U-2145,,,
213217,001,11591340,2037-08-15,U-2537,,,
213217,001,11591340,2037-08-15,U-2666,,,
213217,001,11591340,2037-08-15,U-3063,,,
213217,001,11591340,2037-08-15,U-3486,,,
210365,001,11633369,2035-06-17,U-2780,,Y,
210365,001,11633369,2035-06-17,U-3071,,Y,
210365,001,11633369,2035-06-17,U-2781,,Y,
217660,001,11639347,2027-04-09,U-3583,Y,Y,
217660,002,11639347,2027-04-09,U-3583,Y,Y,
217660,001,11578062,2031-03-25,U-3584,,Y,
217660,002,11578062,2031-03-25,U-3584,,Y,
217660,001,11564916,2029-08-13,U-3585,,,
217660,002,11564916,2029-08-13,U-3585,,,
217660,001,11517564,2037-12-08,U-3586,,Y,
217660,002,11517564,2037-12-08,U-3586,,Y,
212273,001,11639347,2027-04-09,U-3587,Y,Y,
212273,002,11639347,2027-04-09,U-3587,Y,Y,
217660,001,10793547,2037-12-08,U-3588,Y,Y,
217660,002,10793547,2037-12-08,U-3588,Y,Y,
217660,001,10758534,2035-10-06,U-3589,Y,Y,
217660,002,10758534,2035-10-06,U-3589,Y,Y,
217660,001,10239867,2027-04-09,U-3590,Y,Y,
217660,002,10239867,2027-04-09,U-3590,Y,Y,
217660,001,9974781,2027-04-09,U-3589,,Y,
217660,002,9974781,2027-04-09,U-3589,,Y,
217660,001,9670163,2026-12-28,U-3591,,Y,
217660,002,9670163,2026-12-28,U-3591,,Y,
217660,001,8629162,2025-06-24,U-3592,,,
217660,002,8629162,2025-06-24,U-3592,,,
217660,001,8598181,2027-05-01,U-3589,,,
217660,002,8598181,2027-05-01,U-3589,,,
217660,001,8415387,2027-11-12,U-3589,,,
217660,002,8415387,2027-11-12,U-3589,,,
216099,001,11324745,2041-01-22,U-3767,,,
216099,006,11324745,2041-01-22,U-3768,,,
216099,005,11324745,2041-01-22,U-3768,,,
216099,004,11324745,2041-01-22,U-3768,,,
216099,003,11324745,2041-01-22,U-3768,,,
216099,002,11324745,2041-01-22,U-3768,,,
216099,001,11324745,2041-01-22,U-3768,,,
216099,006,11324745,2041-01-22,U-3769,,,
216099,005,11324745,2041-01-22,U-3769,,,
216099,004,11324745,2041-01-22,U-3769,,,
216099,003,11324745,2041-01-22,U-3769,,,
216099,002,11324745,2041-01-22,U-3769,,,
216099,001,11324745,2041-01-22,U-3769,,,
216099,006,11324745,2041-01-22,U-3767,,,
216099,005,11324745,2041-01-22,U-3767,,,
216099,004,11324745,2041-01-22,U-3767,,,
216099,003,11324745,2041-01-22,U-3767,,,
216099,002,11324745,2041-01-22,U-3767,,,
216099,001,11202778,2041-01-22,U-3770,,,
216099,002,11202778,2041-01-22,U-3770,,,
216099,003,11202778,2041-01-22,U-3770,,,
216099,004,11202778,2041-01-22,U-3770,,,
216099,005,11202778,2041-01-22,U-3770,,,
216099,006,11202778,2041-01-22,U-3770,,,
216099,001,11202778,2041-01-22,U-3771,,,
216099,002,11202778,2041-01-22,U-3771,,,
216099,003,11202778,2041-01-22,U-3771,,,
216099,004,11202778,2041-01-22,U-3771,,,
216099,005,11202778,2041-01-22,U-3771,,,
216099,006,11202778,2041-01-22,U-3771,,,
216099,001,11202778,2041-01-22,U-3772,,,
216099,002,11202778,2041-01-22,U-3772,,,
216099,003,11202778,2041-01-22,U-3772,,,
216099,004,11202778,2041-01-22,U-3772,,,
216099,005,11202778,2041-01-22,U-3772,,,
216099,006,11202778,2041-01-22,U-3772,,,
210655,001,11712475,2028-02-13,U-3135,,,
210655,002,11712475,2028-02-13,U-3135,,,
215559,001,11622959,2037-06-08,U-3676,,,
215559,005,11622959,2037-06-08,U-3676,,,
215559,004,11622959,2037-06-08,U-3676,,,
215559,003,11622959,2037-06-08,U-3676,,,
215559,002,11622959,2037-06-08,U-3676,,,
215559,001,10864194,2037-06-08,U-3676,,,
215559,005,10864194,2037-06-08,U-3676,,,
215559,004,10864194,2037-06-08,U-3676,,,
215559,003,10864194,2037-06-08,U-3676,,,
215559,002,10864194,2037-06-08,U-3676,,,
215559,001,10292954,2031-08-31,U-3676,,,
215559,005,10292954,2031-08-31,U-3676,,,
215559,004,10292954,2031-08-31,U-3676,,,
215559,003,10292954,2031-08-31,U-3676,,,
215559,002,10292954,2031-08-31,U-3676,,,
215559,001,9789074,2031-08-31,U-3676,,,
215559,005,9789074,2031-08-31,U-3676,,,
215559,004,9789074,2031-08-31,U-3676,,,
215559,003,9789074,2031-08-31,U-3676,,,
215559,002,9789074,2031-08-31,U-3676,,,
215559,001,9314439,2031-08-31,U-3676,,,
215559,005,9314439,2031-08-31,U-3676,,,
215559,004,9314439,2031-08-31,U-3676,,,
215559,003,9314439,2031-08-31,U-3676,,,
215559,002,9314439,2031-08-31,U-3676,,,
211765,001,11717515,2041-12-22,U-3677,,,
210259,001,9758524,2032-07-11,U-4108,,,
210259,001,9796721,2036-07-01,U-4108,Y,Y,
210259,001,10167291,2036-07-01,U-4109,,Y,
210259,001,10167291,2036-07-01,U-2519,,Y,
216387,001,10272083,2035-01-21,U-4109,,,
216387,001,11059829,2036-07-01,U-4108,Y,Y,
211243,001,8785500,2033-03-05,U-4112,,,
211243,001,9592207,2027-03-20,U-4112,,,
211243,001,10869844,2035-09-10,U-4113,,,
211243,001,10869844,2035-09-10,U-4114,,,
211243,001,11173134,2035-09-10,U-4115,,,
211243,001,11311500,2035-09-10,U-4116,,,
211243,001,11311500,2035-09-10,U-4117,,,
211243,001,11446260,2034-03-14,U-4118,,,
209637,003,12295988,2038-10-10,U-2628,,,
208437,001,10744277,2036-12-07,U-2941,,Y,
211150,001,8486947,2029-09-26,U-1102,,,
211150,001,8354430,2026-02-06,U-1102,,,
211150,002,8354430,2026-02-06,U-1102,,,
211150,002,8486947,2029-09-26,U-1102,,,
214517,001,11141400,2034-10-10,U-3007,,,
205677,001,11141400,2034-10-10,U-2615,,,
205677,001,11141400,2034-10-10,U-3007,,,
210331,001,7998108,2028-01-12,U-3410,,Y,
022561,001,10849919,2038-11-23,U-3411,,,
214952,001,11337979,2038-12-24,U-3582,,Y,
214952,001,11464778,2038-12-24,U-3582,,Y,
214012,001,10131907,2028-08-24,U-3652,Y,Y,
214012,001,10125369,2034-08-18,U-3652,Y,Y,
214012,001,9370582,2028-12-04,U-3652,Y,Y,
214012,001,8828956,2028-12-04,U-3652,Y,Y,
214012,001,8809292,2027-05-10,U-3652,Y,Y,
214012,001,8222222,2027-12-29,U-3652,,,
214012,001,8106022,2029-12-12,U-3652,Y,Y,
022496,001,12226610,2043-02-02,U-4148,,,
022496,002,12226610,2043-02-02,U-4148,,,
022496,001,12226610,2043-02-02,U-4149,,,
022496,002,12226610,2043-02-02,U-4149,,,
022496,001,12226610,2043-02-02,U-4150,,,
022496,002,12226610,2043-02-02,U-4150,,,
205580,001,12350257,2031-01-28,U-1542,,Y,
205580,001,12350257,2031-01-28,U-1971,,Y,
205580,001,12350257,2031-01-28,U-1972,,Y,
208194,001,12350257,2031-01-28,U-1542,,Y,
208194,001,12350257,2031-01-28,U-1971,,Y,
208194,001,12350257,2031-01-28,U-1972,,Y,
213736,001,10131667,2033-06-12,U-2809,,,
213736,002,10131667,2033-06-12,U-2809,,,
213736,003,10131667,2033-06-12,U-2809,,,
208090,001,10646485,2036-09-02,U-1556,,Y,
208090,002,10646485,2036-09-02,U-1556,,Y,
208090,003,10646485,2036-09-02,U-1556,,Y,
208090,004,10646485,2036-09-02,U-1556,,Y,
208090,005,10646485,2036-09-02,U-1556,,Y,
211723,001,11052093,2032-04-13,U-2736,Y,Y,
202806,001,10869869,2033-08-30,U-3185,,,
202806,002,10869869,2033-08-30,U-3185,,,
215498,001,10487111,2031-11-08,U-3186,,,
215498,001,10981952,2031-11-08,U-3187,,,
215498,001,10981952,2031-11-08,U-3186,,,
215498,002,10981952,2031-11-08,U-3186,,,
215498,002,10981952,2031-11-08,U-3187,,,
215498,002,10487111,2031-11-08,U-3186,,,
215498,003,10981952,2031-11-08,U-3186,,,
215498,003,10981952,2031-11-08,U-3187,,,
215498,003,10487111,2031-11-08,U-3186,,,
215498,004,10487111,2031-11-08,U-3186,,,
215498,004,10981952,2031-11-08,U-3187,,,
215498,004,10981952,2031-11-08,U-3186,,,
215498,001,9694018,2031-11-08,U-3186,,,
215498,001,10011633,2031-11-08,U-3186,,,
215498,001,10093697,2031-11-08,U-3186,,,
215498,002,10093697,2031-11-08,U-3186,,,
215498,002,10011633,2031-11-08,U-3186,,,
215498,002,9694018,2031-11-08,U-3186,,,
215498,003,10011633,2031-11-08,U-3186,,,
215498,003,10093697,2031-11-08,U-3186,,,
215498,003,9694018,2031-11-08,U-3186,,,
215498,004,10011633,2031-11-08,U-3186,,,
215498,004,10093697,2031-11-08,U-3186,,,
215498,004,9694018,2031-11-08,U-3186,,,
022200,002,7456254,2025-06-30,U-3190,,Y,
022200,002,7456254,2025-06-30,U-3188,,Y,
022200,002,7456254,2025-06-30,U-3189,,Y,
022200,002,7612176,2025-04-13,U-3189,,Y,
022200,002,7612176,2025-04-13,U-3188,,Y,
022200,002,7612176,2025-04-13,U-3190,,Y,
022200,002,8329648,2026-08-18,U-3189,,,
022200,002,8329648,2026-08-18,U-3190,,,
022200,002,8329648,2026-08-18,U-3188,,,
022200,002,8431685,2025-04-13,U-3190,,Y,
022200,002,8431685,2025-04-13,U-3188,,Y,
022200,002,8431685,2025-04-13,U-3189,,Y,
022200,002,8461105,2025-04-13,U-3190,,Y,
022200,002,8461105,2025-04-13,U-3188,,Y,
022200,002,8461105,2025-04-13,U-3189,,Y,
022200,002,8906851,2026-08-18,U-3189,,,
022200,002,8906851,2026-08-18,U-3190,,,
022200,002,8906851,2026-08-18,U-3188,,,
022200,002,9884092,2026-08-18,U-3189,,,
022200,002,9884092,2026-08-18,U-3190,,,
022200,002,9884092,2026-08-18,U-3188,,,
022200,001,7456254,2025-06-30,U-3188,,Y,
022200,001,7456254,2025-06-30,U-3189,,Y,
022200,001,7456254,2025-06-30,U-3190,,Y,
022200,001,7612176,2025-04-13,U-3190,,Y,
022200,001,7612176,2025-04-13,U-3189,,Y,
022200,001,7612176,2025-04-13,U-3188,,Y,
022200,001,8329648,2026-08-18,U-3188,,,
022200,001,8329648,2026-08-18,U-3189,,,
022200,001,8329648,2026-08-18,U-3190,,,
022200,001,8431685,2025-04-13,U-3188,,Y,
022200,001,8431685,2025-04-13,U-3190,,Y,
022200,001,8431685,2025-04-13,U-3189,,Y,
022200,001,8461105,2025-04-13,U-3190,,Y,
022200,001,8461105,2025-04-13,U-3188,,Y,
022200,001,8461105,2025-04-13,U-3189,,Y,
022200,001,8906851,2026-08-18,U-3190,,,
022200,001,8906851,2026-08-18,U-3189,,,
022200,001,8906851,2026-08-18,U-3188,,,
022200,001,9884092,2026-08-18,U-3190,,,
022200,001,9884092,2026-08-18,U-3189,,,
022200,001,9884092,2026-08-18,U-3188,,,
209210,001,7456254,2025-06-30,U-3188,,Y,
209210,001,7456254,2025-06-30,U-3189,,Y,
209210,001,7456254,2025-06-30,U-3190,,Y,
209210,001,7612176,2025-04-13,U-3190,,Y,
209210,001,7612176,2025-04-13,U-3188,,Y,
209210,001,7612176,2025-04-13,U-3189,,Y,
209210,001,8329648,2026-08-18,U-3189,,,
209210,001,8329648,2026-08-18,U-3188,,,
209210,001,8329648,2026-08-18,U-3190,,,
209210,001,8431685,2025-04-13,U-3189,,Y,
209210,001,8431685,2025-04-13,U-3190,,Y,
209210,001,8431685,2025-04-13,U-3188,,Y,
203389,001,10548859,2036-08-16,U-1399,,,
203389,002,10548859,2036-08-16,U-1399,,,
022555,001,10556010,2036-12-19,U-2250,,,
205436,001,7816379,2028-06-20,U-2507,Y,Y,
205435,001,7816379,2028-06-20,U-2507,Y,Y,
210455,001,8148374,2029-09-03,U-2767,Y,Y,
210455,001,8148374,2029-09-03,U-2768,Y,Y,
210455,001,8148374,2029-09-03,U-2766,Y,Y,
209627,001,10632066,2039-02-01,U-2787,,,
213426,001,10238668,2030-04-19,U-3244,Y,Y,
215985,001,9907788,2037-06-07,U-3408,,,
215985,001,11129818,2037-08-25,U-3408,,,
215430,001,11524008,2034-11-05,U-3419,,,
215430,001,11524007,2034-11-05,U-3419,,,
215430,001,11517542,2034-11-05,U-3419,,,
215430,001,11517543,2034-11-05,U-3419,,,
216873,001,11963962,2040-12-02,U-3928,,,
216873,002,11963962,2040-12-02,U-3928,,,
216873,003,11963962,2040-12-02,U-3928,,,
217186,003,11986449,2041-12-21,U-219,,,
217186,002,11986449,2041-12-21,U-219,,,
217186,001,11986449,2041-12-21,U-219,,,
217186,004,11986449,2041-12-21,U-219,,,
217186,001,11666538,2034-10-07,U-219,,Y,
217186,004,11666538,2034-10-07,U-219,,Y,
217186,003,11666538,2034-10-07,U-219,,Y,
217186,002,11666538,2034-10-07,U-219,,Y,
217186,001,10987313,2034-10-07,U-219,,Y,
217186,004,10987313,2034-10-07,U-219,,Y,
217186,003,10987313,2034-10-07,U-219,,Y,
217186,002,10987313,2034-10-07,U-219,,Y,
217186,001,10973769,2034-10-07,U-219,,Y,
217186,004,10973769,2034-10-07,U-219,,Y,
217186,003,10973769,2034-10-07,U-219,,Y,
217186,002,10973769,2034-10-07,U-219,,Y,
217186,001,10688058,2034-10-07,U-219,,Y,
217186,004,10688058,2034-10-07,U-219,,Y,
217186,003,10688058,2034-10-07,U-219,,Y,
217186,002,10688058,2034-10-07,U-219,,Y,
217186,001,10292935,2034-10-07,U-219,,Y,
217186,004,10292935,2034-10-07,U-219,,Y,
217186,003,10292935,2034-10-07,U-219,,Y,
217186,002,10292935,2034-10-07,U-219,,Y,
217186,001,10098845,2034-10-07,U-219,,Y,
217186,004,10098845,2034-10-07,U-219,,Y,
217186,003,10098845,2034-10-07,U-219,,Y,
217186,002,10098845,2034-10-07,U-219,,Y,
212018,001,12037644,2035-10-18,U-3972,,,
212018,003,12037644,2035-10-18,U-3972,,,
212018,002,12037644,2035-10-18,U-3972,,,
022496,001,12144890,2041-01-22,U-4033,,Y,
022496,002,12144890,2041-01-22,U-4033,,Y,
215904,001,12144801,2037-08-10,U-4034,,,
214621,001,12144809,2037-09-29,U-4035,,,
211964,001,12121523,2029-09-04,U-727,,,
211964,002,12121523,2029-09-04,U-727,,,
211964,003,12121523,2029-09-04,U-727,,,
215400,001,11819501,2039-02-26,U-848,,,
215400,001,11819501,2039-02-26,U-4188,,,
214755,001,12303478,2037-07-21,U-4189,,,
214755,002,12303478,2037-07-21,U-4189,,,
214755,003,12303478,2037-07-21,U-4189,,,
214755,004,12303478,2037-07-21,U-4189,,,
206406,001,8664239,2028-08-30,U-2677,,,
206406,002,8664239,2028-08-30,U-2677,,,
206406,003,8664239,2028-08-30,U-2677,,,
201023,001,10583110,2030-10-27,U-2753,,,
209510,001,9545426,2031-03-10,U-1744,,,
209510,001,9545426,2031-03-10,U-2754,,,
209510,001,9084765,2034-02-26,U-1744,,,
209510,001,9084765,2034-02-26,U-2754,,,
209510,001,9889118,2031-03-10,U-2754,,,
209510,001,9889118,2031-03-10,U-1744,,,
209776,001,10561675,2031-08-08,U-2490,,,
021064,001,10588988,2037-05-04,U-665,,,
208658,001,10596120,2032-03-07,U-2775,,Y,
208658,002,10596120,2032-03-07,U-2775,,Y,
208658,003,10596120,2032-03-07,U-2775,,Y,
208658,004,10596120,2032-03-07,U-2775,,Y,
210365,001,10603288,2035-06-17,U-2780,,,
210365,001,10603288,2035-06-17,U-2781,,,
210365,001,10603288,2035-06-17,U-2782,,,
210365,001,10603288,2035-06-17,U-2783,,,
212608,001,9200002,2034-10-15,U-3168,Y,Y,
212608,002,9200002,2034-10-15,U-3168,Y,Y,
212608,004,9200002,2034-10-15,U-3168,Y,Y,
212608,005,9200002,2034-10-15,U-3168,Y,Y,
214044,001,11103452,2040-09-01,U-3197,,Y,
212690,001,8772306,2033-03-15,U-3198,,,
210655,001,11110093,2026-11-05,U-3135,,Y,
210655,002,11110093,2026-11-05,U-3135,,Y,
204629,001,9949997,2034-05-17,U-3199,,,
215383,001,9908845,2034-09-05,U-3201,Y,Y,
211358,003,8324242,2027-08-05,U-3424,,,
211358,003,7973038,2026-11-08,U-3424,,,
211358,003,8716338,2030-09-20,U-3426,,Y,
211358,003,8741933,2026-11-08,U-3424,,,
211358,003,8846718,2029-07-02,U-3427,,,
211358,003,9150552,2028-12-04,U-3427,,,
215430,001,11510918,2034-11-05,U-3419,,,
211962,001,11517609,2035-11-06,U-282,,,
211962,002,11517609,2035-11-06,U-282,,,
211962,003,11517609,2035-11-06,U-282,,,
211962,004,11517609,2035-11-06,U-282,,,
211962,005,11517609,2035-11-06,U-282,,,
211962,006,11517609,2035-11-06,U-282,,,
211962,007,11517609,2035-11-06,U-282,,,
211964,001,11458143,2029-09-04,U-727,,,
211964,002,11458143,2029-09-04,U-727,,,
211964,003,11458143,2029-09-04,U-727,,,
213953,001,11617758,2033-03-15,U-2506,,Y,
213953,003,11617758,2033-03-15,U-2506,,Y,
213953,002,11617758,2033-03-15,U-2506,,Y,
209575,001,10973811,2037-02-07,U-3680,,,
209575,001,10894012,2037-02-07,U-3014,,,
209575,001,10857095,2037-02-07,U-3014,,,
209575,001,10420760,2037-02-07,U-2478,,,
209575,001,10413505,2037-02-07,U-3014,,,
209575,001,10149843,2037-02-07,U-2478,,,
209575,001,10149843,2037-02-07,U-2479,,,
209575,001,10016407,2037-02-07,U-2225,,,
209575,001,10016407,2037-02-07,U-2226,,,
209575,001,10016407,2037-02-07,U-2329,,,
209575,001,9867815,2037-02-07,U-2225,,,
209575,001,9867815,2037-02-07,U-2329,,,
209575,001,9867815,2037-02-07,U-2227,,,
209575,001,9867815,2037-02-07,U-2226,,,
209575,001,10933060,2037-02-07,U-2478,,,
209575,001,10933060,2037-02-07,U-3014,,,
210259,001,10167291,2036-07-01,U-2684,,Y,
210259,001,10167291,2036-07-01,U-2685,,Y,
210259,001,10167291,2036-07-01,U-2682,,Y,
210259,001,10167291,2036-07-01,U-2683,,Y,
210259,001,10167291,2036-07-01,U-2687,,Y,
210259,001,10167291,2036-07-01,U-2686,,Y,
210259,001,10272083,2035-01-21,U-4109,,,
216387,001,9758524,2032-07-11,U-4108,,,
217186,001,12201596,2041-12-21,U-1649,,,
217186,002,12201596,2041-12-21,U-1649,,,
217186,003,12201596,2041-12-21,U-1649,,,
217186,004,12201596,2041-12-21,U-1649,,,
217186,001,12201596,2041-12-21,U-4004,,,
217186,002,12201596,2041-12-21,U-4004,,,
217186,003,12201596,2041-12-21,U-4004,,,
217186,004,12201596,2041-12-21,U-4004,,,
217186,001,12201596,2041-12-21,U-4005,,,
217186,002,12201596,2041-12-21,U-4005,,,
217186,003,12201596,2041-12-21,U-4005,,,
217186,004,12201596,2041-12-21,U-4005,,,
215383,001,RE49948,2034-09-05,U-4176,Y,Y,
215383,001,9908845,2034-09-05,U-4176,Y,Y,
212801,001,10709691,2035-10-12,U-4177,,,
212801,002,10709691,2035-10-12,U-4177,,,
212801,001,8609862,2031-01-13,U-4177,,,
212801,002,8609862,2031-01-13,U-4177,,,
202155,001,6967208,2026-11-21,U-4178,Y,Y,
202155,002,6967208,2026-11-21,U-4178,Y,Y,
219389,001,12324791,2043-03-16,U-4130,,,
219389,002,12324791,2043-03-16,U-4130,,,
219379,001,12324791,2043-03-16,U-4130,,,
210951,001,12303497,2040-01-30,U-4201,,,
210951,002,12303497,2040-01-30,U-4201,,,
210951,001,12303497,2040-01-30,U-4202,,,
210951,002,12303497,2040-01-30,U-4202,,,
205395,001,8148374,2029-09-03,U-2939,Y,Y,
211675,002,10550126,2036-10-17,U-3298,,,
205489,001,11166947,2038-01-25,U-3299,,,
205489,002,11166947,2038-01-25,U-3299,,,
205489,003,11166947,2038-01-25,U-3299,,,
022555,001,11235168,2038-01-04,U-2250,,,
022555,001,11311620,2036-12-19,U-2250,,,
022483,002,11318130,2029-12-11,U-68,,,
215814,001,11497743,2039-05-16,U-3495,,,
215814,001,11376246,2039-05-16,U-3495,,,
215814,001,11013734,2039-05-16,U-3495,,,
215814,001,11013733,2039-05-16,U-3496,,,
215814,001,9834539,2035-09-18,U-3497,Y,Y,
209381,001,11529368,2032-03-09,U-2310,,Y,
212273,001,11578062,2031-03-25,U-3544,,Y,
212273,002,11578062,2031-03-25,U-3544,,Y,
215272,001,11590088,2039-11-13,U-2625,,,
214621,001,11583526,2037-09-29,U-3020,,,
214028,001,10610518,2039-04-24,U-3562,,,
214028,001,10610518,2039-04-24,U-3561,,,
214028,001,11285134,2039-04-24,U-3561,,,
214028,001,11285134,2039-04-24,U-3562,,,
203697,002,10786444,2032-09-29,U-3559,,,
214876,001,8859562,2031-08-04,U-2655,,,
214876,003,8859562,2031-08-04,U-2655,,,
214876,002,8859562,2031-08-04,U-2655,,,
214876,001,8143241,2027-08-12,U-2655,,,
214876,003,8143241,2027-08-12,U-2655,,,
214876,002,8143241,2027-08-12,U-2655,,,
214876,001,8071579,2027-08-12,U-2655,,,
214876,003,8071579,2027-08-12,U-2655,,,
214876,002,8071579,2027-08-12,U-2655,,,
214755,001,11602513,2037-07-21,U-3576,,,
214755,003,11602513,2037-07-21,U-3576,,,
214755,002,11602513,2037-07-21,U-3576,,,
210491,001,11639347,2027-04-09,U-2569,Y,Y,
210491,002,11639347,2027-04-09,U-2569,Y,Y,
214755,001,11602512,2037-07-21,U-3577,,,
214755,004,11602512,2037-07-21,U-3577,,,
214755,003,11602512,2037-07-21,U-3577,,,
214755,002,11602512,2037-07-21,U-3577,,,
214755,001,11583510,2042-02-07,U-3578,,,
214755,004,11583510,2042-02-07,U-3578,,,
214755,003,11583510,2042-02-07,U-3578,,,
214755,002,11583510,2042-02-07,U-3578,,,
214755,001,11400065,2037-07-21,U-3579,,,
214755,004,11400065,2037-07-21,U-3579,,,
214755,003,11400065,2037-07-21,U-3579,,,
214755,002,11400065,2037-07-21,U-3579,,,
214755,001,11000498,2037-07-21,U-3580,,Y,
214755,004,11000498,2037-07-21,U-3580,,Y,
214755,003,11000498,2037-07-21,U-3580,,Y,
214755,002,11000498,2037-07-21,U-3580,,Y,
219301,001,11739068,2037-06-23,U-4223,,,
219301,001,11234939,2039-01-26,U-4223,,Y,
219301,001,11198691,2035-11-26,U-4223,,,
219301,001,11084809,2035-11-26,U-4223,Y,Y,
219301,001,10611758,2035-11-26,U-4223,,,
219285,001,12350273,2038-10-01,U-1943,,,
213535,001,12350273,2038-10-01,U-1943,,,
205718,001,10828297,2030-12-17,U-2293,,,
202860,001,8609028,2025-08-18,U-3037,,,
202860,001,9956373,2025-08-18,U-3037,,,
209388,001,11020361,2029-12-22,U-2843,,,
204114,001,10869869,2033-08-30,U-3184,,,
204114,002,10869869,2033-08-30,U-3184,,,
204114,003,10869869,2033-08-30,U-3184,,,
021361,002,7915275,2025-02-23,U-1708,,,
021361,002,7915275,2025-02-23,U-1707,,,
021361,002,8193196,2027-09-02,U-1707,Y,Y,
021361,002,8193196,2027-09-02,U-1708,Y,Y,
021361,002,8309569,2029-07-18,U-1708,,,Y
021361,002,8309569,2029-07-18,U-1707,,,Y
021361,002,8741904,2026-02-27,U-1526,Y,,
021361,002,8741904,2026-02-27,U-1708,Y,,
021361,002,8741904,2026-02-27,U-1707,Y,,
021361,002,8829017,2029-07-24,U-1562,,,
021361,002,8642573,2029-10-02,U-1481,,,
021361,002,9421195,2029-07-24,U-1481,,,
021361,002,8969398,2029-10-02,U-1481,,,
021361,002,8946252,2029-07-24,U-1481,,,
021361,002,10335397,2029-07-24,U-2579,,,
021361,002,10456384,2029-02-26,U-2643,,,
021361,002,10456384,2029-02-26,U-2644,,,
021361,002,9629828,2029-07-24,U-1994,,,
021361,002,10314828,2029-07-24,U-1481,,,
021361,002,10703763,2026-02-27,U-2848,,,
021361,002,10703763,2026-02-27,U-2847,,,
021361,002,10703763,2026-02-27,U-1708,,,
021361,002,10765667,2029-02-26,U-2644,,,
021361,002,10765667,2029-02-26,U-2643,,,
021361,002,10709694,2029-07-24,U-2579,,,
209210,001,8431685,2025-04-13,U-2588,,Y,
209210,001,8461105,2025-04-13,U-3189,,Y,
209210,001,8461105,2025-04-13,U-3190,,Y,
209210,001,8461105,2025-04-13,U-2588,,Y,
209210,001,8461105,2025-04-13,U-3188,,Y,
209210,001,8895033,2030-10-04,U-3190,,Y,
209210,001,8895033,2030-10-04,U-3188,,Y,
209210,001,8895033,2030-10-04,U-3189,,Y,
209210,001,8906851,2026-08-18,U-3188,,,
209210,001,8906851,2026-08-18,U-3189,,,
209210,001,8906851,2026-08-18,U-2588,,,
209210,001,8906851,2026-08-18,U-3190,,,
209210,001,9884092,2026-08-18,U-2588,,,
209210,001,9884092,2026-08-18,U-3188,,,
209210,001,9884092,2026-08-18,U-3190,,,
209210,001,9884092,2026-08-18,U-3189,,,
214916,001,10793596,2027-11-12,U-3204,Y,Y,
214916,001,10138270,2027-11-12,U-3204,,,
214916,001,10017536,2027-11-12,U-3204,Y,,
214916,001,9359399,2027-11-12,U-3204,,,
214916,001,9334305,2027-11-12,U-3204,,,
214916,001,8536131,2027-11-12,U-3204,Y,Y,
214916,001,8486894,2027-11-12,U-3204,,,
214916,001,8236766,2027-11-12,U-3204,,,
214916,001,8217007,2027-11-12,U-3204,,,
214916,001,7727963,2027-11-12,U-3204,Y,Y,
214916,001,7713937,2027-11-12,U-3204,Y,Y,
214916,001,7402564,2027-11-12,U-3204,Y,Y,
215309,001,11219624,2031-05-20,U-3229,,Y,
215904,001,8618087,2026-11-28,U-3374,,,
211710,001,11484535,2037-04-04,U-2470,,,
211710,001,11191766,2037-04-04,U-2471,,,
210557,001,11590209,2041-04-29,U-3539,,,
217639,001,10420734,2034-10-10,U-3524,,,
217639,002,10420734,2034-10-10,U-3524,,,
217639,001,7612114,2026-08-18,U-3523,Y,Y,
217639,002,7612114,2026-08-18,U-3523,Y,Y,
217171,001,11292815,2033-11-15,U-3540,Y,Y,
217171,001,10875893,2033-11-15,U-3540,Y,,
217171,001,9169307,2027-11-18,U-3541,Y,,
217171,001,9056076,2026-10-25,U-3540,,,
217171,001,8168584,2027-04-07,U-3540,,,
217171,001,8168584,2027-04-07,U-3542,,,
219616,001,11517573,2040-09-11,U-4205,,,
206966,001,7812163,2026-10-28,U-2863,,Y,
206966,001,10292389,2034-12-17,U-2863,,Y,
202811,003,10702576,2031-08-11,U-1516,,,
213227,001,10159759,2032-08-23,U-2951,,,
213227,001,10383961,2033-07-02,U-2951,,,
213721,001,10030005,2036-11-01,U-2952,Y,Y,
208254,001,10882840,2026-07-11,U-1524,,,
209241,001,10874648,2037-10-10,U-1995,,,
209241,001,10874648,2037-10-10,U-3046,,,
209241,002,10874648,2037-10-10,U-1995,,,
209241,002,10874648,2037-10-10,U-3046,,,
208259,001,10882840,2026-07-11,U-1524,,,
204410,001,10946015,2026-09-11,U-1445,,Y,
209296,001,10953018,2035-09-18,U-2161,,,
208910,001,10959947,2035-03-13,U-3105,,Y,
208910,001,10959947,2035-03-13,U-3104,,Y,
208910,001,10959948,2035-03-13,U-3105,,Y,
208910,001,10959948,2035-03-13,U-3104,,Y,
208910,001,10959949,2035-03-13,U-3104,,Y,
208910,001,10959949,2035-03-13,U-3105,,Y,
208910,002,10959947,2035-03-13,U-3104,,Y,
208910,002,10959947,2035-03-13,U-3105,,Y,
208910,002,10959948,2035-03-13,U-3104,,Y,
208910,002,10959948,2035-03-13,U-3105,,Y,
208910,002,10959949,2035-03-13,U-3105,,Y,
208910,002,10959949,2035-03-13,U-3104,,Y,
211340,001,10959991,2037-10-06,U-39,,,
211340,001,10959991,2037-10-06,U-158,,,
214517,001,10980770,2033-01-25,U-3106,,,
209394,001,9586978,2030-11-06,U-3237,,,
215110,001,9586978,2030-11-06,U-3238,,,
214958,001,11021475,2033-11-07,U-3434,,,
214958,001,RE47929,2033-11-07,U-3434,Y,Y,
214510,001,11426378,2040-08-18,U-3356,,,
211843,001,11458104,2038-11-14,U-3441,,,
211843,002,11458104,2038-11-14,U-3441,,,
204275,001,7439393,2025-05-21,U-3623,Y,Y,
204275,001,8511304,2027-06-14,U-3623,,Y,
204275,002,7439393,2025-05-21,U-3623,Y,Y,
208088,001,11433083,2030-11-30,U-1500,,,
204275,002,8511304,2027-06-14,U-3623,,Y,
204275,001,11116721,2029-02-26,U-3623,,Y,
204275,002,11116721,2029-02-26,U-3623,,Y,
208558,001,8859562,2031-08-04,U-3631,,,
208558,001,8143241,2027-08-12,U-3631,,,
208558,001,8071579,2027-08-12,U-3631,,,
208558,002,8859562,2031-08-04,U-3631,,,
208558,002,8071579,2027-08-12,U-3631,,,
208558,002,8143241,2027-08-12,U-3631,,,
214094,001,11708333,2035-03-09,U-3300,,,
214094,002,11708333,2035-03-09,U-3300,,,
211617,001,11744816,2036-03-14,U-3883,,,
211617,001,10912751,2036-03-14,U-3884,,,
217899,001,11596614,2035-03-19,U-1854,,,
217899,001,11406611,2035-03-19,U-1854,,,
217899,001,10272058,2035-03-19,U-1854,,,
217899,001,9486428,2035-03-19,U-1854,,,
213407,001,11090278,2040-05-16,U-3183,,,
212520,001,11324722,2039-12-16,U-2849,,,
202057,001,11298333,2033-06-28,U-3358,,,
202057,002,11298333,2033-06-28,U-3358,,,
211964,001,11324753,2029-09-04,U-727,,,
211964,003,11324753,2029-09-04,U-727,,,
211964,002,11324753,2029-09-04,U-727,,,
209241,001,11311532,2038-09-18,U-1995,,Y,
209241,002,11311532,2038-09-18,U-1995,,Y,
209241,003,11311532,2038-09-18,U-1995,,Y,
203922,001,9687506,2030-02-10,U-3394,,Y,
203922,001,9687506,2030-02-10,U-3395,,Y,
215498,001,11583539,2041-11-12,U-3186,,,
215498,004,11583539,2041-11-12,U-3186,,,
215498,003,11583539,2041-11-12,U-3186,,,
215498,002,11583539,2041-11-12,U-3186,,,
203045,002,8771733,2030-06-02,U-257,Y,Y,
216718,001,11091430,2029-04-20,U-3552,,,
211675,001,8962629,2031-01-15,U-3624,Y,,
211675,002,8962629,2031-01-15,U-3624,Y,,
211675,003,8962629,2031-01-15,U-3624,Y,,
215092,001,11666563,2039-07-16,U-3454,,,
216196,001,11878049,2041-07-31,U-3782,,,
216196,002,11878049,2041-07-31,U-3782,,,
216196,003,11878049,2041-07-31,U-3782,,,
218424,001,11596600,2029-07-27,U-2222,,,
213004,001,11878011,2042-05-27,U-3816,,,
211215,001,11903993,2039-05-20,U-3817,,,
218424,001,9259425,2030-07-14,U-2222,,,
218424,001,8293742,2030-07-14,U-2222,,,
218860,001,11857523,2037-03-30,U-3955,,,
218860,001,11850223,2037-03-30,U-1854,,,
218860,001,11331292,2037-03-30,U-1854,,,
218860,001,11185519,2037-03-30,U-3955,,,
209500,001,12090155,2040-07-07,U-4000,,Y,
008975,002,12102662,2043-10-27,U-3916,,,
008975,001,12102662,2043-10-27,U-3917,,,
008975,002,12102662,2043-10-27,U-3917,,,
008975,001,12102662,2043-10-27,U-3918,,,
008975,002,12102662,2043-10-27,U-3918,,,
008975,001,12102662,2043-10-27,U-3919,,,
008975,002,12102662,2043-10-27,U-3919,,,
008975,001,12102662,2043-10-27,U-3920,,,
008975,002,12102662,2043-10-27,U-3920,,,
008975,001,12102662,2043-10-27,U-3921,,,
008975,002,12102662,2043-10-27,U-3921,,,
008975,001,12102662,2043-10-27,U-3922,,,
008975,002,12102662,2043-10-27,U-3922,,,
008975,001,12102662,2043-10-27,U-3923,,,
008975,002,12102662,2043-10-27,U-3923,,,
008975,001,12102662,2043-10-27,U-3924,,,
008975,002,12102662,2043-10-27,U-3924,,,
008975,001,12102662,2043-10-27,U-3925,,,
008975,002,12102662,2043-10-27,U-3925,,,
008975,001,12102662,2043-10-27,U-3926,,,
008975,002,12102662,2043-10-27,U-3926,,,
008975,001,12102662,2043-10-27,U-3904,,,
008975,002,12102662,2043-10-27,U-3904,,,
008975,001,12102662,2043-10-27,U-3905,,,
008975,002,12102662,2043-10-27,U-3905,,,
008975,001,12102662,2043-10-27,U-3906,,,
008975,002,12102662,2043-10-27,U-3906,,,
008975,001,12102662,2043-10-27,U-3907,,,
008975,002,12102662,2043-10-27,U-3907,,,
008975,001,12102662,2043-10-27,U-3908,,,
008975,002,12102662,2043-10-27,U-3908,,,
008975,001,12102662,2043-10-27,U-3909,,,
008975,002,12102662,2043-10-27,U-3909,,,
008975,001,12102662,2043-10-27,U-3910,,,
008975,002,12102662,2043-10-27,U-3910,,,
008975,001,12102662,2043-10-27,U-3911,,,
008975,002,12102662,2043-10-27,U-3911,,,
008975,001,12102662,2043-10-27,U-3912,,,
008975,002,12102662,2043-10-27,U-3912,,,
008975,001,12102662,2043-10-27,U-3913,,,
008975,002,12102662,2043-10-27,U-3913,,,
008975,001,12102662,2043-10-27,U-3914,,,
008975,002,12102662,2043-10-27,U-3914,,,
008975,001,12102662,2043-10-27,U-3915,,,
008975,002,12102662,2043-10-27,U-3915,,,
008975,001,12102662,2043-10-27,U-3916,,,
217064,001,12201616,2039-10-25,U-3804,,,
217064,001,12201615,2039-12-25,U-3804,,,
215239,001,12201639,2040-03-17,U-3747,Y,Y,
211230,001,12209059,2026-06-07,U-2548,,,
211230,002,12209059,2026-06-07,U-2548,,,
215727,001,12233035,2033-11-01,U-4132,,,
215431,001,10702535,2036-04-11,U-4136,,,
215431,001,10702602,2036-04-11,U-1719,,,
215596,001,12213989,2042-11-18,U-4137,,,
215431,001,11013806,2036-04-11,U-1719,,,
215431,001,10722583,2036-04-11,U-1719,,,
215431,001,12128052,2040-05-28,U-1719,,,
215431,001,10987358,2036-04-11,U-1719,,,
215431,001,10729696,2036-04-11,U-1719,,,
215431,001,10688102,2036-04-11,U-1719,,,
215431,001,11865117,2036-04-11,U-1719,,,
215431,001,10729697,2036-04-11,U-1719,,,
215431,001,11617755,2036-04-11,U-1719,,,
214120,001,8846628,2030-06-03,U-2950,,Y,
214120,002,8846628,2030-06-03,U-2950,,Y,
209863,001,10912782,2035-02-19,U-2418,,Y,
209863,002,10912782,2035-02-19,U-2418,,Y,
209863,003,10912782,2035-02-19,U-2418,,Y,
204803,001,8753665,2025-09-15,U-3074,,Y,
204803,001,8846072,2025-09-15,U-3074,,Y,
204803,001,8153661,2025-09-15,U-3074,,,
214018,001,7504095,2025-01-31,U-3092,,Y,
212018,001,11077106,2038-02-02,U-3196,,,
214275,001,9284280,2030-06-25,U-1831,,,
214275,001,7205302,2026-10-31,U-1797,Y,Y,
214275,001,9173881,2029-08-12,U-1798,,,
212018,002,11077106,2038-02-02,U-3196,,,
212018,003,11077106,2038-02-02,U-3196,,,
206089,001,11564933,2039-04-12,U-1103,,,
206089,002,11564933,2039-04-12,U-1103,,,
206089,003,11564933,2039-04-12,U-1103,,,
212854,001,11571518,2041-06-14,U-3515,,Y,
212854,001,11571518,2041-06-14,U-3516,,Y,
212854,001,11571518,2041-06-14,U-3517,,Y,
213535,001,11534444,2038-10-04,U-1943,,,
211230,001,11560354,2039-03-06,U-3520,,Y,
211230,002,11560354,2039-03-06,U-3520,,Y,
211230,001,11160779,2040-03-19,U-3521,,,
211230,002,11160779,2040-03-19,U-3521,,,
208088,001,11559530,2037-11-28,U-1500,,,
214665,002,11426404,2040-09-15,U-3306,,,
214665,002,11236091,2040-05-20,U-3306,Y,Y,
208082,001,11564917,2036-03-07,U-1995,,,
208082,003,11564917,2036-03-07,U-1995,,,
208082,002,11564917,2036-03-07,U-1995,,,
216203,001,8476413,2028-05-29,U-3628,Y,Y,
216203,002,8476413,2028-05-29,U-3628,Y,Y,
216203,001,7781577,2028-05-04,U-3628,Y,Y,
216203,002,7781577,2028-05-04,U-3628,Y,Y,
209354,001,11648256,2036-06-06,U-2625,,Y,
203567,001,11654139,2034-10-02,U-1969,,,
205552,001,11672803,2031-06-03,U-1684,,,
205552,002,11672803,2031-06-03,U-2242,,,
205552,001,11672803,2031-06-03,U-2242,,,
205552,002,11672803,2031-06-03,U-2241,,,
205552,001,11672803,2031-06-03,U-2241,,,
205552,002,11672803,2031-06-03,U-1946,,,
205552,001,11672803,2031-06-03,U-1946,,,
205552,002,11672803,2031-06-03,U-1684,,,
020965,001,11690914,2038-01-12,U-3163,,,
211651,005,9820985,2029-07-27,U-2437,,,
211651,006,9820985,2029-07-27,U-2437,,,
211675,001,8962629,2031-01-15,U-3946,Y,,
211675,001,8962629,2031-01-15,U-3945,Y,,
211675,001,11512092,2036-10-17,U-3946,,,
211675,001,11365198,2036-10-17,U-3946,,,
211675,001,11773106,2036-10-17,U-3946,,,
211675,001,11976077,2036-10-17,U-3298,,,
214755,001,12128021,2037-07-21,U-4022,,,
214755,004,12128021,2037-07-21,U-4022,,,
214755,003,12128021,2037-07-21,U-4022,,,
214755,002,12128021,2037-07-21,U-4022,,,
204629,001,12115179,2030-02-11,U-4023,,,
204629,002,12115179,2030-02-11,U-4023,,,
219249,001,11760753,2036-07-01,U-4024,,,
219249,002,11760753,2036-07-01,U-4024,,,
217677,001,12138246,2043-05-19,U-3754,,,
217677,002,12138246,2043-05-19,U-3754,,,
217677,003,12138246,2043-05-19,U-3754,,,
215272,001,10426743,2036-05-19,U-4048,,,
215272,001,11612573,2036-05-19,U-4048,,,
214952,001,12186321,2038-12-24,U-3582,,Y,
212888,001,12178815,2038-07-18,U-3348,,,
212888,002,12178815,2038-07-18,U-3348,,,
218230,001,8389524,2029-02-12,U-4166,Y,Y,
211039,001,10842872,2037-11-15,U-3001,,,
213721,001,10030005,2036-11-01,U-3002,Y,Y,
209241,001,10857137,2037-10-10,U-1995,,,
209241,001,10857148,2037-10-10,U-1995,,,
209241,001,10844058,2036-10-28,U-1995,Y,Y,
209241,001,10851103,2036-10-28,U-1995,Y,Y,
209241,001,10851104,2036-10-28,U-1995,Y,,
209241,002,10851104,2036-10-28,U-1995,Y,,
209241,002,10857148,2037-10-10,U-1995,,,
209241,002,10851103,2036-10-28,U-1995,Y,Y,
209241,002,10857137,2037-10-10,U-1995,,,
209241,002,10844058,2036-10-28,U-1995,Y,Y,
205596,001,9023790,2031-07-04,U-3171,,Y,
205596,001,9358297,2031-06-24,U-3171,,Y,
212306,002,11034660,2032-07-26,U-2584,,,
212306,002,11034660,2032-07-26,U-3018,,,
212306,003,11034660,2032-07-26,U-2584,,,
212306,003,11034660,2032-07-26,U-3018,,,
212306,004,11034660,2032-07-26,U-3018,,,
212306,004,11034660,2032-07-26,U-2584,,,
212306,001,11034660,2032-07-26,U-2584,,,
212306,001,11034660,2032-07-26,U-3018,,,
215014,001,11040107,2038-04-09,U-3172,,Y,
215014,001,11040107,2038-04-09,U-3174,,Y,
215014,001,11040107,2038-04-09,U-3173,,Y,
208612,001,7838042,2027-06-01,U-3251,Y,,
213436,001,11185497,2039-01-04,U-3218,,,
212194,001,11028392,2034-10-03,U-2672,Y,Y,
207946,005,11324751,2041-05-07,U-3359,,,
207946,006,11324751,2041-05-07,U-3359,,,
215841,001,11369590,2028-08-15,U-3400,Y,Y,
214313,001,12097170,2041-03-08,U-3995,,Y,
214313,003,12097170,2041-03-08,U-3995,,Y,
214313,002,12097170,2041-03-08,U-3995,,Y,
206947,001,12083112,2036-03-03,U-3996,,,
206947,002,12083112,2036-03-03,U-3996,,,
206947,001,12083112,2036-03-03,U-3997,,,
206947,002,12083112,2036-03-03,U-3997,,,
215431,001,10729773,2036-04-11,U-1719,,,
214439,001,12226528,2041-02-24,U-3309,,Y,
214439,001,12226528,2041-02-24,U-3310,,Y,
214439,001,12226528,2041-02-24,U-3311,,Y,
215431,001,10517950,2036-04-11,U-1719,,,
215431,001,11426414,2036-04-11,U-1719,,,
215431,001,9821075,2036-04-11,U-1719,,Y,
215431,001,10029010,2036-04-11,U-4133,,,
215431,001,10137131,2036-04-11,U-1719,,Y,
215431,001,10195278,2036-04-11,U-1719,,,
215431,001,10695429,2036-04-11,U-1719,,,
215431,001,10265324,2036-04-11,U-1719,,,
215431,001,11369684,2036-04-11,U-1719,,,
215431,001,10695430,2036-04-11,U-1719,,,
215431,001,10363312,2036-04-11,U-1719,,,
215431,001,10688185,2036-04-11,U-1719,,,
215431,001,10653777,2036-04-11,U-1719,,,
215431,001,10583144,2036-04-11,U-1719,,,
215431,001,11331323,2036-04-11,U-1719,,,
215431,001,10561664,2036-04-11,U-1719,,,
215431,001,10537642,2036-04-11,U-1719,,,
215431,001,10369224,2036-04-11,U-4134,,,
215431,001,10532101,2036-04-11,U-1719,,,
215431,001,11285213,2036-04-11,U-1719,,,
215431,001,10426839,2036-04-11,U-4135,,,
215431,001,10471014,2036-04-11,U-1719,,,
215431,001,11219626,2036-04-11,U-1719,,,
215431,001,10471069,2036-04-11,U-1719,,,
215431,001,10512692,2036-04-11,U-1719,,,
215431,001,11207328,2036-04-11,U-1719,,,
215431,001,10512693,2036-04-11,U-1719,,,
215431,001,11135295,2036-04-11,U-1719,,,
215431,001,11045549,2036-04-11,U-1719,,,
215431,001,11020483,2036-04-11,U-1719,,,
215309,001,9079912,2026-12-12,U-3229,,,
215309,001,9974790,2026-12-12,U-3229,,,
215309,001,10610530,2028-06-12,U-3229,,,
215309,001,10639310,2026-12-12,U-3229,,,
215309,001,10869870,2031-05-20,U-3229,,,
207533,001,11097006,2033-10-24,U-764,,Y,
207533,002,11097006,2033-10-24,U-764,,Y,
207533,003,11097006,2033-10-24,U-764,,Y,
207533,004,11097006,2033-10-24,U-764,,Y,
208246,001,11253523,2034-03-14,U-3326,,,
208246,002,11253523,2034-03-14,U-3326,,,
022496,001,11179336,2041-01-22,U-3250,,Y,
022496,002,11179336,2041-01-22,U-3250,,Y,
213721,001,11273160,2039-04-03,U-2952,,,
208246,001,11253523,2034-03-14,U-3327,,,
208246,002,11253523,2034-03-14,U-3327,,,
208246,001,11253523,2034-03-14,U-3328,,,
208246,002,11253523,2034-03-14,U-3328,,,
208246,001,11253523,2034-03-14,U-3329,,,
208246,002,11253523,2034-03-14,U-3329,,,
208219,001,11534395,2036-01-26,U-2764,,Y,
215985,002,12005051,2037-06-07,U-3970,,,
215985,002,11992480,2037-06-07,U-3970,,,
215985,002,11819496,2037-06-07,U-3970,,,
215985,002,11129818,2037-08-25,U-3970,,,
211230,001,12064411,2042-12-30,U-3693,,,
211230,002,12064411,2042-12-30,U-3693,,,
214120,001,12053482,2029-05-14,U-2950,,,
214120,002,12053482,2029-05-14,U-2950,,,
218784,001,11844758,2035-12-04,U-3977,,,
218784,002,11844758,2035-12-04,U-3977,,,
218784,001,11345677,2039-01-16,U-3978,Y,Y,
218784,002,11345677,2039-01-16,U-3978,Y,Y,
218808,001,12128033,2041-06-09,U-4049,Y,,
218808,003,12128033,2041-06-09,U-4049,Y,,
218808,002,12128033,2041-06-09,U-4049,Y,,
209388,001,12194009,2029-12-22,U-2843,,,
209388,001,12194008,2029-12-22,U-2843,,,
209510,001,12005042,2038-02-09,U-1744,,,
209510,002,12005042,2038-02-09,U-3467,,,
209510,001,12005042,2038-02-09,U-3467,,,
209510,002,12005042,2038-02-09,U-2754,,,
209510,001,12005042,2038-02-09,U-2754,,,
209510,002,12005042,2038-02-09,U-1744,,,
202057,001,12171738,2030-02-09,U-4105,,,
202057,002,12171738,2030-02-09,U-4105,,,
213378,001,12194035,2031-08-23,U-3141,,,
213378,002,12194035,2031-08-23,U-3141,,,
213378,003,12194035,2031-08-23,U-3141,,,
213378,004,12194035,2031-08-23,U-3141,,,
215446,001,12194025,2041-11-12,U-4111,,,
219389,001,12011424,2041-02-17,U-4130,,,
219389,001,11839595,2043-03-16,U-4130,,,
219389,002,11839595,2043-03-16,U-4130,,,
219389,001,11819487,2041-02-17,U-4130,,,
219389,002,11819487,2041-02-17,U-4130,,,
219389,001,11806322,2043-04-09,U-4130,,,
219389,002,11806322,2043-04-09,U-4130,,,
219389,001,11806321,2041-02-17,U-4130,,,
219389,002,11806321,2041-02-17,U-4130,,,
219389,001,11453641,2041-02-17,U-4130,,,
219389,002,11453641,2041-02-17,U-4130,,,
219379,001,12220390,2043-03-16,U-4130,,,
219379,001,12090128,2041-02-17,U-4130,,Y,
219379,001,12037306,2041-02-17,U-4130,,,
219379,001,12029711,2044-03-15,U-4130,,Y,
219379,001,12011424,2041-02-17,U-4130,,,
219379,001,11883375,2043-03-16,U-4130,,,
219379,001,11839595,2043-03-16,U-4130,,,
219379,001,11819487,2041-02-17,U-4130,,,
219379,001,11806322,2043-04-09,U-4130,,,
219379,001,11806321,2041-02-17,U-4130,,,
218772,001,12156869,2041-10-07,U-4158,,Y,
218772,001,12156869,2041-10-07,U-4159,,Y,
218772,001,12156869,2041-10-07,U-4160,,Y,
215358,001,12252479,2040-05-17,U-1374,,,
215358,003,12252479,2040-05-17,U-1374,,,
215358,002,12252479,2040-05-17,U-1374,,,
212306,005,11787771,2032-07-26,U-2855,,,
212306,005,11787771,2032-07-26,U-3018,,,
212306,005,11787771,2032-07-26,U-2584,,,
212306,005,9079865,2032-07-26,U-2855,,,
212306,005,9079865,2032-07-26,U-3018,,,
212306,005,9079865,2032-07-26,U-2584,,,
217900,001,12285432,2042-08-11,U-3976,,,
218860,001,12310935,2037-03-30,U-1854,,,
218860,001,12295928,2037-03-30,U-1854,,,
218860,001,12295927,2037-03-30,U-1854,,,
215430,001,12310961,2043-01-20,U-3419,,,
209388,001,8334281,2030-05-16,U-2843,,Y,
022201,001,10695398,2032-04-27,U-1895,,,
022201,002,10695398,2032-04-27,U-1895,,,
022416,001,10702536,2025-05-06,U-2501,,,
022416,002,10702536,2025-05-06,U-2501,,,
022416,003,10702536,2025-05-06,U-2501,,,
022416,004,10702536,2025-05-06,U-2501,,,
203284,001,10668040,2030-09-22,U-1816,,,
216285,001,10603281,2031-06-28,U-2553,,,
209482,001,11090294,2030-11-29,U-3202,,,
203975,001,11090294,2030-11-29,U-3203,,,
216285,001,10849857,2031-06-28,U-2553,,Y,
022496,001,11426348,2041-01-22,U-3380,,Y,
022496,002,11426348,2041-01-22,U-3380,,Y,
214679,001,11433046,2040-08-21,U-3413,,,
214679,001,11433046,2040-08-21,U-3414,,,
214679,001,11433046,2040-08-21,U-3415,,,
214628,001,11413259,2038-01-30,U-3461,,Y,
214628,003,11413259,2038-01-30,U-3461,,Y,
214628,002,11413259,2038-01-30,U-3461,,Y,
214628,001,10420735,2038-01-30,U-3461,,Y,
214628,003,10420735,2038-01-30,U-3461,,Y,
214628,002,10420735,2038-01-30,U-3461,,Y,
214628,001,10226436,2038-01-30,U-3461,,Y,
214628,003,10226436,2038-01-30,U-3461,,Y,
214628,002,10226436,2038-01-30,U-3461,,Y,
210598,001,11484531,2039-10-23,U-2440,,,
209988,001,11433044,2034-04-03,U-3462,,,
209988,001,9884039,2034-04-03,U-3462,,,
204447,001,11458134,2027-06-15,U-3463,,Y,
204447,002,11458134,2027-06-15,U-3463,,Y,
204447,003,11458134,2027-06-15,U-3463,,Y,
204447,004,11458134,2027-06-15,U-3463,,Y,
207924,001,9737469,2031-11-02,U-3500,,,
207924,002,9737469,2031-11-02,U-3500,,,
207924,003,9737469,2031-11-02,U-3500,,,
211675,001,11524964,2036-10-17,U-3371,,,
215309,001,11510923,2040-09-04,U-3505,,,
216386,001,8481546,2031-10-07,U-3555,Y,Y,
213217,001,11701357,2039-06-24,U-3860,,,
217779,001,9388416,2025-09-09,U-3956,,,
217779,002,9388416,2025-09-09,U-3956,,,
217779,001,9388415,2025-09-09,U-3956,,,
217779,002,9388415,2025-09-09,U-3956,,,
217779,001,9375485,2033-03-15,U-3956,,,
217779,002,9375485,2033-03-15,U-3956,,,
216793,001,11992486,2037-07-28,U-2830,,,
216793,002,11992486,2037-07-28,U-2830,,,
216793,001,11986469,2037-07-28,U-2830,,,
216793,002,11986469,2037-07-28,U-2830,,,
216793,001,11986468,2037-07-28,U-2830,,,
216793,002,11986468,2037-07-28,U-2830,,,
215431,001,11826370,2036-04-11,U-1719,,,
215431,001,10940153,2036-04-11,U-1719,,,
215431,001,11602563,2036-04-11,U-1719,,,
215431,001,11806354,2036-04-11,U-1719,,,
215431,001,11510927,2036-04-11,U-1719,,,
215431,001,10933137,2036-04-11,U-1719,,,
215431,001,11504429,2036-04-11,U-1719,,,
215431,001,11471464,2036-04-11,U-1719,,,
215431,001,10933136,2036-04-11,U-1719,,,
215431,001,11801250,2036-04-11,U-1719,,,
215431,001,10799588,2036-04-11,U-1719,,,
215431,001,10780165,2036-04-11,U-1719,,,
215431,001,10821181,2036-04-11,U-1719,,,
215431,001,11759522,2036-04-11,U-1719,,,
215431,001,10758618,2036-04-11,U-1719,,,
215431,001,10918722,2036-04-11,U-1719,,,
215431,001,11738085,2036-04-11,U-1719,,,
215431,001,11013805,2036-04-11,U-1719,,,
215431,001,11712441,2036-04-11,U-1719,,,
215431,001,10905693,2036-04-11,U-1719,,,
215431,001,11628173,2036-04-11,U-1719,,,
215431,001,10894053,2036-04-11,U-1719,,,
215431,001,11617791,2036-04-11,U-1719,,,
215431,001,10821182,2036-04-11,U-1719,,,
215431,001,11617756,2036-04-11,U-1719,,,
215431,001,11607456,2036-04-11,U-1719,,,
215431,001,11571428,2036-04-11,U-1719,,,
215431,001,11471465,2036-04-11,U-1719,,,
215431,001,10780166,2036-04-11,U-1719,,,
215431,001,10758617,2036-04-11,U-1719,,,
213051,001,12239739,2034-05-02,U-2628,Y,Y,
213051,002,12239739,2034-05-02,U-2628,Y,Y,
213051,003,12239739,2034-05-02,U-2628,Y,Y,
213051,004,12239739,2034-05-02,U-2628,Y,Y,
213051,005,12239739,2034-05-02,U-2628,Y,Y,
211723,001,9889138,2035-10-16,U-2852,,,
211723,001,9889138,2035-10-16,U-2853,,,
211723,001,8765732,2031-09-12,U-2852,,,
211723,001,8765732,2031-09-12,U-2853,,,
211723,001,9549931,2031-09-12,U-2853,,,
211723,001,9549931,2031-09-12,U-2852,,,
211723,001,9334527,2031-09-12,U-2852,,,
211723,001,9333217,2031-09-12,U-2852,,,
211723,001,8691507,2031-09-12,U-2852,,,
211723,001,9394283,2033-04-11,U-2852,Y,Y,
211723,001,9394283,2033-04-11,U-2853,Y,Y,
211723,001,9175331,2031-09-12,U-2852,,,
211723,001,8895245,2031-09-12,U-2852,,,
211723,001,9949999,2031-09-12,U-2851,,,
211723,001,10245269,2033-04-11,U-2851,,,
211723,001,10245269,2033-04-11,U-2854,,,
211723,001,10369155,2035-10-16,U-2853,,,
211723,001,10369155,2035-10-16,U-2852,,,
211723,001,10420775,2031-09-12,U-2852,,,
211723,001,10420775,2031-09-12,U-2853,,,
210491,001,8354427,2026-07-06,U-3021,,,
210491,002,8354427,2026-07-06,U-3021,,,
210491,001,10081621,2031-03-25,U-3024,,Y,
210491,001,10081621,2031-03-25,U-3025,,Y,
210491,002,10081621,2031-03-25,U-3024,,Y,
210491,002,10081621,2031-03-25,U-3025,,Y,
210491,001,10206877,2035-04-14,U-3027,,Y,
210491,001,10206877,2035-04-14,U-3026,,Y,
210491,002,10206877,2035-04-14,U-3026,,Y,
210491,002,10206877,2035-04-14,U-3027,,Y,
212273,001,8324242,2027-08-05,U-3028,,,
212273,001,8415387,2027-11-12,U-3028,,,
212273,001,8598181,2027-05-01,U-3028,,,
212273,001,8354427,2026-07-06,U-3029,,,
212273,001,8629162,2025-06-24,U-3030,,,
212273,001,9670163,2026-12-28,U-3031,,Y,
212273,001,9931334,2026-12-28,U-3031,,Y,
212273,001,9974781,2027-04-09,U-3028,,Y,
212273,001,10081621,2031-03-25,U-3032,,Y,
210491,001,10058546,2033-07-15,U-3023,,,
210491,001,10058546,2033-07-15,U-3022,,,
210491,002,10058546,2033-07-15,U-3022,,,
210491,002,10058546,2033-07-15,U-3023,,,
212887,001,8410103,2026-04-28,U-3061,Y,Y,
214377,001,9993476,2031-05-19,U-3062,,,
214377,001,8921377,2031-05-19,U-3062,,,
214377,001,9604948,2032-11-26,U-3062,Y,Y,
214377,002,8921377,2031-05-19,U-3062,,,
214377,002,9993476,2031-05-19,U-3062,,,
214377,002,9604948,2032-11-26,U-3062,Y,Y,
214377,003,9993476,2031-05-19,U-3062,,,
214377,003,8921377,2031-05-19,U-3062,,,
214377,003,9604948,2032-11-26,U-3062,Y,Y,
204063,001,10391160,2035-03-13,U-3148,,,
208558,001,8859562,2031-08-04,U-2103,,,
204063,001,10959972,2035-11-16,U-1384,,,
204063,002,10391160,2035-03-13,U-3148,,,
208558,001,8859562,2031-08-04,U-2833,,,
204063,002,10959972,2035-11-16,U-1384,,,
204063,001,10555993,2035-03-13,U-3148,,,
204063,002,10555993,2035-03-13,U-3148,,,
208558,002,8859562,2031-08-04,U-2103,,,
208558,002,8859562,2031-08-04,U-2833,,,
208558,001,8071579,2027-08-12,U-2716,,,
208558,001,8071579,2027-08-12,U-2483,,,
208558,001,8071579,2027-08-12,U-2482,,,
208558,002,8071579,2027-08-12,U-2482,,,
208558,002,8071579,2027-08-12,U-2483,,,
208558,002,8071579,2027-08-12,U-2716,,,
211970,001,10995337,2025-06-28,U-2675,,Y,
202192,001,8829013,2028-06-12,U-1622,,,
202192,001,8829013,2028-06-12,U-1201,,,
202192,002,8829013,2028-06-12,U-1201,,,
202192,002,8829013,2028-06-12,U-1622,,,
202192,003,8829013,2028-06-12,U-1201,,,
202192,003,8829013,2028-06-12,U-1622,,,
202192,004,8829013,2028-06-12,U-1622,,,
202192,004,8829013,2028-06-12,U-1201,,,
202192,005,8829013,2028-06-12,U-1622,,,
202192,005,8829013,2028-06-12,U-1201,,,
213426,001,10548909,2030-04-19,U-3244,,,
216387,001,11059829,2036-07-01,U-2145,Y,Y,
216387,001,11059829,2036-07-01,U-2671,Y,Y,
216387,001,11059829,2036-07-01,U-2670,Y,Y,
216387,001,11059829,2036-07-01,U-2669,Y,Y,
216387,001,11059829,2036-07-01,U-2668,Y,Y,
216387,001,11059829,2036-07-01,U-2667,Y,Y,
216387,001,11059829,2036-07-01,U-2666,Y,Y,
213189,001,7851470,2029-02-02,U-3015,Y,Y,
213189,001,10617693,2038-03-12,U-3015,,,
208065,001,8946235,2032-08-08,U-3016,Y,Y,
208065,001,9732058,2032-07-25,U-3016,Y,Y,
208065,001,10183020,2035-01-02,U-3016,,Y,
208065,002,8946235,2032-08-08,U-3016,Y,Y,
208065,002,9732058,2032-07-25,U-3016,Y,Y,
208065,002,10183020,2035-01-02,U-3016,,Y,
213176,001,10072013,2033-07-02,U-3063,,,
213176,001,10072013,2033-07-02,U-3064,,,
213176,001,9969740,2035-05-26,U-3064,Y,Y,
213176,001,9969740,2035-05-26,U-3063,Y,Y,
213176,001,10570142,2033-07-02,U-3064,Y,Y,
213176,001,10570142,2033-07-02,U-3063,Y,Y,
213176,001,10414773,2035-05-26,U-3063,Y,Y,
213176,001,10414773,2035-05-26,U-3064,Y,Y,
213176,001,9669033,2033-07-02,U-3063,,,
213176,001,9669033,2033-07-02,U-3064,,,
211340,001,10894039,2037-10-06,U-3,,,
211340,001,10894039,2037-10-06,U-185,,,
212614,001,11090323,2034-04-03,U-3192,,,
212614,002,11090323,2034-04-03,U-3192,,,
212614,003,11090323,2034-04-03,U-3192,,,
212614,004,11090323,2034-04-03,U-3192,,,
204629,001,11090323,2034-04-03,U-3191,,,
204629,002,11090323,2034-04-03,U-3191,,,
213227,001,11160888,2032-08-23,U-2951,,,
209589,001,11191753,2034-06-23,U-3261,,,
206089,001,11179403,2030-04-12,U-2506,,,
206089,003,11179403,2030-04-12,U-2506,,,
206089,002,11179403,2030-04-12,U-2506,,,
213378,001,11185541,2031-08-23,U-3140,,,
213378,002,11185541,2031-08-23,U-3140,,,
213378,003,11185541,2031-08-23,U-3140,,,
213378,004,11185541,2031-08-23,U-3140,,,
216157,001,11020382,2036-12-02,U-3133,,,
216157,001,11020382,2036-12-02,U-3134,,,
216157,001,9248199,2034-01-29,U-2676,,,
216157,001,9248199,2034-01-29,U-2715,,,
204485,005,10010575,2035-01-30,U-1857,,,
204485,005,9981006,2035-01-30,U-1857,,,
204485,005,9974827,2035-01-30,U-1857,,,
204485,005,9968649,2035-01-30,U-1857,,,
204485,005,9962422,2035-01-30,U-1857,,,
204485,005,9925234,2035-01-30,U-1857,,,
204485,005,9925233,2035-01-30,U-1857,,,
203567,001,11213519,2028-01-03,U-2720,,,
210933,001,11219596,2033-05-03,U-2985,,,
215430,001,11382874,2034-11-05,U-3419,,,
215430,001,11364233,2034-11-05,U-3419,,,
215430,001,9457025,2034-11-05,U-3419,,,
215430,001,10058518,2034-11-05,U-3419,,,
215430,001,9278095,2034-11-05,U-3419,,,
215430,001,9867819,2034-11-05,U-3419,,,
215430,001,9168234,2034-11-05,U-3419,,,
215430,001,9861595,2034-11-05,U-3419,,,
215430,001,8569328,2033-10-29,U-3419,,Y,
215430,001,9700553,2034-11-05,U-3419,,,
215430,001,11357744,2034-11-05,U-3419,,,
215430,001,11344544,2034-11-05,U-3419,,,
215430,001,9486450,2034-11-05,U-3419,,,
215430,001,9474731,2034-11-05,U-3419,,,
215430,001,9375429,2034-11-05,U-3419,,,
215430,001,9421176,2034-11-05,U-3419,,,
215430,001,9408815,2034-11-05,U-3419,,,
215430,001,9763932,2034-11-05,U-3419,,,
215430,001,11311534,2034-11-05,U-3419,,,
215430,001,9205083,2034-11-05,U-3419,,,
215430,001,9707191,2034-11-05,U-3419,,,
215430,001,10898453,2034-11-05,U-3419,,,
215430,001,11433067,2034-11-05,U-3419,,Y,
215430,001,9700528,2034-11-05,U-3419,,,
215430,001,9370513,2034-11-05,U-3419,,,
215430,001,9457023,2034-11-05,U-3419,,,
215430,001,9238032,2034-11-05,U-3419,,,
215430,001,11096937,2034-11-05,U-3419,,,
215430,001,11298352,2034-11-05,U-3419,,,
215430,001,10966941,2034-11-05,U-3419,,,
215430,001,11298351,2034-11-05,U-3419,,,
215430,001,11090300,2034-11-05,U-3419,,,
215430,001,10894047,2034-11-05,U-3419,,,
215430,001,10064857,2034-11-05,U-3419,,,
215430,001,11291665,2034-11-05,U-3419,,,
215430,001,10780066,2034-11-09,U-3419,,,
215430,001,10780064,2040-01-07,U-3419,,,
215430,001,11291638,2034-11-05,U-3419,,,
215430,001,10786469,2034-11-05,U-3419,,,
215430,001,11253492,2034-11-05,U-3419,,,
215430,001,10881657,2034-11-05,U-3419,,,
215430,001,10874663,2034-11-05,U-3419,,,
215430,001,10799497,2034-11-05,U-3419,,,
215430,001,11058648,2034-11-05,U-3419,,,
215430,001,11273133,2034-11-05,U-3419,,,
215430,001,10864209,2034-11-05,U-3419,,,
215430,001,10806710,2034-11-05,U-3419,,,
215430,001,10881624,2034-11-05,U-3419,,,
215430,001,10786496,2034-11-05,U-3419,,,
215430,001,11020389,2034-11-05,U-3419,,,
215430,001,11185515,2034-11-05,U-3419,,,
215430,001,10945973,2034-11-05,U-3419,,,
215430,001,10966942,2040-01-07,U-3419,,,
215430,001,11285146,2034-11-05,U-3419,,,
215430,001,11285118,2034-11-05,U-3419,,,
209627,001,10780047,2039-02-01,U-2787,,,
209627,001,10780047,2039-02-01,U-2786,,,
210296,001,10918615,2035-02-27,U-1384,,Y,
210296,001,10918616,2035-02-27,U-1384,,,
214187,001,8575135,2032-11-16,U-1470,Y,Y,
214187,001,8580765,2028-03-21,U-1470,Y,Y,
214187,001,8334270,2028-03-21,U-1470,Y,Y,
214187,001,7964580,2029-03-26,U-1470,Y,Y,
214187,002,8575135,2032-11-16,U-1470,Y,Y,
214187,002,8334270,2028-03-21,U-1470,Y,Y,
214187,002,7964580,2029-03-26,U-1470,Y,Y,
214187,002,8580765,2028-03-21,U-1470,Y,Y,
214187,001,8889159,2029-03-26,U-1470,,Y,
214187,001,8735372,2028-03-21,U-1470,,,
214187,001,8921341,2032-11-16,U-1470,Y,Y,
214187,001,8633309,2029-03-26,U-1470,Y,Y,
214187,001,8618076,2030-12-11,U-1470,Y,Y,
214187,002,8889159,2029-03-26,U-1470,,Y,
214187,002,8921341,2032-11-16,U-1470,Y,Y,
214187,002,8633309,2029-03-26,U-1470,Y,Y,
214187,002,8735372,2028-03-21,U-1470,,,
214187,002,8618076,2030-12-11,U-1470,Y,Y,
214187,001,9284342,2030-09-13,U-1470,Y,Y,
214187,001,8940718,2032-11-16,U-1470,Y,Y,
214187,001,9085573,2028-03-21,U-1470,Y,Y,
214187,002,9085573,2028-03-21,U-1470,Y,Y,
214187,002,8940718,2032-11-16,U-1470,Y,Y,
214187,002,9284342,2030-09-13,U-1470,Y,Y,
210566,001,11020407,2036-11-30,U-3143,,Y,
212273,001,8324242,2027-08-05,U-3144,,,
212273,002,8324242,2027-08-05,U-3144,,,
212273,002,8354427,2026-07-06,U-3145,,,
212273,001,8354427,2026-07-06,U-3145,,,
212273,001,8415387,2027-11-12,U-3144,,,
212273,002,8415387,2027-11-12,U-3144,,,
212273,001,8598181,2027-05-01,U-3144,,,
212273,002,8598181,2027-05-01,U-3144,,,
212273,001,8629162,2025-06-24,U-3146,,,
212273,002,8629162,2025-06-24,U-3146,,,
212273,001,9012496,2033-07-15,U-3154,,,
212273,002,9012496,2033-07-15,U-3154,,,
212273,001,9670163,2026-12-28,U-3155,,Y,
212273,002,9670163,2026-12-28,U-3155,,Y,
212273,001,9931334,2026-12-28,U-3155,,Y,
212273,002,9931334,2026-12-28,U-3155,,Y,
212273,001,9974781,2027-04-09,U-3144,,Y,
212273,002,9974781,2027-04-09,U-3144,,Y,
212273,001,10022352,2027-04-09,U-3156,,Y,
212273,002,10022352,2027-04-09,U-3156,,Y,
212273,001,10081621,2031-03-25,U-3157,,Y,
212273,002,10081621,2031-03-25,U-3157,,Y,
212273,001,10239867,2027-04-09,U-3158,Y,Y,
212273,002,10239867,2027-04-09,U-3158,Y,Y,
212273,001,10758534,2035-10-06,U-3144,Y,Y,
212273,002,10758534,2035-10-06,U-3144,Y,Y,
212273,001,11179367,2037-12-08,U-3253,,Y,
212273,002,11179367,2037-12-08,U-3253,,Y,
209363,001,11000507,2035-09-04,U-3302,,Y,
209363,001,11000507,2035-09-04,U-3270,,Y,
209363,001,11020377,2035-09-04,U-3302,,Y,
209363,001,11020377,2035-09-04,U-3270,,Y,
209363,001,11000508,2035-09-04,U-3302,,Y,
209363,001,11000508,2035-09-04,U-3270,,Y,
209363,001,10682338,2035-09-04,U-3270,,Y,
209363,001,10849884,2035-09-04,U-3270,,Y,
209363,001,10849884,2035-09-04,U-3302,,Y,
209363,001,10335390,2035-09-04,U-3270,,Y,
209363,001,10857133,2035-09-04,U-3270,,Y,
206089,001,11331325,2027-01-06,U-2506,,,
206089,002,11331325,2027-01-06,U-2506,,,
206089,003,11331325,2027-01-06,U-2506,,,
209637,004,10335462,2033-06-21,U-2580,,Y,
209637,004,8129343,2031-12-05,U-3469,Y,Y,
209637,004,8536122,2026-03-20,U-3469,Y,Y,
212849,001,10406161,2032-04-10,U-3513,,Y,
212849,004,10406161,2032-04-10,U-3513,,Y,
212849,003,10406161,2032-04-10,U-3513,,Y,
212849,002,10406161,2032-04-10,U-3513,,Y,
212849,001,10098882,2032-04-10,U-3513,,Y,
212849,002,10098882,2032-04-10,U-3513,,Y,
212849,003,10098882,2032-04-10,U-3513,,Y,
212849,004,10098882,2032-04-10,U-3513,,Y,
212849,001,9532991,2032-04-10,U-3513,,Y,
212849,004,9532991,2032-04-10,U-3513,,Y,
212849,003,9532991,2032-04-10,U-3513,,Y,
212849,002,9532991,2032-04-10,U-3513,,Y,
212849,001,9446135,2032-04-10,U-3513,,Y,
212849,002,9446135,2032-04-10,U-3513,,Y,
212849,003,9446135,2032-04-10,U-3513,,Y,
212849,004,9446135,2032-04-10,U-3513,,Y,
216059,001,10918622,2036-12-16,U-3518,,,
216059,002,10918622,2036-12-16,U-3518,,,
216059,001,10695323,2036-12-16,U-3518,Y,Y,
216059,002,10695323,2036-12-16,U-3518,Y,Y,
216059,001,10464905,2036-12-16,U-3518,,,
216059,002,10464905,2036-12-16,U-3518,,,
214373,001,10533032,2031-07-03,U-2214,,,
214373,001,8802637,2028-08-22,U-2214,Y,Y,
021064,002,10583208,2037-03-16,U-665,,,
021064,002,10588988,2037-05-04,U-665,,,
021064,002,9789210,2037-03-16,U-665,,,
021064,002,10583207,2035-12-28,U-665,,,
214200,001,9487530,2034-03-14,U-3079,,,
214200,001,9487530,2034-03-14,U-3080,,,
214200,001,10085992,2034-03-14,U-3081,,,
209195,001,8957046,2028-03-21,U-2040,,,
209195,001,8957046,2028-03-21,U-2039,,,
208944,001,11197835,2030-12-02,U-2106,,,
208944,002,11197835,2030-12-02,U-2106,,,
214028,001,11285134,2039-04-24,U-3252,,,
208082,001,11357772,2036-03-07,U-1995,,,
208082,002,11357772,2036-03-07,U-1995,,,
208082,003,11357772,2036-03-07,U-1995,,,
208082,001,11357772,2036-03-07,U-3055,,,
208082,002,11357772,2036-03-07,U-3055,,,
208082,003,11357772,2036-03-07,U-3055,,,
212295,001,10961250,2027-07-10,U-2968,,Y,
209510,001,11357753,2038-02-09,U-2754,,,
209510,002,11357753,2038-02-09,U-2754,,,
211746,001,11400101,2034-09-04,U-3297,,,
203340,002,11413277,2038-04-16,U-2804,,Y,
213973,001,11426390,2040-08-12,U-3416,,,
211988,001,11413350,2035-04-20,U-3417,,,
211988,004,11413350,2035-04-20,U-3417,,,
211988,003,11413350,2035-04-20,U-3417,,,
211988,002,11413350,2035-04-20,U-3417,,,
208912,001,11097061,2039-06-23,U-3418,,Y,
215430,001,10596167,2034-11-05,U-3419,,,
215430,001,11439636,2034-11-05,U-3419,,,
215430,001,9314462,2034-11-05,U-3419,,,
215430,001,9198905,2034-11-05,U-3419,,,
215430,001,11426401,2034-11-05,U-3419,,,
215430,001,11426370,2034-11-05,U-3419,,,
215430,001,11419867,2034-11-05,U-3419,,,
209471,001,11534407,2039-02-27,U-3553,,Y,
209471,001,11197830,2039-02-27,U-3553,,Y,
209471,001,10532036,2025-09-22,U-3553,,,
206192,001,11597699,2026-10-05,U-3554,,,
214487,001,11603356,2041-05-29,U-3558,Y,Y,
213051,006,12239739,2034-05-02,U-2628,Y,Y,
213051,004,8536122,2026-03-20,U-2628,Y,Y,
213051,006,8536122,2026-03-20,U-2628,Y,Y,
213051,005,8536122,2026-03-20,U-2628,Y,Y,
213051,004,8129343,2031-12-05,U-2628,Y,Y,
213051,005,8129343,2031-12-05,U-2628,Y,Y,
213051,006,8129343,2031-12-05,U-2628,Y,Y,
213973,001,12295944,2040-08-12,U-4183,,,
022496,001,12296047,2041-01-22,U-4184,,Y,
022496,002,12296047,2041-01-22,U-4184,,Y,
212832,004,11925661,2041-10-12,U-4185,,Y,
212832,005,11925661,2041-10-12,U-4185,,Y,
212832,004,11813291,2041-10-12,U-4185,,Y,
212832,005,11813291,2041-10-12,U-4185,,Y,
205108,001,12290495,2034-04-01,U-2096,,,
205108,001,12290495,2034-04-01,U-2494,,,
214510,001,12295935,2040-12-27,U-3356,,,
214902,001,12295935,2040-12-27,U-3987,,,
211635,001,12324852,2032-10-16,U-4173,,,
211635,001,12337061,2032-06-13,U-4173,,,
211635,002,12324852,2032-10-16,U-4173,,,
211635,002,12337061,2032-06-13,U-4173,,,
211635,003,12324852,2032-10-16,U-4173,,,
211635,003,12337061,2032-06-13,U-4173,,,
022416,001,10695354,2025-05-06,U-2831,,,
022416,001,10695354,2025-05-06,U-2501,,,
022416,002,10695354,2025-05-06,U-2501,,,
022416,002,10695354,2025-05-06,U-2831,,,
022416,003,10695354,2025-05-06,U-2831,,,
022416,003,10695354,2025-05-06,U-2501,,,
022416,004,10695354,2025-05-06,U-2831,,,
022416,004,10695354,2025-05-06,U-2501,,,
202324,001,10570202,2035-02-03,U-2844,,,
202324,002,10570202,2035-02-03,U-2844,,,
210455,001,10786518,2038-07-19,U-2978,,,
205677,001,10945988,2033-01-25,U-2149,,,
213217,001,9447106,2034-04-22,U-1745,Y,Y,
213217,001,10570139,2034-04-22,U-1745,,,
210656,001,11168066,2036-04-13,U-3254,,,
210656,002,11168066,2036-04-13,U-3254,,,
211109,002,8796245,2029-08-07,U-2380,,,
216387,001,10272083,2035-01-21,U-2519,,,
209241,001,10952997,2037-10-10,U-1995,,,
209241,001,10940141,2040-08-10,U-1995,,,
209241,002,10952997,2037-10-10,U-1995,,,
209241,002,10940141,2040-08-10,U-1995,,,
213217,001,9447106,2034-04-22,U-3063,Y,Y,
216387,001,10272083,2035-01-21,U-2682,,,
216387,001,10272083,2035-01-21,U-2683,,,
216387,001,10272083,2035-01-21,U-2684,,,
216387,001,10272083,2035-01-21,U-2685,,,
216387,001,10272083,2035-01-21,U-2686,,,
216387,001,10272083,2035-01-21,U-2687,,,
202971,001,11344547,2033-09-24,U-1632,,,
202971,002,11344547,2033-09-24,U-1632,,,
202971,003,11344547,2033-09-24,U-1632,,,
202971,004,11344547,2033-09-24,U-1632,,,
209445,001,9238657,2033-11-14,U-3470,Y,Y,
209445,001,9238657,2033-11-14,U-3471,Y,Y,
214200,001,11529352,2039-07-23,U-3504,,,
019734,003,11547758,2027-04-18,U-1029,,,
019734,004,11547758,2027-04-18,U-1029,,,
209360,003,11559559,2034-12-18,U-3514,,,
209360,001,11559559,2034-12-18,U-3514,,,
209360,002,11559559,2034-12-18,U-3514,,,
206947,001,11090386,2036-02-23,U-3519,,,
206947,002,11090386,2036-02-23,U-3519,,,
209363,001,11602522,2035-09-04,U-3169,,Y,
209363,001,11602522,2035-09-04,U-3302,,Y,
208144,001,11596600,2029-07-27,U-2222,,,
215309,001,11602536,2041-05-05,U-3550,,,
215309,001,11590138,2040-06-10,U-3551,,,
215309,001,11590137,2040-09-04,U-3505,,,
215309,001,11590136,2031-05-20,U-3229,,,
215309,001,11590136,2031-05-20,U-3404,,,
208743,001,11680942,2040-01-10,U-3322,,,
216774,001,11072586,2038-11-05,U-3936,Y,Y,
216774,004,11072586,2038-11-05,U-3937,Y,Y,
216774,003,11072586,2038-11-05,U-3937,Y,Y,
216774,002,11072586,2038-11-05,U-3937,Y,Y,
216774,001,11072586,2038-11-05,U-3937,Y,Y,
216774,004,11072586,2038-11-05,U-3938,Y,Y,
216774,003,11072586,2038-11-05,U-3938,Y,Y,
216774,002,11072586,2038-11-05,U-3938,Y,Y,
216774,001,11072586,2038-11-05,U-3938,Y,Y,
216774,004,11072586,2038-11-05,U-3936,Y,Y,
216774,003,11072586,2038-11-05,U-3936,Y,Y,
216774,002,11072586,2038-11-05,U-3936,Y,Y,
200063,001,11998542,2034-07-02,U-1583,,,
216352,001,11666573,2039-09-24,U-3968,,,
216352,006,11666573,2039-09-24,U-3969,,,
216352,005,11666573,2039-09-24,U-3969,,,
216352,004,11666573,2039-09-24,U-3969,,,
216352,003,11666573,2039-09-24,U-3969,,,
216352,002,11666573,2039-09-24,U-3969,,,
216352,001,11666573,2039-09-24,U-3969,,,
216352,006,11666573,2039-09-24,U-3968,,,
216352,005,11666573,2039-09-24,U-3968,,,
216352,004,11666573,2039-09-24,U-3968,,,
216352,003,11666573,2039-09-24,U-3968,,,
216352,002,11666573,2039-09-24,U-3968,,,
211230,001,12090126,2042-12-30,U-3693,,,
211230,002,12090126,2042-12-30,U-3693,,,
008975,002,12233105,2043-10-27,U-3912,,,
008975,002,12233105,2043-10-27,U-3913,,,
008975,002,12233105,2043-10-27,U-3914,,,
008975,002,12233105,2043-10-27,U-3915,,,
008975,002,12233105,2043-10-27,U-3916,,,
008975,002,12233105,2043-10-27,U-3917,,,
008975,002,12233105,2043-10-27,U-3918,,,
008975,002,12233105,2043-10-27,U-3919,,,
008975,002,12233105,2043-10-27,U-3920,,,
008975,002,12233105,2043-10-27,U-3921,,,
008975,002,12233105,2043-10-27,U-3922,,,
008975,002,12233105,2043-10-27,U-3923,,,
008975,002,12233105,2043-10-27,U-3924,,,
008975,002,12233105,2043-10-27,U-3925,,,
008975,002,12233105,2043-10-27,U-3926,,,
206947,001,12226409,2038-05-15,U-4146,,,
206947,002,12226409,2038-05-15,U-4146,,,
214410,002,10633397,2036-04-27,U-3000,,,
214410,002,10633397,2036-04-27,U-2816,,,
214410,003,10633397,2036-04-27,U-3000,,,
214410,003,10633397,2036-04-27,U-2816,,,
214410,002,11306106,2037-08-09,U-3000,,,
200063,001,11139056,2033-06-05,U-1583,,,
200063,001,10403170,2033-06-05,U-1583,,,
200063,001,9633575,2033-06-25,U-1583,,,
210365,001,11207292,2039-04-26,U-3235,Y,,
210365,001,11207292,2039-04-26,U-3277,Y,,
210365,001,11207292,2039-04-26,U-3236,Y,,
022483,001,11202752,2030-04-30,U-1455,,,
022483,001,11202752,2030-04-30,U-172,,,
210565,001,11219597,2033-05-03,U-3278,,,
210565,001,11219597,2033-05-03,U-3279,,,
213978,001,11224598,2035-10-19,U-1900,,,
215430,001,10772850,2034-11-05,U-3419,,,
215430,001,10940124,2040-01-07,U-3419,,,
215430,001,11273134,2034-11-05,U-3419,,,
215430,001,11253491,2034-11-05,U-3419,,,
215430,001,11234946,2034-11-05,U-3419,,,
215430,001,10548857,2034-11-05,U-3419,,,
215430,001,11229640,2034-11-05,U-3419,,,
215430,001,10874665,2034-11-05,U-3419,,,
215430,001,10933034,2034-11-05,U-3419,,,
215430,001,10251879,2034-11-05,U-3419,,,
215430,001,10925842,2040-01-07,U-3419,,,
215430,001,10092561,2034-11-05,U-3419,,,
215430,001,10894046,2034-11-05,U-3419,,,
215430,001,11191739,2034-11-05,U-3419,,Y,
215430,001,10874664,2034-11-05,U-3419,,,
215430,001,10080727,2034-11-05,U-3419,,,
215430,001,11197839,2034-11-05,U-3419,,Y,
215430,001,11147808,2034-11-05,U-3419,,,
215430,001,11207281,2034-11-05,U-3419,,,
215430,001,11141416,2034-11-05,U-3419,,,
215430,001,11141388,2034-11-05,U-3419,,,
215430,001,11213521,2034-11-05,U-3419,,,
215430,001,11129826,2034-11-05,U-3419,,,
215430,001,11123343,2034-11-05,U-3419,,,
215430,001,10966974,2034-11-05,U-3419,,,
215430,001,10512643,2034-11-05,U-3419,,,
215430,001,10463634,2034-11-05,U-3419,,,
215430,001,10105361,2034-11-05,U-3419,,,
215430,001,10105327,2034-11-05,U-3419,,,
215430,001,10092560,2034-11-05,U-3419,,,
209776,001,11376237,2039-04-06,U-3421,,,
213973,001,11433056,2040-08-12,U-3423,,,
214665,001,11426404,2040-09-15,U-3306,,,
201656,001,11419914,2030-06-15,U-3431,,,
201656,002,11419914,2030-06-15,U-3431,,,
022496,002,11452691,2041-01-22,U-3439,,Y,
214439,001,11458095,2041-02-24,U-3309,,Y,
214439,001,11458095,2041-02-24,U-3310,,Y,
214439,001,11458095,2041-02-24,U-3311,,Y,
216457,001,10953018,2035-09-18,U-3440,,,
216457,001,10624850,2035-09-18,U-3440,,,
216457,001,9974794,2035-09-18,U-3440,,Y,
216457,001,9808465,2035-09-18,U-3440,,,
216457,001,9561229,2035-09-18,U-3440,,Y,
211340,001,11471409,2037-10-06,U-3447,,,
211340,001,11471409,2037-10-06,U-3448,,,
202714,001,RE47954,2029-10-21,U-3449,,,
202714,002,RE47954,2029-10-21,U-3449,,,
202714,003,RE47954,2029-10-21,U-3449,,,
213246,001,10172851,2037-10-10,U-3450,,,
021883,001,6900175,2028-05-23,U-3499,,,
209022,001,11602603,2028-10-27,U-2133,,Y,
210296,001,11590095,2035-02-27,U-1384,,,
215727,001,11026901,2033-11-01,U-3638,,,
215727,001,11026900,2033-11-01,U-3639,,,
215727,001,11026899,2033-11-01,U-3639,,,
215727,001,10842762,2033-11-01,U-3640,,,
215727,001,10265281,2033-11-01,U-3639,,,
215727,001,10206891,2033-11-01,U-3641,,,
215727,001,10130585,2034-05-09,U-3642,,,
215727,001,9744144,2033-11-01,U-3643,,,
216993,001,9585892,2027-03-16,U-3661,,,
216993,002,9585892,2027-03-16,U-3661,,,
216993,001,9555040,2030-05-14,U-3661,,,
216993,002,9555040,2030-05-14,U-3661,,,
216993,001,8836218,2030-03-23,U-3661,,,
216993,002,8836218,2030-03-23,U-3661,,,
216993,001,8357690,2031-02-26,U-3661,,,
216993,002,8357690,2031-02-26,U-3661,,,
216993,001,8129374,2027-03-16,U-3661,,,
216993,002,8129374,2027-03-16,U-3661,,,
216993,001,7968543,2029-08-15,U-3661,,Y,
216993,002,7968543,2029-08-15,U-3661,,Y,
217836,001,11129812,2037-08-18,U-3741,,,
217836,001,10639297,2037-08-18,U-3741,,Y,
217785,001,11564926,2033-09-17,U-3861,Y,Y,
217785,003,11564926,2033-09-17,U-3861,Y,Y,
217785,002,11564926,2033-09-17,U-3861,Y,Y,
217785,001,10376517,2033-09-17,U-3861,,,
217785,003,10376517,2033-09-17,U-3861,,,
217785,002,10376517,2033-09-17,U-3861,,,
216718,001,11919838,2029-04-20,U-3862,,,
216718,001,11919838,2029-04-20,U-3863,,,
215727,001,11944594,2033-11-01,U-3864,,,
213973,001,12023328,2040-12-30,U-3957,,,
213973,001,12023327,2040-08-12,U-3958,,,
213973,001,12023326,2040-08-12,U-3959,,,
213973,001,12023325,2040-08-12,U-3960,,,
211765,002,12070450,2041-12-22,U-3992,,,
208558,001,8143241,2027-08-12,U-2824,,,
208558,001,8143241,2027-08-12,U-2823,,,
208558,001,8143241,2027-08-12,U-2821,,,
208558,001,8143241,2027-08-12,U-2819,,,
208558,001,8143241,2027-08-12,U-2820,,,
208558,001,8143241,2027-08-12,U-2822,,,
208558,002,8143241,2027-08-12,U-2824,,,
208558,002,8143241,2027-08-12,U-2820,,,
208558,002,8143241,2027-08-12,U-2821,,,
208558,002,8143241,2027-08-12,U-2823,,,
208558,002,8143241,2027-08-12,U-2822,,,
208558,002,8143241,2027-08-12,U-2819,,,
208558,001,8859562,2031-08-04,U-2822,,,
208558,001,8859562,2031-08-04,U-2821,,,
208558,001,8859562,2031-08-04,U-2823,,,
208558,001,8859562,2031-08-04,U-2824,,,
208558,001,8859562,2031-08-04,U-2820,,,
208558,001,8859562,2031-08-04,U-2819,,,
208558,002,8859562,2031-08-04,U-2822,,,
208558,002,8859562,2031-08-04,U-2820,,,
208558,002,8859562,2031-08-04,U-2823,,,
208558,002,8859562,2031-08-04,U-2824,,,
208558,002,8859562,2031-08-04,U-2819,,,
208558,002,8859562,2031-08-04,U-2821,,,
212306,001,9079865,2032-07-26,U-2855,,,
212306,001,10519139,2035-08-14,U-2855,Y,Y,
022406,003,9539218,2034-02-17,U-3285,,,
214985,001,9732075,2033-06-12,U-620,Y,Y,
214985,002,9732075,2033-06-12,U-620,Y,Y,
214985,001,10023560,2034-12-02,U-620,,,
214985,002,10023560,2034-12-02,U-620,,,
214518,001,7737168,2031-09-04,U-3377,,,
215866,001,9474780,2036-01-05,U-3378,Y,Y,
215866,006,9474780,2036-01-05,U-3378,Y,Y,
215866,005,9474780,2036-01-05,U-3378,Y,Y,
215866,004,9474780,2036-01-05,U-3378,Y,Y,
215866,003,9474780,2036-01-05,U-3378,Y,Y,
215866,002,9474780,2036-01-05,U-3378,Y,Y,
214517,001,11266622,2035-08-29,U-3003,,,
205677,001,11266622,2035-08-29,U-3003,,,
211675,001,11365198,2036-10-17,U-3275,,,
203565,001,11433091,2027-01-08,U-3435,,,
203565,002,11433091,2027-01-08,U-3435,,,
203565,003,11433091,2027-01-08,U-3435,,,
203565,004,11433091,2027-01-08,U-3435,,,
203565,001,11433091,2027-01-08,U-3436,,,
203565,002,11433091,2027-01-08,U-3436,,,
203565,003,11433091,2027-01-08,U-3436,,,
203565,004,11433091,2027-01-08,U-3436,,,
203565,001,11433091,2027-01-08,U-3437,,,
203565,002,11433091,2027-01-08,U-3437,,,
203565,003,11433091,2027-01-08,U-3437,,,
203565,004,11433091,2027-01-08,U-3437,,,
203565,001,11433091,2027-01-08,U-3438,,,
203565,002,11433091,2027-01-08,U-3438,,,
203565,003,11433091,2027-01-08,U-3438,,,
203565,004,11433091,2027-01-08,U-3438,,,
213411,001,11504370,2033-03-25,U-2788,,,
213411,002,11504370,2033-03-25,U-2788,,,
213217,001,9447106,2034-04-22,U-2537,Y,Y,
213217,001,9447106,2034-04-22,U-2666,Y,Y,
213217,001,10570139,2034-04-22,U-2666,,,
213217,001,10570139,2034-04-22,U-2537,,,
213217,001,11142528,2034-04-22,U-2666,,Y,
213217,001,11142528,2034-04-22,U-2537,,Y,
019734,002,11547758,2027-04-18,U-1029,,,
214373,001,8106021,2028-08-22,U-2214,,,
214373,001,7838499,2029-01-30,U-2214,Y,Y,
210933,001,11596599,2033-05-03,U-2985,,,
211675,001,11607411,2038-03-09,U-3341,,,
211675,003,11607411,2038-03-09,U-3341,,,
213407,002,11571398,2040-05-16,U-3183,,,
214869,001,11439613,2039-03-28,U-3557,,,
214965,001,11612658,2026-01-27,U-3560,,,
209388,001,11628150,2029-12-22,U-2843,,Y,
217026,001,9212204,2032-01-27,U-3556,,,
211675,002,11607411,2038-03-09,U-3341,,,
211675,002,11564922,2038-03-09,U-3624,,,
215422,001,11850225,2041-09-29,U-3488,,Y,
215422,003,11850225,2041-09-29,U-3489,,Y,
215422,002,11850225,2041-09-29,U-3489,,Y,
215422,001,11850225,2041-09-29,U-3489,,Y,
215422,003,11850225,2041-09-29,U-3488,,Y,
215422,002,11850225,2041-09-29,U-3488,,Y,
213411,001,11666572,2038-04-27,U-3783,,,
210455,001,8754065,2032-08-15,U-2765,Y,Y,
210455,001,9296769,2032-08-15,U-2765,Y,Y,
209353,001,10653656,2038-08-22,U-2368,,Y,
203388,001,9790183,2025-09-02,U-3109,,,
210251,002,9296769,2032-08-15,U-257,Y,Y,
210251,002,8754065,2032-08-15,U-257,Y,Y,
209360,001,11219662,2037-01-06,U-3262,,,
209360,002,11219662,2037-01-06,U-3262,,,
209360,003,11219662,2037-01-06,U-3262,,,
215422,001,10792262,2039-07-29,U-3263,,Y,
215422,002,10792262,2039-07-29,U-3263,,Y,
215422,003,10792262,2039-07-29,U-3263,,Y,
215014,001,11292815,2033-11-15,U-3124,Y,Y,
215014,001,11292815,2033-11-15,U-3354,Y,Y,
022580,001,9011906,2028-06-09,U-3398,,,
214662,001,11376251,2032-10-26,U-3290,,,
208088,001,11364249,2030-11-30,U-1500,,,
207793,001,11369597,2033-06-12,U-1848,,,
217003,001,9795604,2034-10-24,U-3422,,,
217003,001,10478439,2031-06-03,U-3422,,,
215272,001,11612573,2036-05-19,U-2625,,,
205552,001,8497277,2026-12-28,U-2242,,,
205552,001,8497277,2026-12-28,U-2241,,,
205552,002,8497277,2026-12-28,U-2241,,,
205552,002,8497277,2026-12-28,U-2242,,,
215498,001,10093697,2031-11-08,U-3648,,,
215498,002,10093697,2031-11-08,U-3648,,,
215498,003,10093697,2031-11-08,U-3648,,,
215498,004,10093697,2031-11-08,U-3648,,,
215498,001,10011633,2031-11-08,U-3648,,,
215498,002,10011633,2031-11-08,U-3648,,,
215498,003,10011633,2031-11-08,U-3648,,,
215498,004,10011633,2031-11-08,U-3648,,,
215498,001,9694018,2031-11-08,U-3648,,,
215498,002,9694018,2031-11-08,U-3648,,,
215498,003,9694018,2031-11-08,U-3648,,,
215498,004,9694018,2031-11-08,U-3648,,,
217171,001,11903994,2037-02-22,U-3826,,,
217171,001,11903994,2037-02-22,U-3827,,,
217171,001,11903994,2037-02-22,U-3828,,,
214938,001,11911446,2036-08-01,U-3927,,,
214938,003,11911446,2036-08-01,U-3927,,,
214938,002,11911446,2036-08-01,U-3927,,,
214938,001,11590204,2036-08-01,U-3927,,Y,
214938,003,11590204,2036-08-01,U-3927,,Y,
214938,002,11590204,2036-08-01,U-3927,,Y,
217677,001,12011435,2043-05-19,U-3754,,,
217677,003,12011435,2043-05-19,U-3754,,,
217677,002,12011435,2043-05-19,U-3754,,,
217677,001,12011434,2043-05-19,U-3754,,,
217677,003,12011434,2043-05-19,U-3754,,,
217677,002,12011434,2043-05-19,U-3754,,,
212937,001,11998604,2039-07-01,U-3952,,,
200063,001,12048769,2027-11-08,U-1585,,,
203756,001,12128039,2032-02-10,U-1617,,Y,
203756,002,12128039,2032-02-10,U-1617,,Y,
208692,001,12128039,2032-02-10,U-1220,,Y,
208692,002,12128039,2032-02-10,U-1220,,Y,
208692,003,12128039,2032-02-10,U-1220,,Y,
208692,001,12128039,2032-02-10,U-1480,,Y,
208692,002,12128039,2032-02-10,U-1480,,Y,
208692,003,12128039,2032-02-10,U-1480,,Y,
208692,001,12128039,2032-02-10,U-2488,,Y,
208692,002,12128039,2032-02-10,U-2488,,Y,
208692,003,12128039,2032-02-10,U-2488,,Y,
208692,001,12128039,2032-02-10,U-3225,,Y,
208692,002,12128039,2032-02-10,U-3225,,Y,
208692,003,12128039,2032-02-10,U-3225,,Y,
219141,001,11878022,2044-01-23,U-4138,,Y,
219141,001,11878022,2044-01-23,U-4139,,Y,
219304,001,11679110,2040-02-03,U-4145,,,
219304,003,11679110,2040-02-03,U-4145,,,
219304,002,11679110,2040-02-03,U-4145,,,
219304,001,11103507,2040-02-03,U-4145,,,
219304,002,11103507,2040-02-03,U-4145,,,
210496,002,8541575,2030-02-26,U-2803,Y,Y,
210496,002,8541575,2030-02-26,U-2802,Y,Y,
210496,002,9314464,2031-07-04,U-2802,,,
210496,002,9314464,2031-07-04,U-2803,,,
210496,002,9850230,2030-08-27,U-2802,,,
210496,002,9850230,2030-08-27,U-2803,,,
210496,002,10005761,2030-08-27,U-2802,,,
210496,002,10005761,2030-08-27,U-2803,,,
210496,002,10258622,2032-11-21,U-2802,,,
210496,002,9474754,2033-08-05,U-2802,,,
212819,001,8487093,2033-03-21,U-2840,Y,Y,
210493,002,10208073,2032-05-23,U-2301,,,
208215,002,8754065,2032-08-15,U-1663,Y,Y,
208215,002,9296769,2032-08-15,U-1663,Y,Y,
209510,002,9084765,2034-02-26,U-1744,,,
209510,002,9084765,2034-02-26,U-2754,,,
209510,002,9889118,2031-03-10,U-2754,,,
209510,002,9889118,2031-03-10,U-1744,,,
209510,002,9545426,2031-03-10,U-2754,,,
209510,002,9545426,2031-03-10,U-1744,,,
022580,002,9011906,2028-06-09,U-3398,,,
022580,003,9011906,2028-06-09,U-3398,,,
022580,004,9011906,2028-06-09,U-3398,,,
022580,001,8895057,2028-06-09,U-3398,,,
022580,002,8895057,2028-06-09,U-3398,,,
022580,003,8895057,2028-06-09,U-3398,,,
022580,004,8895057,2028-06-09,U-3398,,,
022580,001,8580299,2029-06-14,U-3399,,,
022580,002,8580299,2029-06-14,U-3399,,,
022580,003,8580299,2029-06-14,U-3399,,,
022580,004,8580299,2029-06-14,U-3399,,,
205677,001,11633377,2033-01-25,U-2149,,,
205677,001,11633377,2033-01-25,U-3003,,,
214517,001,11633377,2033-01-25,U-3003,,,
202860,001,11554241,2025-08-18,U-3037,,,
212045,001,11617713,2034-08-26,U-3110,,Y,
212045,001,11628139,2034-08-26,U-3110,,Y,
217186,001,12178919,2034-10-07,U-219,,Y,
217186,004,12178919,2034-10-07,U-219,,Y,
217186,003,12178919,2034-10-07,U-219,,Y,
217186,002,12178919,2034-10-07,U-219,,Y,
213051,004,11833248,2039-02-01,U-2628,,Y,
213051,005,11833248,2039-02-01,U-2628,,Y,
213051,006,11833248,2039-02-01,U-2628,,Y,
215344,001,12239659,2044-06-14,U-4143,,,
216059,001,12220401,2036-12-16,U-3518,Y,Y,
216059,002,12220401,2036-12-16,U-4144,Y,Y,
216059,001,12220401,2036-12-16,U-4144,Y,Y,
216059,002,12220401,2036-12-16,U-3518,Y,Y,
211155,001,12213983,2035-04-26,U-2412,,,
211155,002,12213983,2035-04-26,U-2412,,,
217906,001,7112592,2026-01-07,U-4147,Y,Y,
214697,002,11918655,2039-02-06,U-3979,,,
214697,002,11744895,2039-02-06,U-3979,,,
214697,002,11717571,2039-02-06,U-3979,,,
214697,002,11191838,2039-02-06,U-3979,,Y,
214697,002,11173209,2038-02-06,U-3979,,,
214697,002,10682414,2039-02-06,U-3979,,,
201923,001,9849027,2028-11-07,U-708,,Y,
201923,001,9849027,2028-11-07,U-4157,,Y,
213005,001,10898494,2037-05-05,U-4200,,,
213005,002,10898494,2037-05-05,U-4200,,,
213005,003,10898494,2037-05-05,U-4200,,,
213005,004,10898494,2037-05-05,U-4200,,,
217242,001,9907788,2037-06-07,U-4203,,,
217242,001,11129818,2037-08-25,U-4203,,,
217242,001,11819496,2037-06-07,U-4203,,,
217242,001,11992480,2037-06-07,U-4203,,,
217242,001,12005051,2037-06-07,U-4203,,,
214410,002,11306106,2037-08-09,U-2816,,,
214410,003,11306106,2037-08-09,U-2816,,,
214410,003,11306106,2037-08-09,U-3000,,,
209510,001,12329740,2038-02-09,U-2754,,,
209510,002,12329740,2038-02-09,U-2754,,,
209510,001,12329740,2038-02-09,U-3467,,,
209510,002,12329740,2038-02-09,U-3467,,,
207533,001,12311027,2033-09-19,U-543,,Y,
207533,002,12311027,2033-09-19,U-543,,Y,
207533,003,12311027,2033-09-19,U-543,,Y,
207533,004,12311027,2033-09-19,U-543,,Y,
208552,001,12350255,2035-06-11,U-3494,,,
214902,001,12357602,2038-07-12,U-3987,,Y,
211765,001,12329750,2041-12-22,U-4213,,,
213433,001,12337002,2028-07-24,U-3280,,Y,
213586,001,12329851,2042-03-17,U-4214,,,
213586,002,12329851,2042-03-17,U-4214,,,
213586,003,12329851,2042-03-17,U-4214,,,
213586,004,12329851,2042-03-17,U-4214,,,
213586,005,12329851,2042-03-17,U-4214,,,
213586,006,12329851,2042-03-17,U-4214,,,
213586,007,12329851,2042-03-17,U-4214,,,
215092,001,12295946,2035-01-08,U-3454,,Y,
215092,001,12290511,2038-12-27,U-3454,,,
215866,010,12343382,2039-07-22,U-4229,,,
215866,009,12343382,2039-07-22,U-4229,,,
215866,008,12343382,2039-07-22,U-4229,,,
215866,007,12343382,2039-07-22,U-4229,,,
215866,006,12343382,2039-07-22,U-4229,,,
210951,001,RE49353,2033-09-23,U-2381,,,
205552,001,10695350,2034-10-24,U-2846,,,
205552,002,10695350,2034-10-24,U-2846,,,
021361,001,10703763,2026-02-27,U-1708,,,
021361,001,10703763,2026-02-27,U-2848,,,
021361,001,10703763,2026-02-27,U-2847,,,
212520,001,8357714,2031-08-26,U-2849,,,
212520,001,9867808,2031-08-26,U-2849,,,
210563,001,10695350,2034-10-24,U-2846,,,
210563,002,10695350,2034-10-24,U-2846,,,
210563,003,10695350,2034-10-24,U-2846,,,
210563,004,10695350,2034-10-24,U-2846,,,
201023,001,10716777,2030-10-27,U-2856,,,
202514,001,10864159,2029-05-28,U-778,,Y,
208623,001,10925866,2028-04-28,U-2371,,,
202057,001,11154526,2030-04-29,U-3240,,,
202057,002,11154526,2030-04-29,U-3240,,,
216185,001,11337943,2040-06-05,U-3660,,Y,
216185,002,11337943,2040-06-05,U-3660,,Y,
216185,003,11337943,2040-06-05,U-3660,,Y,
214952,001,11759468,2038-12-24,U-3582,,Y,
215383,001,RE49948,2034-09-05,U-3201,Y,Y,
216354,004,11446291,2036-03-07,U-1995,,,
216354,005,11446291,2036-03-07,U-1995,,,
216354,006,11446291,2036-03-07,U-1995,,,
216354,007,11446291,2036-03-07,U-1995,,,
216354,008,11446291,2036-03-07,U-1995,,,
216354,004,11564917,2036-03-07,U-1995,,,
216354,005,11564917,2036-03-07,U-1995,,,
216354,006,11564917,2036-03-07,U-1995,,,
216354,007,11564917,2036-03-07,U-1995,,,
216354,008,11564917,2036-03-07,U-1995,,,
216354,004,11648244,2036-03-07,U-1995,,,
216354,005,11648244,2036-03-07,U-1995,,,
216354,006,11648244,2036-03-07,U-1995,,,
216354,007,11648244,2036-03-07,U-1995,,,
216354,008,11648244,2036-03-07,U-1995,,,
216285,001,12090231,2031-06-28,U-2553,,,
211367,001,12090231,2031-06-28,U-2553,,,
215841,001,12109277,2036-03-09,U-4002,,,
215320,001,12083087,2035-07-17,U-3744,,,
215320,001,12083087,2035-07-17,U-3745,,,
213388,001,12083227,2038-08-20,U-2842,,Y,
216540,001,9169214,2031-05-05,U-4046,,Y,
216540,001,9913826,2031-05-05,U-4046,,,
216540,001,11058668,2039-03-22,U-4046,,,
216540,001,10842777,2031-05-05,U-4046,,,
216540,001,11919865,2038-02-16,U-4046,,,
216540,001,12070449,2039-03-22,U-4046,,,
216540,001,12005043,2039-08-16,U-4046,,Y,
209510,001,12194022,2031-03-10,U-1744,,,
209510,002,12194022,2031-03-10,U-1744,,,
209510,001,12194022,2031-03-10,U-3467,,,
209510,002,12194022,2031-03-10,U-3467,,,
214759,001,7199162,2026-03-21,U-4142,,,
214759,002,7199162,2026-03-21,U-4142,,,
208658,001,11666590,2034-04-03,U-4154,,,
208658,004,11666590,2034-04-03,U-4154,,,
208658,003,11666590,2034-04-03,U-4154,,,
208658,002,11666590,2034-04-03,U-4154,,,
206111,001,11666590,2034-04-03,U-4154,,,
206111,002,11666590,2034-04-03,U-4154,,,
206111,003,11666590,2034-04-03,U-4154,,,
206111,004,11666590,2034-04-03,U-4154,,,
219389,001,12263146,2041-02-17,U-4130,,,
219389,002,12263146,2041-02-17,U-4130,,,
219389,001,12257215,2043-03-16,U-4130,,,
219389,002,12257215,2043-03-16,U-4130,,,
219379,001,12263146,2041-02-17,U-4130,,,
219379,001,12257215,2043-03-16,U-4130,,,
208232,001,12251418,2036-02-03,U-2857,,,
208232,001,12246054,2036-02-03,U-2857,,,
212306,005,10544108,2032-07-26,U-3018,,,
212306,005,10544108,2032-07-26,U-2584,,,
212306,005,10519139,2035-08-14,U-2855,Y,Y,
212306,005,10519139,2035-08-14,U-3018,Y,Y,
212306,005,10519139,2035-08-14,U-2584,Y,Y,
212306,005,11034660,2032-07-26,U-2584,,,
212306,005,11034660,2032-07-26,U-3018,,,
212306,005,11746102,2035-08-14,U-2584,,,
212306,005,11746102,2035-08-14,U-3018,,,
212306,005,11746102,2035-08-14,U-2855,,,
212306,005,11753401,2035-08-14,U-2584,,Y,
212306,005,11753401,2035-08-14,U-2855,,Y,
212306,005,11753401,2035-08-14,U-3018,,Y,
209830,001,12251381,2039-04-06,U-543,,,
207533,001,12251381,2039-04-06,U-543,,,
207533,003,12251381,2039-04-06,U-543,,,
207533,002,12251381,2039-04-06,U-543,,,
207533,004,12251381,2039-04-06,U-543,,,
219592,001,11027031,2035-07-28,U-3317,,,
214902,001,12257348,2041-05-23,U-3987,,Y,
214510,001,12257348,2041-05-23,U-3947,,Y,
216962,001,12251365,2040-06-10,U-4030,,,
219132,001,11400067,2037-08-11,U-4170,,,
210942,001,12274751,2036-11-22,U-2814,,,
204629,001,12263153,2034-04-03,U-4171,,,
204629,002,12263153,2034-04-03,U-4171,,,
219208,001,8623819,2028-08-22,U-3980,,,
210598,001,12285417,2039-08-29,U-2440,,,
219304,001,12285430,2039-12-23,U-4145,,,
208564,001,10668082,2032-11-21,U-2317,,,
208564,001,10668082,2032-11-21,U-2316,,,
208564,002,10668082,2032-11-21,U-2316,,,
208564,002,10668082,2032-11-21,U-2317,,,
210132,001,10675288,2032-11-21,U-2439,,,
212157,001,10799517,2036-05-27,U-2718,,Y,
209410,004,8574626,2025-11-28,U-20,,Y,
209410,004,10213393,2038-02-15,U-20,,,
209410,004,10213394,2038-02-15,U-2497,,,
209410,004,10500170,2038-02-15,U-20,,,
209410,004,10500171,2038-02-15,U-2497,,,
209410,004,10512617,2038-02-15,U-2497,,,
209410,004,10500172,2038-02-15,U-2497,,,
206829,001,11278622,2034-03-14,U-3335,,,
206829,001,11278622,2034-03-14,U-3336,,,
202811,003,9708371,2033-08-16,U-3644,,Y,
202811,003,8933030,2031-02-17,U-3644,,Y,
202811,003,10702576,2031-08-11,U-3644,,,
202811,003,7304036,2026-08-30,U-3644,Y,Y,
215814,001,11738018,2039-07-17,U-3684,,,
215430,001,11752144,2043-02-23,U-3419,,,
214044,001,11752103,2040-09-01,U-3197,,Y,
212269,001,11723874,2038-10-25,U-3083,,,
211230,001,11753368,2026-06-07,U-2548,,,
211230,002,11753368,2026-06-07,U-2548,,,
209241,001,11654142,2038-11-14,U-3055,,,
209241,003,11654142,2038-11-14,U-3055,,,
209241,002,11654142,2038-11-14,U-3055,,,
209241,001,11439629,2037-10-10,U-3055,,,
209241,003,11439629,2037-10-10,U-3055,,,
209241,002,11439629,2037-10-10,U-3055,,,
209241,001,11311532,2038-09-18,U-3055,,Y,
209241,002,11311532,2038-09-18,U-3055,,Y,
209241,003,11311532,2038-09-18,U-3055,,Y,
215498,004,11732006,2031-11-08,U-3648,,,
215498,003,11732006,2031-11-08,U-3648,,,
215498,002,11732006,2031-11-08,U-3648,,,
215498,001,11732006,2031-11-08,U-3648,,,
215498,004,11732006,2031-11-08,U-3186,,,
215498,003,11732006,2031-11-08,U-3186,,,
215498,002,11732006,2031-11-08,U-3186,,,
215498,001,11732006,2031-11-08,U-3186,,,
216793,001,8071579,2027-08-12,U-2830,,,
216793,002,8071579,2027-08-12,U-2830,,,
216793,001,8143241,2027-08-12,U-2830,,,
216793,002,8143241,2027-08-12,U-2830,,,
216793,001,8859562,2031-08-04,U-2830,,,
216793,002,8859562,2031-08-04,U-2830,,,
216793,001,11207311,2037-07-28,U-2830,,,
216793,002,11207311,2037-07-28,U-2830,,,
008372,008,11752199,2041-07-18,U-3686,,,
008372,008,11752199,2041-07-18,U-3687,,,
008372,008,11752199,2041-07-18,U-3688,,,
213411,002,11666572,2038-04-27,U-3783,,,
209899,001,10239846,2030-11-15,U-3740,,,
209899,002,10239846,2030-11-15,U-3740,,,
209899,003,10239846,2030-11-15,U-3740,,,
217003,001,8563563,2027-04-26,U-3844,,,
217003,001,8563563,2027-04-26,U-3843,,,
217003,001,8563563,2027-04-26,U-3842,,,
217003,001,8563563,2027-04-26,U-2666,,,
217003,001,8563563,2027-04-26,U-3845,,,
217003,001,8703780,2026-12-28,U-2666,,,
217003,001,8703780,2026-12-28,U-3842,,,
217003,001,8952015,2026-12-28,U-2666,,,
217003,001,8952015,2026-12-28,U-3842,,,
217003,001,8952015,2026-12-28,U-3843,,,
217003,001,8952015,2026-12-28,U-3844,,,
217003,001,8952015,2026-12-28,U-3845,,,
217003,001,8999999,2031-06-03,U-2666,,,
217003,001,8999999,2031-06-03,U-3842,,,
217003,001,8999999,2031-06-03,U-3843,,,
217003,001,8999999,2031-06-03,U-3844,,,
217003,001,9125889,2031-06-03,U-3845,,,
217003,001,9801881,2031-06-03,U-3846,,,
209819,001,10592168,2031-06-06,U-2489,,,
209819,002,10592168,2031-06-06,U-2489,,,
208564,001,10568891,2032-11-21,U-2316,,,
208564,001,10568891,2032-11-21,U-2317,,,
208564,002,10568891,2032-11-21,U-2317,,,
208564,002,10568891,2032-11-21,U-2316,,,
202057,001,10568861,2033-06-28,U-2756,,,
202057,002,10568861,2033-06-28,U-2756,,,
022306,001,10512620,2038-08-14,U-2769,,,
209483,001,10588914,2030-08-31,U-2771,,Y,
215515,001,9399775,2032-11-16,U-3396,Y,Y,
215515,001,11286486,2036-07-28,U-3396,Y,Y,
215515,001,10683501,2036-07-28,U-3396,Y,Y,
215515,001,9370581,2028-12-04,U-3396,Y,Y,
215515,001,8828956,2028-12-04,U-3396,Y,Y,
215515,001,10131907,2028-08-24,U-3396,Y,Y,
215515,001,8106022,2029-12-12,U-3396,Y,Y,
215515,001,10612024,2035-08-14,U-3396,Y,Y,
215515,001,10208307,2036-07-28,U-3396,Y,Y,
210365,001,11357741,2035-06-17,U-2862,,,
213973,001,11529336,2040-08-12,U-3382,,,
213973,001,11534432,2040-08-12,U-3442,,,
213895,001,11517609,2035-11-06,U-282,,,
215875,001,11083698,2039-03-21,U-3567,,,
215875,005,11083698,2039-03-21,U-3567,,,
215875,004,11083698,2039-03-21,U-3567,,,
215875,003,11083698,2039-03-21,U-3567,,,
215875,002,11083698,2039-03-21,U-3567,,,
204485,006,9962422,2035-01-30,U-1857,,,
204485,006,9981006,2035-01-30,U-1857,,,
204485,006,9974827,2035-01-30,U-1857,,,
204485,006,9968649,2035-01-30,U-1857,,,
204485,006,9925233,2035-01-30,U-1857,,,
204485,006,9925234,2035-01-30,U-1857,,,
204485,006,10010575,2035-01-30,U-1857,,,
216579,001,10716753,2030-05-28,U-3203,,Y,
216579,001,9415009,2030-05-28,U-3203,,,
208623,001,11642334,2039-02-20,U-2371,,,
208623,001,11633388,2039-03-25,U-2371,,,
215887,001,10968453,2035-04-01,U-3575,,,
215887,001,10669546,2035-04-01,U-3575,,,
214510,001,11628155,2040-12-27,U-3356,,,
219304,003,11103507,2040-02-03,U-4145,,,
215814,001,12275715,2035-09-18,U-3684,Y,Y,
211225,001,12357630,2037-12-13,U-3096,,,
214094,001,12344585,2039-11-01,U-3010,,,
214094,002,12344585,2039-11-01,U-3010,,,
217806,012,12343382,2039-07-22,U-4227,,,
217806,001,12343382,2039-07-22,U-4228,,,
217806,002,12343382,2039-07-22,U-4228,,,
217806,003,12343382,2039-07-22,U-4228,,,
217806,004,12343382,2039-07-22,U-4228,,,
217806,005,12343382,2039-07-22,U-4228,,,
217806,006,12343382,2039-07-22,U-4228,,,
217806,007,12343382,2039-07-22,U-4228,,,
217806,008,12343382,2039-07-22,U-4228,,,
217806,009,12343382,2039-07-22,U-4228,,,
217806,010,12343382,2039-07-22,U-4228,,,
217806,011,12343382,2039-07-22,U-4228,,,
217806,012,12343382,2039-07-22,U-4228,,,
217806,001,12343382,2039-07-22,U-4227,,,
217806,002,12343382,2039-07-22,U-4227,,,
217806,003,12343382,2039-07-22,U-4227,,,
217806,004,12343382,2039-07-22,U-4227,,,
217806,005,12343382,2039-07-22,U-4227,,,
217806,006,12343382,2039-07-22,U-4227,,,
217806,007,12343382,2039-07-22,U-4227,,,
217806,008,12343382,2039-07-22,U-4227,,,
217806,009,12343382,2039-07-22,U-4227,,,
217806,010,12343382,2039-07-22,U-4227,,,
217806,011,12343382,2039-07-22,U-4227,,,
213690,001,10213512,2030-10-01,U-1631,,Y,
213690,001,8992896,2030-10-01,U-1631,,Y,
213690,001,9675700,2030-10-01,U-1631,,Y,
213690,001,8865139,2030-10-01,U-1631,,Y,
213690,001,10322186,2030-10-01,U-1631,,,
209500,001,10695345,2039-08-30,U-543,,Y,
212295,001,10472365,2027-07-10,U-2968,,,
212295,001,9827251,2034-01-13,U-2968,,,
212295,001,9737547,2031-11-07,U-2968,,,
212295,001,10052334,2031-11-07,U-2968,,,
212295,001,10195210,2031-11-07,U-2968,,,
212295,001,10342800,2031-11-07,U-2968,,,
212295,001,9561236,2033-04-30,U-2968,,,
212295,001,10722522,2031-11-07,U-2968,,,
020965,001,11077192,2038-01-12,U-3163,,,
210854,003,10633397,2036-04-27,U-3000,,,
210854,003,10633397,2036-04-27,U-2816,,,
213217,001,11142528,2034-04-22,U-1745,,Y,
213217,001,11142528,2034-04-22,U-2145,,Y,
213217,001,11142528,2034-04-22,U-3063,,Y,
211243,001,11173134,2035-09-10,U-3536,,,
211617,001,11926584,2040-06-19,U-3873,,,
211616,001,11926584,2040-06-19,U-3873,,,
210730,001,11931350,2032-03-23,U-2986,Y,,
210730,002,11931350,2032-03-23,U-2986,Y,,
210730,003,11931350,2032-03-23,U-2986,Y,,
212937,001,11992530,2039-07-01,U-3948,,,
022036,001,12083090,2027-05-18,U-620,,,
022036,002,12083090,2027-05-18,U-620,,,
215390,001,12109196,2040-07-17,U-3935,,,
215390,002,12109196,2040-07-17,U-3935,,,
201656,001,12090190,2030-06-15,U-4003,,Y,
201656,002,12090190,2030-06-15,U-4003,,Y,
217186,001,12109185,2041-12-21,U-1649,,,
217186,002,12109185,2041-12-21,U-1649,,,
217186,003,12109185,2041-12-21,U-1649,,,
217186,004,12109185,2041-12-21,U-1649,,,
217186,001,12109185,2041-12-21,U-219,,,
217186,002,12109185,2041-12-21,U-219,,,
217186,003,12109185,2041-12-21,U-219,,,
217186,004,12109185,2041-12-21,U-219,,,
217186,001,12109185,2041-12-21,U-4004,,,
217186,002,12109185,2041-12-21,U-4004,,,
217186,003,12109185,2041-12-21,U-4004,,,
217186,004,12109185,2041-12-21,U-4004,,,
217186,001,12109185,2041-12-21,U-4005,,,
217186,002,12109185,2041-12-21,U-4005,,,
217186,003,12109185,2041-12-21,U-4005,,,
217186,004,12109185,2041-12-21,U-4005,,,
211243,001,11446260,2034-03-14,U-4119,,,
202293,002,12213988,2041-04-01,U-4140,,,
217660,002,12214083,2033-02-27,U-4141,,Y,
217660,001,12214083,2033-02-27,U-4141,,Y,
211230,001,12263145,2042-12-30,U-3693,,,
218276,001,10093663,2034-07-14,U-4161,,,
211340,001,12336984,2037-10-06,U-3447,,,
211340,001,12336984,2037-10-06,U-3448,,,
217242,001,12310956,2037-06-07,U-3773,,,
217242,001,12310956,2037-06-07,U-4203,,,
215985,001,12310956,2037-06-07,U-3748,,,
215985,002,12310956,2037-06-07,U-3970,,,
215866,005,12343382,2039-07-22,U-4229,,,
215866,004,12343382,2039-07-22,U-4229,,,
215866,003,12343382,2039-07-22,U-4229,,,
215866,002,12343382,2039-07-22,U-4229,,,
215866,001,12343382,2039-07-22,U-4229,,,
215866,012,12343382,2039-07-22,U-4230,,,
215866,011,12343382,2039-07-22,U-4230,,,
215866,010,12343382,2039-07-22,U-4230,,,
215866,009,12343382,2039-07-22,U-4230,,,
215866,008,12343382,2039-07-22,U-4230,,,
215866,007,12343382,2039-07-22,U-4230,,,
215866,006,12343382,2039-07-22,U-4230,,,
215866,005,12343382,2039-07-22,U-4230,,,
215866,004,12343382,2039-07-22,U-4230,,,
215866,003,12343382,2039-07-22,U-4230,,,
215866,002,12343382,2039-07-22,U-4230,,,
215866,001,12343382,2039-07-22,U-4230,,,
215866,012,12343382,2039-07-22,U-4231,,,
215866,011,12343382,2039-07-22,U-4231,,,
215866,010,12343382,2039-07-22,U-4231,,,
215866,009,12343382,2039-07-22,U-4231,,,
215866,008,12343382,2039-07-22,U-4231,,,
215866,007,12343382,2039-07-22,U-4231,,,
215866,006,12343382,2039-07-22,U-4231,,,
215866,005,12343382,2039-07-22,U-4231,,,
215866,004,12343382,2039-07-22,U-4231,,,
215866,003,12343382,2039-07-22,U-4231,,,
215866,002,12343382,2039-07-22,U-4231,,,
215866,001,12343382,2039-07-22,U-4231,,,
215866,011,12343382,2039-07-22,U-4229,,,
215866,012,12343382,2039-07-22,U-4229,,,
215866,001,12343382,2039-07-22,U-4232,,,
215866,002,12343382,2039-07-22,U-4232,,,
215866,003,12343382,2039-07-22,U-4232,,,
215866,004,12343382,2039-07-22,U-4232,,,
215866,005,12343382,2039-07-22,U-4232,,,
215866,006,12343382,2039-07-22,U-4232,,,
215866,007,12343382,2039-07-22,U-4232,,,
215866,008,12343382,2039-07-22,U-4232,,,
215866,009,12343382,2039-07-22,U-4232,,,
215866,010,12343382,2039-07-22,U-4232,,,
215866,011,12343382,2039-07-22,U-4232,,,
208259,001,10532993,2026-07-11,U-1524,,,
201023,001,8927592,2030-10-27,U-3200,,,
216660,001,10857162,2033-12-24,U-3460,,,
216660,001,10251896,2033-12-24,U-3460,,,
216660,001,9872865,2033-12-24,U-3460,,,
213736,001,11466004,2039-05-03,U-3464,,,
213736,002,11466004,2039-05-03,U-3464,,,
213736,003,11466004,2039-05-03,U-3464,,,
213736,001,11466004,2039-05-03,U-3465,,,
213736,002,11466004,2039-05-03,U-3465,,,
213736,003,11466004,2039-05-03,U-3465,,,
213736,001,11466004,2039-05-03,U-3466,,,
213736,002,11466004,2039-05-03,U-3466,,,
213736,003,11466004,2039-05-03,U-3466,,,
215446,001,11478450,2039-11-01,U-3468,,,
211810,002,10189833,2036-05-05,U-2606,,,
211810,002,9358235,2033-06-08,U-2606,,,
211810,002,8461169,2028-04-19,U-2606,,,
211675,001,11512092,2036-10-17,U-3275,,,
211675,001,11512092,2036-10-17,U-3487,,,
211675,001,11512092,2036-10-17,U-3371,,,
217677,001,11925620,2043-05-19,U-3754,,,
217677,001,11925619,2043-05-19,U-3754,,,
215430,001,11925636,2043-01-20,U-3419,,,
213593,001,11911473,2039-07-16,U-623,,,
213593,001,11911473,2039-07-16,U-624,,,
217006,001,12016927,2033-04-23,U-3245,,Y,
217006,002,12016927,2033-04-23,U-543,,Y,
217006,001,12016927,2033-04-23,U-543,,Y,
217006,002,12016927,2033-04-23,U-3245,,Y,
215559,001,12023312,2031-08-31,U-3966,,,
215559,005,12023312,2031-08-31,U-3966,,,
215559,004,12023312,2031-08-31,U-3966,,,
215559,003,12023312,2031-08-31,U-3966,,,
215559,002,12023312,2031-08-31,U-3966,,,
216354,001,12016858,2036-03-07,U-1995,,,
216354,008,12016858,2036-03-07,U-3055,,,
216354,007,12016858,2036-03-07,U-3055,,,
216354,006,12016858,2036-03-07,U-3055,,,
216354,005,12016858,2036-03-07,U-3055,,,
216354,004,12016858,2036-03-07,U-3055,,,
216354,003,12016858,2036-03-07,U-3055,,,
216354,002,12016858,2036-03-07,U-3055,,,
216354,001,12016858,2036-03-07,U-3055,,,
216354,008,12016858,2036-03-07,U-1995,,,
216354,007,12016858,2036-03-07,U-1995,,,
216354,006,12016858,2036-03-07,U-1995,,,
216354,005,12016858,2036-03-07,U-1995,,,
216354,004,12016858,2036-03-07,U-1995,,,
216354,003,12016858,2036-03-07,U-1995,,,
216354,002,12016858,2036-03-07,U-1995,,,
208082,001,12016858,2036-03-07,U-1995,,,
208082,002,12016858,2036-03-07,U-1995,,,
208082,003,12016858,2036-03-07,U-1995,,,
208082,001,12016858,2036-03-07,U-3055,,,
208082,002,12016858,2036-03-07,U-3055,,,
208082,003,12016858,2036-03-07,U-3055,,,
209379,001,12150957,2041-07-01,U-4039,,,
209379,003,12150957,2041-07-01,U-4039,,,
209379,002,12150957,2041-07-01,U-4039,,,
209376,003,12150957,2041-07-01,U-3900,,,
209376,001,12150957,2041-07-01,U-3899,,,
209376,002,12150957,2041-07-01,U-3899,,,
209376,001,12150956,2041-07-01,U-3899,,,
209376,002,12150956,2041-07-01,U-3899,,,
209376,003,12150956,2041-07-01,U-3900,,,
218160,001,12138250,2038-10-10,U-3949,,,
218160,004,12138250,2038-10-10,U-3951,,,
218160,003,12138250,2038-10-10,U-3951,,,
218160,002,12138250,2038-10-10,U-3951,,,
218160,001,12138250,2038-10-10,U-3951,,,
218160,004,12138250,2038-10-10,U-3950,,,
218160,003,12138250,2038-10-10,U-3950,,,
218160,002,12138250,2038-10-10,U-3950,,,
218160,001,12138250,2038-10-10,U-3950,,,
218160,004,12138250,2038-10-10,U-3949,,,
218160,003,12138250,2038-10-10,U-3949,,,
218160,002,12138250,2038-10-10,U-3949,,,
213246,001,12138250,2038-10-10,U-3949,,,
213246,002,12138250,2038-10-10,U-3951,,,
213246,001,12138250,2038-10-10,U-3951,,,
213246,002,12138250,2038-10-10,U-3950,,,
213246,001,12138250,2038-10-10,U-3950,,,
213246,002,12138250,2038-10-10,U-3949,,,
212888,001,12138264,2031-09-15,U-3348,,Y,
212888,002,12138264,2031-09-15,U-3348,,Y,
213312,001,12133844,2036-06-29,U-4040,,,
213312,001,12133844,2036-06-29,U-4041,,,
213312,001,12133844,2036-06-29,U-4042,,,
219304,003,12285430,2039-12-23,U-4145,,,
219304,002,12285430,2039-12-23,U-4145,,,
211728,001,12268745,2031-01-20,U-4172,,,
211635,001,8927497,2025-07-21,U-4173,,Y,
211635,002,8927497,2025-07-21,U-4173,,Y,
211635,003,8927497,2025-07-21,U-4173,,Y,
208623,001,12280042,2038-05-30,U-2371,Y,,
202155,003,6967208,2026-11-21,U-4179,Y,Y,
220073,001,11896586,2040-11-22,U-4180,,Y,
220073,001,6967208,2026-11-21,U-4180,Y,Y,
214679,001,12290503,2040-08-21,U-3413,,Y,
214679,001,12290503,2040-08-21,U-3415,,Y,
214679,001,12290503,2040-08-21,U-3414,,Y,
218785,001,11896596,2043-01-19,U-3715,,,
022264,001,9439906,2031-01-26,U-2758,,,
022264,001,9439906,2031-01-26,U-2757,,,
022264,002,9439906,2031-01-26,U-2757,,,
022264,002,9439906,2031-01-26,U-2758,,,
022264,003,9439906,2031-01-26,U-2758,,,
022264,003,9439906,2031-01-26,U-2757,,,
022264,004,9439906,2031-01-26,U-2757,,,
022264,004,9439906,2031-01-26,U-2758,,,
022264,005,9439906,2031-01-26,U-2758,,,
022264,005,9439906,2031-01-26,U-2757,,,
021064,001,10583207,2035-12-28,U-665,,,
021064,001,10583208,2037-03-16,U-665,,,
206192,001,10590102,2036-06-30,U-1776,Y,Y,
211192,001,10610125,2030-06-21,U-2784,,,
211192,001,10610125,2030-06-21,U-2785,,,
209627,001,10632066,2039-02-01,U-2786,,,
022387,001,10376525,2027-05-14,U-1849,,,
211192,001,10717764,2033-01-18,U-3215,,,
214962,001,10555902,2036-01-19,U-3268,,,
215430,001,9968568,2034-11-05,U-3419,,,
216340,001,10689377,2037-05-17,U-3490,Y,Y,
217003,001,9801881,2031-06-03,U-3847,,,
217003,001,9801883,2031-06-03,U-2666,,,
217003,001,9801883,2031-06-03,U-3842,,,
217003,001,9801883,2031-06-03,U-3843,,,
217003,001,9801883,2031-06-03,U-3844,,,
217003,001,10004746,2031-06-03,U-3846,,,
217003,001,10004746,2031-06-03,U-3848,,,
217003,001,10004746,2031-06-03,U-3849,,,
217003,001,10004746,2031-06-03,U-3847,,,
217003,001,10016435,2031-06-03,U-3845,,,
217003,001,10463668,2034-10-24,U-2970,,,
217003,001,10695350,2034-10-24,U-2970,,,
217003,001,10751342,2031-06-03,U-2666,,,
217003,001,10751342,2031-06-03,U-3844,,,
217003,001,10751342,2031-06-03,U-3843,,,
217003,001,10751342,2031-06-03,U-3842,,,
217003,001,11672803,2031-06-03,U-2666,,,
217003,001,11672803,2031-06-03,U-3842,,,
217003,001,11672803,2031-06-03,U-3844,,,
217003,001,11672803,2031-06-03,U-3843,,,
021064,001,11925695,2037-03-16,U-665,,,
021064,002,11925695,2037-03-16,U-665,,,
217806,001,11918623,2039-06-14,U-3855,,,
217806,006,11918623,2039-06-14,U-3855,,,
217806,005,11918623,2039-06-14,U-3855,,,
217806,004,11918623,2039-06-14,U-3855,,,
217806,003,11918623,2039-06-14,U-3855,,,
217806,002,11918623,2039-06-14,U-3855,,,
214835,001,11752092,2031-05-31,U-3941,,,
214835,002,11752092,2031-05-31,U-3941,,,
214835,001,11241377,2031-05-31,U-3939,,,
214835,002,11241377,2031-05-31,U-3939,,,
214835,001,11173110,2031-05-31,U-3941,,,
214835,002,11173110,2031-05-31,U-3941,,,
214835,001,11007139,2031-05-31,U-3942,,,
214835,002,11007139,2031-05-31,U-3942,,,
214835,001,10195138,2031-05-31,U-3943,,,
214835,002,10195138,2031-05-31,U-3943,,,
214835,001,10182982,2031-05-31,U-3943,,,
214835,002,10182982,2031-05-31,U-3943,,,
211230,001,11998639,2037-09-05,U-2548,,Y,
211230,002,11998639,2037-09-05,U-2548,,Y,
208054,001,11980674,2042-04-23,U-2450,,,
208623,001,12042490,2038-05-30,U-2371,,,
208623,001,12042489,2038-05-30,U-2371,Y,,
208611,001,12036219,2034-06-02,U-3967,,,
210598,001,12048692,2039-08-29,U-2440,,,
213006,001,12102638,2040-03-22,U-3045,,,
209500,001,12128043,2039-08-30,U-3362,,Y,
209500,001,12128043,2039-08-30,U-3363,,Y,
216352,001,12128049,2038-10-26,U-3968,,,
216352,006,12128049,2038-10-26,U-3969,,,
216352,005,12128049,2038-10-26,U-3969,,,
216352,004,12128049,2038-10-26,U-3969,,,
216352,003,12128049,2038-10-26,U-3969,,,
216352,002,12128049,2038-10-26,U-3969,,,
216352,001,12128049,2038-10-26,U-3969,,,
216352,006,12128049,2038-10-26,U-3968,,,
216352,005,12128049,2038-10-26,U-3968,,,
216352,004,12128049,2038-10-26,U-3968,,,
216352,003,12128049,2038-10-26,U-3968,,,
216352,002,12128049,2038-10-26,U-3968,,,
214927,001,11045460,2029-08-19,U-4021,,,
214927,004,11045460,2029-08-19,U-4021,,,
214927,003,11045460,2029-08-19,U-4021,,,
214927,002,11045460,2029-08-19,U-4021,,,
214927,001,9884058,2029-06-26,U-4021,,,
214927,004,9884058,2029-06-26,U-4021,,,
214927,003,9884058,2029-06-26,U-4021,,,
214927,002,9884058,2029-06-26,U-4021,,,
214927,001,9289472,2029-08-11,U-4021,,,
214927,004,9289472,2029-08-11,U-4021,,,
214927,003,9289472,2029-08-11,U-4021,,,
214927,002,9289472,2029-08-11,U-4021,,,
210365,001,12102619,2041-03-01,U-3233,,,
215498,001,12187812,2031-11-08,U-3186,,,
215498,002,12187812,2031-11-08,U-3186,,,
215498,003,12187812,2031-11-08,U-3186,,,
215498,004,12187812,2031-11-08,U-3186,,,
215498,001,12187812,2031-11-08,U-3648,,,
215498,002,12187812,2031-11-08,U-3648,,,
215498,003,12187812,2031-11-08,U-3648,,,
202428,001,10568859,2030-02-24,U-2760,,Y,
212728,001,8314117,2030-03-09,U-2718,Y,Y,
208259,001,10588901,2034-03-14,U-1524,Y,Y,
208232,001,11141457,2040-12-28,U-3232,,,
208558,001,11970530,2041-10-25,U-3929,,,
208558,002,11970530,2041-10-25,U-3929,,,
208558,001,11970530,2041-10-25,U-3930,,,
208558,002,11970530,2041-10-25,U-3930,,,
208558,001,11970530,2041-10-25,U-3931,,,
208558,002,11970530,2041-10-25,U-3931,,,
218709,001,11219621,2036-12-22,U-3932,,,
218709,001,10610527,2036-12-22,U-3932,,,
218037,001,9796741,2035-02-25,U-3933,Y,,
218037,002,9796741,2035-02-25,U-3933,Y,,
216354,004,9550780,2033-09-18,U-1995,Y,Y,
216354,004,9550780,2033-09-18,U-3055,Y,Y,
216354,005,9550780,2033-09-18,U-3055,Y,Y,
216354,005,9550780,2033-09-18,U-1995,Y,Y,
216354,006,9550780,2033-09-18,U-3055,Y,Y,
216354,006,9550780,2033-09-18,U-1995,Y,Y,
216354,007,9550780,2033-09-18,U-3055,Y,Y,
216354,007,9550780,2033-09-18,U-1995,Y,Y,
216354,008,9550780,2033-09-18,U-3055,Y,Y,
216354,008,9550780,2033-09-18,U-1995,Y,Y,
216354,004,11179386,2038-03-15,U-1995,,Y,
216354,004,11179386,2038-03-15,U-3055,,Y,
216354,005,11179386,2038-03-15,U-3055,,Y,
216354,005,11179386,2038-03-15,U-1995,,Y,
216354,006,11179386,2038-03-15,U-3055,,Y,
216354,006,11179386,2038-03-15,U-1995,,Y,
216354,007,11179386,2038-03-15,U-1995,,Y,
216354,007,11179386,2038-03-15,U-3055,,Y,
216354,008,11179386,2038-03-15,U-3055,,Y,
216354,008,11179386,2038-03-15,U-1995,,Y,
216354,004,10959996,2036-03-07,U-3055,,,
216354,005,10959996,2036-03-07,U-3055,,,
216354,006,10959996,2036-03-07,U-3055,,,
216354,007,10959996,2036-03-07,U-3055,,,
216354,008,10959996,2036-03-07,U-3055,,,
216354,004,11311488,2041-06-10,U-1995,,Y,
216354,004,11311488,2041-06-10,U-3055,,Y,
216354,005,11311488,2041-06-10,U-3055,,Y,
216354,005,11311488,2041-06-10,U-1995,,Y,
216354,006,11311488,2041-06-10,U-3055,,Y,
216354,006,11311488,2041-06-10,U-1995,,Y,
216354,007,11311488,2041-06-10,U-3055,,Y,
216354,007,11311488,2041-06-10,U-1995,,Y,
216354,008,11311488,2041-06-10,U-3055,,Y,
216354,008,11311488,2041-06-10,U-1995,,Y,
216354,004,11357772,2036-03-07,U-3055,,,
216354,004,11357772,2036-03-07,U-1995,,,
216354,005,11357772,2036-03-07,U-3055,,,
216354,005,11357772,2036-03-07,U-1995,,,
216354,006,11357772,2036-03-07,U-1995,,,
216354,006,11357772,2036-03-07,U-3055,,,
216354,007,11357772,2036-03-07,U-3055,,,
216354,007,11357772,2036-03-07,U-1995,,,
216354,008,11357772,2036-03-07,U-1995,,,
216354,008,11357772,2036-03-07,U-3055,,,
219208,001,12121509,2040-12-16,U-3980,,,
219208,001,11998526,2040-12-16,U-3980,,,
219208,001,11874283,2032-02-18,U-3980,,,
219208,001,11491137,2040-12-16,U-3980,,,
219208,001,9364458,2034-07-07,U-3980,,Y,
208658,001,12263153,2034-04-03,U-4154,,,
208658,004,12263153,2034-04-03,U-4154,,,
208658,003,12263153,2034-04-03,U-4154,,,
208658,002,12263153,2034-04-03,U-4154,,,
206111,001,12263153,2034-04-03,U-4154,,,
206111,002,12263153,2034-04-03,U-4154,,,
206111,003,12263153,2034-04-03,U-4154,,,
206111,004,12263153,2034-04-03,U-4154,,,
213994,002,12029710,2040-01-22,U-3963,,,
217836,001,11974986,2037-08-18,U-3741,,,
208088,001,12011503,2040-10-16,U-3964,,Y,
208088,001,12011503,2040-10-16,U-3965,,Y,
215430,001,12042473,2043-02-23,U-3419,,,
215430,001,12036191,2043-02-15,U-3419,,,
215866,012,12343382,2039-07-22,U-4232,,,
214662,002,12350267,2032-10-26,U-3973,,,
209388,001,12377064,2038-11-17,U-2843,,,
219757,001,12343338,2039-08-16,U-4233,,Y,
216834,001,11752190,2035-06-12,U-3735,,Y,
216834,003,11752190,2035-06-12,U-3735,,Y,
216834,002,11752190,2035-06-12,U-3735,,Y,
216834,001,11014965,2035-06-12,U-3735,Y,,
216834,003,11014965,2035-06-12,U-3735,Y,,
216834,002,11014965,2035-06-12,U-3735,Y,,
216834,001,10435438,2035-06-12,U-3735,Y,,
216834,003,10435438,2035-06-12,U-3735,Y,,
216834,002,10435438,2035-06-12,U-3735,Y,,
216834,001,10208089,2035-06-12,U-3735,Y,,
216834,003,10208089,2035-06-12,U-3735,Y,,
216834,002,10208089,2035-06-12,U-3735,Y,,
216834,001,10106579,2035-06-12,U-3735,Y,Y,
216834,002,10106579,2035-06-12,U-3735,Y,Y,
216834,003,10106579,2035-06-12,U-3735,Y,Y,
217836,001,9867810,2037-08-18,U-3741,,Y,
209500,001,11806348,2039-08-30,U-3362,,Y,
209500,003,11806348,2039-08-30,U-3363,,Y,
209500,002,11806348,2039-08-30,U-3363,,Y,
209500,001,11806348,2039-08-30,U-3363,,Y,
209500,003,11806348,2039-08-30,U-3362,,Y,
209500,002,11806348,2039-08-30,U-3362,,Y,
215320,001,11446266,2031-10-26,U-3744,,,
215320,001,11446266,2031-10-26,U-3745,,,
211192,001,11667673,2033-01-18,U-3742,,,
209388,001,11813231,2029-12-22,U-2843,,Y,
022348,002,11806400,2032-03-16,U-3746,,,
022348,003,11806400,2032-03-16,U-3746,,,
213976,001,9119863,2026-11-09,U-3820,,,
213976,001,8975243,2026-11-09,U-3820,,,
213976,001,8497258,2026-11-09,U-3820,,,
213976,001,8324192,2029-08-03,U-3820,,,
209410,001,11890261,2038-02-15,U-2497,,,
209410,002,11890261,2038-02-15,U-2497,,,
208623,001,11903938,2038-08-17,U-2371,Y,,
216023,001,12036290,2041-11-27,U-3614,,Y,
216023,001,12036290,2041-11-27,U-3615,,Y,
008372,003,11752199,2041-07-18,U-3686,,,
008372,004,11752199,2041-07-18,U-3686,,,
008372,003,11752199,2041-07-18,U-3687,,,
008372,004,11752199,2041-07-18,U-3687,,,
008372,003,11752199,2041-07-18,U-3688,,,
008372,004,11752199,2041-07-18,U-3688,,,
208944,001,12233033,2038-08-23,U-2106,,,
208944,001,12233033,2038-08-23,U-3180,,,
208944,001,12233033,2038-08-23,U-2224,,,
208944,002,12233033,2038-08-23,U-2224,,,
208944,002,12233033,2038-08-23,U-2106,,,
208944,002,12233033,2038-08-23,U-3180,,,
218201,001,10398588,2034-02-24,U-4155,,Y,
218201,001,9610191,2034-02-24,U-4155,,,
218201,001,9265652,2034-04-28,U-4155,,,
020965,001,12290700,2036-10-13,U-804,,,
020965,001,11697028,2036-10-13,U-804,,,
020965,001,11446512,2037-01-17,U-804,,,
020965,001,11179574,2036-10-13,U-804,,,
212306,001,12291508,2032-07-26,U-3018,,,
212306,005,12291508,2032-07-26,U-2584,,,
212306,005,12291508,2032-07-26,U-3018,,,
212306,005,12291508,2032-07-26,U-2855,,,
212306,001,12291508,2032-07-26,U-2855,,,
212306,002,12291508,2032-07-26,U-2584,,,
212306,004,12291508,2032-07-26,U-3018,,,
212306,003,12291508,2032-07-26,U-3018,,,
212306,002,12291508,2032-07-26,U-3018,,,
212306,004,12291508,2032-07-26,U-2855,,,
212306,003,12291508,2032-07-26,U-2855,,,
212306,002,12291508,2032-07-26,U-2855,,,
212306,004,12291508,2032-07-26,U-2584,,,
212306,003,12291508,2032-07-26,U-2584,,,
212306,001,12291508,2032-07-26,U-2584,,,
218785,001,11896596,2043-01-19,U-3875,,,
218785,001,11896596,2043-01-19,U-3720,,,
218785,001,11896596,2043-01-19,U-3719,,,
218785,001,11896596,2043-01-19,U-3718,,,
218785,001,11896596,2043-01-19,U-3717,,,
218785,001,11896596,2043-01-19,U-3716,,,
218785,001,11884674,2037-08-15,U-1745,,,
218785,001,11884674,2037-08-15,U-3860,,,
218785,001,11884674,2037-08-15,U-3486,,,
218785,001,11884674,2037-08-15,U-3063,,,
218785,001,11884674,2037-08-15,U-2666,,,
218785,001,11884674,2037-08-15,U-2537,,,
218785,001,11884674,2037-08-15,U-2145,,,
218785,001,11786531,2043-01-19,U-3715,,,
218785,001,11786531,2043-01-19,U-3875,,,
218785,001,11786531,2043-01-19,U-3720,,,
218785,001,11786531,2043-01-19,U-3719,,,
218785,001,11786531,2043-01-19,U-3718,,,
218785,001,11786531,2043-01-19,U-3717,,,
218785,001,11786531,2043-01-19,U-3716,,,
218785,001,11701357,2039-06-24,U-3860,,,
218785,001,11591340,2037-08-15,U-3728,,,
218785,001,11591340,2037-08-15,U-3727,,,
218785,001,11591340,2037-08-15,U-3486,,,
218785,001,11591340,2037-08-15,U-3063,,,
218785,001,11591340,2037-08-15,U-2666,,,
206406,001,11110081,2028-05-30,U-2678,,,
206406,002,11110081,2028-05-30,U-2678,,,
206406,003,11110081,2028-05-30,U-2678,,,
212608,001,12060354,2042-03-08,U-2726,,,
212608,002,12060354,2042-03-08,U-2726,,,
212608,003,12060354,2042-03-08,U-2726,,,
218808,001,10905690,2035-01-21,U-4049,,,
218808,003,10905690,2035-01-21,U-4049,,,
218808,002,10905690,2035-01-21,U-4049,,,
218808,001,11311544,2035-01-21,U-4049,,,
218808,003,11311544,2035-01-21,U-4049,,,
218808,002,11311544,2035-01-21,U-4049,,,
218808,001,11730739,2035-01-21,U-4049,,,
218808,003,11730739,2035-01-21,U-4049,,,
218808,002,11730739,2035-01-21,U-4049,,,
218820,001,10905690,2035-01-21,U-4049,,,
218820,001,11311544,2035-01-21,U-4049,,,
218820,001,11730739,2035-01-21,U-4049,,,
206333,001,12161653,2032-02-17,U-1940,,,
215498,004,12187812,2031-11-08,U-3648,,,
214439,001,12005141,2041-02-24,U-3311,,Y,
215256,001,12214017,2038-08-24,U-3162,,Y,
215256,002,12214017,2038-08-24,U-3162,,Y,
215256,003,12214017,2038-08-24,U-3162,,Y,
215256,004,12214017,2038-08-24,U-3162,,Y,
215256,005,12214017,2038-08-24,U-3162,,Y,
218860,001,12233038,2037-03-30,U-1854,,,
215211,001,12246062,2038-09-16,U-3726,,,
214938,001,12233106,2042-07-11,U-3927,,,
214938,003,12233106,2042-07-11,U-3927,,,
214938,002,12233106,2042-07-11,U-3927,,,
022496,001,12251468,2044-07-02,U-4152,,Y,
022496,002,12251468,2044-07-02,U-4152,,Y,
213411,001,7452895,2025-11-16,U-4153,Y,Y,
213411,002,7452895,2025-11-16,U-4153,Y,Y,
212905,001,12233042,2038-08-22,U-3663,,Y,
212576,001,12239653,2041-02-24,U-2865,,,
212576,001,12239653,2041-02-24,U-2866,,,
218197,001,12252495,2028-10-10,U-3762,,,
218197,002,12252495,2028-10-10,U-3762,,,
216190,001,12263158,2042-05-07,U-2779,,Y,
208692,001,12128039,2032-02-10,U-4131,,Y,
208692,001,12128039,2032-02-10,U-4156,,Y,
208692,002,12128039,2032-02-10,U-4156,,Y,
208692,002,12128039,2032-02-10,U-4131,,Y,
208692,003,12128039,2032-02-10,U-4156,,Y,
208692,003,12128039,2032-02-10,U-4131,,Y,
208692,001,11098015,2030-01-15,U-4131,,,
208692,001,11098015,2030-01-15,U-4156,,,
208692,002,11098015,2030-01-15,U-4156,,,
208692,002,11098015,2030-01-15,U-4131,,,
208692,003,11098015,2030-01-15,U-4156,,,
208692,003,11098015,2030-01-15,U-4131,,,
211280,001,12257246,2030-07-07,U-2718,,,
211280,002,12257246,2030-07-07,U-2718,,,
211280,003,12257246,2030-07-07,U-2718,,,
219485,001,12296050,2043-10-05,U-4186,,Y,
219485,004,12296050,2043-10-05,U-4187,,Y,
219485,003,12296050,2043-10-05,U-4187,,Y,
219485,002,12296050,2043-10-05,U-4187,,Y,
219485,001,12296050,2043-10-05,U-4187,,Y,
219485,004,12296050,2043-10-05,U-4186,,Y,
219485,003,12296050,2043-10-05,U-4186,,Y,
219485,002,12296050,2043-10-05,U-4186,,Y,
216490,001,12295989,2037-09-28,U-3982,,,
216490,003,12295989,2037-09-28,U-3982,,,
216490,002,12295989,2037-09-28,U-3982,,,
213005,001,11660304,2037-05-05,U-4200,,,
213005,004,11660304,2037-05-05,U-4200,,,
213005,003,11660304,2037-05-05,U-4200,,,
213005,002,11660304,2037-05-05,U-4200,,,
219713,001,9751887,2033-06-03,U-4207,Y,Y,
219713,001,9187489,2033-06-03,U-4207,Y,Y,
218785,001,11970500,2037-08-15,U-1745,,,
218785,001,11970500,2037-08-15,U-3860,,,
218785,001,11970500,2037-08-15,U-3486,,,
218785,001,11970500,2037-08-15,U-3063,,,
218785,001,11970500,2037-08-15,U-2666,,,
218785,001,11970500,2037-08-15,U-2537,,,
218785,001,11970500,2037-08-15,U-2145,,,
218785,001,11911386,2043-01-19,U-3715,,,
218785,001,11911386,2043-01-19,U-3716,,,
218785,001,11911386,2043-01-19,U-3717,,,
218785,001,11911386,2043-01-19,U-3718,,,
218785,001,11911386,2043-01-19,U-3719,,,
218785,001,11911386,2043-01-19,U-3720,,,
218785,001,11911386,2043-01-19,U-3875,,,
212099,001,10835515,2036-01-28,U-4210,,Y,
212099,001,10835515,2036-01-28,U-4208,,Y,
212099,001,10835515,2036-01-28,U-4209,,Y,
212099,001,8975254,2033-03-25,U-4208,Y,Y,
212099,001,8975254,2033-03-25,U-4210,Y,Y,
212099,001,8975254,2033-03-25,U-4209,Y,Y,
212099,001,9657003,2030-10-27,U-4209,Y,Y,
212099,001,9657003,2030-10-27,U-4208,Y,Y,
212099,001,9657003,2030-10-27,U-4210,Y,Y,
219423,001,10799487,2038-01-23,U-3448,,Y,
213433,001,11207332,2028-11-20,U-3280,,Y,
205422,001,9839637,2026-04-12,U-3281,,Y,
205422,002,9839637,2026-04-12,U-3281,,Y,
205422,003,9839637,2026-04-12,U-3281,,Y,
205422,004,9839637,2026-04-12,U-3281,,Y,
205422,005,9839637,2026-04-12,U-3281,,Y,
205422,006,9839637,2026-04-12,U-3281,,Y,
205422,001,8618109,2026-04-12,U-3281,,,
205422,002,8618109,2026-04-12,U-3281,,,
205422,003,8618109,2026-04-12,U-3281,,,
205422,004,8618109,2026-04-12,U-3281,,,
205422,005,8618109,2026-04-12,U-3281,,,
205422,006,8618109,2026-04-12,U-3281,,,
211675,001,11795175,2036-10-17,U-3255,,,
209863,001,11844804,2033-06-04,U-2418,,,
209863,002,11844804,2033-06-04,U-2418,,,
209863,003,11844804,2033-06-04,U-2418,,,
217388,001,10683499,2034-08-25,U-2378,Y,Y,
212489,001,9745290,2027-10-10,U-3869,,Y,
212489,002,9745290,2027-10-10,U-3869,,Y,
212489,001,9630955,2032-12-12,U-3869,Y,Y,
212489,002,9630955,2032-12-12,U-3869,Y,Y,
212489,001,9550759,2026-07-26,U-3870,,,
212489,002,9550759,2026-07-26,U-3870,,,
212489,001,9550759,2026-07-26,U-3871,,,
212489,001,9550759,2026-07-26,U-3872,,,
212489,002,9550759,2026-07-26,U-3871,,,
212489,002,9550759,2026-07-26,U-3872,,,
202022,001,7125879,2025-04-21,U-3874,Y,Y,
213217,001,9447106,2034-04-22,U-3860,Y,Y,
213217,001,11911386,2043-01-19,U-3875,,,
213217,001,11786531,2043-01-19,U-3875,,,
215168,001,9687571,2032-11-01,U-4011,,Y,
215168,001,9603951,2031-05-02,U-4011,,,
215168,001,9161997,2026-02-04,U-4011,Y,Y,
215168,001,8936777,2031-06-30,U-4011,,,
215168,001,8226929,2028-06-21,U-4011,,,
212888,001,RE50189,2031-11-27,U-3348,,,
212888,002,RE50189,2031-11-27,U-3348,,,
218944,001,11479557,2037-06-08,U-4045,,Y,
218944,003,11479557,2037-06-08,U-4045,,Y,
218944,002,11479557,2037-06-08,U-4045,,Y,
210933,001,10857096,2033-05-03,U-2985,,,
210565,001,10864219,2033-05-03,U-3011,,,
213378,001,11793805,2031-08-23,U-3734,,,
213378,004,11793805,2031-08-23,U-3734,,,
213378,003,11793805,2031-08-23,U-3734,,,
213378,002,11793805,2031-08-23,U-3734,,,
210498,001,9314464,2031-07-04,U-3737,,,
210498,001,10005761,2030-08-27,U-3737,,,
210496,002,9314464,2031-07-04,U-3738,,,
210496,002,10005761,2030-08-27,U-3738,,,
210496,002,9850230,2030-08-27,U-3738,,,
210496,002,8541575,2030-02-26,U-3738,Y,Y,
205739,004,8216560,2027-03-14,U-1766,,,
205739,004,8337824,2030-05-29,U-1766,Y,,
205739,004,9492476,2033-10-08,U-1766,,,
206627,001,11844865,2025-02-13,U-1556,,Y,
205739,004,9925212,2033-10-08,U-1766,,,
206627,007,11844865,2025-02-13,U-1556,,Y,
206627,006,11844865,2025-02-13,U-1556,,Y,
206627,005,11844865,2025-02-13,U-1556,,Y,
206627,004,11844865,2025-02-13,U-1556,,Y,
206627,003,11844865,2025-02-13,U-1556,,Y,
206627,002,11844865,2025-02-13,U-1556,,Y,
213973,001,11969415,2040-12-30,U-3219,,,
213973,001,11969414,2041-02-08,U-3897,,,
212937,001,11964018,2039-07-01,U-3898,,,
209376,001,11975022,2041-07-01,U-3899,,,
209376,002,11975022,2041-07-01,U-3899,,,
209376,003,11975022,2041-07-01,U-3900,,,
209500,001,12070459,2039-08-30,U-3362,,Y,
209500,001,12070459,2039-08-30,U-3363,,Y,
214154,001,12233074,2043-02-09,U-3152,,Y,
216665,001,12178823,2035-11-12,U-4167,,,
216665,003,12178823,2035-11-12,U-4167,,,
216665,002,12178823,2035-11-12,U-4167,,,
216665,001,9757384,2035-11-12,U-4167,,,
216665,003,9757384,2035-11-12,U-4167,,,
216665,002,9757384,2035-11-12,U-4167,,,
215727,001,12280025,2033-11-01,U-4168,,,
214324,001,11357782,2027-05-14,U-1849,,,
214324,002,11357782,2027-05-14,U-1849,,,
214324,003,11357782,2027-05-14,U-1849,,,
214324,004,11357782,2027-05-14,U-1849,,,
214324,005,11357782,2027-05-14,U-1849,,,
215206,001,12350259,2043-02-27,U-4234,,,
210951,001,10849888,2033-09-23,U-3013,,,
210951,001,10702508,2038-04-30,U-3012,,,
021064,001,11529431,2037-03-16,U-665,,,
021064,002,11529431,2037-03-16,U-665,,,
215331,001,11752164,2042-09-23,U-3632,,,
215331,001,11752164,2042-09-23,U-3633,,,
215331,002,11752164,2042-09-23,U-3632,,,
215331,002,11752164,2042-09-23,U-3633,,,
210850,001,11737983,2038-04-20,U-3482,,Y,
210850,001,11737983,2038-04-20,U-3689,,Y,
214522,001,11975006,2038-12-24,U-3397,,Y,
216185,001,12042474,2040-06-05,U-3660,,Y,
216185,003,12042474,2040-06-05,U-3954,,Y,
216185,002,12042474,2040-06-05,U-3954,,Y,
216185,001,12042474,2040-06-05,U-3954,,Y,
216185,003,12042474,2040-06-05,U-3660,,Y,
216185,002,12042474,2040-06-05,U-3660,,Y,
216185,001,11883374,2040-06-05,U-3660,,Y,
216185,003,11883374,2040-06-05,U-3954,,Y,
216185,002,11883374,2040-06-05,U-3954,,Y,
216185,001,11883374,2040-06-05,U-3954,,Y,
216185,003,11883374,2040-06-05,U-3660,,Y,
216185,002,11883374,2040-06-05,U-3660,,Y,
214662,002,11229661,2032-10-26,U-3973,,,
214662,002,10512657,2032-10-26,U-3973,,,
212608,004,12252494,2040-04-10,U-3506,,,
216755,001,12257236,2039-01-16,U-3169,,Y,
216755,001,12257236,2039-01-16,U-4163,,Y,
216755,001,12257236,2039-01-16,U-4164,,Y,
217186,001,12263148,2041-12-21,U-1649,,,
217186,001,12263148,2041-12-21,U-4004,,,
217186,001,12263148,2041-12-21,U-219,,,
217186,002,12263148,2041-12-21,U-1649,,,
217186,003,12263148,2041-12-21,U-1649,,,
217186,004,12263148,2041-12-21,U-1649,,,
217186,002,12263148,2041-12-21,U-219,,,
217186,003,12263148,2041-12-21,U-219,,,
217186,004,12263148,2041-12-21,U-219,,,
217186,002,12263148,2041-12-21,U-4004,,,
217186,003,12263148,2041-12-21,U-4004,,,
217186,004,12263148,2041-12-21,U-4004,,,
217186,001,12263148,2041-12-21,U-4005,,,
217186,002,12263148,2041-12-21,U-4005,,,
217186,003,12263148,2041-12-21,U-4005,,,
217186,004,12263148,2041-12-21,U-4005,,,
217186,001,12263149,2041-12-21,U-1649,,,
217186,002,12263149,2041-12-21,U-1649,,,
217186,003,12263149,2041-12-21,U-1649,,,
217186,004,12263149,2041-12-21,U-1649,,,
217186,001,12263149,2041-12-21,U-219,,,
217186,002,12263149,2041-12-21,U-219,,,
217186,003,12263149,2041-12-21,U-219,,,
217186,004,12263149,2041-12-21,U-219,,,
217186,001,12263149,2041-12-21,U-4004,,,
217186,002,12263149,2041-12-21,U-4004,,,
217186,003,12263149,2041-12-21,U-4004,,,
217186,004,12263149,2041-12-21,U-4004,,,
217186,001,12263149,2041-12-21,U-4005,,,
217186,002,12263149,2041-12-21,U-4005,,,
217186,003,12263149,2041-12-21,U-4005,,,
217186,004,12263149,2041-12-21,U-4005,,,
219019,001,11091759,2036-12-07,U-4165,,,
219019,002,11091759,2036-12-07,U-4165,,,
219019,001,9376680,2033-03-15,U-4165,Y,Y,
219019,002,9376680,2033-03-15,U-4165,Y,Y,
219019,001,9127274,2033-03-22,U-4165,Y,Y,
219019,002,9127274,2033-03-22,U-4165,Y,Y,
219389,001,12275688,2041-02-17,U-4130,,Y,
219389,002,12275688,2041-02-17,U-4130,,Y,
214665,001,12280056,2039-11-18,U-4107,,,
214665,003,12280056,2039-11-18,U-4107,,,
214665,002,12280056,2039-11-18,U-4107,,,
218785,001,11591340,2037-08-15,U-2537,,,
218785,001,11591340,2037-08-15,U-2145,,,
218785,001,11591340,2037-08-15,U-1745,,,
218785,001,11591340,2037-08-15,U-3729,,,
218785,001,11142528,2034-04-22,U-1745,,Y,
218785,001,11142528,2034-04-22,U-3860,,Y,
218785,001,11142528,2034-04-22,U-3486,,Y,
218785,001,11142528,2034-04-22,U-3063,,Y,
218785,001,11142528,2034-04-22,U-2666,,Y,
218785,001,11142528,2034-04-22,U-2537,,Y,
218785,001,11142528,2034-04-22,U-2145,,Y,
218785,001,10570139,2034-04-22,U-1745,,,
218785,001,10570139,2034-04-22,U-3860,,,
218785,001,10570139,2034-04-22,U-3486,,,
218785,001,10570139,2034-04-22,U-3063,,,
218785,001,10570139,2034-04-22,U-2666,,,
218785,001,10570139,2034-04-22,U-2537,,,
218785,001,10570139,2034-04-22,U-2145,,,
218785,001,9447106,2034-04-22,U-1745,Y,Y,
218785,001,9447106,2034-04-22,U-2145,Y,Y,
218785,001,9447106,2034-04-22,U-2537,Y,Y,
218785,001,9447106,2034-04-22,U-2666,Y,Y,
218785,001,9447106,2034-04-22,U-3063,Y,Y,
218785,001,9447106,2034-04-22,U-3486,Y,Y,
218785,001,9447106,2034-04-22,U-3860,Y,Y,
217242,001,12329751,2041-12-03,U-3773,,,
217370,001,12336971,2042-12-16,U-1900,,,
203094,002,8148374,2029-09-03,U-1279,Y,Y,
219485,001,12350267,2032-10-26,U-3973,,,
219485,004,12350267,2032-10-26,U-3973,,,
219485,003,12350267,2032-10-26,U-3973,,,
211675,001,11535624,2036-10-17,U-3255,,,
211675,001,11535625,2036-10-17,U-3298,,,
211675,002,11535626,2036-10-17,U-3298,,,
210259,001,11771696,2035-01-21,U-3710,,,
211230,001,11793776,2042-12-30,U-3693,,,
211230,002,11793776,2042-12-30,U-3693,,,
215430,001,11969421,2034-11-05,U-3419,,,
217347,001,12156865,2034-05-22,U-2398,,Y,
213973,001,12318373,2040-08-12,U-4191,,,
211230,001,12318362,2040-03-19,U-3765,,,
219423,003,10799487,2038-01-23,U-3448,,Y,
219423,002,10799487,2038-01-23,U-3448,,Y,
220020,001,9951043,2034-02-28,U-4190,Y,Y,
220018,001,11807625,2040-11-25,U-4190,,,
220018,001,9951043,2034-02-28,U-4190,Y,Y,
219839,001,11504375,2039-01-28,U-3220,Y,Y,
219839,002,11504375,2039-01-28,U-3220,Y,Y,
219839,001,11896597,2039-01-28,U-3220,Y,Y,
219839,002,11896597,2039-01-28,U-3220,Y,Y,
202008,004,8506929,2027-04-30,U-4217,Y,Y,
202008,004,7687052,2027-04-30,U-4217,Y,Y,
214094,001,10125102,2035-04-07,U-3010,Y,,
214094,001,10689346,2035-03-09,U-3010,,,
214094,001,10662160,2039-11-01,U-3010,Y,,
214094,002,10662160,2039-11-01,U-3010,Y,,
214094,002,10689346,2035-03-09,U-3010,,,
214094,002,10125102,2035-04-07,U-3010,Y,,
213716,001,11622991,2037-12-07,U-3056,,,
216632,001,11389467,2040-12-28,U-3713,,Y,
216632,001,10624918,2029-06-03,U-3713,,,
216632,001,10220049,2029-06-03,U-3713,,Y,
216632,001,9561208,2029-06-03,U-3713,,Y,
216632,001,8288434,2029-08-05,U-3713,,Y,
213973,001,11779572,2042-10-06,U-3714,,,
213217,001,11786531,2043-01-19,U-3715,,,
213217,001,11786531,2043-01-19,U-3716,,,
213217,001,11786531,2043-01-19,U-3717,,,
213217,001,11786531,2043-01-19,U-3718,,,
213217,001,11786531,2043-01-19,U-3719,,,
213217,001,11786531,2043-01-19,U-3720,,,
211675,001,11773106,2036-10-17,U-3275,,,
211675,001,11773106,2036-10-17,U-3487,,,
211675,001,11773106,2036-10-17,U-3371,,,
208010,001,11801253,2030-09-07,U-3721,,Y,
208010,001,11801253,2030-09-07,U-3722,,Y,
208010,001,11801253,2030-09-07,U-3723,,Y,
204803,001,11771624,2041-01-12,U-3724,,,
215430,001,11896563,2041-12-01,U-3419,,,
214510,001,11877997,2040-02-19,U-3356,,,
211243,001,11883526,2040-02-18,U-3812,,,
211243,001,11883526,2040-02-18,U-3813,,,
209905,001,11896562,2037-03-10,U-3299,,,
209905,002,11896562,2037-03-10,U-3299,,,
209905,003,11896562,2037-03-10,U-3299,,,
209905,004,11896562,2037-03-10,U-3299,,,
216472,001,8637054,2031-07-08,U-446,,Y,
217660,001,10239867,2027-04-09,U-4053,Y,Y,
217660,002,10239867,2027-04-09,U-4053,Y,Y,
217660,001,10758534,2035-10-06,U-4066,Y,Y,
217660,002,10758534,2035-10-06,U-4066,Y,Y,
217660,001,10793547,2037-12-08,U-4066,Y,Y,
217660,002,10793547,2037-12-08,U-4066,Y,Y,
217660,001,8415387,2027-11-12,U-4066,,,
217660,002,8415387,2027-11-12,U-4066,,,
217660,001,8324242,2027-08-05,U-4066,,,
217660,002,8324242,2027-08-05,U-4066,,,
217660,002,11639347,2027-04-09,U-4053,Y,Y,
217639,001,10745343,2038-01-05,U-3523,,,
217639,002,10745343,2038-01-05,U-3523,,,
217639,001,10071066,2034-10-10,U-3524,,,
217639,002,10071066,2034-10-10,U-3524,,,
217639,001,8399520,2025-12-25,U-3523,Y,Y,
217639,002,8399520,2025-12-25,U-3523,Y,Y,
210951,002,RE49353,2033-09-23,U-2381,,,
210951,002,8445507,2030-09-15,U-2237,Y,Y,
210951,002,8445507,2030-09-15,U-2624,Y,Y,
210951,002,10849888,2033-09-23,U-3013,,,
210951,002,10702508,2038-04-30,U-3012,,,
210951,002,9884054,2033-09-23,U-2237,,,
210951,002,8802689,2027-03-27,U-2237,,,
210951,002,8802689,2027-03-27,U-2624,,,
212273,001,11564916,2029-08-13,U-3525,,,
212273,002,11564916,2029-08-13,U-3525,,,
211358,001,11564916,2029-08-13,U-3526,,,
211358,003,11564916,2029-08-13,U-3526,,,
211358,002,11564916,2029-08-13,U-3526,,,
210491,001,11564916,2029-08-13,U-3527,,,
210491,002,11564916,2029-08-13,U-3527,,,
207925,001,11564916,2029-08-13,U-3528,,,
207925,003,11564916,2029-08-13,U-3528,,,
207925,002,11564916,2029-08-13,U-3528,,,
206038,001,11564916,2029-08-13,U-3529,,,
206038,002,11564916,2029-08-13,U-3529,,,
203188,001,11564916,2029-08-13,U-3530,,,
212614,001,11564886,2032-03-07,U-3531,,Y,
212614,003,11564886,2032-03-07,U-3531,,Y,
212614,002,11564886,2032-03-07,U-3531,,Y,
216354,001,11179386,2038-03-15,U-1995,,Y,
216354,003,11179386,2038-03-15,U-3055,,Y,
216354,002,11179386,2038-03-15,U-3055,,Y,
216354,001,11179386,2038-03-15,U-3055,,Y,
216354,003,11179386,2038-03-15,U-1995,,Y,
216354,002,11179386,2038-03-15,U-1995,,Y,
216354,001,10959996,2036-03-07,U-3055,,,
216354,003,10959996,2036-03-07,U-3055,,,
216354,002,10959996,2036-03-07,U-3055,,,
216354,001,11311488,2041-06-10,U-1995,,Y,
216354,003,11311488,2041-06-10,U-3055,,Y,
216354,002,11311488,2041-06-10,U-3055,,Y,
216354,001,11311488,2041-06-10,U-3055,,Y,
216354,003,11311488,2041-06-10,U-1995,,Y,
216354,002,11311488,2041-06-10,U-1995,,Y,
216354,001,9550780,2033-09-18,U-1995,Y,Y,
216354,003,9550780,2033-09-18,U-3055,Y,Y,
216354,002,9550780,2033-09-18,U-3055,Y,Y,
216354,001,9550780,2033-09-18,U-3055,Y,Y,
216354,003,9550780,2033-09-18,U-1995,Y,Y,
216354,002,9550780,2033-09-18,U-1995,Y,Y,
216354,001,11564917,2036-03-07,U-1995,,,
216354,003,11564917,2036-03-07,U-1995,,,
216354,002,11564917,2036-03-07,U-1995,,,
216354,001,11446291,2036-03-07,U-1995,,,
216354,003,11446291,2036-03-07,U-1995,,,
216354,002,11446291,2036-03-07,U-1995,,,
216354,001,11357772,2036-03-07,U-1995,,,
216354,003,11357772,2036-03-07,U-3055,,,
216354,002,11357772,2036-03-07,U-3055,,,
216354,001,11357772,2036-03-07,U-3055,,,
216354,003,11357772,2036-03-07,U-1995,,,
216354,002,11357772,2036-03-07,U-1995,,,
208658,001,9949997,2034-05-17,U-3532,,,
208658,002,9949997,2034-05-17,U-3532,,,
208658,003,9949997,2034-05-17,U-3532,,,
208658,004,9949997,2034-05-17,U-3532,,,
208658,001,9949997,2034-05-17,U-3533,,,
208658,002,9949997,2034-05-17,U-3533,,,
208658,003,9949997,2034-05-17,U-3533,,,
208658,004,9949997,2034-05-17,U-3533,,,
206111,001,9949997,2034-05-17,U-3532,,,
216196,001,11793806,2033-04-12,U-3320,,,
216196,003,11793806,2033-04-12,U-3320,,,
216196,002,11793806,2033-04-12,U-3320,,,
020965,001,12296011,2038-01-12,U-3163,,,
206111,004,9949997,2034-05-17,U-3532,,,
206111,003,9949997,2034-05-17,U-3532,,,
206111,002,9949997,2034-05-17,U-3532,,,
216951,001,11117871,2038-03-13,U-3535,Y,Y,
216951,005,11117871,2038-03-13,U-3535,Y,Y,
216951,004,11117871,2038-03-13,U-3535,Y,Y,
216951,003,11117871,2038-03-13,U-3535,Y,Y,
216951,002,11117871,2038-03-13,U-3535,Y,Y,
216951,001,8815884,2027-06-22,U-1238,,Y,
216951,005,8815884,2027-06-22,U-1238,,Y,
216951,004,8815884,2027-06-22,U-1238,,Y,
216951,003,8815884,2027-06-22,U-1238,,Y,
216951,002,8815884,2027-06-22,U-1238,,Y,
216951,001,8557834,2027-06-22,U-1238,,,
216951,005,8557834,2027-06-22,U-1238,,,
216951,004,8557834,2027-06-22,U-1238,,,
216951,003,8557834,2027-06-22,U-1238,,,
216951,002,8557834,2027-06-22,U-1238,,,
213407,001,11571398,2040-05-16,U-3183,,,
202008,001,7687052,2027-04-30,U-4217,Y,Y,
202008,002,7687052,2027-04-30,U-4217,Y,Y,
202008,003,7687052,2027-04-30,U-4217,Y,Y,
202008,001,8506929,2027-04-30,U-4217,Y,Y,
202008,002,8506929,2027-04-30,U-4217,Y,Y,
202008,003,8506929,2027-04-30,U-4217,Y,Y,
218171,001,9296724,2029-06-18,U-4099,Y,,
218171,002,9296724,2029-06-18,U-4099,Y,,
217186,001,12194150,2041-12-21,U-219,,,
217186,002,12194150,2041-12-21,U-219,,,
217186,003,12194150,2041-12-21,U-219,,,
217186,004,12194150,2041-12-21,U-219,,,
208026,001,12364700,2037-06-08,U-4224,,,
208026,002,12364700,2037-06-08,U-4224,,,
201281,001,12364700,2037-06-08,U-4224,,,
201281,002,12364700,2037-06-08,U-4224,,,
201281,003,12364700,2037-06-08,U-4224,,,
201280,001,12364700,2037-06-08,U-4224,,,
219485,002,12350267,2032-10-26,U-3973,,,
215431,001,12370196,2041-12-29,U-1719,,,
214517,001,10149829,2033-01-25,U-3006,,,
214517,001,9730910,2034-05-17,U-3005,,,
214517,001,9539234,2033-01-25,U-3004,,,
214517,001,10610510,2033-01-25,U-3009,,,
214517,001,10376487,2035-07-27,U-3007,,,
214517,001,10179119,2035-08-29,U-3003,,,
214517,001,10610511,2034-10-10,U-3007,,,
205677,001,9730910,2034-05-17,U-3005,,,
205677,001,9539234,2033-01-25,U-3004,,,
205677,001,10376487,2035-07-27,U-3007,,,
205677,001,10149829,2033-01-25,U-3006,,,
205677,001,10610510,2033-01-25,U-3009,,,
205677,001,10610511,2034-10-10,U-3007,,,
205677,001,10610511,2034-10-10,U-2615,,,
205677,001,10179119,2035-08-29,U-3003,,,
213973,001,11813251,2040-08-12,U-3750,,,
215064,001,12268695,2039-01-04,U-3811,,,
212614,001,12364700,2037-06-08,U-4224,,,
212614,004,12364700,2037-06-08,U-4224,,,
212614,003,12364700,2037-06-08,U-4224,,,
212614,002,12364700,2037-06-08,U-4224,,,
206073,001,12364700,2037-06-08,U-4224,,,
206073,002,12364700,2037-06-08,U-4224,,,
022387,001,11826327,2042-02-03,U-3749,,,
214324,001,11826327,2042-02-03,U-3749,,,
214324,004,11826327,2042-02-03,U-3749,,,
214324,003,11826327,2042-02-03,U-3749,,,
214324,002,11826327,2042-02-03,U-3749,,,
217677,001,11938116,2043-05-19,U-3754,,,
217677,001,11957662,2043-05-19,U-3754,,,
217677,003,11957662,2043-05-19,U-3754,,,
217677,002,11957662,2043-05-19,U-3754,,,
217677,001,11951096,2043-05-19,U-3754,,,
217677,003,11951096,2043-05-19,U-3754,,,
217677,002,11951096,2043-05-19,U-3754,,,
217677,002,11938116,2043-05-19,U-3754,,,
217677,003,11938116,2043-05-19,U-3754,,,
217677,002,11925620,2043-05-19,U-3754,,,
217677,003,11925620,2043-05-19,U-3754,,,
217677,002,11925619,2043-05-19,U-3754,,,
217677,003,11925619,2043-05-19,U-3754,,,
215559,001,12138245,2037-06-08,U-4031,,,
215559,002,12138245,2037-06-08,U-4031,,,
215559,003,12138245,2037-06-08,U-4031,,,
215559,004,12138245,2037-06-08,U-4031,,,
215559,005,12138245,2037-06-08,U-4031,,,
211723,001,12161645,2031-09-12,U-2853,,,
211723,001,12162865,2034-05-21,U-2736,,,
211723,001,12168016,2031-09-12,U-2736,,,
211723,001,12168016,2031-09-12,U-2853,,,
212304,001,12161767,2036-12-30,U-3334,Y,Y,
212304,002,12161767,2036-12-30,U-3334,Y,Y,
212304,001,12168075,2036-12-30,U-3334,,,
212304,002,12168075,2036-12-30,U-3334,,,
214522,001,12186322,2038-12-24,U-3397,,Y,
215272,001,11497718,2039-11-13,U-4048,,,
215272,001,11938099,2039-11-13,U-4048,,,
216482,001,12194143,2039-08-16,U-1752,,Y,
213006,001,12357636,2042-05-04,U-4219,,,
215430,001,12357697,2043-01-20,U-3419,,,
217660,002,12350262,2038-07-17,U-4220,,,
212273,001,12350262,2038-07-17,U-4221,,,
212273,002,12350262,2038-07-17,U-4222,,,
215352,001,11398306,2031-07-15,U-3685,,,
215352,001,10839960,2031-07-15,U-3685,,,
207078,001,11738044,2035-10-14,U-2312,,,
207078,002,11738044,2035-10-14,U-2312,,,
216482,001,12097285,2039-08-16,U-1752,,Y,
219015,001,11364212,2039-01-07,U-4043,,,
219015,001,11191740,2039-01-07,U-4043,,,
219015,001,10905664,2039-01-07,U-4043,,,
213674,001,12161628,2037-02-23,U-4101,,,
213674,002,12161628,2037-02-23,U-4102,,,
213674,001,12161628,2037-02-23,U-4102,,,
213674,002,12161628,2037-02-23,U-4103,,,
213674,001,12161628,2037-02-23,U-4103,,,
213674,002,12161628,2037-02-23,U-4104,,,
213674,001,12161628,2037-02-23,U-4104,,,
213674,002,12161628,2037-02-23,U-4101,,,
203415,001,12161628,2037-02-23,U-4101,,,
203415,001,12161628,2037-02-23,U-4102,,,
203415,001,12161628,2037-02-23,U-4103,,,
203415,001,12161628,2037-02-23,U-4104,,,
203340,002,12186308,2038-04-16,U-2804,,Y,
217470,001,12290596,2042-08-04,U-4182,,,
214621,001,12336990,2037-09-29,U-3020,,,
209637,001,8536122,2026-03-20,U-2202,Y,Y,
209805,001,9439901,2030-10-21,U-2214,,,
208944,002,9867792,2030-12-02,U-2106,,,
207695,001,8168614,2030-01-20,U-1932,,,
202833,001,9820959,2026-12-18,U-1440,,Y,
205552,002,8476284,2026-12-28,U-1650,,,
208341,001,8580765,2028-03-21,U-1470,Y,Y,
022272,004,9492391,2027-08-24,U-1556,,,
022272,005,9492391,2027-08-24,U-1556,,,
206627,005,9492390,2027-08-24,U-1556,,,
206627,007,9492391,2027-08-24,U-1556,,,
202880,001,9610286,2033-07-25,U-1810,,,
209394,001,10028937,2030-06-10,U-2141,,,
205834,001,10039779,2034-01-30,U-2370,Y,Y,
204114,001,8952018,2030-10-15,U-2020,,,
202293,002,8329648,2026-08-18,U-2213,,,
208194,001,9597398,2033-03-15,U-1971,,,
207932,007,9655843,2027-07-23,U-1556,,Y,
205552,002,8952015,2026-12-28,U-1491,,,
205552,001,8563563,2027-04-26,U-1491,,,
206627,006,9545380,2027-08-24,U-1556,,,
206627,007,9545380,2027-08-24,U-1556,,,
205552,001,8952015,2026-12-28,U-1946,,,
022416,001,9750747,2032-08-24,U-2121,,,
022416,004,9750747,2032-08-24,U-2121,,,
209394,001,9586978,2030-11-06,U-2141,,,
202833,001,9861603,2026-12-18,U-1440,,,
209806,003,9439902,2030-10-21,U-2214,,,
206038,002,9150552,2028-12-04,U-1908,,,
206940,002,8772325,2025-03-14,U-1709,,,
203312,003,9901640,2028-12-26,U-219,,Y,
203312,004,9901640,2028-12-26,U-219,,Y,
203496,003,9393203,2026-04-27,U-1877,,Y,
203496,004,9393203,2026-04-27,U-1877,,Y,
203469,001,9493470,2033-12-12,U-1948,Y,Y,
021902,001,9770406,2025-07-12,U-172,,Y,
208399,001,7049320,2028-08-19,U-1741,Y,Y,
201635,001,9622983,2027-11-16,U-1675,,Y,
207202,002,8847766,2030-03-29,U-2167,,Y,
020866,001,9700555,2032-04-30,U-2196,,Y,
205422,001,9839637,2026-04-12,U-543,,Y,
205437,001,9872854,2034-05-29,U-2233,,,
210563,001,8703780,2026-12-28,U-2242,,,
210563,001,8999999,2031-06-03,U-1946,,,
210563,001,8952015,2026-12-28,U-1946,,,
210563,001,8563563,2027-04-26,U-1491,,,
210563,002,8563563,2027-04-26,U-1946,,,
210563,004,8999999,2031-06-03,U-2242,,,
210563,004,8563563,2027-04-26,U-2242,,,
022036,002,9861607,2027-05-18,U-620,,,
209360,002,9572856,2030-11-20,U-2221,,,
204447,002,9125909,2027-06-15,U-2309,,,
208401,001,10039800,2035-11-06,U-185,,,
209241,001,10065952,2036-10-28,U-1995,Y,Y,
209863,002,9950125,2036-09-04,U-2418,,Y,
202806,002,8952018,2030-10-15,U-2027,,,
207932,004,9901539,2032-12-21,U-1556,,,
212888,002,7125879,2025-04-21,U-3348,Y,Y,
212888,001,11224597,2031-09-15,U-3348,,Y,
212888,002,11224597,2031-09-15,U-3348,,Y,
212888,001,8410103,2026-04-28,U-3348,Y,Y,
212888,002,8410103,2026-04-28,U-3348,Y,Y,
212887,001,8410103,2026-04-28,U-3348,Y,Y,
208088,001,10716794,2030-11-30,U-1500,,,
208088,001,9949985,2030-11-30,U-1500,,,
214510,001,10933046,2040-02-19,U-3357,,Y,
214510,001,9868103,2028-08-08,U-3356,,Y,
214510,001,9687465,2032-11-27,U-3356,,Y,
211882,001,11311482,2038-05-11,U-2368,,,
022408,001,9895388,2033-11-25,U-3365,,,
214410,001,11306106,2037-08-09,U-2816,,,
214410,001,11306106,2037-08-09,U-3000,,,
210854,001,11306106,2037-08-09,U-2816,,,
210854,002,11306106,2037-08-09,U-2816,,,
210854,003,11306106,2037-08-09,U-2816,,,
210854,001,11306106,2037-08-09,U-3000,,,
210854,002,11306106,2037-08-09,U-3000,,,
210854,003,11306106,2037-08-09,U-3000,,,
200063,001,11324741,2029-05-29,U-1583,,,
215888,001,11247981,2033-05-09,U-3366,,,
211243,001,11311500,2035-09-10,U-3034,,,
211243,001,11311500,2035-09-10,U-3036,,,
211243,001,11311500,2035-09-10,U-3035,,,
210884,001,11337962,2030-06-16,U-1719,,Y,
208088,001,11311555,2030-11-30,U-1500,,,
207924,001,11045474,2032-11-30,U-3372,,,
207924,002,11045474,2032-11-30,U-3372,,,
207924,001,9089574,2032-11-30,U-3372,,,
207924,002,9089574,2032-11-30,U-3372,,,
215904,001,10603308,2037-08-10,U-3374,,,
215904,001,9056116,2026-11-28,U-3374,,,
207534,001,11141540,2036-10-20,U-3379,,Y,
207534,002,11141540,2036-10-20,U-3379,,Y,
022496,001,11357727,2041-01-22,U-3380,,Y,
022496,002,11357727,2041-01-22,U-3380,,Y,
215272,001,10426743,2036-05-19,U-2625,,,
212269,001,11357731,2038-10-25,U-3083,,,
213973,001,11344536,2040-08-12,U-3381,,,
209195,001,11338007,2037-06-01,U-2039,,Y,
209195,001,11338007,2037-06-01,U-2040,,Y,
211192,001,10799490,2035-03-13,U-3384,,Y,
211192,001,10610125,2030-06-21,U-3385,,,
211192,001,9850277,2033-01-18,U-3386,Y,Y,
211192,001,9968595,2035-03-13,U-3384,,Y,
211192,001,9474779,2033-08-19,U-3386,Y,Y,
208223,001,11364224,2036-01-29,U-72,,,
210450,002,11344551,2034-03-14,U-3388,,,
210450,002,11344551,2034-03-14,U-3389,,,
208623,001,11357761,2038-05-30,U-2371,,,
208623,001,11357762,2038-05-30,U-2371,,,
208623,001,11357763,2038-05-30,U-2371,,,
208623,001,11357784,2039-02-06,U-2371,,,
215256,001,11318191,2041-02-17,U-3162,,Y,
215256,005,11318191,2041-02-17,U-3162,,Y,
215256,004,11318191,2041-02-17,U-3162,,Y,
215256,003,11318191,2041-02-17,U-3162,,Y,
215256,002,11318191,2041-02-17,U-3162,,Y,
203923,001,10479686,2030-07-07,U-3390,,Y,
200533,001,11344512,2028-04-21,U-3391,,,
200533,001,11344512,2028-04-21,U-3392,,,
200533,002,11344512,2028-04-21,U-3392,,,
200533,003,11344512,2028-04-21,U-3392,,,
200533,004,11344512,2028-04-21,U-3392,,,
200533,005,11344512,2028-04-21,U-3392,,,
200533,002,11344512,2028-04-21,U-3391,,,
200533,003,11344512,2028-04-21,U-3391,,,
200533,004,11344512,2028-04-21,U-3391,,,
200533,005,11344512,2028-04-21,U-3391,,,
206976,001,11351133,2035-02-20,U-3393,,,
215515,001,10570391,2032-11-16,U-3396,Y,Y,
216285,001,9603860,2031-06-28,U-2553,,,
216285,001,10179140,2031-06-28,U-2553,,,
202971,001,11400087,2033-09-24,U-3245,,,
202971,004,11400087,2033-09-24,U-814,,,
202971,003,11400087,2033-09-24,U-814,,,
202971,002,11400087,2033-09-24,U-814,,,
202971,001,11400087,2033-09-24,U-814,,,
202971,004,11400087,2033-09-24,U-3245,,,
202971,003,11400087,2033-09-24,U-3245,,,
202971,002,11400087,2033-09-24,U-3245,,,
202971,001,11400087,2033-09-24,U-1632,,,
202971,002,11400087,2033-09-24,U-1632,,,
202971,003,11400087,2033-09-24,U-1632,,,
202971,004,11400087,2033-09-24,U-1632,,,
213953,001,10576089,2030-12-31,U-2506,,Y,
213953,002,10576089,2030-12-31,U-2506,,Y,
213953,003,10576089,2030-12-31,U-2506,,Y,
208352,001,11337989,2033-03-15,U-1,,,
208573,001,11413282,2033-09-06,U-3412,,,
208573,002,11413282,2033-09-06,U-3412,,,
208573,003,11413282,2033-09-06,U-3412,,,
214103,001,11401517,2035-08-14,U-2995,Y,Y,
206089,001,11426416,2030-04-12,U-3420,,,
208051,001,9265784,2029-08-04,U-3047,,,
208051,001,8669273,2031-07-18,U-3047,,,
213388,001,10881659,2034-03-14,U-2842,,,
213137,001,11020382,2036-12-02,U-3133,,,
213137,001,11020382,2036-12-02,U-3134,,,
210655,001,11013809,2028-02-13,U-3135,,Y,
210655,002,11013809,2028-02-13,U-3135,,Y,
214133,001,11278547,2040-03-02,U-3282,,,
213973,001,11266635,2040-08-12,U-3330,,,
207946,005,11304951,2041-05-07,U-3349,,,
207946,006,11304951,2041-05-07,U-3349,,,
214846,001,11793812,2038-05-03,U-2360,,,
203341,001,7417148,2025-12-11,U-3708,,,
203341,001,7417148,2025-12-11,U-3707,,,
203341,002,7417148,2025-12-11,U-3707,,,
203341,002,7417148,2025-12-11,U-3708,,,
203341,003,7417148,2025-12-11,U-3708,,,
203341,003,7417148,2025-12-11,U-3707,,,
211230,002,11969404,2040-03-19,U-3892,,,
216157,001,11944612,2036-12-02,U-3893,,,
213137,001,11944612,2036-12-02,U-3893,,,
213137,002,11944612,2036-12-02,U-3893,,,
210913,001,11951153,2037-02-28,U-1483,,,
210491,001,11951212,2035-04-14,U-3894,,Y,
218160,001,10172851,2037-10-10,U-3450,,,
218160,004,10172851,2037-10-10,U-3450,,,
218160,003,10172851,2037-10-10,U-3450,,,
218160,002,10172851,2037-10-10,U-3450,,,
218160,001,10137124,2037-10-10,U-3450,,,
218160,004,10137124,2037-10-10,U-3450,,,
218160,003,10137124,2037-10-10,U-3450,,,
218160,002,10137124,2037-10-10,U-3450,,,
218591,002,10722471,2037-02-02,U-3896,,Y,
218591,001,10722471,2037-02-02,U-3896,,Y,
218591,001,9388134,2026-11-08,U-1723,,,
218591,002,9388134,2026-11-08,U-1723,,,
213498,007,11951097,2042-10-10,U-3891,,,
213498,008,11951097,2042-10-10,U-3891,,,
213498,009,11951097,2042-10-10,U-3891,,,
213498,010,11951097,2042-10-10,U-3891,,,
210951,001,11963952,2040-01-30,U-3901,,,
210951,002,11963952,2040-01-30,U-3901,,,
215358,003,8829195,2033-05-13,U-1374,Y,,
213217,001,11970500,2037-08-15,U-1745,,,
213217,001,11970500,2037-08-15,U-3860,,,
213217,001,11970500,2037-08-15,U-3486,,,
213217,001,11970500,2037-08-15,U-3063,,,
213217,001,11970500,2037-08-15,U-2666,,,
213217,001,11970500,2037-08-15,U-2537,,,
213217,001,11970500,2037-08-15,U-2145,,,
212018,001,10478494,2036-08-13,U-3902,,,
212018,002,10478494,2036-08-13,U-3902,,,
212018,003,10478494,2036-08-13,U-3902,,,
218390,001,11654142,2038-11-14,U-3055,,,
218390,003,11654142,2038-11-14,U-3055,,,
218390,002,11654142,2038-11-14,U-3055,,,
218390,001,11439629,2037-10-10,U-3055,,,
218390,003,11439629,2037-10-10,U-3055,,,
218390,002,11439629,2037-10-10,U-3055,,,
218390,001,11311532,2038-09-18,U-1995,,Y,
218390,003,11311532,2038-09-18,U-3055,,Y,
218390,002,11311532,2038-09-18,U-3055,,Y,
218390,001,11311532,2038-09-18,U-3055,,Y,
214787,002,11007208,2036-09-16,U-3829,,,
214787,002,11007208,2036-09-16,U-3830,,,
214787,001,11266681,2038-07-10,U-3832,,,
214787,001,11266681,2038-07-10,U-3831,,,
214787,001,11382926,2036-09-16,U-3831,,,
214787,001,11382926,2036-09-16,U-3832,,,
214787,002,11382926,2036-09-16,U-3830,,,
214787,002,11382926,2036-09-16,U-3829,,,
214787,001,10695361,2036-09-16,U-3831,,,
214787,001,10695361,2036-09-16,U-3832,,,
214787,002,10695361,2036-09-16,U-3829,,,
214787,002,10695361,2036-09-16,U-3830,,,
217003,001,8476284,2026-12-28,U-3843,,,
217003,001,8476284,2026-12-28,U-3844,,,
217003,001,8476284,2026-12-28,U-3845,,,
218276,001,11951101,2041-07-15,U-3895,,,
212273,002,10793547,2037-12-08,U-4073,Y,Y,
212273,001,10758534,2035-10-06,U-4073,Y,Y,
212273,002,10758534,2035-10-06,U-4073,Y,Y,
210136,007,12161640,2032-07-26,U-4100,,Y,
212273,001,9974781,2027-04-09,U-4073,,Y,
212273,002,11564916,2029-08-13,U-4063,,,
212273,002,10239867,2027-04-09,U-4056,Y,Y,
212273,001,8598181,2027-05-01,U-4056,,,
212273,002,11578062,2031-03-25,U-4054,,Y,
212273,002,8598181,2027-05-01,U-4056,,,
210136,006,12161640,2032-07-26,U-4100,,Y,
212273,002,9974781,2027-04-09,U-4073,,Y,
210136,001,12161640,2032-07-26,U-4100,,Y,
210136,005,12161640,2032-07-26,U-4100,,Y,
210136,004,12161640,2032-07-26,U-4100,,Y,
210136,003,12161640,2032-07-26,U-4100,,Y,
210136,002,12161640,2032-07-26,U-4100,,Y,
218820,001,12128033,2041-06-09,U-4049,Y,,
211723,001,12168014,2038-05-03,U-2736,,,
211723,001,12168014,2038-05-03,U-2853,,,
211723,001,12168014,2038-05-03,U-2852,,,
211230,001,12194016,2040-03-19,U-4106,,,
211230,002,12194016,2040-03-19,U-4106,,,
214665,001,11426404,2040-09-15,U-4107,,,
214665,002,11426404,2040-09-15,U-4107,,,
214665,003,11426404,2040-09-15,U-4107,,,
214665,001,11236091,2040-05-20,U-4107,Y,Y,
214665,002,11236091,2040-05-20,U-4107,Y,Y,
214665,003,11236091,2040-05-20,U-4107,Y,Y,
214665,001,11827635,2040-05-20,U-4107,Y,Y,
214665,002,11827635,2040-05-20,U-4107,Y,Y,
214665,003,11827635,2040-05-20,U-4107,Y,Y,
207946,005,12208100,2041-05-07,U-3359,,,
207946,006,12208100,2041-05-07,U-4110,,,
207946,005,12208100,2041-05-07,U-4110,,,
207946,006,12208100,2041-05-07,U-3359,,,
211765,001,12194030,2041-12-22,U-4121,,,
211765,001,12194030,2041-12-22,U-4122,,,
211710,001,11337967,2037-05-16,U-4123,,,
210861,001,11974998,2037-05-16,U-4124,,,
210861,002,11974998,2037-05-16,U-4124,,,
210861,001,11337967,2037-05-16,U-4123,,,
210861,002,11337967,2037-05-16,U-4123,,,
214517,001,12201604,2033-01-25,U-3003,,,
205677,001,12201604,2033-01-25,U-3003,,,
205677,001,12201604,2033-01-25,U-3865,,,
211710,001,11974998,2037-05-16,U-4124,,,
215559,001,12201614,2037-06-08,U-4031,,,
215559,002,12201614,2037-06-08,U-4031,,,
215559,003,12201614,2037-06-08,U-4031,,,
215559,004,12201614,2037-06-08,U-4031,,,
215559,005,12201614,2037-06-08,U-4031,,,
219209,001,11834441,2040-12-04,U-4125,Y,Y,
207925,001,12214083,2033-02-27,U-4126,,Y,
207925,002,12214083,2033-02-27,U-4126,,Y,
207925,004,12214083,2033-02-27,U-4127,,Y,
207925,005,12214083,2033-02-27,U-4127,,Y,
207925,003,12214083,2033-02-27,U-4128,,Y,
218549,001,12208167,2044-02-26,U-713,,Y,
218549,003,12208167,2044-02-26,U-713,,Y,
218549,002,12208167,2044-02-26,U-713,,Y,
218010,001,12201557,2030-06-18,U-4129,Y,Y,
216482,001,12226526,2039-08-16,U-1752,,Y,
213051,004,10278923,2034-05-02,U-2628,Y,Y,
213051,005,10278923,2034-05-02,U-2628,Y,Y,
213051,006,10278923,2034-05-02,U-2628,Y,Y,
213051,006,9278123,2031-12-16,U-2628,Y,Y,
219389,001,12220390,2043-03-16,U-4130,,,
219389,002,12220390,2043-03-16,U-4130,,,
219389,001,12037306,2041-02-17,U-4130,,,
219389,002,12037306,2041-02-17,U-4130,,,
219389,001,12029711,2044-03-15,U-4130,,Y,
219389,002,12029711,2044-03-15,U-4130,,Y,
219379,001,11453641,2041-02-17,U-4130,,,
212273,001,10239867,2027-04-09,U-4056,Y,Y,
219285,001,11534444,2038-10-04,U-1943,,,
219285,001,9969754,2035-05-11,U-1943,Y,Y,
219285,001,11827646,2036-01-25,U-1943,,,
008975,002,12233105,2043-10-27,U-3904,,,
008975,002,12233105,2043-10-27,U-3905,,,
008975,002,12233105,2043-10-27,U-3906,,,
008975,002,12233105,2043-10-27,U-3907,,,
008975,002,12233105,2043-10-27,U-3908,,,
008975,002,12233105,2043-10-27,U-3909,,,
008975,002,12233105,2043-10-27,U-3910,,,
008975,002,12233105,2043-10-27,U-3911,,,
207962,001,9925264,2031-05-10,U-2267,,Y,
211358,001,10597384,2028-12-04,U-2778,Y,Y,
206038,001,10597384,2028-12-04,U-2777,Y,Y,
206038,002,10597384,2028-12-04,U-2777,Y,Y,
211358,002,10597384,2028-12-04,U-2778,Y,Y,
212121,001,10632150,2039-04-19,U-2789,,Y,
212614,001,10596120,2032-03-07,U-2790,,Y,
212614,002,10596120,2032-03-07,U-2790,,Y,
212614,003,10596120,2032-03-07,U-2790,,Y,
212614,004,10596120,2032-03-07,U-2790,,Y,
212028,001,8268848,2031-09-20,U-2791,Y,Y,
212028,001,10188652,2035-10-21,U-2791,,Y,
212028,002,10188652,2035-10-21,U-2791,,Y,
212028,002,8268848,2031-09-20,U-2791,Y,Y,
208658,001,10596120,2032-03-07,U-2792,,Y,
208658,002,10596120,2032-03-07,U-2792,,Y,
208658,003,10596120,2032-03-07,U-2792,,Y,
208658,004,10596120,2032-03-07,U-2792,,Y,
202860,001,9604028,2029-08-13,U-2793,,,
213756,001,9562017,2026-12-12,U-2800,Y,,
213756,002,9562017,2026-12-12,U-2800,Y,,
212860,001,7816404,2029-04-17,U-2801,Y,,
204819,001,10662188,2034-02-18,U-2834,Y,Y,
204819,001,10662188,2034-02-18,U-2835,Y,Y,
212157,001,9949990,2036-05-27,U-2718,,Y,
204819,002,10662188,2034-02-18,U-2834,Y,Y,
204819,002,10662188,2034-02-18,U-2835,Y,Y,
204819,003,10662188,2034-02-18,U-2834,Y,Y,
204819,003,10662188,2034-02-18,U-2835,Y,Y,
204819,004,10662188,2034-02-18,U-2834,Y,Y,
204819,004,10662188,2034-02-18,U-2835,Y,Y,
204819,005,10662188,2034-02-18,U-2835,Y,Y,
204819,005,10662188,2034-02-18,U-2834,Y,Y,
213702,001,7763615,2029-12-13,U-2836,Y,Y,
208772,001,9611283,2034-04-10,U-2837,,,
208772,002,9611283,2034-04-10,U-2837,,,
208772,003,9611283,2034-04-10,U-2837,,,
208772,001,9273077,2029-05-21,U-2837,,,
208772,002,9273077,2029-05-21,U-2837,,,
208772,003,9273077,2029-05-21,U-2837,,,
208772,001,10385078,2035-11-10,U-2837,Y,Y,
208772,002,10385078,2035-11-10,U-2837,Y,Y,
208772,003,10385078,2035-11-10,U-2837,Y,Y,
202057,001,10668042,2033-06-28,U-2841,,,
202057,002,10668042,2033-06-28,U-2841,,,
207589,001,10688108,2031-06-10,U-2627,,,
208232,001,10695397,2036-02-03,U-2857,,,
208232,001,8535695,2029-09-17,U-2857,,,
208232,001,10238709,2036-02-03,U-2857,,,
210583,001,10709713,2030-05-26,U-2750,,,
212102,001,9603815,2033-05-03,U-2858,,,
212102,001,9549909,2033-05-03,U-2858,,,
212102,001,10452815,2038-06-29,U-2859,,,Y
212102,001,9610260,2033-05-03,U-2858,,,
212102,001,9603814,2033-05-03,U-2858,,,
212102,001,10603290,2037-08-02,U-2861,,,
212102,001,10478442,2033-05-03,U-2860,,,
212102,001,10478441,2033-05-03,U-2860,,,
212535,001,10478453,2039-01-15,U-2752,,Y,
212535,001,10583155,2039-01-15,U-2752,,Y,
212038,001,10722473,2038-11-19,U-2357,,,
212038,002,10722473,2038-11-19,U-2357,,,
212038,003,10722473,2038-11-19,U-2357,,,
212038,004,10722473,2038-11-19,U-2357,,,
212038,005,10722473,2038-11-19,U-2357,,,
212038,006,10722473,2038-11-19,U-2357,,,
210365,001,10709671,2035-06-17,U-2862,,,
210365,001,10709674,2035-06-17,U-2781,,,
210365,001,10709674,2035-06-17,U-2780,,,
212801,001,10709691,2035-10-12,U-2770,,,
212801,002,10709691,2035-10-12,U-2770,,,
212801,003,10709691,2035-10-12,U-2770,,,
210045,001,9408837,2030-02-28,U-2410,,,
210045,002,9408837,2030-02-28,U-2410,,,
210045,003,9408837,2030-02-28,U-2410,,,
210563,001,10751342,2031-06-03,U-1491,,,
208054,001,10716868,2035-12-30,U-2450,,,
210933,001,10945948,2033-05-03,U-2985,,,
210933,001,10940108,2033-05-03,U-2985,,,
213072,001,10376470,2033-05-01,U-3095,,Y,
213072,001,9763885,2033-05-01,U-3095,,Y,
213072,002,9763885,2033-05-01,U-3095,,Y,
213072,002,10376470,2033-05-01,U-3095,,Y,
213072,003,10376470,2033-05-01,U-3095,,Y,
213072,003,9763885,2033-05-01,U-3095,,Y,
213072,004,10376470,2033-05-01,U-3095,,Y,
213072,004,9763885,2033-05-01,U-3095,,Y,
211230,001,10940133,2040-03-19,U-3099,,,
211371,001,10940156,2037-03-08,U-2552,,,
212904,001,6821987,2025-04-26,U-3100,Y,Y,
212904,002,6821987,2025-04-26,U-3100,Y,Y,
213176,001,10947244,2035-05-26,U-3063,,,
213176,001,10947244,2035-05-26,U-3064,,,
022201,001,10973870,2029-02-10,U-1978,,,
022201,002,10973870,2029-02-10,U-1978,,,
206488,001,RE48468,2028-10-27,U-2097,,,
206488,002,RE48468,2028-10-27,U-2097,,,
214155,001,9682061,2030-04-26,U-3101,,,
214155,001,8420592,2029-08-29,U-3101,,,
213498,001,8273779,2025-12-17,U-2774,,,
213498,001,9062014,2032-05-06,U-2774,Y,Y,
213498,002,9062014,2032-05-06,U-2774,Y,Y,
213498,002,8273779,2025-12-17,U-2774,,,
213498,003,9062014,2032-05-06,U-2774,Y,Y,
213498,003,8273779,2025-12-17,U-2774,,,
213498,004,8273779,2025-12-17,U-2774,,,
213498,004,9062014,2032-05-06,U-2774,Y,Y,
213498,005,9062014,2032-05-06,U-2774,Y,Y,
213498,005,8273779,2025-12-17,U-2774,,,
213498,006,9062014,2032-05-06,U-2774,Y,Y,
213498,006,8273779,2025-12-17,U-2774,,,
213498,007,8273779,2025-12-17,U-2774,,,
213498,007,9062014,2032-05-06,U-2774,Y,Y,
213498,008,9062014,2032-05-06,U-2774,Y,Y,
213498,008,8273779,2025-12-17,U-2774,,,
213498,009,9062014,2032-05-06,U-2774,Y,Y,
213498,009,8273779,2025-12-17,U-2774,,,
213498,010,9062014,2032-05-06,U-2774,Y,Y,
213498,010,8273779,2025-12-17,U-2774,,,
213498,001,10220023,2035-12-10,U-3103,,,
213498,002,10220023,2035-12-10,U-3103,,,
213498,003,10220023,2035-12-10,U-3103,,,
213498,004,10220023,2035-12-10,U-3103,,,
213498,005,10220023,2035-12-10,U-3103,,,
213498,006,10220023,2035-12-10,U-3103,,,
213498,007,10220023,2035-12-10,U-3103,,,
213498,008,10220023,2035-12-10,U-3103,,,
213498,009,10220023,2035-12-10,U-3103,,,
213498,010,10220023,2035-12-10,U-3103,,,
211964,001,9603853,2033-02-07,U-727,,,
211964,002,9603853,2033-02-07,U-727,,,
211964,003,9603853,2033-02-07,U-727,,,
210563,001,8497277,2026-12-28,U-3422,,,
210563,002,8497277,2026-12-28,U-3422,,,
210563,003,8497277,2026-12-28,U-3422,,,
210563,001,10478439,2031-06-03,U-3422,,,
210563,002,10478439,2031-06-03,U-3422,,,
210563,003,10478439,2031-06-03,U-3422,,,
205552,001,8497277,2026-12-28,U-3422,,,
205552,002,8497277,2026-12-28,U-3422,,,
205552,001,10478439,2031-06-03,U-3422,,,
205552,002,10478439,2031-06-03,U-3422,,,
217003,001,8497277,2026-12-28,U-3422,,,
212690,001,11426373,2037-09-19,U-3432,,,
215602,001,11446246,2037-09-08,U-3433,,,
208623,001,11458128,2038-05-30,U-2371,,,
213246,001,10137124,2037-10-10,U-3450,,,
213246,002,10137124,2037-10-10,U-3450,,,
213246,001,10584124,2038-10-10,U-3450,Y,,
213246,002,10584124,2038-10-10,U-3450,Y,,
201444,001,11753301,2030-02-10,U-3681,Y,Y,
203923,001,11753301,2030-02-10,U-3682,Y,Y,
211617,001,11744816,2036-03-14,U-3692,,,
209241,001,11026939,2038-09-18,U-3055,,Y,
209241,002,11026939,2038-09-18,U-3055,,Y,
209241,003,11026939,2038-09-18,U-3055,,Y,
209241,001,10912771,2037-10-10,U-3055,,,
209241,002,10912771,2037-10-10,U-3055,,,
209241,003,10912771,2037-10-10,U-3055,,,
209241,001,10874648,2037-10-10,U-3055,,,
209241,002,10874648,2037-10-10,U-3055,,,
209241,003,10874648,2037-10-10,U-3055,,,
215256,001,11752198,2038-08-24,U-3162,,Y,
215256,005,11752198,2038-08-24,U-3162,,Y,
209241,001,10851104,2036-10-28,U-3055,Y,,
209241,002,10851104,2036-10-28,U-3055,Y,,
209241,003,10851104,2036-10-28,U-3055,Y,,
209241,001,10851103,2036-10-28,U-3055,Y,Y,
209241,002,10851103,2036-10-28,U-3055,Y,Y,
209241,003,10851103,2036-10-28,U-3055,Y,Y,
209241,001,10844058,2036-10-28,U-3055,Y,Y,
209241,002,10844058,2036-10-28,U-3055,Y,Y,
209241,003,10844058,2036-10-28,U-3055,Y,Y,
209241,001,10065952,2036-10-28,U-3055,Y,Y,
209241,002,10065952,2036-10-28,U-3055,Y,Y,
209241,003,10065952,2036-10-28,U-3055,Y,Y,
209241,001,8357697,2027-11-08,U-3055,,,
209241,002,8357697,2027-11-08,U-3055,,,
209241,003,8357697,2027-11-08,U-3055,,,
215256,004,11752198,2038-08-24,U-3162,,Y,
215256,003,11752198,2038-08-24,U-3162,,Y,
215256,002,11752198,2038-08-24,U-3162,,Y,
211230,001,11771667,2042-12-30,U-3693,,,
211230,002,11771667,2042-12-30,U-3693,,,
211230,001,11771666,2042-12-30,U-3693,,,
211230,002,11771666,2042-12-30,U-3693,,,
218390,003,11311532,2038-09-18,U-1995,,Y,
218390,002,11311532,2038-09-18,U-1995,,Y,
218390,001,11040029,2037-10-10,U-1995,,,
218390,003,11040029,2037-10-10,U-1995,,,
218390,002,11040029,2037-10-10,U-1995,,,
218390,001,11026939,2038-09-18,U-1995,,Y,
218390,003,11026939,2038-09-18,U-3055,,Y,
218390,002,11026939,2038-09-18,U-3055,,Y,
218390,001,11026939,2038-09-18,U-3055,,Y,
218390,003,11026939,2038-09-18,U-1995,,Y,
218390,002,11026939,2038-09-18,U-1995,,Y,
218390,001,11026931,2039-08-14,U-1995,,,
218390,003,11026931,2039-08-14,U-1995,,,
218390,002,11026931,2039-08-14,U-1995,,,
218390,001,10993941,2037-10-10,U-1995,,,
218390,003,10993941,2037-10-10,U-1995,,,
218390,002,10993941,2037-10-10,U-1995,,,
218390,001,10952997,2037-10-10,U-1995,,,
218390,003,10952997,2037-10-10,U-1995,,,
218390,002,10952997,2037-10-10,U-1995,,,
218390,001,10940141,2040-08-10,U-1995,,,
218390,003,10940141,2040-08-10,U-1995,,,
218390,002,10940141,2040-08-10,U-1995,,,
218390,001,10912771,2037-10-10,U-1995,,,
218390,003,10912771,2037-10-10,U-3076,,,
218390,002,10912771,2037-10-10,U-3076,,,
218390,001,10912771,2037-10-10,U-3076,,,
218390,003,10912771,2037-10-10,U-3055,,,
218390,002,10912771,2037-10-10,U-3055,,,
218390,001,10912771,2037-10-10,U-3055,,,
218390,003,10912771,2037-10-10,U-1995,,,
218390,002,10912771,2037-10-10,U-1995,,,
218390,001,10874648,2037-10-10,U-1995,,,
218390,003,10874648,2037-10-10,U-3055,,,
218390,002,10874648,2037-10-10,U-3055,,,
218390,001,10874648,2037-10-10,U-3055,,,
218390,003,10874648,2037-10-10,U-3046,,,
218390,002,10874648,2037-10-10,U-3046,,,
218390,001,10874648,2037-10-10,U-3046,,,
218390,003,10874648,2037-10-10,U-1995,,,
218390,002,10874648,2037-10-10,U-1995,,,
218390,001,10857148,2037-10-10,U-1995,,,
218390,002,10857148,2037-10-10,U-1995,,,
218390,003,10857148,2037-10-10,U-1995,,,
020845,003,11931377,2029-06-03,U-3903,Y,Y,
020845,004,11931377,2029-06-03,U-3903,Y,Y,
216482,001,11931455,2039-08-16,U-1752,,Y,
008975,002,11975047,2043-10-27,U-3904,,,
008975,002,11975047,2043-10-27,U-3905,,,
008975,002,11975047,2043-10-27,U-3906,,,
008975,002,11975047,2043-10-27,U-3907,,,
008975,002,11975047,2043-10-27,U-3908,,,
008975,002,11975047,2043-10-27,U-3909,,,
008975,002,11975047,2043-10-27,U-3910,,,
008975,002,11975047,2043-10-27,U-3911,,,
008975,002,11975047,2043-10-27,U-3912,,,
008975,002,11975047,2043-10-27,U-3913,,,
008975,002,11975047,2043-10-27,U-3914,,,
008975,002,11975047,2043-10-27,U-3915,,,
008975,002,11975047,2043-10-27,U-3916,,,
008975,002,11975047,2043-10-27,U-3917,,,
008975,002,11975047,2043-10-27,U-3918,,,
008975,002,11975047,2043-10-27,U-3919,,,
008975,002,11975047,2043-10-27,U-3920,,,
008975,002,11975047,2043-10-27,U-3921,,,
008975,002,11975047,2043-10-27,U-3922,,,
008975,002,11975047,2043-10-27,U-3923,,,
022192,007,9074256,2031-02-10,U-1674,,,
206627,005,9095614,2027-08-24,U-1556,,,
206627,007,9095614,2027-08-24,U-1556,,,
208692,002,10039757,2031-07-18,U-1480,,,
211358,002,7973038,2026-11-08,U-2374,,,
211358,002,9150552,2028-12-04,U-2375,,,
210922,001,9364435,2029-04-15,U-2378,,Y,
210922,001,9234196,2029-10-20,U-2378,,Y,
205739,001,9925212,2033-10-08,U-1766,,,
209296,001,9974794,2035-09-18,U-2161,,Y,
208564,001,9180091,2032-11-21,U-2317,,Y,
208564,002,9180091,2032-11-21,U-2317,,Y,
202714,003,8207127,2025-04-14,U-2319,,,
021920,001,10028925,2026-03-03,U-1732,,Y,
201281,001,10022379,2029-04-02,U-2339,,,
201281,003,10022379,2029-04-02,U-2339,,,
208912,001,10022502,2034-06-22,U-2340,,,
208944,001,8895617,2025-11-23,U-2106,,,
210259,001,9758524,2032-07-11,U-2145,,,
208945,001,9399014,2029-12-15,U-805,,,
204447,003,9861630,2027-06-15,U-1668,,,
203389,001,9925156,2027-01-26,U-1399,Y,Y,
203389,002,9925157,2027-01-26,U-1399,Y,Y,
208090,004,9968598,2036-09-02,U-1556,,Y,
209299,001,8163902,2026-06-17,U-2294,Y,,
209299,002,8163902,2026-06-17,U-2294,Y,,
207947,004,9284280,2030-06-25,U-1831,,,
207947,008,9284280,2030-06-25,U-1831,,,
205834,001,9284342,2030-09-13,U-1470,Y,Y,
207318,001,7659285,2026-08-24,U-1844,,,
202880,001,9421200,2033-07-25,U-1810,,,
202880,005,9421200,2033-07-25,U-1810,,,
207621,004,8685443,2025-07-03,U-1508,,,
207533,001,9452131,2035-03-19,U-2402,,,
208470,001,8957054,2030-01-08,U-1922,,,
203312,003,9533046,2028-12-26,U-219,,Y,
022081,002,8377933,2027-12-11,U-1754,,,
022450,001,9399012,2031-09-11,U-2261,,,
208624,001,8492386,2032-09-04,U-1840,,,
203858,002,9433617,2025-03-07,U-1316,,,
209241,001,8357697,2027-11-08,U-1995,,,
201444,001,9345724,2030-07-07,U-2015,Y,Y,
208090,005,9682075,2030-12-10,U-1556,,Y,
204820,001,9675613,2033-08-22,U-1020,,,
209501,001,10022447,2026-11-02,U-2136,,,
209501,003,10022447,2026-11-02,U-2136,,,
208624,001,9744170,2035-01-02,U-1889,,Y,
020866,001,9352025,2030-06-07,U-2119,,,
020866,001,9352025,2030-06-07,U-2116,,,
209296,001,9561229,2035-09-18,U-2161,,Y,
208254,001,8394826,2030-11-10,U-1524,Y,Y,
207925,001,8629162,2025-06-24,U-2234,,,
210045,001,9662315,2029-05-22,U-2410,,Y,
210365,001,9956183,2035-06-17,U-2423,,,
210365,001,9956184,2035-06-17,U-2424,,,
207925,001,8324242,2027-08-05,U-2527,,,
207925,002,8354427,2026-07-06,U-2528,,,
206333,001,8298556,2025-08-03,U-1690,,,
208780,002,8318780,2030-01-08,U-2081,,,
208780,002,8609701,2029-04-22,U-2066,,,
208780,002,8592462,2029-04-22,U-2059,,,
208780,002,7767700,2027-12-18,U-2080,,,
207202,004,8847766,2030-03-29,U-2167,,Y,
207202,002,8956288,2029-07-06,U-2167,,Y,
207202,005,8956288,2029-07-06,U-2167,,Y,
022416,004,9763954,2028-09-13,U-2123,,,
209482,001,7439393,2025-05-21,U-2127,Y,Y,
209482,001,8183257,2025-07-27,U-2128,,,
210563,004,8952015,2026-12-28,U-2241,,,
210563,001,8476284,2026-12-28,U-2241,,,
210563,003,8476284,2026-12-28,U-1946,,,
210563,003,8476284,2026-12-28,U-1650,,,
210563,004,9801883,2031-06-03,U-2243,,,
205437,002,10092541,2034-05-29,U-2403,,,
206099,001,10076615,2029-07-30,U-2404,,,
209521,003,9255068,2033-02-09,U-2407,Y,Y,
211155,001,9216982,2029-01-05,U-2412,,,
210563,003,10004746,2031-06-03,U-2241,,,
210563,003,10004746,2031-06-03,U-1946,,,
209311,003,9603809,2032-03-23,U-2357,,,
207947,001,7205302,2026-10-31,U-1797,Y,Y,
207947,002,9173881,2029-08-12,U-1798,,,
207947,006,9173881,2029-08-12,U-1798,,,
202107,001,9943526,2036-04-20,U-1643,,,
208658,002,9949998,2034-06-11,U-2290,,,
209483,001,9956231,2030-08-31,U-1761,,Y,
208010,001,9925147,2028-04-25,U-2259,,Y,
207793,001,9339497,2033-06-12,U-1848,,,
209819,002,8975270,2031-09-05,U-2175,,Y,
209819,002,9272044,2031-06-06,U-2177,,,
209819,002,9782402,2031-06-06,U-2176,,Y,
209819,002,9827241,2031-06-06,U-2210,,Y,
207202,001,8759350,2027-03-02,U-1529,,,
210496,001,10005761,2030-08-27,U-2335,,,
210496,001,9850229,2030-08-27,U-2337,,,
207318,002,7659285,2026-08-24,U-1844,,,
203312,001,8557283,2028-12-26,U-1645,,Y,
203312,001,8454998,2028-12-26,U-219,,Y,
203312,003,8557283,2028-12-26,U-219,,Y,
203312,003,8377474,2028-12-26,U-1645,,Y,
203312,004,8454998,2028-12-26,U-1647,,Y,
205353,001,8883842,2028-06-13,U-1669,,,
210455,001,8148374,2029-09-03,U-2364,Y,Y,
207356,001,9895385,2035-05-15,U-2417,,,
021978,001,8962000,2025-08-31,U-1412,,Y,
022192,006,9138432,2025-09-30,U-1737,,,
207533,002,9193685,2033-10-24,U-543,,Y,
207561,001,7176220,2026-08-27,U-257,Y,Y,
204629,002,8551957,2029-10-14,U-1651,,,
022204,001,9259388,2029-11-06,U-1644,,,
208573,003,9174982,2030-05-26,U-2323,,,
205422,004,8349840,2026-04-12,U-1529,,Y,
206627,006,9095614,2027-08-24,U-1556,,,
205029,001,9283197,2034-08-15,U-1830,,Y,Y
208054,001,10967077,2035-12-30,U-2450,,,
208054,001,10953112,2026-11-28,U-1879,,,
213246,001,10786489,2038-10-10,U-3450,,Y,
213246,002,10786489,2038-10-10,U-3450,,Y,
215092,001,11197849,2035-01-08,U-3454,,Y,
215092,001,10702511,2035-01-08,U-3454,,Y,
215092,001,10179127,2035-01-08,U-3454,,Y,
215092,001,9415038,2035-01-08,U-3454,,Y,
215092,001,RE48183,2035-01-08,U-3454,,Y,
208742,001,11458041,2037-11-16,U-1680,,,
208742,001,11458041,2037-11-16,U-3455,,,
210583,001,11458145,2039-03-08,U-3318,,,
216157,001,11452720,2035-02-06,U-3459,,,
213137,001,11452720,2035-02-06,U-3459,,,
213137,002,11452720,2035-02-06,U-3459,,,
214133,001,11478471,2026-01-10,U-3283,,,
213426,001,11478488,2030-04-19,U-3244,,,
213137,002,11020382,2036-12-02,U-3133,,,
213137,002,11020382,2036-12-02,U-3134,,,
213137,002,9248199,2034-01-29,U-2676,,,
213137,002,9248199,2034-01-29,U-2715,,,
215430,001,11478468,2034-11-05,U-3419,,,
208088,001,11464735,2041-04-28,U-1500,,Y,
211810,002,10961240,2038-07-24,U-2606,,,
208564,002,11497709,2032-11-21,U-2316,,,
208564,002,11497709,2032-11-21,U-2317,,,
206940,002,11484527,2033-03-14,U-3475,,,
212904,001,11504365,2039-11-05,U-3476,,,
212904,002,11504365,2039-11-05,U-3476,,,
210660,001,11510942,2039-01-15,U-2752,,Y,
214962,002,10555902,2036-01-19,U-3493,,,
204370,001,RE47350,2029-07-16,U-3503,,,
204370,001,RE49110,2029-07-16,U-3503,,,
204370,001,7737142,2029-09-17,U-3503,Y,Y,
204370,002,7737142,2029-09-17,U-3503,Y,Y,
204370,002,RE49110,2029-07-16,U-3503,,,
204370,001,RE49302,2029-07-16,U-2543,,,
204370,002,RE49302,2029-07-16,U-2543,,,
204370,003,RE49302,2029-07-16,U-2543,,,
204370,004,RE49302,2029-07-16,U-2543,,,
204370,001,RE49302,2029-07-16,U-3503,,,
204370,001,RE49302,2029-07-16,U-2544,,,
204370,001,RE49302,2029-07-16,U-2545,,,
204370,002,RE49302,2029-07-16,U-2545,,,
204370,002,RE49302,2029-07-16,U-2544,,,
204370,002,RE49302,2029-07-16,U-3503,,,
204370,003,RE49302,2029-07-16,U-2544,,,
204370,003,RE49302,2029-07-16,U-3503,,,
204370,003,RE49302,2029-07-16,U-2545,,,
204370,004,RE49302,2029-07-16,U-2544,,,
204370,004,RE49302,2029-07-16,U-2545,,,
204370,004,RE49302,2029-07-16,U-3503,,,
215430,001,11541048,2034-11-05,U-3419,,,
215430,001,11541021,2034-11-05,U-3419,,,
215430,001,11534414,2034-11-05,U-3419,,Y,
214900,001,11534433,2039-06-10,U-3159,,,
214900,001,11534433,2039-06-10,U-3508,,,
214510,001,11541026,2040-02-19,U-3356,,,
209022,001,11554229,2036-02-23,U-2133,,,
210951,002,9481663,2033-06-04,U-2624,Y,Y,
210951,002,9481663,2033-06-04,U-2237,Y,Y,
210951,001,9481663,2033-06-04,U-2624,Y,Y,
210951,001,9481663,2033-06-04,U-2237,Y,Y,
213973,001,11576904,2040-08-12,U-3537,,,
216403,001,9993461,2030-03-29,U-3269,,,
216403,002,9993461,2030-03-29,U-3269,,,
208743,001,8748382,2027-10-03,U-3543,,,
212097,001,11590205,2036-04-22,U-2742,,Y,
212097,004,11590205,2036-04-22,U-2742,,Y,
212097,003,11590205,2036-04-22,U-2742,,Y,
212097,002,11590205,2036-04-22,U-2742,,Y,
208716,001,7855211,2031-09-28,U-3265,Y,Y,
208716,002,7855211,2031-09-28,U-3265,Y,Y,
208716,003,7855211,2031-09-28,U-3265,Y,Y,
212535,001,11510942,2039-01-15,U-2752,,Y,
208573,001,11590128,2033-09-06,U-3548,,,
208573,002,11590128,2033-09-06,U-3548,,,
208573,003,11590128,2033-09-06,U-3548,,,
022306,001,11583216,2039-08-21,U-3549,,,
022306,001,10799138,2039-04-05,U-3549,,,
208259,001,11618748,2030-01-27,U-1524,,,
208254,001,11618748,2030-01-27,U-1524,,,
203697,001,10786444,2032-09-29,U-3559,,,
216457,001,11744800,2035-09-18,U-3690,,Y,
210607,001,11744828,2035-12-02,U-2582,,,
208558,001,8071579,2027-08-12,U-3695,,,
212306,002,11753401,2035-08-14,U-2584,,Y,
212306,004,11753401,2035-08-14,U-3018,,Y,
212306,003,11753401,2035-08-14,U-3018,,Y,
212306,002,11753401,2035-08-14,U-3018,,Y,
212306,004,11753401,2035-08-14,U-2855,,Y,
212306,003,11753401,2035-08-14,U-2855,,Y,
212306,002,11753401,2035-08-14,U-2855,,Y,
212306,004,11753401,2035-08-14,U-2584,,Y,
212306,003,11753401,2035-08-14,U-2584,,Y,
212306,001,11753401,2035-08-14,U-3018,,Y,
215430,001,11779579,2034-11-05,U-3419,,,
211230,001,11779554,2042-12-30,U-3693,,,
211230,002,11779554,2042-12-30,U-3693,,,
214517,001,11759446,2041-02-21,U-3003,,,
205677,001,11759446,2041-02-21,U-3003,,,
021272,006,8658694,2028-09-05,U-1437,,,
021272,006,8653137,2028-09-05,U-1437,,,
021272,007,8658694,2028-09-05,U-1437,,,
021272,007,8653137,2028-09-05,U-1437,,,
021272,008,8658694,2028-09-05,U-1437,,,
021272,008,8653137,2028-09-05,U-1437,,,
021272,006,7999007,2029-03-29,U-1437,,Y,
021272,007,7999007,2029-03-29,U-1437,,Y,
021272,008,7999007,2029-03-29,U-1437,,Y,
212479,001,11771701,2034-10-29,U-3700,,Y,
212479,001,11771701,2034-10-29,U-3701,,Y,
212479,001,11771701,2034-10-29,U-3702,,Y,
212479,001,11771701,2034-10-29,U-3703,,Y,
212479,001,11771701,2034-10-29,U-3704,,Y,
217729,001,11103497,2034-02-28,U-3216,,,
217729,002,11103497,2034-02-28,U-3216,,,
217729,001,11103497,2034-02-28,U-3217,,,
217729,002,11103497,2034-02-28,U-3217,,,
217729,001,7417148,2025-12-11,U-3707,,,
217729,002,7417148,2025-12-11,U-3707,,,
217729,001,7417148,2025-12-11,U-3708,,,
217729,002,7417148,2025-12-11,U-3708,,,
008975,002,11975047,2043-10-27,U-3924,,,
008975,002,11975047,2043-10-27,U-3925,,,
008975,002,11975047,2043-10-27,U-3926,,,
210365,001,11963937,2035-06-17,U-2780,,,
210365,001,11963937,2035-06-17,U-2781,,,
022517,001,11963995,2029-05-21,U-2327,,,
022517,002,11963995,2029-05-21,U-2327,,,
202107,001,11969435,2037-06-19,U-1643,,,
210660,001,11969439,2039-01-15,U-2752,,,
214755,001,11986451,2037-07-21,U-3934,,,
214755,002,11986451,2037-07-21,U-3934,,,
214755,003,11986451,2037-07-21,U-3934,,,
214755,004,11986451,2037-07-21,U-3934,,,
214938,001,RE48267,2030-05-20,U-3927,,,
214938,002,RE48267,2030-05-20,U-3927,,,
214938,003,RE48267,2030-05-20,U-3927,,,
214938,001,8198242,2030-06-11,U-3927,Y,Y,
214938,002,8198242,2030-06-11,U-3927,Y,Y,
214938,003,8198242,2030-06-11,U-3927,Y,Y,
214938,001,10646550,2036-08-01,U-3927,,Y,
214938,002,10646550,2036-08-01,U-3927,,Y,
214938,003,10646550,2036-08-01,U-3927,,Y,
214835,001,11759416,2031-05-31,U-3939,,,
214835,002,11759416,2031-05-31,U-3939,,,
209500,001,11980617,2039-10-27,U-3940,,,
209500,002,11980617,2039-10-27,U-3940,,,
209500,003,11980617,2039-10-27,U-3940,,,
214835,001,11752094,2031-05-31,U-3942,,,
214835,002,11752094,2031-05-31,U-3942,,,
218347,001,8962629,2031-01-15,U-3946,Y,,
218347,001,8962629,2031-01-15,U-3945,Y,,
214510,001,11986456,2040-02-19,U-3947,,,
214787,002,11903953,2041-05-28,U-3833,,,
214787,002,11903953,2041-05-28,U-3834,,,
218160,001,10137124,2037-10-10,U-3949,,,
218160,002,10137124,2037-10-10,U-3949,,,
218160,003,10137124,2037-10-10,U-3949,,,
218160,004,10137124,2037-10-10,U-3949,,,
218160,001,10137124,2037-10-10,U-3950,,,
218160,002,10137124,2037-10-10,U-3950,,,
218160,003,10137124,2037-10-10,U-3950,,,
218160,004,10137124,2037-10-10,U-3950,,,
218160,001,10137124,2037-10-10,U-3951,,,
218160,002,10137124,2037-10-10,U-3951,,,
218160,003,10137124,2037-10-10,U-3951,,,
218160,004,10137124,2037-10-10,U-3951,,,
218160,001,10172851,2037-10-10,U-3949,,,
218160,002,10172851,2037-10-10,U-3949,,,
218160,003,10172851,2037-10-10,U-3949,,,
218160,004,10172851,2037-10-10,U-3949,,,
218160,001,10172851,2037-10-10,U-3950,,,
218160,001,10172851,2037-10-10,U-3951,,,
218160,002,10172851,2037-10-10,U-3950,,,
218160,002,10172851,2037-10-10,U-3951,,,
218160,003,10172851,2037-10-10,U-3950,,,
218160,003,10172851,2037-10-10,U-3951,,,
218160,004,10172851,2037-10-10,U-3951,,,
218160,004,10172851,2037-10-10,U-3950,,,
213246,001,10137124,2037-10-10,U-3949,,,
213246,002,10137124,2037-10-10,U-3949,,,
204275,002,7439393,2025-05-21,U-1691,Y,Y,
021937,001,9018192,2026-06-13,U-1170,,,
205596,001,9023790,2031-07-04,U-1698,,Y,
204275,002,8511304,2027-06-14,U-1691,,Y,
022410,004,9687454,2029-08-07,U-1464,,Y,
208325,003,9701712,2030-07-29,U-2014,Y,Y,
208383,001,8404724,2031-03-29,U-2034,,Y,
208383,002,8557852,2028-09-08,U-2030,,,
208383,001,9555023,2026-11-07,U-1502,,,
203752,001,9730900,2028-07-10,U-2086,,,
203752,004,9730900,2028-07-10,U-2086,,,
203469,001,9029533,2026-12-22,U-1701,,,
203469,001,9029533,2026-12-22,U-1699,,,
203469,003,9029533,2026-12-22,U-1283,,,
203469,003,9029533,2026-12-22,U-1700,,,
207533,002,8796276,2030-06-24,U-543,,,
022512,002,9034822,2031-01-20,U-1759,,,
022348,002,9295639,2029-09-30,U-1756,,,
021920,001,10022344,2026-03-03,U-1732,,Y,
210807,001,8486975,2032-08-30,U-2395,Y,Y,
210361,001,9744105,2030-07-18,U-2398,,Y,
210361,001,10004717,2033-02-28,U-2398,,Y,
211288,002,8623883,2025-05-05,U-1403,,,
206940,001,8344011,2025-03-14,U-1709,,,
204114,001,8703781,2030-10-15,U-2302,Y,Y,
204114,003,8703781,2030-10-15,U-2020,Y,Y,
202806,001,8703781,2030-10-15,U-2032,Y,Y,
202806,002,8703781,2030-10-15,U-2296,Y,Y,
204242,005,8470361,2030-05-22,U-1425,,Y,
202880,001,9333201,2033-07-25,U-1810,,,
204485,002,9744239,2035-01-30,U-1857,,,
206333,001,9636349,2028-02-21,U-1940,,,
208254,001,9931336,2034-03-14,U-1524,Y,Y,
209299,001,9266912,2026-01-19,U-2294,,,
022192,003,8652776,2030-08-31,U-1685,,,
203858,006,7932268,2027-08-19,U-1316,,,
206940,002,9115091,2028-07-07,U-1738,Y,Y,
204824,008,8945063,2030-03-19,U-1442,,Y,
204824,008,8579865,2030-03-19,U-1442,,Y,
208090,001,8758813,2025-06-10,U-1556,,,
208090,004,8758813,2025-06-10,U-1556,,,
208051,001,9139558,2028-10-15,U-2043,,,
202880,005,9333201,2033-07-25,U-1810,,,
202880,006,9333201,2033-07-25,U-1810,,,
204824,001,9421333,2030-03-19,U-1442,,Y,
204824,006,9421333,2030-03-19,U-1442,,Y,
209115,001,8859562,2031-08-04,U-2273,,,
209115,001,8071579,2027-08-12,U-2012,,,
209115,002,8071579,2027-08-12,U-2273,,,
206334,001,9682061,2030-04-26,U-1569,,,
211358,002,8324242,2027-08-05,U-2374,,,
211358,002,8846718,2029-07-02,U-2375,,,
210922,001,8741866,2029-10-20,U-2378,,,
208564,002,9180091,2032-11-21,U-2316,,Y,
210491,001,9974781,2027-04-09,U-2574,,Y,
202714,003,7491704,2025-04-14,U-2320,,,
203858,003,10016404,2025-03-07,U-1316,,,
208944,002,8796337,2025-11-23,U-2106,,,
208945,001,9180200,2032-01-29,U-805,,Y,
203389,002,9925156,2027-01-26,U-1399,Y,Y,
208090,001,9968598,2036-09-02,U-1556,,Y,
209299,001,7989448,2026-06-12,U-2294,Y,,
207947,007,9284280,2030-06-25,U-1831,,,
206439,003,8338486,2025-11-22,U-1641,,,
022117,003,7741358,2026-04-06,U-1893,Y,Y,
022201,001,9415085,2032-04-27,U-1895,,,
207793,001,9452162,2033-06-12,U-1899,,,
203312,001,9533046,2028-12-26,U-219,,Y,
203312,004,9533046,2028-12-26,U-219,,Y,
022081,001,8377933,2027-12-11,U-1754,,,
208090,001,9682075,2030-12-10,U-1556,,Y,
208694,001,8829005,2030-03-15,U-1680,,,
210365,001,9956185,2035-06-17,U-2425,,,
207925,001,8324242,2027-08-05,U-1311,,,
207925,001,8354427,2026-07-06,U-1905,,,
022410,003,9687454,2029-08-07,U-1464,,Y,
208383,001,8557852,2028-09-08,U-2030,,,
203469,001,9029533,2026-12-22,U-1283,,,
203469,002,9029533,2026-12-22,U-1699,,,
203469,003,9029533,2026-12-22,U-1699,,,
207533,001,9034867,2032-11-07,U-543,,Y,
207533,003,8796276,2030-06-24,U-543,,,
210806,001,8486975,2032-08-30,U-2394,Y,Y,
210361,001,8618160,2029-12-10,U-2398,,Y,
210589,001,9566260,2025-07-11,U-2366,,Y,
206940,002,8344011,2025-03-14,U-1709,,,
204114,001,8703781,2030-10-15,U-2037,Y,Y,
202806,001,8703781,2030-10-15,U-2298,Y,Y,
202880,004,9339499,2033-07-25,U-1810,,,
204485,002,9744209,2035-01-30,U-1857,,,
022068,003,8415363,2026-07-18,U-1407,Y,Y,
209299,002,8912170,2026-06-17,U-2294,,,
203858,005,8618135,2025-03-07,U-1316,,,
208623,001,10813921,2029-02-12,U-2371,,,
211281,001,10806743,2037-05-12,U-1516,,,
208564,001,10835487,2032-11-21,U-2316,,,
208564,001,10835487,2032-11-21,U-2317,,,
208564,002,10835487,2032-11-21,U-2317,,,
208564,002,10835487,2032-11-21,U-2316,,,
210861,001,10813936,2035-11-16,U-2987,,,
210861,002,10813936,2035-11-16,U-2987,,,
209863,001,10821072,2033-06-04,U-2418,,Y,
209863,002,10821072,2033-06-04,U-2418,,Y,
209863,003,10821072,2033-06-04,U-2418,,Y,
208294,001,8324266,2030-05-28,U-2889,,,
208294,001,10716753,2030-05-28,U-2889,,Y,
208294,001,9415009,2030-05-28,U-2889,,,
208054,001,10933147,2035-12-30,U-2450,,,
208294,001,8703806,2030-05-28,U-2889,,,
208294,001,8808713,2030-05-28,U-2889,,Y,
208294,001,9463161,2030-05-28,U-2889,,Y,
208294,001,8815258,2031-03-17,U-2889,,,
212045,001,10973814,2034-08-26,U-3110,,Y,
212045,001,10722510,2034-08-26,U-3110,,Y,
209241,003,10851104,2036-10-28,U-1995,Y,,
209241,003,10844058,2036-10-28,U-1995,Y,Y,
209241,003,10851103,2036-10-28,U-1995,Y,Y,
209241,003,10857137,2037-10-10,U-1995,,,
209241,003,10065952,2036-10-28,U-1995,Y,Y,
209241,003,10857148,2037-10-10,U-1995,,,
209241,003,10874648,2037-10-10,U-1995,,,
209241,003,10874648,2037-10-10,U-3046,,,
209241,003,10912771,2037-10-10,U-3076,,,
209241,003,10912771,2037-10-10,U-1995,,,
209241,003,10993941,2037-10-10,U-1995,,,
209241,003,10940141,2040-08-10,U-1995,,,
209241,003,8357697,2027-11-08,U-1995,,,
209241,003,10952997,2037-10-10,U-1995,,,
209241,001,10993941,2037-10-10,U-1995,,,
209241,002,10993941,2037-10-10,U-1995,,,
215430,001,11617728,2034-11-05,U-3419,,,
206111,001,9949997,2034-05-17,U-3533,,,
206111,002,9949997,2034-05-17,U-3533,,,
206111,003,9949997,2034-05-17,U-3533,,,
206111,004,9949997,2034-05-17,U-3533,,,
215430,001,11617747,2034-11-05,U-3563,,,
213586,001,9439905,2025-01-12,U-543,,Y,
213586,007,9439905,2025-01-12,U-543,,Y,
213586,006,9439905,2025-01-12,U-543,,Y,
213586,005,9439905,2025-01-12,U-543,,Y,
213586,004,9439905,2025-01-12,U-543,,Y,
213586,003,9439905,2025-01-12,U-543,,Y,
213586,002,9439905,2025-01-12,U-543,,Y,
213586,001,8221778,2027-11-12,U-543,,Y,
213586,007,8221778,2027-11-12,U-543,,Y,
213586,006,8221778,2027-11-12,U-543,,Y,
213586,005,8221778,2027-11-12,U-543,,Y,
213586,004,8221778,2027-11-12,U-543,,Y,
213586,003,8221778,2027-11-12,U-543,,Y,
213586,002,8221778,2027-11-12,U-543,,Y,
213586,001,8741327,2027-11-12,U-543,,Y,
213586,007,8741327,2027-11-12,U-543,,Y,
213586,006,8741327,2027-11-12,U-543,,Y,
213586,005,8741327,2027-11-12,U-543,,Y,
213586,004,8741327,2027-11-12,U-543,,Y,
213586,003,8741327,2027-11-12,U-543,,Y,
213586,002,8741327,2027-11-12,U-543,,Y,
214094,002,11618733,2039-11-01,U-3300,,,
214094,001,11618733,2039-11-01,U-3300,,,
217513,001,8835443,2025-06-10,U-3564,,,
217514,001,8835443,2025-06-10,U-3565,,,
217417,001,10702573,2033-03-14,U-3566,Y,Y,
217417,001,9526835,2033-03-14,U-3566,Y,Y,
217417,001,8722619,2032-03-02,U-3566,Y,Y,
217417,001,11197909,2038-07-14,U-3566,Y,Y,
217513,001,8703781,2030-10-15,U-3564,Y,Y,
213736,002,11628162,2040-08-30,U-3568,,,
213736,001,11628162,2040-08-30,U-3568,,,
213736,003,11628162,2040-08-30,U-3569,,,
213736,002,11628162,2040-08-30,U-3569,,,
213736,001,11628162,2040-08-30,U-3569,,,
213736,003,11628162,2040-08-30,U-3568,,,
213736,001,11628162,2040-08-30,U-3570,,,
213736,002,11628162,2040-08-30,U-3570,,,
213736,003,11628162,2040-08-30,U-3570,,,
213736,001,11628162,2040-08-30,U-3571,,,
213736,002,11628162,2040-08-30,U-3571,,,
213736,003,11628162,2040-08-30,U-3571,,,
022574,001,11617751,2030-07-17,U-1,,Y,
022574,001,11617751,2030-07-17,U-3572,,Y,
022532,001,11617751,2030-07-17,U-1,,Y,
022532,001,11617751,2030-07-17,U-3572,,Y,
022532,001,11617751,2030-07-17,U-3573,,Y,
022532,001,11617751,2030-07-17,U-3574,,Y,
217514,001,8703781,2030-10-15,U-3565,Y,Y,
215206,001,9499545,2031-11-10,U-3534,Y,Y,
215206,002,9499545,2031-11-10,U-3534,Y,Y,
215206,003,9499545,2031-11-10,U-3534,Y,Y,
215206,001,8754096,2032-07-19,U-3534,Y,Y,
215206,002,8754096,2032-07-19,U-3534,Y,Y,
215206,003,8754096,2032-07-19,U-3534,Y,Y,
217660,001,8354427,2026-07-06,U-3593,,,
217660,002,8354427,2026-07-06,U-3593,,,
217660,001,8324242,2027-08-05,U-3589,,,
217660,002,8324242,2027-08-05,U-3589,,,
208171,001,11633489,2036-06-22,U-3594,,,
022231,001,10335452,2037-04-05,U-3711,,,
216387,001,11771696,2035-01-21,U-3710,,,
213593,001,11771686,2040-03-01,U-623,,,
213217,001,10570139,2034-04-22,U-3860,,,
213217,001,11142528,2034-04-22,U-3860,,Y,
213217,001,11884674,2037-08-15,U-3860,,,
213246,001,10137124,2037-10-10,U-3950,,,
213246,001,10137124,2037-10-10,U-3951,,,
213246,002,10137124,2037-10-10,U-3951,,,
213246,002,10137124,2037-10-10,U-3950,,,
213246,001,10172851,2037-10-10,U-3949,,,
213246,001,10172851,2037-10-10,U-3950,,,
213246,001,10172851,2037-10-10,U-3951,,,
213246,002,10172851,2037-10-10,U-3951,,,
213246,002,10172851,2037-10-10,U-3949,,,
213246,002,10172851,2037-10-10,U-3950,,,
213246,001,10584124,2038-10-10,U-3949,Y,,
213246,001,10584124,2038-10-10,U-3950,Y,,
213246,001,10584124,2038-10-10,U-3951,Y,,
213246,002,10584124,2038-10-10,U-3951,Y,,
213246,002,10584124,2038-10-10,U-3950,Y,,
213246,002,10584124,2038-10-10,U-3949,Y,,
213246,001,10786489,2038-10-10,U-3949,,Y,
213246,001,10786489,2038-10-10,U-3951,,Y,
213246,001,10786489,2038-10-10,U-3950,,Y,
213246,002,10786489,2038-10-10,U-3950,,Y,
213246,002,10786489,2038-10-10,U-3949,,Y,
213246,002,10786489,2038-10-10,U-3951,,Y,
208352,001,11992472,2033-03-15,U-1,,,
215390,001,11998528,2043-01-12,U-3935,,,
215390,002,11998528,2043-01-12,U-3935,,,
217242,001,11992480,2037-06-07,U-3773,,,
215985,001,11992480,2037-06-07,U-3748,,,
211675,001,11993605,2036-10-17,U-3275,,,
211675,001,11993605,2036-10-17,U-3946,,,
211675,001,11993606,2036-10-17,U-3487,,,
212690,001,11986446,2033-03-15,U-3017,,,
212690,001,11986446,2033-03-15,U-3324,,,
021196,001,11986446,2033-03-15,U-3324,,,
216340,001,10689377,2037-05-17,U-3953,Y,Y,
216185,001,11337943,2040-06-05,U-3954,,Y,
216185,002,11337943,2040-06-05,U-3954,,Y,
216185,003,11337943,2040-06-05,U-3954,,Y,
214952,001,12005062,2038-12-24,U-3582,,Y,
214439,001,12005141,2041-02-24,U-3309,,Y,
214439,001,12005141,2041-02-24,U-3310,,Y,
209531,001,12013403,2036-03-04,U-1941,,,
209531,001,12013403,2036-03-04,U-1942,,,
209531,001,12013403,2036-03-04,U-1943,,,
209531,001,12013403,2036-03-04,U-1944,,,
209531,001,12013403,2036-03-04,U-2093,,,
209531,001,12013403,2036-03-04,U-2094,,,
213246,002,10172851,2037-10-10,U-3450,,,
217242,001,12005051,2037-06-07,U-3773,,,
218213,002,11452725,2036-07-24,U-3755,,,
218213,001,11452725,2036-07-24,U-3961,,,
218213,002,11452725,2036-07-24,U-3961,,,
217389,001,9956171,2035-09-15,U-3962,,Y,
217389,001,9062047,2031-08-21,U-3962,Y,,
208259,001,11020385,2034-03-14,U-1524,,,
208254,001,11020385,2034-03-14,U-1524,,,
207356,001,12016873,2035-05-15,U-2414,,,
214665,003,11827635,2040-05-20,U-3306,Y,Y,
214665,003,11426404,2040-09-15,U-3306,,,
214665,003,11236091,2040-05-20,U-3306,Y,Y,
215390,001,11890272,2040-07-17,U-3935,,,
215390,002,11890272,2040-07-17,U-3935,,,
217677,001,12036207,2043-05-19,U-3754,,,
217677,002,12036207,2043-05-19,U-3754,,,
217677,003,12036207,2043-05-19,U-3754,,,
215985,002,9907788,2037-06-07,U-3970,,,
211230,001,12036194,2042-12-30,U-3693,,,
211230,002,12036194,2042-12-30,U-3693,,,
217026,001,11827600,2042-07-12,U-3556,Y,Y,
214662,001,11229647,2040-02-12,U-3974,,,
214662,001,11376251,2032-10-26,U-3974,,,
214662,001,11260053,2031-05-26,U-3974,,,
214662,001,11918578,2040-02-12,U-3974,,,
214662,001,11497745,2040-02-12,U-3974,,,
213973,001,12064422,2040-12-30,U-3219,,,
206333,001,9522155,2028-02-21,U-1940,,Y,
207793,001,9492442,2033-06-12,U-1899,,,
201292,003,9539258,2026-11-09,U-1950,,,
022406,001,9539218,2034-02-17,U-2143,,,
209935,001,9868739,2031-11-09,U-2505,,,
022504,001,9289586,2027-02-26,U-1390,,,
203858,001,9364470,2025-03-07,U-1851,,,
203858,005,9364470,2025-03-07,U-1851,,,
208026,001,9173859,2027-05-04,U-1503,,Y,Y
208026,001,8673927,2027-05-04,U-1503,,,Y
022036,001,9486437,2027-05-18,U-620,,,
209115,003,8071579,2027-08-12,U-2012,,,
209115,003,8859562,2031-08-04,U-2012,,,
206030,001,9629797,2028-11-10,U-2006,,,
202788,001,9289387,2027-01-25,U-55,,Y,
202788,007,9289387,2027-01-25,U-55,,Y,
202788,004,9642797,2027-01-25,U-55,,Y,
202788,006,9642797,2027-01-25,U-55,,Y,
205123,001,9623022,2026-07-28,U-1467,,,
202810,001,9119791,2027-04-13,U-2041,,,
206307,001,9119859,2030-07-02,U-1679,,,
207620,002,9388134,2026-11-08,U-1723,,,
209531,001,8980853,2030-11-24,U-1941,,,
022387,001,9358240,2028-05-05,U-1849,,,
201635,001,9555004,2027-11-16,U-1675,,Y,
201635,003,9555004,2027-11-16,U-1675,,Y,
207793,001,9717724,2033-06-12,U-1848,,,
020845,003,9770570,2036-05-03,U-2148,,,
209501,001,8945620,2026-11-02,U-2137,,Y,
209501,003,8945620,2026-11-02,U-2137,,Y,
209092,001,9868739,2031-11-09,U-1981,,,
207078,001,9861658,2032-02-10,U-2312,,,
206276,001,8791154,2032-05-19,U-1680,,Y,
022192,001,8999638,2030-10-28,U-1674,,,
022192,005,8999638,2030-10-28,U-1674,,,
208624,001,8188104,2029-05-17,U-1636,Y,Y,
206439,003,8058291,2029-12-05,U-1641,,,
206439,003,8580858,2025-11-22,U-1641,,,
207999,002,10047117,2033-09-06,U-1854,,,
207533,002,10112903,2030-06-24,U-543,Y,,
206099,001,10124132,2027-03-06,U-1719,,Y,
022517,002,10137167,2029-05-21,U-2327,,,
211580,001,8647605,2029-02-11,U-2464,,,
211710,001,9676783,2029-10-21,U-2469,,,
210861,002,8865698,2029-10-21,U-2469,,,
210861,002,9782414,2035-11-16,U-2475,,,
208277,001,6949571,2025-05-23,U-2429,Y,Y,
204824,006,8480631,2030-03-19,U-1442,,Y,
208743,001,8748382,2027-10-03,U-2009,,,
204623,001,9415029,2029-07-10,U-1614,,,
208079,001,9439911,2030-08-31,U-1858,,Y,
209115,002,8071579,2027-08-12,U-2012,,,
209115,001,8143241,2027-08-12,U-2273,,,
020866,001,9522117,2032-04-30,U-976,,Y,
207793,001,9492442,2033-06-12,U-1848,,,
201292,002,9539258,2026-11-09,U-1950,,,
207997,001,8575146,2030-12-02,U-2008,,,
207997,001,7973031,2028-10-09,U-2007,,,
208411,002,9707226,2035-03-16,U-1903,,Y,Y
204820,001,8927607,2033-08-22,U-1020,,,
206162,001,8859562,2031-08-04,U-1634,,,
203858,004,9364470,2025-03-07,U-1851,,,
209115,003,8071579,2027-08-12,U-2273,,,
204623,001,9339552,2027-10-17,U-1488,,Y,
201635,002,9555004,2027-11-16,U-1675,,Y,
207793,001,9730891,2025-05-02,U-1848,,,
209501,003,8945620,2026-11-02,U-2136,,Y,
022013,001,8962000,2025-08-31,U-1410,,Y,
206439,004,8580858,2025-11-22,U-1641,,,
208624,001,10105365,2035-01-02,U-1889,,Y,
209816,001,10124014,2029-03-05,U-2449,,,
203389,001,10143665,2036-08-16,U-1399,,,
210861,001,9447104,2029-10-21,U-2470,,,
204447,002,9278096,2032-03-21,U-2436,,,
210910,001,8741948,2025-05-03,U-2448,,Y,
209115,002,10130636,2035-08-17,U-2012,,,
209963,001,10149843,2037-02-07,U-2479,,,
050819,002,10137142,2029-06-03,U-916,,Y,
208901,001,9713642,2033-06-21,U-2453,,,
207533,001,10226458,2032-03-19,U-543,,,
022036,001,10238620,2027-05-18,U-620,,,
209022,001,10300229,2035-07-07,U-2133,,Y,
210565,001,9737491,2033-05-03,U-2492,,,
210259,001,10167291,2036-07-01,U-2145,,Y,
203389,002,10328037,2036-08-16,U-1399,,,
210491,002,10239867,2027-04-09,U-2569,Y,Y,
022561,001,8377903,2026-05-31,U-2522,,,
206940,002,10213415,2025-03-14,U-2152,Y,,
207027,002,7547719,2025-07-13,U-1306,Y,Y,
205435,001,9624250,2030-02-03,U-2507,Y,Y,
208564,002,10258630,2032-11-21,U-2317,,,
209816,001,10835542,2037-10-31,U-2576,,,
209817,001,10835542,2037-10-31,U-2576,,,
205934,001,10842770,2031-08-07,U-2998,,Y,
205934,002,10842770,2031-08-07,U-2998,,Y,
205934,003,10842770,2031-08-07,U-2998,,Y,
213378,001,11351166,2031-08-23,U-3140,,,
213378,002,11351166,2031-08-23,U-3140,,,
214522,001,11382917,2038-12-24,U-3397,,Y,
213378,003,11351166,2031-08-23,U-3140,,,
213378,004,11351166,2031-08-23,U-3140,,,
213378,001,11351166,2031-08-23,U-3141,,,
213378,002,11351166,2031-08-23,U-3141,,,
213378,003,11351166,2031-08-23,U-3141,,,
213378,004,11351166,2031-08-23,U-3141,,,
208171,002,11633489,2036-06-22,U-3594,,,
208171,003,11633489,2036-06-22,U-3594,,,
217660,001,11426407,2035-10-06,U-3595,Y,Y,
217660,002,11426407,2035-10-06,U-3595,Y,Y,
217660,001,10022352,2027-04-09,U-3596,,Y,
217660,002,10022352,2027-04-09,U-3596,,Y,
217660,001,9931334,2026-12-28,U-3591,,Y,
217660,002,9931334,2026-12-28,U-3591,,Y,
217660,001,11179367,2037-12-08,U-3597,,Y,
217660,002,11179367,2037-12-08,U-3597,,Y,
217660,001,11147770,2033-02-27,U-3598,,Y,
217660,002,11147770,2033-02-27,U-3598,,Y,
217660,001,10272046,2033-02-27,U-3599,,Y,
217660,002,10272046,2033-02-27,U-3599,,Y,
217660,001,10081621,2031-03-25,U-3600,,Y,
217660,002,10081621,2031-03-25,U-3600,,Y,
217006,001,11638757,2033-04-23,U-3245,,Y,
217006,002,11638757,2033-04-23,U-814,,Y,
217006,001,11638757,2033-04-23,U-814,,Y,
217006,002,11638757,2033-04-23,U-3245,,Y,
217006,001,11097007,2033-04-23,U-3245,,Y,
217006,002,11097007,2033-04-23,U-814,,Y,
217006,001,11097007,2033-04-23,U-814,,Y,
217006,002,11097007,2033-04-23,U-3245,,Y,
217006,001,10517951,2033-04-23,U-3245,,Y,
217006,002,10517951,2033-04-23,U-814,,Y,
217006,001,10517951,2033-04-23,U-814,,Y,
217006,002,10517951,2033-04-23,U-3245,,Y,
217006,001,8338427,2025-03-15,U-1530,,Y,
217006,002,8338427,2025-03-15,U-1530,,Y,
214755,001,10952986,2037-07-21,U-3601,,,
214755,002,10952986,2037-07-21,U-3601,,,
214755,003,10952986,2037-07-21,U-3601,,,
214755,004,10952986,2037-07-21,U-3601,,,
212839,001,11654133,2039-06-16,U-3610,,,
212839,006,11654133,2039-06-16,U-3610,,,
212839,005,11654133,2039-06-16,U-3610,,,
212839,004,11654133,2039-06-16,U-3610,,,
212839,003,11654133,2039-06-16,U-3610,,,
212839,002,11654133,2039-06-16,U-3610,,,
020263,009,9617303,2028-03-22,U-3611,,,
213260,001,11654106,2037-06-07,U-3612,,Y,
213260,001,11654106,2037-06-07,U-3613,,Y,
212304,001,11648214,2037-09-23,U-3334,,Y,
212304,002,11648214,2037-09-23,U-3334,,Y,
208623,001,11666564,2038-05-30,U-2371,,,
216675,001,10576154,2033-09-12,U-1900,,,
216675,001,10507132,2037-06-21,U-1900,,,
216675,001,10449164,2033-09-12,U-1900,,,
216675,001,10369117,2033-09-12,U-1900,,,
217188,001,11541034,2041-10-31,U-3629,,,
217188,001,11351149,2041-08-05,U-3629,Y,Y,
215014,001,11661441,2033-01-13,U-3124,Y,,
217470,001,11458091,2038-07-10,U-3630,,Y,
217171,001,11661441,2033-01-13,U-3540,Y,,
215331,001,11679119,2042-09-23,U-3632,,,
215331,001,11679119,2042-09-23,U-3633,,,
215331,002,11679119,2042-09-23,U-3632,,,
215331,002,11679119,2042-09-23,U-3633,,,
203565,001,11364260,2027-01-08,U-3637,,,
203565,002,11364260,2027-01-08,U-3637,,,
203565,003,11364260,2027-01-08,U-3637,,,
203565,004,11364260,2027-01-08,U-3637,,,
216974,001,10376499,2035-11-17,U-2840,,Y,
216974,001,9968593,2035-11-17,U-2840,,Y,
216974,001,9623014,2033-04-02,U-2840,,,
214876,001,11673877,2038-03-27,U-3646,,Y,
214876,003,11673877,2038-03-27,U-3647,,Y,
214876,002,11673877,2038-03-27,U-3647,,Y,
214876,001,11673877,2038-03-27,U-3647,,Y,
214876,003,11673877,2038-03-27,U-3646,,Y,
214876,002,11673877,2038-03-27,U-3646,,Y,
208447,001,11673877,2038-03-27,U-3646,,Y,
208447,001,11673877,2038-03-27,U-3647,,Y,
215498,001,11365182,2039-06-20,U-3648,,,
215498,002,11365182,2039-06-20,U-3648,,,
215498,003,11365182,2039-06-20,U-3648,,,
215498,004,11365182,2039-06-20,U-3648,,,
215498,001,10981952,2031-11-08,U-3648,,,
215498,001,10981952,2031-11-08,U-3649,,,
215422,001,11491125,2041-09-29,U-3488,,Y,
215422,003,11491125,2041-09-29,U-3489,,Y,
215422,002,11491125,2041-09-29,U-3489,,Y,
215422,001,11491125,2041-09-29,U-3489,,Y,
215422,003,11491125,2041-09-29,U-3488,,Y,
215422,002,11491125,2041-09-29,U-3488,,Y,
208232,001,11510963,2036-02-03,U-2857,,,
202611,001,10842780,2029-09-28,U-3670,,Y,
202611,002,10842780,2029-09-28,U-3670,,Y,
022272,001,12060361,2025-03-30,U-1556,,Y,
022272,002,12060361,2025-03-30,U-1556,,Y,
022272,003,12060361,2025-03-30,U-1556,,Y,
022272,004,12060361,2025-03-30,U-1556,,Y,
022272,005,12060361,2025-03-30,U-1556,,Y,
022272,006,12060361,2025-03-30,U-1556,,Y,
022272,007,12060361,2025-03-30,U-1556,,Y,
209092,001,9868739,2031-11-09,U-3975,,,
217900,001,11919907,2041-05-21,U-3976,,Y,
217900,001,10561659,2037-05-04,U-3976,,,
215515,001,12049628,2036-07-28,U-3396,Y,Y,
214697,001,11918655,2039-02-06,U-3979,,Y,
214697,001,11744895,2039-02-06,U-3979,,,
214697,001,11717571,2039-02-06,U-3979,,,
214697,001,11191838,2039-02-06,U-3979,,Y,
214697,001,11173209,2038-02-06,U-3979,,,
214697,001,10682414,2039-02-06,U-3979,,,
213411,001,12048698,2038-04-27,U-3783,,,
213411,002,12048698,2038-04-27,U-3783,,,
218590,001,11865112,2039-11-05,U-3630,,Y,
206406,001,12083103,2028-05-30,U-2678,,,
206406,002,12083103,2028-05-30,U-2678,,,
206406,003,12083103,2028-05-30,U-2678,,,
211746,001,12064442,2034-09-04,U-3297,,,
216490,001,11857603,2037-09-28,U-3982,,,
216490,002,11857603,2037-09-28,U-3982,,,
216490,003,11857603,2037-09-28,U-3982,,,
216490,001,11590207,2037-09-28,U-3982,,,
216490,002,11590207,2037-09-28,U-3982,,,
216490,003,11590207,2037-09-28,U-3982,,,
216490,001,8906847,2031-04-30,U-3982,Y,Y,
216490,002,8906847,2031-04-30,U-3982,Y,Y,
216490,003,8906847,2031-04-30,U-3982,Y,Y,
211358,001,12065432,2028-12-04,U-3983,,,
211358,003,12065432,2028-12-04,U-3983,,,
211358,002,12065432,2028-12-04,U-3983,,,
206038,001,12065432,2028-12-04,U-3984,,,
206038,002,12065432,2028-12-04,U-3984,,,
219008,001,9593098,2035-10-13,U-3985,Y,Y,
219008,002,9593098,2035-10-13,U-3985,Y,Y,
219008,001,11981659,2038-04-18,U-3985,,,
219008,002,11981659,2038-04-18,U-3985,,,
219008,001,11850248,2041-08-01,U-3985,,,
219008,002,11850248,2041-08-01,U-3985,,,
210365,001,12064399,2035-06-17,U-3988,,,
210365,001,12064399,2035-06-17,U-3989,,,
219008,001,11879013,2040-05-21,U-3985,,,
219008,002,11879013,2040-05-21,U-3985,,,
218139,001,11224572,2042-01-18,U-3990,,Y,
218139,001,11224572,2042-01-18,U-3991,,Y,
217469,001,12059449,2042-04-01,U-1483,,Y,
214621,001,12097198,2037-09-29,U-3020,,,
202107,001,12097210,2037-06-19,U-1643,,,
217900,001,12076323,2037-05-04,U-3976,,,
217225,001,12016875,2034-07-11,U-3673,,,
218037,001,12076319,2038-08-02,U-3933,,,
218037,002,12076319,2038-08-02,U-3933,,,
215830,001,12077533,2034-12-03,U-3994,,,
209022,001,12083270,2031-04-04,U-2133,,,
202611,001,12097189,2029-09-28,U-2996,,,
202611,002,12097189,2029-09-28,U-2996,,,
202611,001,12097189,2029-09-28,U-3670,,,
202611,002,12097189,2029-09-28,U-3670,,,
213591,001,12084449,2027-11-19,U-2813,,,
213591,002,12084449,2027-11-19,U-2813,,,
020517,003,9617303,2028-03-22,U-4001,,,
208623,001,12109205,2038-05-30,U-2371,Y,,
215206,003,12090148,2041-07-29,U-3534,,,
213224,001,11246991,2040-11-03,U-4007,,,
213224,001,11246991,2040-11-03,U-4008,,,
213224,001,11246991,2040-11-03,U-4009,,,
213224,001,11534553,2040-11-03,U-4007,,,
213224,001,11534553,2040-11-03,U-4008,,,
213224,001,11534553,2040-11-03,U-4009,,,
208065,001,8946235,2032-08-08,U-4010,Y,Y,
208065,002,8946235,2032-08-08,U-4010,Y,Y,
208065,001,9732058,2032-07-25,U-4010,Y,Y,
208065,002,9732058,2032-07-25,U-4010,Y,Y,
208065,001,10183020,2035-01-02,U-4010,,Y,
208065,002,10183020,2035-01-02,U-4010,,Y,
217604,001,11478425,2038-06-18,U-4012,,Y,
212102,001,12097206,2033-05-03,U-4013,,,
214783,001,12097202,2042-07-14,U-4014,,,
206940,001,12097187,2033-03-14,U-3475,,,
216158,001,11890378,2039-09-27,U-3513,,Y,
216158,003,11890378,2039-09-27,U-3513,,Y,
216158,002,11890378,2039-09-27,U-3513,,Y,
216158,001,11471413,2039-09-27,U-3513,,,
216158,003,11471413,2039-09-27,U-3513,,,
216158,002,11471413,2039-09-27,U-3513,,,
216158,001,11452692,2039-09-27,U-3513,,,
216158,003,11452692,2039-09-27,U-3513,,,
216158,002,11452692,2039-09-27,U-3513,,,
216158,001,10933020,2039-09-27,U-3513,,Y,
208686,001,10154987,2036-03-25,U-1723,,,
202880,004,10092559,2034-09-12,U-55,,,
204447,001,9278096,2032-03-21,U-2436,,,
205474,001,10105324,2035-11-13,U-2023,Y,Y,
210598,001,8053448,2025-03-10,U-2440,,,
210598,001,7585879,2025-03-10,U-2440,Y,Y,
209022,001,10124132,2027-03-06,U-2133,,Y,
209115,001,10130636,2035-08-17,U-2012,,,
209115,003,10130636,2035-08-17,U-2273,,,
207946,003,10143693,2036-04-05,U-2457,,,
207946,004,10143693,2036-04-05,U-2458,,,
209963,001,10149843,2037-02-07,U-2478,,,
207078,001,9913860,2033-10-22,U-2312,Y,,
210132,001,9301920,2032-11-21,U-2439,,Y,
209128,001,8535714,2027-01-05,U-1351,,Y,
209128,001,8778394,2027-01-05,U-1351,,,
210365,001,10137095,2035-06-17,U-2455,,,
202107,001,10166242,2036-04-20,U-1643,,,
207533,002,10226458,2032-03-19,U-543,,,
207533,002,10238651,2035-03-19,U-2402,,,
201688,001,10207066,2030-11-04,U-909,,Y,
208658,001,10258637,2034-04-03,U-2290,,,
206111,002,10258637,2034-04-03,U-2290,,,
206073,002,10258637,2034-04-03,U-2290,,,
210565,001,9827191,2033-05-03,U-2493,,Y,
211230,001,8877806,2026-06-07,U-2548,,,
211230,002,8877806,2026-06-07,U-2548,,,
207078,001,10335432,2032-02-10,U-2312,,,
209637,001,10335462,2033-06-21,U-2580,,,
208653,003,9132125,2030-07-01,U-2249,Y,Y,
212819,001,8487093,2033-03-21,U-2586,Y,Y,
210874,001,8501698,2027-06-20,U-493,,Y,
210874,003,6515117,2025-10-04,U-493,Y,Y,
210874,004,8501698,2027-06-20,U-493,,Y,
206829,001,10028963,2032-09-07,U-2565,,,
209816,001,9265740,2030-10-24,U-1569,,Y,
209817,001,9724358,2029-03-05,U-1569,,,
050819,001,10220049,2029-06-03,U-916,,Y,
212038,002,10292939,2035-10-30,U-2357,,Y,
212038,006,10292939,2035-10-30,U-2357,,Y,
210595,001,10085974,2029-03-13,U-2513,,Y,
209449,001,10328029,2035-01-05,U-1836,,Y,
209360,002,10335451,2029-12-16,U-2581,,,
202107,001,10231983,2038-08-22,U-1643,,,
206089,003,8492369,2030-12-20,U-2506,,Y,
205436,001,9624250,2030-02-03,U-2507,Y,Y,
210491,001,10239867,2027-04-09,U-2512,Y,Y,
209964,001,7879842,2026-02-22,U-1694,Y,Y,
212161,001,9770441,2035-08-31,U-2524,Y,Y,
212161,001,7214696,2025-12-19,U-2524,,,
207925,001,10272046,2033-02-27,U-2531,,Y,
211371,001,10251894,2033-11-27,U-2552,,,
205934,001,9763880,2033-09-30,U-2563,,,
205934,001,9763880,2033-09-30,U-2561,,,
205934,002,9763880,2033-09-30,U-2558,,,
205934,003,9763880,2033-09-30,U-2564,,,
205934,003,9763880,2033-09-30,U-2561,,,
209862,001,10322239,2031-02-28,U-1907,,,
201635,002,10314790,2027-11-16,U-1675,,Y,
201635,004,10314790,2027-11-16,U-1675,,Y,
205108,001,10206895,2034-04-01,U-2494,,Y,
214907,001,9333270,2033-08-26,U-3291,Y,Y,
205934,001,9763880,2033-09-30,U-2562,,,
205934,002,9763880,2033-09-30,U-2559,,,
205934,003,9763880,2033-09-30,U-2560,,,
210326,001,10188663,2034-02-14,U-2540,,Y,
201635,001,10314790,2027-11-16,U-1992,,Y,
211962,002,10039804,2035-11-06,U-282,,Y,
212038,004,10111839,2035-10-30,U-2357,,,
202107,001,10195214,2037-06-19,U-1643,,,
208065,001,10183020,2035-01-02,U-2289,,Y,
208573,001,9539251,2033-09-06,U-2538,,,
210557,001,9700592,2033-11-05,U-2568,,,
209531,001,10266822,2025-12-05,U-1943,,,
203284,001,10183005,2030-09-22,U-1816,,,
209311,002,10292937,2032-03-23,U-2357,,,
022474,001,10159681,2030-04-13,U-2510,,,
210491,002,8629162,2025-06-24,U-2247,,,
210491,002,9974781,2027-04-09,U-2574,,Y,
204370,001,RE47350,2029-07-16,U-2544,,,
210361,001,10548875,2033-02-28,U-2398,Y,Y,
202107,001,10660904,2036-04-20,U-1643,,,
210660,001,10478453,2039-01-15,U-2752,,Y,
210660,001,10583155,2039-01-15,U-2752,,Y,
202057,001,10576054,2033-06-28,U-2762,,,
211911,001,8206737,2027-04-07,U-2759,,,
211911,001,8673341,2025-02-19,U-2759,,,
211911,001,9980974,2034-10-31,U-2759,,,
202057,002,10576054,2033-06-28,U-2762,,,
212268,001,10583121,2033-07-25,U-2763,,Y,
212268,002,10583121,2033-07-25,U-2763,,Y,
212268,003,10583121,2033-07-25,U-2763,,Y,
208219,001,10596107,2036-12-23,U-2764,,Y,
208254,001,10532993,2026-07-11,U-1524,,,
210884,001,10603305,2030-06-16,U-1719,,Y,
212801,001,8609862,2031-01-13,U-2770,,,
212801,002,8609862,2031-01-13,U-2770,,,
212801,003,8609862,2031-01-13,U-2770,,,
203858,001,10555938,2025-03-07,U-1316,,,
203858,002,10555938,2025-03-07,U-1316,,,
203858,003,10555938,2025-03-07,U-1316,,,
203858,004,10555938,2025-03-07,U-1316,,,
203858,005,10555938,2025-03-07,U-1316,,,
203858,006,10555938,2025-03-07,U-1316,,,
203340,002,10342787,2038-04-16,U-2804,,Y,
203340,002,10576070,2038-04-16,U-2804,,Y,
204485,003,10010575,2035-01-30,U-1857,,,
204485,003,9925233,2035-01-30,U-1857,,,
204485,004,9925233,2035-01-30,U-1857,,,
204485,004,10010575,2035-01-30,U-1857,,,
204485,003,9974827,2035-01-30,U-1857,,,
204485,003,9968649,2035-01-30,U-1857,,,
204485,003,9962422,2035-01-30,U-1857,,,
204485,003,9925234,2035-01-30,U-1857,,,
204485,003,9981006,2035-01-30,U-1857,,,
204485,004,9968649,2035-01-30,U-1857,,,
204485,004,9925234,2035-01-30,U-1857,,,
204485,004,9962422,2035-01-30,U-1857,,,
204485,004,9974827,2035-01-30,U-1857,,,
204485,004,9981006,2035-01-30,U-1857,,,
208944,001,10646456,2034-06-17,U-2808,,,
208944,002,10646456,2034-06-17,U-2808,,,
209819,002,10646484,2038-06-22,U-2489,,,
022416,001,10675287,2025-05-06,U-2831,,,
022416,001,10675287,2025-05-06,U-2041,,,
022416,002,10675287,2025-05-06,U-2831,,,
022416,002,10675287,2025-05-06,U-2041,,,
022416,003,10675287,2025-05-06,U-2831,,,
022416,003,10675287,2025-05-06,U-2041,,,
022416,004,10675287,2025-05-06,U-2041,,,
022416,004,10675287,2025-05-06,U-2831,,,
020866,001,10688094,2032-04-30,U-2871,,,
020866,001,10688094,2032-04-30,U-2872,,,
020866,001,10688094,2032-04-30,U-2875,,,
020866,001,10688094,2032-04-30,U-2870,,,
020866,001,10688094,2032-04-30,U-2873,,,
020866,001,10688094,2032-04-30,U-2874,,,
020866,001,10688094,2032-04-30,U-2876,,,
020866,001,10688094,2032-04-30,U-2881,,,
020866,001,10688094,2032-04-30,U-2878,,,
020866,001,10688094,2032-04-30,U-2877,,,
020866,001,10688094,2032-04-30,U-2880,,,
020866,001,10688094,2032-04-30,U-2879,,,
020866,001,10688094,2032-04-30,U-2887,,,
020866,001,10688094,2032-04-30,U-2885,,,
020866,001,10688094,2032-04-30,U-2884,,,
020866,001,10688094,2032-04-30,U-2882,,,
020866,001,10688094,2032-04-30,U-2883,,,
206099,001,11571531,2026-02-23,U-1809,,,
215498,002,10981952,2031-11-08,U-3649,,,
215498,002,10981952,2031-11-08,U-3648,,,
215498,003,10981952,2031-11-08,U-3648,,,
215498,003,10981952,2031-11-08,U-3649,,,
215498,004,10981952,2031-11-08,U-3648,,,
215498,004,10981952,2031-11-08,U-3649,,,
215498,001,10487111,2031-11-08,U-3648,,,
215498,002,10487111,2031-11-08,U-3648,,,
215498,003,10487111,2031-11-08,U-3648,,,
215498,004,10487111,2031-11-08,U-3648,,,
214755,004,11602513,2037-07-21,U-3576,,,
202860,001,11672938,2040-07-22,U-3037,,,
209354,001,11679115,2036-06-06,U-2625,,Y,
211651,001,10780088,2029-07-27,U-3651,,,
211651,003,10780088,2029-07-27,U-3651,,,
211651,005,10780088,2029-07-27,U-3651,,,
211651,006,10780088,2029-07-27,U-3651,,,
022306,001,11696902,2038-08-14,U-2769,,,
210450,001,11690854,2038-04-19,U-3653,,,
210450,001,11690845,2040-08-27,U-3654,,,
210450,002,11690845,2040-08-27,U-3654,,,
207981,001,RE46284,2029-09-22,U-3656,,,
207981,002,RE46284,2029-09-22,U-3656,,,
214439,001,11723866,2041-02-24,U-3309,,Y,
214439,001,11723866,2041-02-24,U-3311,,Y,
214439,001,11723866,2041-02-24,U-3310,,Y,
202057,002,11717504,2030-04-29,U-3669,,,
202057,001,11717504,2030-04-29,U-3669,,,
202611,001,11707451,2029-09-28,U-2996,,,
202611,002,11707451,2029-09-28,U-2996,,,
202611,001,11707451,2029-09-28,U-3670,,,
202611,002,11707451,2029-09-28,U-3670,,,
217722,001,11020343,2032-05-11,U-3671,,,
215430,001,11730706,2043-01-23,U-3419,,,
201848,001,10569004,2032-11-07,U-3680,,,
201848,001,10569004,2032-11-07,U-3683,,,
215430,001,11717518,2043-01-20,U-3419,,,
204629,001,11666590,2034-04-03,U-3691,,,
212306,001,11746102,2035-08-14,U-2855,,,
212306,001,11746102,2035-08-14,U-2584,,,
212306,001,11746102,2035-08-14,U-3018,,,
212306,002,11746102,2035-08-14,U-2584,,,
212306,003,11746102,2035-08-14,U-2584,,,
212306,004,11746102,2035-08-14,U-2584,,,
212306,002,11746102,2035-08-14,U-2855,,,
212306,003,11746102,2035-08-14,U-2855,,,
212306,004,11746102,2035-08-14,U-2855,,,
212306,002,11746102,2035-08-14,U-3018,,,
212306,003,11746102,2035-08-14,U-3018,,,
212306,004,11746102,2035-08-14,U-3018,,,
217581,001,7825137,2027-05-12,U-3057,,,
217581,001,7825137,2027-05-12,U-3403,,,
217581,001,7825137,2027-05-12,U-3058,,,
217581,002,7825137,2027-05-12,U-3057,,,
217581,002,7825137,2027-05-12,U-3058,,,
217581,002,7825137,2027-05-12,U-3403,,,
217581,003,7825137,2027-05-12,U-3403,,,
217581,003,7825137,2027-05-12,U-3057,,,
217581,003,7825137,2027-05-12,U-3058,,,
208558,002,8071579,2027-08-12,U-3695,,,
208558,001,8143241,2027-08-12,U-3695,,,
208558,002,8143241,2027-08-12,U-3695,,,
208558,001,8859562,2031-08-04,U-3695,,,
208558,002,8859562,2031-08-04,U-3695,,,
217660,001,11752106,2033-02-27,U-3696,,Y,
217660,002,11752106,2033-02-27,U-3696,,Y,
207925,001,11752106,2033-02-27,U-3697,,Y,
207925,002,11752106,2033-02-27,U-3697,,Y,
207925,003,11752106,2033-02-27,U-3697,,Y,
207925,004,11752106,2033-02-27,U-3697,,Y,
207925,005,11752106,2033-02-27,U-3697,,Y,
212102,001,11759440,2037-08-02,U-3694,,,
215390,001,11786508,2037-12-29,U-3698,,,
215390,002,11786508,2037-12-29,U-3698,,,
021164,001,7538116,2025-09-02,U-3699,,,
021164,002,7538116,2025-09-02,U-3699,,,
021164,003,7538116,2025-09-02,U-3699,,,
021164,004,7538116,2025-09-02,U-3699,,,
210365,001,11766411,2035-06-17,U-2781,,,
211675,001,11767326,2036-10-17,U-3298,,,
211675,002,11767326,2036-10-17,U-3298,,,
214755,001,11779557,2042-03-16,U-3705,,,
214755,004,11779557,2042-03-16,U-3705,,,
211039,001,10632197,2037-11-15,U-2755,,Y,
210296,001,9511043,2035-02-27,U-1384,,,
210296,001,9326965,2035-02-27,U-1384,,,
210296,001,9814692,2035-02-27,U-1384,,,
210296,001,9636318,2035-02-27,U-1384,,,
210296,001,9814691,2035-02-27,U-1384,,,
210296,001,10105336,2035-02-27,U-1384,,Y,
210296,001,9820961,2035-02-27,U-1384,,Y,
210296,001,10098863,2035-02-27,U-1384,,Y,
213535,001,9969754,2035-05-11,U-1943,Y,Y,
211994,001,11234985,2031-01-24,U-257,,Y,
214665,001,11236091,2040-05-20,U-3306,Y,Y,
208078,001,11274332,2032-06-29,U-2956,,,
208078,001,11274331,2032-06-29,U-2956,,,
019734,004,8455524,2027-04-18,U-1029,,,
022058,001,8062652,2026-06-16,U-1197,,,
022205,001,8497256,2031-06-23,U-1229,,,
211962,002,10188697,2035-11-06,U-282,,Y,
211962,004,10039804,2035-11-06,U-282,,Y,
212038,001,10111839,2035-10-30,U-2357,,,
212038,005,10111839,2035-10-30,U-2357,,,
202107,001,10314850,2038-08-22,U-1643,,,
208799,006,9066957,2034-10-06,U-645,,Y,
211225,001,8377921,2027-11-20,U-1179,,,
202810,003,10220042,2027-04-13,U-2501,,,
209022,001,10179216,2033-07-08,U-2133,,Y,
208692,001,10034873,2031-07-18,U-2488,,,
209410,002,10213393,2038-02-15,U-20,,,
206619,001,10201542,2033-10-18,U-1753,,Y,
210861,002,10285993,2035-11-16,U-2470,,,
210557,001,10286034,2033-11-05,U-2568,,,
208259,001,8394826,2030-11-10,U-1524,Y,Y,
211929,001,10172802,2036-09-09,U-2554,,,
210884,001,9610280,2030-06-16,U-1719,,Y,
208400,001,10231927,2033-01-02,U-1349,,,
209203,001,10183012,2028-11-26,U-2104,,,
203284,001,10183006,2030-09-22,U-1816,,,
209606,001,10294215,2033-01-07,U-2087,,Y,
209606,002,10294215,2033-01-07,U-2087,,Y,
209311,004,10292937,2032-03-23,U-2357,,,
022433,002,10300065,2036-01-27,U-2542,,,
022483,001,10238644,2029-12-11,U-68,,,
210491,002,10022352,2027-04-09,U-2573,,Y,
210491,002,9012496,2033-07-15,U-2248,,,
210491,002,9974781,2027-04-09,U-2318,,Y,
208090,002,10188644,2036-09-02,U-1556,,Y,
209184,001,RE43711,2029-02-03,U-2484,,,
205122,001,10363224,2033-03-19,U-766,,,
205122,005,10363224,2033-03-19,U-766,,,
211367,001,9603860,2031-06-28,U-2553,,,
208552,001,10335391,2035-06-11,U-2567,,,
206255,001,10206939,2034-03-13,U-1631,,,
204370,001,RE47350,2029-07-16,U-2545,,,
019734,002,7659291,2027-04-18,U-1029,,,
022036,001,10548871,2028-04-11,U-620,,,
022036,002,10548871,2028-04-11,U-620,,,
206406,001,8664239,2028-08-30,U-2678,,,
206406,002,8664239,2028-08-30,U-2678,,,
206406,003,8664239,2028-08-30,U-2678,,,
211039,001,10293047,2037-11-15,U-2755,,Y,
211367,001,10603281,2031-06-28,U-2553,,,
209606,001,10610125,2030-06-21,U-2087,,,
209606,002,10610125,2030-06-21,U-2087,,,
209296,001,10624850,2035-09-18,U-2161,,,
209311,001,10617651,2032-03-23,U-2357,,,
209311,002,10617651,2032-03-23,U-2357,,,
209311,003,10617651,2032-03-23,U-2357,,,
209311,004,10617651,2032-03-23,U-2357,,,
209311,005,10617651,2032-03-23,U-2357,,,
208254,001,10654844,2030-01-27,U-1524,Y,Y,
208259,001,10654844,2030-01-27,U-1524,Y,Y,
210563,004,10653696,2031-06-03,U-1456,,,
209115,001,8071579,2027-08-12,U-2830,,,
209115,002,8071579,2027-08-12,U-2830,,,
209115,003,8071579,2027-08-12,U-2830,,,
209115,001,8143241,2027-08-12,U-2830,,,
209115,002,8143241,2027-08-12,U-2830,,,
209115,003,8143241,2027-08-12,U-2830,,,
209115,001,8859562,2031-08-04,U-2830,,,
209115,002,8859562,2031-08-04,U-2830,,,
209115,003,8859562,2031-08-04,U-2830,,,
209115,001,10130636,2035-08-17,U-2830,,,
209115,002,10130636,2035-08-17,U-2830,,,
209115,003,10130636,2035-08-17,U-2830,,,
020866,001,10688094,2032-04-30,U-2888,,,
020866,001,10688094,2032-04-30,U-2886,,,
213674,001,8183274,2026-08-24,U-2345,,,
213674,001,8183274,2026-08-24,U-2708,,,
213674,001,9126941,2026-05-15,U-2708,,,
213674,001,9126941,2026-05-15,U-2345,,,
213674,002,8183274,2026-08-24,U-2708,,,
213674,002,8183274,2026-08-24,U-2345,,,
213674,002,9126941,2026-05-15,U-2708,,,
213674,002,9126941,2026-05-15,U-2345,,,
210563,003,10751342,2031-06-03,U-1946,,,
210563,001,10751342,2031-06-03,U-2944,,,
210563,001,10751342,2031-06-03,U-1946,,,
210563,001,10751342,2031-06-03,U-2943,,,
210563,002,10751342,2031-06-03,U-2944,,,
210563,002,10751342,2031-06-03,U-1946,,,
210563,002,10751342,2031-06-03,U-2943,,,
210563,002,10751342,2031-06-03,U-1491,,,
210563,003,10751342,2031-06-03,U-1491,,,
210563,003,10751342,2031-06-03,U-2944,,,
210563,003,10751342,2031-06-03,U-2943,,,
210563,004,10751342,2031-06-03,U-2943,,,
210563,004,10751342,2031-06-03,U-2944,,,
210563,004,10751342,2031-06-03,U-1946,,,
210563,004,10751342,2031-06-03,U-1491,,,
207999,001,10758549,2036-04-26,U-2945,,,
207999,002,10758549,2036-04-26,U-2945,,,
205552,001,10751342,2031-06-03,U-2944,,,
205552,001,10751342,2031-06-03,U-1946,,,
205552,001,10751342,2031-06-03,U-1491,,,
205552,001,10751342,2031-06-03,U-2943,,,
205552,002,10751342,2031-06-03,U-1946,,,
205552,002,10751342,2031-06-03,U-2944,,,
205552,002,10751342,2031-06-03,U-1491,,,
205552,002,10751342,2031-06-03,U-2943,,,
212725,001,10738037,2037-05-18,U-2946,Y,Y,
212725,002,10738037,2037-05-18,U-2946,Y,Y,
202714,003,7491704,2025-04-14,U-2947,,,
202714,003,8129346,2025-04-14,U-2947,,,
202714,003,8207127,2025-04-14,U-2947,,,
209637,002,10335462,2033-06-21,U-2580,,,
022264,005,9439906,2031-01-26,U-1901,,,
212576,001,8618075,2028-10-16,U-2864,,,
212576,001,8618075,2028-10-16,U-2867,,,
212576,001,8268800,2030-08-22,U-2866,Y,,
212576,001,8268800,2030-08-22,U-2865,Y,,
212576,001,8268800,2030-08-22,U-2864,Y,,
212576,001,8268800,2030-08-22,U-2867,Y,,
022201,001,10729739,2029-02-10,U-1978,,,
022201,002,10729739,2029-02-10,U-1978,,,
208090,001,10668060,2030-12-10,U-1556,,Y,
208090,002,10668060,2030-12-10,U-1556,,Y,
208090,003,10668060,2030-12-10,U-1556,,Y,
208090,004,10668060,2030-12-10,U-1556,,Y,
208090,005,10668060,2030-12-10,U-1556,,Y,
211280,001,11053214,2037-12-05,U-1719,Y,Y,
211280,002,11053214,2037-12-05,U-1719,Y,Y,
211280,003,11053214,2037-12-05,U-1719,Y,Y,
211280,003,7423050,2028-02-17,U-1719,Y,Y,
215457,001,10322239,2031-02-28,U-1907,,,
215457,001,10143792,2031-05-24,U-2476,,,
215457,001,9474869,2031-02-28,U-1907,,Y,
022306,001,10512620,2038-08-14,U-3547,,,
022145,001,8852632,2028-01-28,U-257,Y,Y,
022145,001,8771733,2030-06-02,U-257,Y,Y,
022145,002,8771733,2030-06-02,U-257,Y,Y,
215430,001,11596627,2034-11-05,U-3419,,,
216354,001,11648244,2036-03-07,U-1995,,,
216354,003,11648244,2036-03-07,U-1995,,,
216354,002,11648244,2036-03-07,U-1995,,,
208082,001,11648244,2036-03-07,U-1995,,,
208082,002,11648244,2036-03-07,U-1995,,,
208082,003,11648244,2036-03-07,U-1995,,,
216023,001,11413360,2038-11-22,U-3614,Y,,
216023,001,11413360,2038-11-22,U-3615,Y,,
216951,001,11649217,2038-03-13,U-3535,,Y,
216951,005,11649217,2038-03-13,U-3535,,Y,
216951,004,11649217,2038-03-13,U-3535,,Y,
216951,003,11649217,2038-03-13,U-3535,,Y,
216951,002,11649217,2038-03-13,U-3535,,Y,
216951,001,11643397,2027-06-22,U-3535,Y,,
216951,005,11643397,2027-06-22,U-3535,Y,,
216951,004,11643397,2027-06-22,U-3535,Y,,
216951,003,11643397,2027-06-22,U-3535,Y,,
216951,002,11643397,2027-06-22,U-3535,Y,,
216578,001,10836768,2034-03-28,U-3621,,,
216578,001,9987274,2034-03-28,U-3622,,,
216578,001,9422299,2034-03-28,U-3622,Y,Y,
204275,003,7439393,2025-05-21,U-3623,Y,Y,
204275,003,8511304,2027-06-14,U-3623,,Y,
204275,003,11116721,2029-02-26,U-3623,,Y,
214755,003,11779557,2042-03-16,U-3705,,,
214755,002,11779557,2042-03-16,U-3705,,,
208743,001,11782041,2038-04-30,U-2009,,Y,
208743,001,11782041,2038-04-30,U-3543,,Y,
207962,001,11786455,2031-05-10,U-2267,,Y,
021361,002,11779571,2029-02-26,U-3706,,,
215842,001,11661604,2038-10-12,U-3709,Y,Y,
215842,003,11661604,2038-10-12,U-3709,Y,Y,
215842,002,11661604,2038-10-12,U-3709,Y,Y,
215842,001,11359203,2035-10-09,U-3709,Y,Y,
215842,003,11359203,2035-10-09,U-3709,Y,Y,
215842,002,11359203,2035-10-09,U-3709,Y,Y,
215842,001,11286488,2038-10-12,U-3709,Y,Y,
215842,003,11286488,2038-10-12,U-3709,Y,Y,
215842,002,11286488,2038-10-12,U-3709,Y,Y,
215842,001,10738311,2035-10-09,U-3709,Y,Y,
215842,003,10738311,2035-10-09,U-3709,Y,Y,
215842,002,10738311,2035-10-09,U-3709,Y,Y,
022201,001,11766468,2032-04-27,U-1978,,,
022201,002,11766468,2032-04-27,U-1978,,,
217639,001,11779552,2034-10-10,U-3524,,,
217639,002,11779552,2034-10-10,U-3524,,,
207962,001,11793766,2031-05-10,U-2267,,,
213217,001,11591340,2037-08-15,U-3727,,,
213217,001,11591340,2037-08-15,U-3729,,,
213217,001,11591340,2037-08-15,U-3728,,,
214517,001,11786502,2034-10-10,U-3007,,,
205677,001,11786502,2034-10-10,U-3007,,,
205677,001,11786502,2034-10-10,U-3739,,,
212306,001,11787771,2032-07-26,U-2855,,,
212306,001,11787771,2032-07-26,U-2584,,,
212306,004,11787771,2032-07-26,U-3018,,,
212306,003,11787771,2032-07-26,U-3018,,,
212306,002,11787771,2032-07-26,U-3018,,,
212306,002,11787771,2032-07-26,U-2584,,,
212306,003,11787771,2032-07-26,U-2584,,,
212306,004,11787771,2032-07-26,U-2584,,,
212306,002,11787771,2032-07-26,U-2855,,,
201110,001,10548904,2029-02-03,U-2810,,,
201110,001,8580293,2030-01-21,U-2810,,,
213591,001,8901123,2029-05-20,U-2813,,,
213591,002,8901123,2029-05-20,U-2813,,,
211962,005,10039804,2035-11-06,U-282,,Y,
211962,005,10188697,2035-11-06,U-282,,Y,
211962,006,10188697,2035-11-06,U-282,,Y,
211962,006,10039804,2035-11-06,U-282,,Y,
211962,007,10188697,2035-11-06,U-282,,Y,
211962,007,10039804,2035-11-06,U-282,,Y,
210942,001,10383820,2036-11-22,U-2814,,Y,
022036,001,10653660,2027-07-20,U-620,,,
022036,001,10653662,2027-05-18,U-620,,,
022036,002,10653662,2027-05-18,U-620,,,
022036,002,10653660,2027-07-20,U-620,,,
207589,001,10660908,2031-06-10,U-2627,,Y,
208558,001,8071579,2027-08-12,U-2820,,,
208558,001,8071579,2027-08-12,U-2824,,,
208558,001,8071579,2027-08-12,U-2833,,,
208558,001,8071579,2027-08-12,U-2823,,,
208558,001,8071579,2027-08-12,U-2832,,,
208558,001,8071579,2027-08-12,U-2480,,,
208558,001,8071579,2027-08-12,U-2821,,,
208558,001,8071579,2027-08-12,U-2819,,,
208558,001,8071579,2027-08-12,U-2822,,,
208558,002,8071579,2027-08-12,U-2832,,,
208558,002,8071579,2027-08-12,U-2823,,,
208558,002,8071579,2027-08-12,U-2819,,,
208558,002,8071579,2027-08-12,U-2833,,,
208558,002,8071579,2027-08-12,U-2821,,,
208558,002,8071579,2027-08-12,U-2480,,,
208558,002,8071579,2027-08-12,U-2824,,,
208558,002,8071579,2027-08-12,U-2820,,,
208558,001,8143241,2027-08-12,U-2832,,,
208558,001,8143241,2027-08-12,U-2833,,,
208558,002,8143241,2027-08-12,U-2833,,,
208558,002,8143241,2027-08-12,U-2832,,,
208558,001,8859562,2031-08-04,U-2832,,,
208558,002,8859562,2031-08-04,U-2832,,,
212122,001,8815258,2031-03-17,U-2889,,,
212122,001,8703806,2030-05-28,U-2889,,,
212122,001,8808713,2030-05-28,U-2889,,Y,
212122,001,8324266,2030-05-28,U-2889,,,
212122,001,9415009,2030-05-28,U-2889,,,
212122,001,10716753,2030-05-28,U-2889,,Y,
212122,001,9463161,2030-05-28,U-2889,,Y,
020866,001,10688155,2030-06-07,U-2898,,,
020866,001,10688155,2030-06-07,U-2905,,,
020866,001,10688155,2030-06-07,U-2902,,,
020866,001,10688155,2030-06-07,U-2890,,,
020866,001,10688155,2030-06-07,U-2914,,,
020866,001,10688155,2030-06-07,U-2911,,,
020866,001,10688155,2030-06-07,U-2903,,,
020866,001,10688155,2030-06-07,U-2281,,,
020866,001,10688155,2030-06-07,U-2901,,,
020866,001,10688155,2030-06-07,U-2912,,,
020866,001,10688155,2030-06-07,U-2891,,,
020866,001,10688155,2030-06-07,U-2896,,,
020866,001,10688155,2030-06-07,U-2893,,,
020866,001,10688155,2030-06-07,U-2899,,,
020866,001,10688155,2030-06-07,U-2904,,,
020866,001,10688155,2030-06-07,U-2900,,,
020866,001,10688155,2030-06-07,U-2906,,,
020866,001,10688155,2030-06-07,U-2908,,,
020866,001,10688155,2030-06-07,U-2913,,,
020866,001,10688155,2030-06-07,U-2894,,,
020866,001,10688155,2030-06-07,U-2910,,,
020866,001,10688155,2030-06-07,U-2892,,,
020866,001,10688155,2030-06-07,U-2895,,,
020866,001,10688155,2030-06-07,U-2909,,,
020866,001,10688155,2030-06-07,U-2897,,,
020866,001,10688155,2030-06-07,U-2907,,,
209963,001,10933060,2037-02-07,U-3014,,,
209963,001,10973811,2037-02-07,U-2226,,,
212994,001,10858341,2037-12-09,U-3094,,,
212994,001,10954213,2037-12-09,U-3094,,,
212994,002,10858341,2037-12-09,U-3094,,,
212994,002,10954213,2037-12-09,U-3094,,,
212994,003,10954213,2037-12-09,U-3094,,,
212994,003,10858341,2037-12-09,U-3094,,,
213872,002,8518919,2025-11-22,U-3166,,,
021920,001,11090280,2026-03-03,U-1731,,Y,
021920,001,11090280,2026-03-03,U-1732,,Y,
021272,005,7999007,2029-03-29,U-1437,,Y,
208254,001,10588901,2034-03-14,U-1524,Y,Y,
208341,002,7964580,2029-03-26,U-1470,Y,Y,
208341,002,8334270,2028-03-21,U-1470,Y,Y,
208341,002,8575135,2032-11-16,U-1470,Y,Y,
208341,002,8580765,2028-03-21,U-1470,Y,Y,
208341,002,8618076,2030-12-11,U-1470,Y,Y,
208341,002,8735372,2028-03-21,U-1470,,,
208341,002,8889159,2029-03-26,U-1470,,Y,
208341,002,9085573,2028-03-21,U-1470,Y,Y,
208341,002,8921341,2032-11-16,U-1470,Y,Y,
208341,002,8633309,2029-03-26,U-1470,Y,Y,
208341,002,8940718,2032-11-16,U-1470,Y,Y,
208341,002,9284342,2030-09-13,U-1470,Y,Y,
208341,002,10086011,2034-01-30,U-1470,,,
213411,001,7452895,2025-11-16,U-2788,Y,Y,
213411,001,9457093,2032-10-12,U-2788,,Y,
213411,001,9693989,2027-05-09,U-2788,,Y,
213411,002,9457093,2032-10-12,U-2788,,Y,
213411,002,7452895,2025-11-16,U-2788,Y,Y,
213411,002,9693989,2027-05-09,U-2788,,Y,
212690,001,10675258,2033-01-11,U-2938,,,
212690,001,9050302,2033-03-15,U-1532,,,
212690,001,10213400,2033-03-15,U-2499,,,
212690,001,9486426,2033-03-15,U-1532,,,
212690,001,8772306,2033-03-15,U-1532,,,
021829,002,8246979,2027-09-01,U-1273,,Y,
202834,002,6949571,2025-05-23,U-2429,Y,Y,
022048,001,8211880,2029-03-10,U-1257,,,
022418,001,7915247,2027-08-20,U-1000,,,
202428,001,10688071,2030-02-24,U-2760,,Y,
213433,001,10159682,2028-08-14,U-2942,,,
213433,001,8143240,2026-01-12,U-2942,,,
213433,001,9486458,2028-07-24,U-2942,,,
213433,001,8865690,2025-12-27,U-2942,,,
208352,001,10568855,2033-03-15,U-1,,,
212273,001,10793547,2037-12-08,U-3144,Y,Y,
212273,002,10793547,2037-12-08,U-3144,Y,Y,
214900,001,8188085,2030-08-28,U-3159,Y,Y,
214900,001,10370406,2035-01-19,U-3159,,,
210132,001,11033626,2032-11-21,U-2439,,Y,
208341,001,11116783,2034-01-30,U-1470,,Y,
208341,002,11116783,2034-01-30,U-1470,,Y,
022068,003,9061029,2032-04-07,U-3231,Y,,
022068,002,9061029,2032-04-07,U-3231,Y,,
204063,001,11129806,2035-11-16,U-1384,,,
204063,002,11129806,2035-11-16,U-1384,,,
208558,001,8143241,2027-08-12,U-3333,,,
208558,001,8859562,2031-08-04,U-3333,,,
208558,001,8071579,2027-08-12,U-3333,,,
208558,002,8071579,2027-08-12,U-3333,,,
208558,002,8143241,2027-08-12,U-3333,,,
208558,002,8859562,2031-08-04,U-3333,,,
208088,001,11304960,2029-01-08,U-1500,,Y,
208088,001,10226473,2030-11-30,U-1500,,,
208088,001,9943527,2030-11-30,U-1500,,,
208088,001,8865695,2029-01-08,U-1500,,,
208088,001,8778922,2029-01-08,U-1500,,Y,
215390,001,10792246,2039-06-26,U-3350,,Y,
215390,002,10792246,2039-06-26,U-3350,,Y,
022496,001,11311486,2041-01-22,U-3250,,Y,
022496,002,11311486,2041-01-22,U-3250,,Y,
206829,001,10420841,2034-03-14,U-3361,,,
206829,001,10420841,2034-03-14,U-3360,,,
206829,001,7129232,2028-05-15,U-3361,Y,Y,
206829,001,7129232,2028-05-15,U-3360,Y,Y,
206829,001,8968753,2034-03-14,U-3361,,,
206829,001,8968753,2034-03-14,U-3360,,,
215888,001,8754227,2031-04-22,U-3366,,,
214783,001,11311541,2035-04-09,U-3369,,,
215760,001,11072577,2039-05-03,U-3370,,,
212273,001,11517564,2037-12-08,U-3498,,Y,
208552,001,11517560,2035-06-11,U-3494,,,
212273,002,11517564,2037-12-08,U-3498,,Y,
212097,005,11590205,2036-04-22,U-2742,,Y,
210136,001,11110084,2032-07-26,U-3616,,Y,
210136,007,11110084,2032-07-26,U-3616,,Y,
210136,006,11110084,2032-07-26,U-3616,,Y,
210136,005,11110084,2032-07-26,U-3616,,Y,
210136,004,11110084,2032-07-26,U-3616,,Y,
210136,003,11110084,2032-07-26,U-3616,,Y,
210136,002,11110084,2032-07-26,U-3616,,Y,
210136,001,10912772,2032-07-26,U-3617,,,
210136,007,10912772,2032-07-26,U-3617,,,
210136,006,10912772,2032-07-26,U-3617,,,
210136,005,10912772,2032-07-26,U-3617,,,
210136,004,10912772,2032-07-26,U-3617,,,
210136,003,10912772,2032-07-26,U-3617,,,
210136,002,10912772,2032-07-26,U-3617,,,
210136,001,9937164,2032-07-26,U-3618,,Y,
210136,007,9937164,2032-07-26,U-3618,,Y,
210136,006,9937164,2032-07-26,U-3618,,Y,
210136,005,9937164,2032-07-26,U-3618,,Y,
210136,004,9937164,2032-07-26,U-3618,,Y,
210136,003,9937164,2032-07-26,U-3618,,Y,
210136,002,9937164,2032-07-26,U-3618,,Y,
210136,001,8545832,2025-06-06,U-3619,,Y,
210136,007,8545832,2025-06-06,U-3619,,Y,
210136,006,8545832,2025-06-06,U-3619,,Y,
210136,005,8545832,2025-06-06,U-3619,,Y,
210136,004,8545832,2025-06-06,U-3619,,Y,
210136,003,8545832,2025-06-06,U-3619,,Y,
210136,002,8545832,2025-06-06,U-3619,,Y,
210136,001,8236755,2026-07-31,U-3620,,Y,
210136,007,8236755,2026-07-31,U-3620,,Y,
210136,006,8236755,2026-07-31,U-3620,,Y,
210136,005,8236755,2026-07-31,U-3620,,Y,
210136,004,8236755,2026-07-31,U-3620,,Y,
210136,003,8236755,2026-07-31,U-3620,,Y,
210136,002,8236755,2026-07-31,U-3620,,Y,
210136,004,8236292,2027-01-10,U-3619,,Y,
210136,005,8236292,2027-01-10,U-3619,,Y,
210136,006,8236292,2027-01-10,U-3619,,Y,
210136,007,8236292,2027-01-10,U-3619,,Y,
203469,004,9029533,2026-12-22,U-1701,,,
203469,004,9029533,2026-12-22,U-1700,,,
203469,004,9029533,2026-12-22,U-836,,,
203469,004,9029533,2026-12-22,U-1283,,,
203469,004,9029533,2026-12-22,U-1699,,,
203469,004,9493470,2033-12-12,U-1948,Y,Y,
203469,004,9493470,2033-12-12,U-1700,Y,Y,
212306,001,10544108,2032-07-26,U-3018,,,
212306,001,9079865,2032-07-26,U-3018,,,
212306,001,10519139,2035-08-14,U-3018,Y,Y,
214621,001,10449191,2037-09-29,U-3020,,,
214621,001,10786501,2037-09-29,U-3020,,,
212273,001,10239867,2027-04-09,U-3033,Y,Y,
212273,001,10758534,2035-10-06,U-3028,Y,Y,
212273,001,10793547,2037-12-08,U-3028,Y,Y,
202860,001,10814092,2025-10-17,U-3037,,,
202860,001,7947227,2026-10-17,U-3037,,,
202860,001,8057742,2026-01-18,U-3037,,,
202860,001,8226916,2025-08-18,U-3037,,,
202860,001,10124142,2025-08-18,U-3037,,,
208082,001,9550780,2033-09-18,U-3055,Y,Y,
208082,002,9550780,2033-09-18,U-3055,Y,Y,
208082,003,9550780,2033-09-18,U-3055,Y,Y,
209963,001,10987347,2037-02-07,U-2225,,,
211988,001,9592227,2034-03-13,U-3118,,Y,
211988,001,9694079,2035-04-20,U-3118,,Y,
211988,001,9801945,2035-04-20,U-3118,,Y,
211988,002,9592227,2034-03-13,U-3118,,Y,
211988,002,9694079,2035-04-20,U-3118,,Y,
211988,002,9801945,2035-04-20,U-3118,,Y,
211988,003,9694079,2035-04-20,U-3118,,Y,
211988,003,9592227,2034-03-13,U-3118,,Y,
211988,003,9801945,2035-04-20,U-3118,,Y,
211988,004,9801945,2035-04-20,U-3118,,Y,
211988,004,9694079,2035-04-20,U-3118,,Y,
211988,004,9592227,2034-03-13,U-3118,,Y,
211988,001,10213510,2035-04-20,U-3118,,Y,
211988,001,9913909,2034-03-13,U-3118,,,
211988,001,10098957,2035-04-20,U-3118,,,
211988,002,10213510,2035-04-20,U-3118,,Y,
211988,002,9913909,2034-03-13,U-3118,,,
211988,002,10098957,2035-04-20,U-3118,,,
211988,003,10213510,2035-04-20,U-3118,,Y,
211988,003,9913909,2034-03-13,U-3118,,,
211988,003,10098957,2035-04-20,U-3118,,,
211988,004,10213510,2035-04-20,U-3118,,Y,
211988,004,9913909,2034-03-13,U-3118,,,
211988,004,10098957,2035-04-20,U-3118,,,
211988,001,10632199,2035-04-20,U-3118,,Y,
211988,001,10898575,2035-04-20,U-3118,,Y,
211988,002,10632199,2035-04-20,U-3118,,Y,
211988,002,10898575,2035-04-20,U-3118,,Y,
211988,003,10632199,2035-04-20,U-3118,,Y,
211988,003,10898575,2035-04-20,U-3118,,Y,
211988,004,10898575,2035-04-20,U-3118,,Y,
211988,004,10632199,2035-04-20,U-3118,,Y,
208030,001,8703156,2029-10-26,U-3083,,Y,
208030,002,8703156,2029-10-26,U-3083,,Y,
212608,004,9944651,2034-10-15,U-3168,Y,Y,
212608,005,9944651,2034-10-15,U-3168,Y,Y,
212608,001,9944651,2034-10-15,U-3168,Y,Y,
212608,002,9944651,2034-10-15,U-3168,Y,Y,
212608,001,9994575,2034-10-15,U-3168,Y,Y,
212608,002,9994575,2034-10-15,U-3168,Y,Y,
212608,004,9994575,2034-10-15,U-3168,Y,Y,
212608,005,9994575,2034-10-15,U-3168,Y,Y,
209363,001,10849884,2035-09-04,U-3169,,Y,
209363,001,11000507,2035-09-04,U-3169,,Y,
209363,001,11020377,2035-09-04,U-3169,,Y,
209363,001,11000508,2035-09-04,U-3169,,Y,
207620,001,11058667,2036-05-09,U-3170,,,
207620,002,11058667,2036-05-09,U-3170,,,
207620,003,11058667,2036-05-09,U-3170,,,
210365,001,11065209,2035-10-13,U-3071,,,
214103,001,11060093,2034-12-26,U-2995,Y,Y,
206073,001,11090323,2034-04-03,U-3191,,,
206073,002,11090323,2034-04-03,U-3191,,,
021272,005,8653137,2028-09-05,U-1437,,,
211988,001,11083797,2035-04-20,U-3118,,Y,
211988,002,11083797,2035-04-20,U-3118,,Y,
211988,003,11083797,2035-04-20,U-3118,,Y,
211988,004,11083797,2035-04-20,U-3118,,Y,
210922,001,11079379,2035-08-27,U-2378,Y,Y,
210922,001,10240152,2029-10-20,U-2378,Y,Y,
211192,001,9474779,2033-08-19,U-3213,Y,Y,
211192,001,9850277,2033-01-18,U-3213,Y,Y,
210365,001,11160795,2041-03-01,U-3233,,,
211950,001,8636713,2027-05-02,U-3234,,,
213978,001,10456396,2035-10-19,U-1900,,Y,
210365,001,11154516,2035-06-17,U-3235,,,
210365,001,11154516,2035-06-17,U-3236,,,
213978,001,9597284,2035-10-19,U-1900,,,
213978,001,9532944,2035-10-19,U-1900,,,
213978,001,9504644,2035-10-19,U-1900,,,
211950,001,9636332,2033-11-08,U-3234,,,
204168,004,RE43879,2026-01-11,U-839,,,
021660,001,7758891,2026-02-21,U-1434,,,
208780,002,7635707,2029-04-22,U-2076,,,
206426,001,8778997,2027-05-07,U-1627,,,
022192,002,9074256,2031-02-10,U-1674,,,
204399,003,9662340,2034-02-11,U-1531,,Y,
205649,004,8501698,2027-06-20,U-493,,Y,
022192,005,9138432,2025-09-30,U-1737,,,
206940,001,9205076,2025-03-14,U-1709,,,
202971,004,8338427,2025-03-15,U-543,,Y,
021338,001,9364656,2031-09-30,U-736,,,
206038,001,8741933,2026-11-08,U-1717,,,
201635,004,9555004,2027-11-16,U-1992,,Y,
209195,001,8940718,2032-11-16,U-2040,Y,Y,
208780,001,8013002,2030-01-08,U-2082,,,
204275,002,7439393,2025-05-21,U-2099,Y,Y,
207924,001,8420629,2029-03-10,U-247,,,
208401,001,9616096,2035-11-06,U-1991,,,
203284,001,10045958,2030-09-22,U-1816,,,
210455,001,8148374,2029-09-03,U-2365,Y,Y,
210563,001,8497277,2026-12-28,U-1491,,,
210563,003,8497277,2026-12-28,U-1946,,,
207960,001,9844544,2033-08-14,U-2203,,Y,
020866,001,9993474,2032-04-30,U-2389,,,
203415,001,8183274,2026-08-24,U-2345,,,
204114,002,8835443,2025-06-10,U-2302,,,
207202,001,9268909,2033-10-15,U-2168,,Y,
204114,001,8835443,2025-06-10,U-1581,,,
207999,001,10047117,2033-09-06,U-1854,,,
207533,003,10238651,2035-03-19,U-2402,,,
207946,004,10143693,2036-04-05,U-2457,,,
207925,002,8354427,2026-07-06,U-1311,,,
210132,001,9006222,2032-11-21,U-2439,,Y,
022291,004,7547719,2025-07-13,U-2452,Y,Y,
204042,002,7943582,2029-02-26,U-2441,Y,Y,
210861,001,9676783,2029-10-21,U-2469,,,
208341,001,8618076,2030-12-11,U-1470,Y,Y,
203567,001,10828293,2034-10-02,U-2720,,,
207947,001,10828298,2036-12-01,U-2991,,Y,
207947,001,10821108,2036-12-01,U-2992,,Y,
207947,002,10828298,2036-12-01,U-2991,,Y,
207947,002,10821108,2036-12-01,U-2992,,Y,
207947,003,10821108,2036-12-01,U-2992,,Y,
207947,003,10828298,2036-12-01,U-2991,,Y,
207947,004,10828298,2036-12-01,U-2991,,Y,
207947,004,10821108,2036-12-01,U-2992,,Y,
207947,005,10821108,2036-12-01,U-2992,,Y,
207947,005,10828298,2036-12-01,U-2991,,Y,
207947,006,10821108,2036-12-01,U-2992,,Y,
207947,006,10828298,2036-12-01,U-2991,,Y,
207947,007,10821108,2036-12-01,U-2992,,Y,
207947,007,10828298,2036-12-01,U-2991,,Y,
207947,008,10828298,2036-12-01,U-2991,,Y,
207947,008,10821108,2036-12-01,U-2992,,Y,
210730,001,9642842,2032-03-23,U-2986,,Y,
210730,002,9642842,2032-03-23,U-2986,,Y,
210730,003,9642842,2032-03-23,U-2986,,Y,
210493,001,10828297,2030-12-17,U-2301,,,
210493,002,10828297,2030-12-17,U-2301,,,
209830,001,10849894,2035-08-17,U-543,,,
207960,001,10857143,2033-08-14,U-2993,,Y,
207960,002,10857143,2033-08-14,U-2993,,Y,
207960,003,10857143,2033-08-14,U-2993,,Y,
212379,001,10849847,2037-09-08,U-2647,,,
211230,001,10912754,2038-06-01,U-3082,,,
211230,002,10912754,2038-06-01,U-3082,,,
212269,001,10940115,2038-10-25,U-3083,,Y,
212520,001,10940138,2039-12-16,U-2849,,,
213690,001,10946101,2030-10-01,U-1631,,,
210045,001,10925835,2038-06-14,U-2410,,,
210045,002,10925835,2038-06-14,U-2410,,,
210045,003,10925835,2038-06-14,U-2410,,,
207155,001,10940128,2030-06-14,U-3086,,Y,
213378,001,8778960,2032-02-13,U-3136,,,
213378,001,8778960,2032-02-13,U-3137,,,
213378,002,8778960,2032-02-13,U-3136,,,
213378,002,8778960,2032-02-13,U-3137,,,
213378,003,8778960,2032-02-13,U-3136,,,
213378,003,8778960,2032-02-13,U-3137,,,
213378,004,8778960,2032-02-13,U-3137,,,
213378,004,8778960,2032-02-13,U-3136,,,
213378,001,9126977,2031-08-23,U-3136,,Y,
213378,001,9126977,2031-08-23,U-3137,,Y,
213378,001,9517235,2031-08-23,U-3139,,,
213378,001,9517235,2031-08-23,U-3138,,,
213378,002,9517235,2031-08-23,U-3138,,,
213378,002,9517235,2031-08-23,U-3139,,,
213378,002,9126977,2031-08-23,U-3137,,Y,
213378,002,9126977,2031-08-23,U-3136,,Y,
213378,003,9517235,2031-08-23,U-3139,,,
213378,003,9517235,2031-08-23,U-3138,,,
213378,003,9126977,2031-08-23,U-3136,,Y,
213378,003,9126977,2031-08-23,U-3137,,Y,
213378,004,9517235,2031-08-23,U-3139,,,
213378,004,9517235,2031-08-23,U-3138,,,
213378,004,9126977,2031-08-23,U-3137,,Y,
213378,004,9126977,2031-08-23,U-3136,,Y,
213378,001,10716785,2031-08-23,U-3136,,,
213378,001,10716785,2031-08-23,U-3137,,,
213378,001,10300054,2031-08-23,U-3140,,Y,
213378,001,10300054,2031-08-23,U-3141,,Y,
213378,002,10300054,2031-08-23,U-3141,,Y,
213378,002,10300054,2031-08-23,U-3140,,Y,
213378,002,10716785,2031-08-23,U-3137,,,
213378,002,10716785,2031-08-23,U-3136,,,
213378,003,10300054,2031-08-23,U-3140,,Y,
213378,003,10300054,2031-08-23,U-3141,,Y,
213378,003,10716785,2031-08-23,U-3137,,,
213378,003,10716785,2031-08-23,U-3136,,,
213378,004,10716785,2031-08-23,U-3137,,,
213378,004,10716785,2031-08-23,U-3136,,,
213378,004,10300054,2031-08-23,U-3140,,Y,
213378,004,10300054,2031-08-23,U-3141,,Y,
215310,001,10227342,2035-05-13,U-3220,Y,Y,
214783,001,10696660,2033-10-07,U-3246,,,
214783,001,10183931,2033-10-07,U-3246,,,
214783,001,8357693,2029-10-30,U-3247,Y,Y,
214133,001,10835530,2026-01-10,U-3283,,,
214133,001,10517868,2026-01-10,U-3283,,,
214133,001,10098877,2026-01-10,U-3283,,,
214133,001,9918984,2028-05-03,U-3283,,,
215498,001,11365182,2039-06-20,U-3186,,,
205677,001,10610510,2033-01-25,U-2805,,,
207960,003,11103495,2033-08-14,U-2993,,Y,
050819,001,10624918,2029-06-03,U-916,,,
212157,001,9795620,2036-05-27,U-2718,,Y,
211580,001,10631746,2035-08-04,U-2815,,Y,
210854,001,10633397,2036-04-27,U-2816,,,
212157,001,9572819,2036-05-27,U-2718,,Y,
210854,002,10633397,2036-04-27,U-2816,,,
202107,001,10780097,2038-08-22,U-1643,,,
208194,001,11103483,2031-01-28,U-1971,,Y,
212157,001,10376527,2036-05-27,U-2718,,Y,
208194,001,11103483,2031-01-28,U-1972,,Y,
206229,001,11090186,2033-10-24,U-2348,,,
213217,001,10570139,2034-04-22,U-3063,,,
208082,001,11179386,2038-03-15,U-1995,,Y,
208082,002,11179386,2038-03-15,U-1995,,Y,
208082,003,11179386,2038-03-15,U-1995,,Y,
208082,001,11179386,2038-03-15,U-3055,,Y,
208082,002,11179386,2038-03-15,U-3055,,Y,
208082,003,11179386,2038-03-15,U-3055,,Y,
215110,001,8648037,2032-01-19,U-3238,Y,Y,
215110,001,10028937,2030-06-10,U-3238,,,
209500,001,RE48839,2033-08-19,U-3271,,,
211675,001,8962629,2031-01-15,U-3275,Y,,
211746,001,10016443,2034-09-04,U-3297,,,
211746,001,10517880,2034-09-04,U-3297,,Y,
211746,001,9750754,2034-09-04,U-3297,,Y,
211746,001,9078923,2034-09-04,U-3297,,Y,
211675,001,10995095,2036-10-17,U-3298,,,
211988,001,11253504,2034-03-13,U-3118,,,
211988,004,11253504,2034-03-13,U-3118,,,
211988,003,11253504,2034-03-13,U-3118,,,
211988,002,11253504,2034-03-13,U-3118,,,
214662,001,11260053,2031-05-26,U-3290,,,
213026,001,RE48960,2029-02-16,U-3087,Y,Y,
213026,001,RE48960,2029-02-16,U-3088,Y,Y,
205353,003,8883842,2028-06-13,U-1669,,,
208743,001,7803770,2031-04-28,U-2009,,,
203093,002,7176220,2026-08-27,U-257,Y,Y,
208780,001,7635707,2029-04-22,U-2076,,,
207960,003,9295642,2033-08-14,U-1827,,Y,
205108,001,9724297,2035-08-31,U-2096,,Y,
208564,001,9180091,2032-11-21,U-2316,,Y,
209311,001,9034902,2032-03-23,U-2357,,,
050793,001,9789057,2026-12-02,U-137,,Y,
204114,003,8703781,2030-10-15,U-2302,Y,Y,
206099,001,10124132,2027-03-06,U-2011,,Y,
209776,001,10183034,2031-08-08,U-2490,,,
208341,001,9284342,2030-09-13,U-1470,Y,Y,
206829,001,9724353,2032-09-07,U-2566,,,
021272,001,7999007,2029-03-29,U-1437,,Y,
021395,001,8022082,2026-01-19,U-1186,,Y,
207356,001,10751355,2035-05-15,U-2414,,,
209637,002,8129343,2031-12-05,U-2202,Y,Y,
203159,001,10561524,2029-09-16,U-2948,,,
209637,002,8536122,2026-03-20,U-2202,Y,Y,
021225,001,10561524,2029-09-16,U-2948,,,
208224,001,10561524,2029-09-16,U-2948,,,
022203,002,8518919,2025-11-22,U-1430,,,
022504,001,8419307,2027-02-26,U-1386,,,
201922,001,8252776,2025-06-24,U-124,,,
021829,001,8246979,2027-09-01,U-1273,,Y,
202880,003,9265760,2033-07-25,U-1810,,,
202799,007,7919461,2026-06-02,U-1238,,,
022081,001,9549926,2031-10-14,U-1965,,,
210563,004,9801883,2031-06-03,U-2159,,,
207795,001,7910767,2025-01-05,U-2144,Y,Y,
204623,001,9539335,2027-10-17,U-1614,,,
206756,001,8034809,2025-05-12,U-1702,,,
211996,001,7214696,2025-12-19,U-2524,,,
200327,001,8247400,2031-02-10,U-282,,Y,
210563,003,8497277,2026-12-28,U-2242,,,
210563,002,8563563,2027-04-26,U-2241,,,
021880,001,8741929,2028-03-08,U-1983,,,
209482,002,8309572,2025-04-27,U-2129,,,
209482,002,8183257,2025-07-27,U-2129,,,
209482,001,8183257,2025-07-27,U-2129,,,
208078,001,10793893,2034-05-26,U-2956,,,
209381,001,10792306,2032-03-09,U-2310,,Y,
209482,002,7439393,2025-05-21,U-2957,Y,Y,
209482,001,7439393,2025-05-21,U-2957,Y,Y,
211710,001,10774085,2029-10-21,U-2470,,,
202057,001,10792270,2033-06-28,U-2962,,,
202057,001,10786478,2033-06-28,U-2959,,,
202057,001,10786478,2033-06-28,U-2960,,,
202057,001,10792267,2030-04-29,U-2961,,,
202057,002,10792270,2033-06-28,U-2962,,,
202057,002,10786478,2033-06-28,U-2959,,,
202057,002,10786478,2033-06-28,U-2960,,,
202057,002,10792267,2030-04-29,U-2961,,,
212520,001,10799481,2039-12-16,U-2849,,,
022145,002,10772888,2032-03-30,U-1663,,,
210365,001,10849860,2035-06-17,U-2427,,,
204958,001,8680052,2033-03-09,U-2979,,,
201739,002,10688244,2037-12-21,U-2980,,Y,
201739,003,10688244,2037-12-21,U-2980,,Y,
212379,001,10821187,2030-10-01,U-2647,,,
212268,001,10814002,2033-07-25,U-2763,,Y,
207533,003,10813928,2035-03-19,U-2402,,,
212268,002,10814002,2033-07-25,U-2763,,Y,
207533,001,10813928,2035-03-19,U-2983,,,
207533,002,10813928,2035-03-19,U-2983,,,
207533,004,10813928,2035-03-19,U-2983,,,
212268,003,10814002,2033-07-25,U-2763,,Y,
210365,001,10849860,2035-06-17,U-2454,,,
210933,001,9532955,2033-05-03,U-2491,,,
210933,001,9737491,2033-05-03,U-2492,,,
210933,001,9056057,2033-05-03,U-2491,,Y,
210933,001,9827191,2033-05-03,U-2985,,Y,
210933,001,10058511,2033-05-03,U-2492,,Y,
210730,001,8835488,2032-03-23,U-2986,Y,Y,
206426,001,10391075,2027-02-12,U-3069,,,
206426,001,8778997,2027-05-07,U-3069,,,
213969,001,8828356,2025-10-17,U-3070,,,
213969,001,7838531,2029-07-26,U-3070,,,
213969,002,7838531,2029-07-26,U-3070,,,
213969,002,8828356,2025-10-17,U-3070,,,
210875,001,8414922,2031-12-16,U-2825,,Y,
210875,001,9669021,2030-06-11,U-2825,,,
210875,001,9669019,2030-06-11,U-2825,,Y,
210875,001,8846074,2031-12-16,U-2825,,Y,
210875,001,9283219,2030-06-11,U-2825,,Y,
210875,001,10420763,2030-06-11,U-2825,,Y,
210875,001,9326981,2030-06-11,U-2825,,,
210875,001,10449146,2036-04-19,U-2825,,,
210875,002,10449146,2036-04-19,U-2825,,,
210875,002,9326981,2030-06-11,U-2825,,,
210875,002,9283219,2030-06-11,U-2825,,Y,
210875,002,9669019,2030-06-11,U-2825,,Y,
210875,002,8846074,2031-12-16,U-2825,,Y,
210875,002,10420763,2030-06-11,U-2825,,Y,
210875,002,9669021,2030-06-11,U-2825,,,
210875,002,8414922,2031-12-16,U-2825,,Y,
210875,003,10420763,2030-06-11,U-2825,,Y,
210875,003,9669021,2030-06-11,U-2825,,,
210875,003,9669019,2030-06-11,U-2825,,Y,
210875,003,8414922,2031-12-16,U-2825,,Y,
210875,003,9326981,2030-06-11,U-2825,,,
210875,003,8846074,2031-12-16,U-2825,,Y,
210875,003,9283219,2030-06-11,U-2825,,Y,
210875,003,10449146,2036-04-19,U-2825,,,
210875,004,8414922,2031-12-16,U-2825,,Y,
210875,004,9669021,2030-06-11,U-2825,,,
210875,004,10449146,2036-04-19,U-2825,,,
210875,004,9326981,2030-06-11,U-2825,,,
210875,004,9283219,2030-06-11,U-2825,,Y,
210875,004,10420763,2030-06-11,U-2825,,Y,
210875,004,9669019,2030-06-11,U-2825,,Y,
210875,004,8846074,2031-12-16,U-2825,,Y,
210875,005,9326981,2030-06-11,U-2825,,,
210875,005,9283219,2030-06-11,U-2825,,Y,
210875,005,10449146,2036-04-19,U-2825,,,
210875,005,8414922,2031-12-16,U-2825,,Y,
210875,005,9669019,2030-06-11,U-2825,,Y,
210875,005,10420763,2030-06-11,U-2825,,Y,
210875,005,8846074,2031-12-16,U-2825,,Y,
210875,005,9669021,2030-06-11,U-2825,,,
209311,001,10881618,2032-03-23,U-2357,,,
209311,002,10881618,2032-03-23,U-2357,,,
209311,003,10881618,2032-03-23,U-2357,,,
209311,004,10881618,2032-03-23,U-2357,,,
209311,005,10881618,2032-03-23,U-2357,,,
208944,001,11077073,2038-08-23,U-2106,,,
208944,001,11077073,2038-08-23,U-2224,,,
208944,001,11077073,2038-08-23,U-3180,,,
208944,002,11077073,2038-08-23,U-2224,,,
208944,002,11077073,2038-08-23,U-3180,,,
208944,002,11077073,2038-08-23,U-2106,,,
206038,001,11052075,2028-12-04,U-3181,,Y,
206038,002,11052075,2028-12-04,U-3181,,Y,
022406,004,10828310,2039-01-31,U-3207,,,
022406,004,10828310,2039-01-31,U-3208,,,
215110,001,10039754,2030-06-10,U-3238,,,
215110,001,10286029,2034-03-14,U-3238,,,
211675,001,8962629,2031-01-15,U-3255,Y,,
211675,001,10597400,2036-10-17,U-3255,,,
215498,002,11365182,2039-06-20,U-3186,,,
215498,003,11365182,2039-06-20,U-3186,,,
215498,004,11365182,2039-06-20,U-3186,,,
209478,001,11395828,2036-10-28,U-2109,,,
209478,001,11395828,2036-10-28,U-3401,,,
209478,001,11395828,2036-10-28,U-3402,,,
206089,002,11426416,2030-04-12,U-3420,,,
206089,003,11426416,2030-04-12,U-3420,,,
214860,001,11202767,2036-10-17,U-3502,,,
214860,002,11202767,2036-10-17,U-3502,,,
214860,003,11202767,2036-10-17,U-3502,,,
214860,004,11202767,2036-10-17,U-3502,,,
214860,005,11202767,2036-10-17,U-3502,,,
214860,006,11202767,2036-10-17,U-3502,,,
213217,001,10570139,2034-04-22,U-3486,,,
213217,001,9447106,2034-04-22,U-3486,Y,Y,
213217,001,11142528,2034-04-22,U-3486,,Y,
208743,001,RE49444,2031-04-28,U-2009,,,
208743,001,RE49444,2031-04-28,U-3543,,,
210136,001,8236292,2027-01-10,U-3619,,Y,
210136,002,8236292,2027-01-10,U-3619,,Y,
210136,003,8236292,2027-01-10,U-3619,,Y,
211675,001,11564922,2038-03-09,U-3624,,,
211675,003,11564922,2038-03-09,U-3624,,,
212608,004,9944651,2034-10-15,U-3506,Y,Y,
212608,004,9994575,2034-10-15,U-3506,Y,Y,
020866,001,10688155,2030-06-07,U-2936,,,
020866,001,10688155,2030-06-07,U-2915,,,
020866,001,10688155,2030-06-07,U-2935,,,
020866,001,10688155,2030-06-07,U-2932,,,
020866,001,10688155,2030-06-07,U-2924,,,
020866,001,10688155,2030-06-07,U-2926,,,
020866,001,10688155,2030-06-07,U-2931,,,
020866,001,10688155,2030-06-07,U-2927,,,
020866,001,10688155,2030-06-07,U-2918,,,
020866,001,10688155,2030-06-07,U-2933,,,
020866,001,10688155,2030-06-07,U-2916,,,
020866,001,10688155,2030-06-07,U-2920,,,
020866,001,10688155,2030-06-07,U-2922,,,
020866,001,10688155,2030-06-07,U-2921,,,
020866,001,10688155,2030-06-07,U-2919,,,
020866,001,10688155,2030-06-07,U-2930,,,
020866,001,10688155,2030-06-07,U-2917,,,
020866,001,10688155,2030-06-07,U-2925,,,
020866,001,10688155,2030-06-07,U-2929,,,
020866,001,10688155,2030-06-07,U-2923,,,
020866,001,10688155,2030-06-07,U-2937,,,
020866,001,10688155,2030-06-07,U-2928,,,
020866,001,10688155,2030-06-07,U-2934,,,
202611,001,10842780,2029-09-28,U-2996,,Y,
202611,002,10842780,2029-09-28,U-2996,,Y,
209363,001,10849884,2035-09-04,U-2583,,Y,
209363,001,10857133,2035-09-04,U-2583,,Y,
212099,001,10835515,2036-01-28,U-2605,,Y,
202057,001,10842768,2030-06-15,U-2688,,,
202057,001,10842766,2030-04-29,U-2997,,,
202057,002,10842766,2030-04-29,U-2997,,,
202057,002,10842768,2030-06-15,U-2688,,,
210793,001,10849891,2038-08-27,U-1974,,Y,
200063,001,10835527,2034-07-02,U-1583,,,
200063,001,10828294,2034-07-02,U-1583,,,
204063,001,10994003,2035-03-13,U-3148,,,
204063,001,11007166,2035-11-16,U-1384,,,
204063,001,11007167,2035-11-16,U-1384,,,
204063,002,11007167,2035-11-16,U-1384,,,
204063,002,10994003,2035-03-13,U-3148,,,
204063,002,11007166,2035-11-16,U-1384,,,
208078,001,11268128,2032-06-29,U-2956,,,
208743,001,11255842,2040-01-10,U-3322,,,
204063,001,11246850,2035-11-16,U-1384,,,
204063,002,11246850,2035-11-16,U-1384,,,
206192,001,11254649,2036-06-30,U-1776,Y,Y,
021753,001,7579377,2025-02-23,U-818,,,
204410,001,8367685,2028-10-04,U-1445,,Y,
206038,001,8846718,2029-07-02,U-1908,,,
211358,001,9670163,2026-12-28,U-2376,,Y,
204485,002,9687526,2035-01-30,U-1857,,,
022063,002,9173857,2026-05-12,U-2025,,,
209115,003,10130636,2035-08-17,U-2012,,,
022496,001,11278494,2041-01-22,U-3250,,Y,
022496,002,11278494,2041-01-22,U-3250,,Y,
212304,001,10966936,2038-08-11,U-3334,,Y,
212304,002,10966936,2038-08-11,U-3334,,Y,
212304,001,11103463,2037-07-26,U-3334,,,
212304,002,11103463,2037-07-26,U-3334,,,
212304,001,10835499,2038-05-20,U-3334,,Y,
212304,002,10835499,2038-05-20,U-3334,,Y,
212304,001,10016372,2037-07-26,U-3334,,,
212304,002,10016372,2037-07-26,U-3334,,,
211379,001,11304961,2037-12-18,U-3344,,Y,
206627,001,11304909,2027-08-24,U-1556,,,
206627,007,11304909,2027-08-24,U-1556,,,
206627,006,11304909,2027-08-24,U-1556,,,
206627,005,11304909,2027-08-24,U-1556,,,
206627,004,11304909,2027-08-24,U-1556,,,
206627,003,11304909,2027-08-24,U-1556,,,
206627,002,11304909,2027-08-24,U-1556,,,
022272,001,11304909,2027-08-24,U-1556,,,
022272,007,11304909,2027-08-24,U-1556,,,
022272,006,11304909,2027-08-24,U-1556,,,
022272,005,11304909,2027-08-24,U-1556,,,
022272,004,11304909,2027-08-24,U-1556,,,
022272,003,11304909,2027-08-24,U-1556,,,
022272,002,11304909,2027-08-24,U-1556,,,
022496,001,11304904,2041-01-22,U-3346,,Y,
022496,002,11304904,2041-01-22,U-3346,,Y,
202022,001,7125879,2025-04-21,U-3353,Y,Y,
210365,001,11311498,2035-06-17,U-3375,,,
210365,001,11311498,2035-06-17,U-3376,,,
021633,003,7572779,2025-10-02,U-904,,,
210730,001,9309234,2032-03-23,U-2986,Y,Y,
208171,002,8815301,2029-08-14,U-2734,Y,Y,
210730,002,8835488,2032-03-23,U-2986,Y,Y,
210730,002,9309234,2032-03-23,U-2986,Y,Y,
208171,003,8815301,2029-08-14,U-2734,Y,Y,
210730,003,8835488,2032-03-23,U-2986,Y,Y,
210730,003,9309234,2032-03-23,U-2986,Y,Y,
210365,001,10966939,2035-06-17,U-2780,,Y,
202107,001,10842800,2037-06-19,U-1643,,,
202107,001,10842801,2032-11-15,U-1643,,,
201739,002,10842938,2037-12-21,U-2980,,Y,
201739,003,10842938,2037-12-21,U-2980,,Y,
214103,001,10478500,2035-10-09,U-2995,Y,Y,
214103,001,8106022,2029-12-12,U-2995,Y,Y,
214103,001,8828956,2028-12-04,U-2995,Y,Y,
214103,001,10131907,2028-08-24,U-2995,Y,Y,
214103,001,10612024,2035-08-14,U-2995,Y,Y,
214103,001,10612027,2035-08-14,U-2995,Y,Y,
214103,001,10465195,2034-12-26,U-2995,Y,Y,
214103,001,10435692,2034-12-26,U-2995,,,
214103,001,10487330,2034-12-26,U-2995,Y,Y,
208623,001,10857141,2038-05-30,U-2371,,,
208623,001,10849890,2038-05-30,U-2371,,,
208623,001,10849889,2038-05-30,U-2371,,,
208623,001,10857142,2038-05-30,U-2371,,,
214410,001,10633397,2036-04-27,U-2816,,,
214410,001,10633397,2036-04-27,U-3000,,,
210854,001,10633397,2036-04-27,U-3000,,,
210854,002,10633397,2036-04-27,U-3000,,,
203567,001,10864274,2034-10-02,U-2720,,,
208623,001,10874657,2038-05-30,U-2371,,,
208623,001,10874655,2038-05-30,U-2371,,,
208623,001,10874656,2038-05-30,U-2371,,,
210583,001,10881663,2039-03-08,U-3038,,,
212154,001,10870676,2031-08-31,U-3039,Y,Y,
205494,001,10888547,2031-01-31,U-3042,,,
205494,001,10888547,2031-01-31,U-3043,,,
205494,001,10888544,2038-12-13,U-3041,,,
205494,001,10888544,2038-12-13,U-3040,,,
202324,001,10869924,2037-01-12,U-3044,,,
202324,002,10869924,2037-01-12,U-3044,,,
213006,001,8247415,2030-12-01,U-3045,Y,Y,
203565,002,8895612,2027-01-08,U-3051,,,
203565,002,8895612,2027-01-08,U-1620,,,
203565,002,8895612,2027-01-08,U-3050,,,
203565,002,7754702,2028-02-15,U-2556,,,
203565,002,7754702,2028-02-15,U-2557,,,
203565,002,7754702,2028-02-15,U-2555,,,
202057,001,10881632,2030-04-29,U-3052,,,
202057,002,10881632,2030-04-29,U-3052,,,
202057,001,10894028,2033-06-28,U-3053,,,
202057,002,10894028,2033-06-28,U-3053,,,
208564,001,10888516,2032-11-21,U-2316,,,
208564,001,10888516,2032-11-21,U-2317,,,
208564,002,10888516,2032-11-21,U-2316,,,
208564,002,10888516,2032-11-21,U-2317,,,
209963,001,10894012,2037-02-07,U-3014,,,
213716,001,7332472,2025-10-17,U-3056,Y,Y,
213716,001,10286036,2037-12-07,U-3056,,,
202570,001,7825137,2027-05-12,U-3058,,,
202570,001,7825137,2027-05-12,U-3057,,,
208558,002,8071579,2027-08-12,U-2822,,,
202570,002,7825137,2027-05-12,U-3058,,,
202570,002,7825137,2027-05-12,U-3057,,,
210365,001,10918608,2035-10-13,U-3072,,,
210365,001,10918608,2035-10-13,U-3071,,,
210365,001,10918608,2035-10-13,U-3073,,,
210875,001,10959943,2036-04-19,U-2825,,,
210875,002,10959943,2036-04-19,U-2825,,,
210875,003,10959943,2036-04-19,U-2825,,,
210875,004,10959943,2036-04-19,U-2825,,,
210875,005,10959943,2036-04-19,U-2825,,,
205677,001,10980770,2033-01-25,U-3106,,,
205677,001,10980770,2033-01-25,U-3107,,,
209500,001,10960009,2034-12-03,U-814,,,
213801,001,10058536,2036-03-31,U-3108,,Y,
211230,001,10959976,2038-06-01,U-3151,,,
209401,001,8022279,2027-09-14,U-3147,,Y,
210365,001,10966939,2035-06-17,U-2781,,Y,
209401,001,7850990,2027-01-23,U-3147,,Y,
209401,001,10835492,2032-10-15,U-3150,,,
209401,001,10028912,2032-10-15,U-3150,,Y,
209401,001,10028912,2032-10-15,U-3149,,Y,
209401,001,10166184,2032-10-15,U-3149,,Y,
211230,002,10959976,2038-06-01,U-3151,,,
209401,001,8431806,2025-04-22,U-3147,,Y,
209401,001,8092828,2029-04-01,U-3147,,,
214154,001,7732430,2028-01-15,U-3152,,Y,
213973,001,10966966,2040-08-12,U-3153,,,
209819,001,11000520,2035-11-06,U-3111,,,
208193,001,10610502,2039-08-30,U-2779,,,
204384,002,8546428,2029-03-19,U-1321,Y,Y,
204384,002,7498343,2026-12-01,U-1321,Y,Y,
209363,001,10682338,2035-09-04,U-2583,,Y,
209627,001,10765628,2039-02-01,U-2786,,,
209627,001,10765628,2039-02-01,U-2787,,,
211192,001,10799490,2035-03-13,U-2981,,Y,
211192,001,10799490,2035-03-13,U-2982,,Y,
204242,001,11020388,2032-09-18,U-3131,,Y,
204242,002,11020388,2032-09-18,U-3131,,Y,
204242,003,11020388,2032-09-18,U-3131,,Y,
204242,004,11020388,2032-09-18,U-3131,,Y,
204242,005,11020388,2032-09-18,U-3131,,Y,
204242,006,11020388,2032-09-18,U-3131,,Y,
208078,001,11060128,2032-06-29,U-2956,,,
208623,001,RE48608,2031-10-20,U-2371,,,
207986,001,11040004,2037-11-12,U-2252,,,
212102,001,11040018,2037-08-02,U-2861,,,
208144,001,9259425,2030-07-14,U-2222,,,
213388,001,11045470,2034-03-14,U-2842,,,
209884,003,8492441,2030-11-30,U-2511,,,
205739,001,11123363,2033-10-08,U-1766,,,
205739,003,11123363,2033-10-08,U-1766,,,
205739,002,11123363,2033-10-08,U-1766,,,
202057,002,11103477,2030-04-29,U-3209,,,
202057,001,11103477,2030-04-29,U-3209,,,
213436,001,9919117,2033-03-17,U-3218,,Y,
211243,001,11173134,2035-09-10,U-3257,,,
213312,001,10973806,2036-06-29,U-3258,,,
213312,001,8911786,2029-02-14,U-3259,,Y,
022406,001,9539218,2034-02-17,U-3288,,,
022406,002,9539218,2034-02-17,U-3289,,,
212273,001,11426407,2035-10-06,U-3425,Y,Y,
212273,002,11426407,2035-10-06,U-3425,Y,Y,
210365,001,11446258,2035-06-17,U-2780,,,
210365,001,11446258,2035-06-17,U-2781,,,
210365,001,11446258,2035-06-17,U-3071,,,
212937,001,10596190,2038-01-05,U-3443,,,Y
211243,001,11446260,2034-03-14,U-3444,,,
211243,001,11446260,2034-03-14,U-3445,,,
211243,001,11446260,2034-03-14,U-3446,,,
207356,001,11446318,2035-05-15,U-2414,,,
208082,001,11446291,2036-03-07,U-1995,,,
208082,002,11446291,2036-03-07,U-1995,,,
208082,003,11446291,2036-03-07,U-1995,,,
214070,001,9415009,2030-05-28,U-3509,,,
216675,001,10058615,2033-09-12,U-1900,,,
212608,004,9200002,2034-10-15,U-3506,Y,Y,
210563,001,9795604,2034-10-24,U-3422,,,
210563,002,9795604,2034-10-24,U-3422,,,
210563,003,9795604,2034-10-24,U-3422,,,
205552,001,9795604,2034-10-24,U-3422,,,
205552,002,9795604,2034-10-24,U-3422,,,
210563,001,11672803,2031-06-03,U-1684,,,
210563,002,11672803,2031-06-03,U-1684,,,
210563,003,11672803,2031-06-03,U-1684,,,
210563,001,11672803,2031-06-03,U-1946,,,
210563,002,11672803,2031-06-03,U-1946,,,
210563,003,11672803,2031-06-03,U-1946,,,
210563,001,11672803,2031-06-03,U-2241,,,
210563,002,11672803,2031-06-03,U-2241,,,
210563,003,11672803,2031-06-03,U-2241,,,
210563,001,11672803,2031-06-03,U-2242,,,
210563,002,11672803,2031-06-03,U-2242,,,
210563,003,11672803,2031-06-03,U-2242,,,
214200,001,11717523,2034-03-14,U-3678,,,
214200,001,11717523,2034-03-14,U-3679,,,
210450,001,11707464,2034-03-14,U-3672,,,
215390,001,11806334,2043-01-12,U-3725,,,
215390,002,11806334,2043-01-12,U-3725,,,
215211,001,11753632,2035-09-30,U-3726,,,
215211,001,11278601,2036-12-29,U-3726,,Y,
215211,001,11278599,2033-03-07,U-3726,,,
215211,001,10961522,2035-09-30,U-3726,,,
215211,001,10857212,2037-08-12,U-3726,,,
215211,001,10512677,2033-03-07,U-3726,,,
215211,001,10208299,2035-09-30,U-3726,Y,Y,
212520,001,11701343,2039-12-16,U-2849,,,
212306,003,11787771,2032-07-26,U-2855,,,
212306,004,11787771,2032-07-26,U-2855,,,
212306,001,11787771,2032-07-26,U-3018,,,
213973,001,11801237,2040-12-30,U-3219,,Y,
215239,001,11690853,2033-03-07,U-3747,,,
215239,001,11471471,2040-03-17,U-3747,,,
215239,001,10857161,2029-05-28,U-3747,,Y,
215239,001,8334279,2029-05-28,U-3747,,,
215985,001,11819496,2037-06-07,U-3748,,,
214755,002,11826335,2037-07-21,U-3751,,,
212614,001,10596120,2032-03-07,U-2776,,Y,
212614,002,10596120,2032-03-07,U-2776,,Y,
212614,003,10596120,2032-03-07,U-2776,,Y,
212614,004,10596120,2032-03-07,U-2776,,Y,
209511,001,RE47826,2029-05-20,U-2949,,,
208564,001,11351182,2032-11-21,U-2316,,,
202714,001,7491704,2025-04-14,U-2947,,,
202714,001,7491704,2025-04-14,U-2320,,,
202714,001,7491704,2025-04-14,U-2319,,,
208564,002,11351182,2032-11-21,U-2316,,,
202714,002,7491704,2025-04-14,U-2319,,,
202714,002,7491704,2025-04-14,U-2947,,,
202714,002,7491704,2025-04-14,U-2320,,,
208564,001,11351182,2032-11-21,U-2317,,,
202714,001,8129346,2025-04-14,U-2947,,,
202714,001,8129346,2025-04-14,U-2319,,,
202714,001,8129346,2025-04-14,U-2320,,,
202714,001,8207127,2025-04-14,U-2320,,,
202714,001,8207127,2025-04-14,U-2319,,,
202714,001,8207127,2025-04-14,U-2947,,,
202714,002,8129346,2025-04-14,U-2947,,,
202714,002,8129346,2025-04-14,U-2319,,,
202714,002,8129346,2025-04-14,U-2320,,,
202714,002,8207127,2025-04-14,U-2947,,,
202714,002,8207127,2025-04-14,U-2319,,,
202714,002,8207127,2025-04-14,U-2320,,,
210132,001,10806740,2032-11-21,U-2439,,Y,
208564,002,11351182,2032-11-21,U-2317,,,
209353,001,11324710,2038-08-22,U-2368,,,
214518,001,9907859,2031-08-02,U-3377,,,
211192,001,10980788,2039-06-07,U-3383,,,
202971,001,11344547,2033-09-24,U-3245,,,
202971,002,11344547,2033-09-24,U-3245,,,
202971,003,11344547,2033-09-24,U-3245,,,
202971,004,11344547,2033-09-24,U-3245,,,
202971,001,11344547,2033-09-24,U-814,,,
202971,002,11344547,2033-09-24,U-814,,,
202971,003,11344547,2033-09-24,U-814,,,
202971,004,11344547,2033-09-24,U-814,,,
022416,001,11364247,2025-05-06,U-2501,,,
022416,002,11364247,2025-05-06,U-2501,,,
022416,003,11364247,2025-05-06,U-2501,,,
022416,004,11364247,2025-05-06,U-2501,,,
022416,001,11364247,2025-05-06,U-2831,,,
022416,002,11364247,2025-05-06,U-2831,,,
022416,003,11364247,2025-05-06,U-2831,,,
022416,004,11364247,2025-05-06,U-2831,,,
211192,001,10653710,2036-10-18,U-3387,,,
206976,001,11344520,2035-02-20,U-3393,,,
201444,001,9687506,2030-02-10,U-3394,,Y,
201444,001,9687506,2030-02-10,U-3395,,Y,
201444,001,10479686,2030-07-07,U-3390,,Y,
208623,001,11389437,2038-05-30,U-2371,,,
208623,001,11389436,2038-05-30,U-2371,,,
202860,001,11383059,2025-08-18,U-3037,,,
212888,001,11389447,2027-06-30,U-3405,,,
212888,002,11389447,2027-06-30,U-3405,,,
203469,001,11384086,2033-12-12,U-1700,Y,Y,
203469,004,11384086,2033-12-12,U-1948,Y,Y,
203469,003,11384086,2033-12-12,U-1948,Y,Y,
203469,002,11384086,2033-12-12,U-1948,Y,Y,
203469,001,11384086,2033-12-12,U-1948,Y,Y,
203469,004,11384086,2033-12-12,U-1701,Y,Y,
203469,003,11384086,2033-12-12,U-1701,Y,Y,
203469,002,11384086,2033-12-12,U-1701,Y,Y,
203469,001,11384086,2033-12-12,U-1701,Y,Y,
203469,004,11384086,2033-12-12,U-1700,Y,Y,
203469,003,11384086,2033-12-12,U-1700,Y,Y,
203469,002,11384086,2033-12-12,U-1700,Y,Y,
021064,002,11395856,2035-12-28,U-665,Y,Y,
212102,001,11406606,2037-08-02,U-3406,,,
212102,001,11406606,2037-08-02,U-3407,,,
207533,001,11406632,2035-03-19,U-2402,,,
207533,003,11406632,2035-03-19,U-2402,,,
207533,002,11406632,2035-03-19,U-2402,,,
207533,004,11406632,2035-03-19,U-2402,,,
216285,001,11413249,2031-06-28,U-2553,,,
211367,001,11413249,2031-06-28,U-2553,,,
216387,001,10239883,2032-07-11,U-2666,,,
216387,001,10239883,2032-07-11,U-2668,,,
216387,001,9758524,2032-07-11,U-2145,,,
210365,001,11406623,2041-03-01,U-3233,,,
210365,001,11400055,2035-10-13,U-3071,,,
204242,001,11433066,2032-09-18,U-3131,,,
204242,002,11433066,2032-09-18,U-3131,,,
204242,003,11433066,2032-09-18,U-3131,,,
204242,004,11433066,2032-09-18,U-3131,,,
204242,005,11433066,2032-09-18,U-3131,,,
211358,003,9192606,2029-09-29,U-3428,,Y,
211358,003,9670163,2026-12-28,U-3429,,Y,
211358,003,9931334,2026-12-28,U-3429,,Y,
211358,003,10597384,2028-12-04,U-3430,Y,Y,
214377,001,11439642,2031-05-19,U-3062,,,
214377,002,11439642,2031-05-19,U-3062,,,
214377,003,11439642,2031-05-19,U-3062,,,
214801,001,9108973,2033-02-23,U-3456,Y,Y,
216227,001,10792271,2038-09-15,U-3457,,Y,
214273,001,11478456,2038-08-18,U-3458,,,
209510,001,9084765,2034-02-26,U-3467,,,
209510,002,9084765,2034-02-26,U-3467,,,
215430,001,11497721,2034-11-05,U-3419,,,
210850,001,11318100,2038-04-20,U-3477,,Y,
210850,001,11318100,2038-04-20,U-3478,,Y,
021995,001,7326708,2026-11-24,U-802,Y,Y,
022117,001,7741358,2026-04-06,U-1962,Y,Y,
022117,001,7741358,2026-04-06,U-1963,Y,Y,
022117,002,7741358,2026-04-06,U-1962,Y,Y,
022067,001,7799331,2028-10-11,U-139,,Y,
022068,001,8389537,2026-07-18,U-1374,,,
209819,002,11000520,2035-11-06,U-3111,,,
210598,001,11008289,2030-07-14,U-2440,,,
202971,001,10980803,2033-09-24,U-543,,,
202971,001,10980803,2033-09-24,U-1632,,,
202971,002,10980803,2033-09-24,U-543,,,
202971,002,10980803,2033-09-24,U-1632,,,
202971,003,10980803,2033-09-24,U-543,,,
202971,003,10980803,2033-09-24,U-1632,,,
202971,004,10980803,2033-09-24,U-1632,,,
202971,004,10980803,2033-09-24,U-543,,,
211192,001,10980788,2039-06-07,U-3112,,,
211192,001,10980788,2039-06-07,U-3113,,,
208573,001,10993942,2033-09-06,U-3114,,,
208573,002,10993942,2033-09-06,U-3114,,,
208573,003,10993942,2033-09-06,U-3114,,,
203565,001,8895612,2027-01-08,U-3115,,,
203565,001,8895612,2027-01-08,U-3116,,,
203565,002,8895612,2027-01-08,U-3116,,,
203565,002,8895612,2027-01-08,U-3115,,,
203565,003,8895612,2027-01-08,U-3115,,,
203565,003,8895612,2027-01-08,U-3050,,,
203565,003,8895612,2027-01-08,U-3116,,,
203565,003,8895612,2027-01-08,U-1620,,,
203565,003,8895612,2027-01-08,U-3051,,,
203565,003,7754702,2028-02-15,U-2555,,,
203565,003,7754702,2028-02-15,U-2557,,,
203565,003,7754702,2028-02-15,U-2556,,,
210933,001,10993908,2033-05-03,U-3117,,,
212269,001,10780055,2038-10-25,U-3083,,Y,
213217,001,10570139,2034-04-22,U-2145,,,
020866,001,11000522,2032-04-30,U-3119,,,
020866,001,11000522,2032-04-30,U-3121,,,
020866,001,11000522,2032-04-30,U-3120,,,
020866,001,11000522,2032-04-30,U-3122,,,
209363,001,11000508,2035-09-04,U-2583,,Y,
209363,001,11000507,2035-09-04,U-2583,,Y,
215014,001,10875893,2033-11-15,U-3124,Y,,
215014,001,9169307,2027-11-18,U-3123,Y,,
022306,001,10799138,2039-04-05,U-3125,,,
210595,001,11000517,2029-03-13,U-2513,,Y,
202057,001,11000499,2033-06-28,U-3126,,,
202057,002,11000499,2033-06-28,U-3126,,,
209363,001,11020377,2035-09-04,U-2583,,Y,
209776,001,11007206,2031-08-08,U-3128,,,
211527,001,9498465,2033-05-30,U-1033,,Y,
022517,001,11020448,2029-05-21,U-2327,,,
214846,001,11033551,2037-09-29,U-3129,,,
214793,001,8778305,2030-09-21,U-3130,Y,Y,
214793,001,9861713,2029-07-31,U-3130,Y,Y,
214793,001,10947197,2037-06-09,U-3130,Y,Y,
202450,001,11000517,2029-03-13,U-2513,,Y,
204242,002,11020387,2032-09-18,U-3131,,Y,
204242,003,11020387,2032-09-18,U-3131,,Y,
204242,004,11020387,2032-09-18,U-3131,,Y,
204242,005,11020387,2032-09-18,U-3131,,Y,
212728,001,8314117,2030-03-09,U-3142,Y,Y,
208259,001,11028081,2030-01-27,U-1524,,,
208259,001,11021456,2026-07-11,U-1524,,,
208254,001,11021456,2026-07-11,U-1524,,,
208254,001,11028081,2030-01-27,U-1524,,,
205596,001,9358297,2031-06-24,U-3160,,Y,
205596,001,9023790,2031-07-04,U-3160,,Y,
209241,001,11026931,2039-08-14,U-1995,,,
209241,001,11026939,2038-09-18,U-1995,,Y,
209241,001,11040029,2037-10-10,U-1995,,,
209241,002,11026931,2039-08-14,U-1995,,,
209241,002,11026939,2038-09-18,U-1995,,Y,
209241,002,11040029,2037-10-10,U-1995,,,
209241,003,11026931,2039-08-14,U-1995,,,
209241,003,11040029,2037-10-10,U-1995,,,
209241,003,11026939,2038-09-18,U-1995,,Y,
215256,001,10888605,2038-08-24,U-3162,,Y,
215256,001,9764003,2033-06-21,U-3161,,,
215256,002,9764003,2033-06-21,U-3161,,,
215256,002,10888605,2038-08-24,U-3162,,Y,
215256,003,9764003,2033-06-21,U-3161,,,
215256,003,10888605,2038-08-24,U-3162,,Y,
215256,004,10888605,2038-08-24,U-3162,,Y,
215256,004,9764003,2033-06-21,U-3161,,,
215256,005,9764003,2033-06-21,U-3161,,,
215256,005,10888605,2038-08-24,U-3162,,Y,
020965,001,10357567,2038-01-12,U-3163,,,
213135,001,11033498,2037-08-04,U-3164,,,
214460,001,9303051,2031-08-31,U-3165,Y,Y,
214461,001,10112909,2034-10-10,U-3165,,,
210365,001,11096905,2035-10-13,U-2780,Y,Y,
210365,001,11096905,2035-10-13,U-2781,Y,Y,
215935,001,8491932,2029-05-07,U-3269,,Y,
207981,001,10456399,2037-02-03,U-3657,,,
214662,001,11229647,2040-02-12,U-3290,,,
207981,001,10456399,2037-02-03,U-3658,,,
207981,002,10456399,2037-02-03,U-3658,,,
207981,002,10456399,2037-02-03,U-3657,,,
207981,001,10960004,2037-02-03,U-3657,,,
207981,002,10960004,2037-02-03,U-3657,,,
207981,001,10960004,2037-02-03,U-3658,,,
207981,002,10960004,2037-02-03,U-3658,,,
203684,001,11723869,2039-05-15,U-3666,,Y,
203684,001,11723869,2039-05-15,U-3667,,Y,
203684,001,11723869,2039-05-15,U-3668,,Y,
218213,001,11452725,2036-07-24,U-3755,,,
216059,001,10464905,2036-12-16,U-3761,,,
216059,002,10464905,2036-12-16,U-3761,,,
216059,001,10695323,2036-12-16,U-3761,Y,Y,
216059,002,10695323,2036-12-16,U-3761,Y,Y,
216059,001,10918622,2036-12-16,U-3761,,,
216059,002,10918622,2036-12-16,U-3761,,,
202293,002,11826376,2039-07-18,U-3766,,,
214665,001,11827635,2040-05-20,U-3306,Y,Y,
214665,002,11827635,2040-05-20,U-3306,Y,Y,
212608,004,11827642,2034-10-15,U-3506,Y,Y,
214520,001,7696182,2026-05-16,U-3774,Y,Y,
214520,002,7696182,2026-05-16,U-3774,Y,Y,
211988,001,11844837,2036-04-21,U-3417,,,
211988,004,11844837,2036-04-21,U-3417,,,
211988,003,11844837,2036-04-21,U-3417,,,
211988,002,11844837,2036-04-21,U-3417,,,
212614,004,11833166,2034-04-03,U-3776,,,
212614,003,11833166,2034-04-03,U-3776,,,
212614,002,11833166,2034-04-03,U-3776,,,
212614,001,11833166,2034-04-03,U-3776,,,
212614,001,11833166,2034-04-03,U-3777,,,
212614,002,11833166,2034-04-03,U-3777,,,
212614,003,11833166,2034-04-03,U-3777,,,
212614,004,11833166,2034-04-03,U-3777,,,
208658,001,11833166,2034-04-03,U-3776,,,
208658,004,11833166,2034-04-03,U-3777,,,
208658,003,11833166,2034-04-03,U-3777,,,
208658,002,11833166,2034-04-03,U-3777,,,
208658,001,11833166,2034-04-03,U-3777,,,
208658,004,11833166,2034-04-03,U-3776,,,
208658,003,11833166,2034-04-03,U-3776,,,
208658,002,11833166,2034-04-03,U-3776,,,
206111,001,11833166,2034-04-03,U-3776,,,
206111,004,11833166,2034-04-03,U-3777,,,
206111,003,11833166,2034-04-03,U-3777,,,
206111,002,11833166,2034-04-03,U-3777,,,
206111,001,11833166,2034-04-03,U-3777,,,
206111,004,11833166,2034-04-03,U-3776,,,
206111,003,11833166,2034-04-03,U-3776,,,
206111,002,11833166,2034-04-03,U-3776,,,
206073,001,11833166,2034-04-03,U-3776,,,
206073,002,11833166,2034-04-03,U-3777,,,
206073,001,11833166,2034-04-03,U-3777,,,
206073,002,11833166,2034-04-03,U-3776,,,
204629,001,11833166,2034-04-03,U-3776,,,
204629,002,11833166,2034-04-03,U-3777,,,
204629,001,11833166,2034-04-03,U-3777,,,
204629,002,11833166,2034-04-03,U-3776,,,
214517,001,11833130,2033-01-25,U-3003,,,
214517,001,11850229,2033-01-25,U-3342,,,
205677,001,11850229,2033-01-25,U-3342,,,
205677,001,11850229,2033-01-25,U-3343,,,
205677,001,11833130,2033-01-25,U-2149,,,
205677,001,11833130,2033-01-25,U-3003,,,
215430,001,11844797,2043-04-20,U-3778,,,
215430,001,11839612,2043-03-02,U-3419,,,
209354,001,11839656,2031-11-02,U-2625,,,
205108,001,11850222,2034-11-19,U-2096,,,
205108,001,11850222,2034-11-19,U-2494,,,
209819,001,11839611,2035-11-06,U-3111,,,
209819,002,11839611,2035-11-06,U-3111,,,
022496,001,11819574,2041-01-22,U-3250,,Y,
022496,002,11819574,2041-01-22,U-3250,,Y,
215910,001,11857683,2042-04-07,U-3779,,Y,
021064,002,11857646,2037-03-16,U-665,,,
021064,001,11857646,2037-03-16,U-665,,,
022483,001,11850245,2030-04-30,U-1455,,,
022483,001,11850245,2030-04-30,U-172,,,
215352,001,11839487,2031-07-15,U-3685,,,
215014,001,11844841,2038-12-09,U-3172,,Y,
215014,001,11844841,2038-12-09,U-3174,,Y,
215014,001,11844841,2038-12-09,U-3173,,Y,
214793,001,11851407,2037-06-09,U-3130,Y,Y,
215935,001,8491932,2029-05-07,U-3781,,Y,
211723,001,11491163,2033-04-11,U-2852,,,
211723,001,11491163,2033-04-11,U-2853,,,
211723,001,11491163,2033-04-11,U-2736,,,
211723,001,11052093,2032-04-13,U-2852,Y,Y,
211723,001,11052093,2032-04-13,U-2853,Y,Y,
213411,001,11207324,2038-04-27,U-3783,,,
213411,002,11207324,2038-04-27,U-3783,,,
210365,001,11865102,2039-04-26,U-2781,Y,Y,
022474,001,10772897,2030-04-13,U-2958,,,
210861,001,10774085,2029-10-21,U-2470,,,
210861,002,10774085,2029-10-21,U-2470,,,
208623,001,10792278,2038-05-30,U-2371,,,
208623,001,10792279,2038-05-30,U-2371,,,
210282,001,10357535,2033-09-11,U-3176,,Y,
210282,001,9655946,2033-09-11,U-3175,,Y,
210282,002,10357535,2033-09-11,U-3176,,Y,
210282,002,9655946,2033-09-11,U-3175,,Y,
212306,002,9079865,2032-07-26,U-2584,,,
212306,002,9079865,2032-07-26,U-3018,,,
212306,002,9079865,2032-07-26,U-2855,,,
212306,002,10544108,2032-07-26,U-3018,,,
212306,002,10544108,2032-07-26,U-2584,,,
212306,002,10519139,2035-08-14,U-2584,Y,Y,
212306,002,10519139,2035-08-14,U-2855,Y,Y,
212306,002,10519139,2035-08-14,U-3018,Y,Y,
212306,003,10519139,2035-08-14,U-2584,Y,Y,
212306,003,10519139,2035-08-14,U-2855,Y,Y,
212306,003,10519139,2035-08-14,U-3018,Y,Y,
212306,003,9079865,2032-07-26,U-2855,,,
212306,003,9079865,2032-07-26,U-3018,,,
212306,003,9079865,2032-07-26,U-2584,,,
212306,003,10544108,2032-07-26,U-2584,,,
212306,003,10544108,2032-07-26,U-3018,,,
212306,004,10519139,2035-08-14,U-2855,Y,Y,
212306,004,10519139,2035-08-14,U-3018,Y,Y,
212306,004,10519139,2035-08-14,U-2584,Y,Y,
212306,004,9079865,2032-07-26,U-3018,,,
212306,004,9079865,2032-07-26,U-2584,,,
212306,004,9079865,2032-07-26,U-2855,,,
212306,004,10544108,2032-07-26,U-3018,,,
212306,004,10544108,2032-07-26,U-2584,,,
214032,001,11027031,2035-07-28,U-3317,,,
210850,001,11318100,2038-04-20,U-3479,,Y,
210850,001,11318100,2038-04-20,U-3480,,Y,
210850,001,11110063,2038-04-20,U-3481,,Y,
210850,001,11110063,2038-04-20,U-3482,,Y,
210850,001,11110063,2038-04-20,U-3483,,Y,
213189,001,11497750,2038-03-12,U-3015,,,
210833,001,11541002,2040-01-31,U-724,,Y,
210833,002,11541002,2040-01-31,U-724,,Y,
210833,003,11541002,2040-01-31,U-724,,Y,
215974,001,9951043,2034-02-28,U-3507,Y,Y,
215974,001,10654827,2037-08-17,U-3507,,,
021361,002,11564912,2029-02-26,U-3511,,,
021361,002,11564912,2029-02-26,U-3512,,,
205718,001,11559523,2030-11-18,U-3522,,Y,
211230,001,11648232,2038-06-01,U-3602,,,
211230,002,11648232,2038-06-01,U-3602,,,
020965,001,11571478,2038-01-12,U-3163,,,
217417,001,11654196,2032-03-02,U-3566,Y,Y,
214522,001,11666576,2038-12-24,U-3397,,Y,
203565,002,11433091,2027-01-08,U-3634,,,
203565,003,11433091,2027-01-08,U-3634,,,
207946,005,11666697,2041-11-24,U-3626,,,
207946,006,11666697,2041-11-24,U-3626,,,
203565,001,11433091,2027-01-08,U-3634,,,
203565,004,11433091,2027-01-08,U-3634,,,
203565,001,8895612,2027-01-08,U-3635,,,
203565,002,8895612,2027-01-08,U-3635,,,
203565,003,8895612,2027-01-08,U-3635,,,
203565,004,8895612,2027-01-08,U-3635,,,
203565,001,7754702,2028-02-15,U-3636,,,
203565,002,7754702,2028-02-15,U-3636,,,
203565,003,7754702,2028-02-15,U-3636,,,
203565,004,7754702,2028-02-15,U-3636,,,
212304,001,11679086,2037-05-26,U-3334,,,
212304,002,11679086,2037-05-26,U-3334,,,
215390,001,11517524,2039-06-26,U-3645,,Y,
215390,002,11517524,2039-06-26,U-3645,,Y,
215390,001,11497711,2039-06-26,U-3645,,Y,
215390,002,11497711,2039-06-26,U-3645,,Y,
209363,001,11684607,2035-09-16,U-2583,,Y,
209363,001,11684607,2035-09-16,U-3169,,Y,
209363,001,11684607,2035-09-16,U-3270,,Y,
209363,001,11684607,2035-09-16,U-3302,,Y,
215596,001,11684632,2032-01-04,U-3650,,,
210365,001,11701330,2035-06-17,U-2780,,,
210365,001,11701330,2035-06-17,U-2781,,,
217417,001,11712459,2037-03-15,U-3566,,Y,
215390,001,11839604,2037-12-29,U-3756,,,
215390,002,11839604,2037-12-29,U-3756,,,
021880,003,8741929,2028-03-08,U-1983,,,
202276,003,6656935,2025-04-27,U-155,Y,Y,
050808,008,7919483,2027-03-07,U-1078,,,
022535,001,7816383,2030-01-08,U-1603,,,
202806,002,7994185,2030-01-20,U-2031,Y,Y,
022321,003,7682633,2027-06-19,U-1510,,,
022321,005,8158156,2027-06-19,U-1510,,,
022328,001,8242131,2029-08-20,U-1266,,,
022334,002,8410131,2025-11-01,U-1368,,,
200533,002,7994364,2025-06-27,U-1276,Y,Y,
202057,001,8623406,2030-04-29,U-1478,,,
203791,001,8791127,2027-03-23,U-1460,,Y,
020845,003,8776794,2031-01-06,U-1226,,Y,
022088,001,8791097,2032-05-10,U-1550,,,
022352,001,7964648,2028-10-06,U-1161,,,
022377,001,7811254,2027-08-26,U-1083,,Y,
202806,001,7994185,2030-01-20,U-2031,Y,Y,
202806,001,8415345,2030-01-20,U-2296,Y,Y,
202810,002,7910131,2027-04-13,U-2041,,,
202811,001,7304036,2026-08-30,U-1516,Y,Y,
202834,001,6949571,2025-05-23,U-2088,Y,Y,
202834,002,6949571,2025-05-23,U-106,Y,Y,
202834,004,6949571,2025-05-23,U-2088,Y,Y,
202834,006,6949571,2025-05-23,U-2428,Y,Y,
202971,001,8338427,2025-03-15,U-1633,,Y,
022410,003,8475832,2030-03-26,U-1411,,Y,
201922,001,7919483,2027-03-07,U-124,,,
202022,001,7125879,2025-04-21,U-1307,Y,Y,
202971,002,8338427,2025-03-15,U-1633,,Y,
203045,001,7754731,2029-03-11,U-257,Y,Y,
203045,002,7754731,2029-03-11,U-257,Y,Y,
203188,001,8324242,2027-08-05,U-1906,,,
202057,001,8415335,2030-02-09,U-1287,,,
209863,001,10238662,2035-02-19,U-2418,,Y,
209863,002,10238662,2035-02-19,U-2418,,Y,
209863,003,10238662,2035-02-19,U-2418,,Y,
208232,001,11052126,2036-02-03,U-2857,,,
021196,001,10864181,2033-03-15,U-1532,,,
212690,001,10864181,2033-03-15,U-3017,,,
211243,001,10869844,2035-09-10,U-3035,,,
211243,001,10869844,2035-09-10,U-3034,,,
211243,001,10869844,2035-09-10,U-3036,,,
214461,001,9303051,2031-08-31,U-3165,Y,Y,
214461,001,10487061,2034-10-10,U-3165,,Y,
206111,001,11090323,2034-04-03,U-3193,,,
206111,002,11090323,2034-04-03,U-3193,,,
206111,003,11090323,2034-04-03,U-3193,,,
206111,004,11090323,2034-04-03,U-3193,,,
208658,001,11090323,2034-04-03,U-3193,,,
208658,002,11090323,2034-04-03,U-3193,,,
208658,003,11090323,2034-04-03,U-3193,,,
208658,004,11090323,2034-04-03,U-3193,,,
214902,001,9868103,2028-08-08,U-3194,,Y,
021272,005,8658694,2028-09-05,U-1437,,,
211988,001,11083730,2035-04-20,U-3118,,Y,
211988,002,11083730,2035-04-20,U-3118,,Y,
211988,003,11083730,2035-04-20,U-3118,,Y,
211988,004,11083730,2035-04-20,U-3118,,Y,
208692,001,11098015,2030-01-15,U-2488,,,
208692,001,11098015,2030-01-15,U-1220,,,
208692,001,11098015,2030-01-15,U-1480,,,
208692,002,11098015,2030-01-15,U-2488,,,
208692,002,11098015,2030-01-15,U-1220,,,
208692,002,11098015,2030-01-15,U-1480,,,
208692,003,11098015,2030-01-15,U-2488,,,
208692,003,11098015,2030-01-15,U-1220,,,
208692,003,11098015,2030-01-15,U-1480,,,
203756,001,11098015,2030-01-15,U-1617,,,
203756,002,11098015,2030-01-15,U-1617,,,
210730,001,11077098,2032-03-23,U-2986,Y,Y,
210730,002,11077098,2032-03-23,U-2986,Y,Y,
210730,003,11077098,2032-03-23,U-2986,Y,Y,
211367,001,10849857,2031-06-28,U-2553,,Y,
212725,001,11091469,2037-05-18,U-2617,,,
212725,002,11091469,2037-05-18,U-2617,,,
212725,001,11091469,2037-05-18,U-2618,,,
212725,002,11091469,2037-05-18,U-2618,,,
205488,001,11090312,2034-03-17,U-1616,,,
213895,001,10188697,2035-11-06,U-282,,Y,
213895,001,10039804,2035-11-06,U-282,,Y,
209360,001,11096983,2034-12-18,U-3211,,,
209360,002,11096983,2034-12-18,U-3211,,,
209360,001,11096983,2034-12-18,U-3212,,,
209360,002,11096983,2034-12-18,U-3212,,,
213973,001,RE48731,2032-06-07,U-3219,,,
202057,001,11116742,2033-06-28,U-3221,,,
202057,002,11116742,2033-06-28,U-3221,,,
213004,001,11135172,2034-02-12,U-2660,,Y,
204275,001,11116721,2029-02-26,U-1691,,Y,
204275,002,11116721,2029-02-26,U-1691,,Y,
208573,001,11110087,2033-09-06,U-3222,,,
208573,002,11110087,2033-09-06,U-3222,,,
208573,003,11110087,2033-09-06,U-3222,,,
208573,001,11110087,2033-09-06,U-3223,,,
208573,002,11110087,2033-09-06,U-3223,,,
208573,003,11110087,2033-09-06,U-3223,,,
020965,001,11135293,2038-01-12,U-3163,,,
202192,001,8822481,2028-06-12,U-3226,,,
202192,001,8822481,2028-06-12,U-3228,,,
022410,001,11135216,2029-08-07,U-3111,,Y,
202192,001,8822481,2028-06-12,U-3227,,,
202192,001,10016429,2028-06-12,U-3226,,,
202192,001,8829013,2028-06-12,U-3227,,,
202192,001,8829013,2028-06-12,U-3228,,,
202192,001,9079912,2026-12-12,U-3226,,,
202192,001,9079912,2026-12-12,U-3228,,,
202192,001,9079912,2026-12-12,U-3227,,,
202192,001,7598257,2027-12-24,U-3228,Y,Y,
202192,001,7598257,2027-12-24,U-3227,Y,Y,
202192,001,9814722,2026-12-12,U-3226,,,
215309,001,8822481,2028-06-12,U-3229,,,
022410,002,11135216,2029-08-07,U-3111,,Y,
022410,003,11135216,2029-08-07,U-3111,,Y,
022410,004,11135216,2029-08-07,U-3111,,Y,
022068,001,8415363,2026-07-18,U-1374,Y,Y,
022068,001,9061029,2032-04-07,U-3231,Y,,
022068,002,8415363,2026-07-18,U-1374,Y,Y,
022068,003,8415363,2026-07-18,U-1374,Y,Y,
210251,002,10385067,2035-06-19,U-257,,,
202971,001,11154553,2033-09-24,U-1632,,,
202971,002,11154553,2033-09-24,U-1632,,,
202971,003,11154553,2033-09-24,U-1632,,,
202971,004,11154553,2033-09-24,U-1632,,,
202971,001,11154553,2033-09-24,U-814,,,
202971,002,11154553,2033-09-24,U-814,,,
202971,003,11154553,2033-09-24,U-814,,,
202971,004,11154553,2033-09-24,U-814,,,
202971,001,11154553,2033-09-24,U-3245,,,
202971,002,11154553,2033-09-24,U-3245,,,
202971,003,11154553,2033-09-24,U-3245,,,
202971,004,11154553,2033-09-24,U-3245,,,
214902,001,10420743,2038-07-12,U-3194,,,
214902,001,10653899,2030-12-30,U-3194,,Y,
214028,001,10610518,2039-04-24,U-3252,,,
209394,001,8648037,2032-01-19,U-3237,Y,Y,
207925,003,8629162,2025-06-24,U-2965,,,
207925,003,8324242,2027-08-05,U-2963,,,
207925,003,8354427,2026-07-06,U-2964,,,
207925,003,9670163,2026-12-28,U-2966,,Y,
207925,003,10272046,2033-02-27,U-2967,,Y,
208623,001,10799491,2038-05-30,U-2371,,,
208623,001,10806727,2038-05-30,U-2371,,,
214662,001,11497745,2040-02-12,U-3290,,,
209394,001,11484534,2034-03-14,U-3237,,,
210365,001,11865102,2039-04-26,U-3236,Y,Y,
210365,001,11865102,2039-04-26,U-3277,Y,Y,
208232,001,11857595,2036-02-03,U-3784,,,
209627,001,11850251,2039-06-21,U-3785,,,
211765,001,11857542,2041-12-22,U-3786,,,
214510,001,11865100,2040-02-19,U-3357,,,
215866,007,9474780,2036-01-05,U-3378,Y,Y,
215866,008,9474780,2036-01-05,U-3378,Y,Y,
215866,009,9474780,2036-01-05,U-3378,Y,Y,
215866,010,9474780,2036-01-05,U-3378,Y,Y,
215866,011,9474780,2036-01-05,U-3378,Y,Y,
215866,012,9474780,2036-01-05,U-3378,Y,Y,
203567,001,11872218,2028-01-03,U-1969,,,
211230,001,11865098,2038-06-01,U-2548,,,
211230,002,11865098,2038-06-01,U-2548,,,
215430,001,11883373,2043-01-23,U-3419,,,
217424,001,11723858,2035-07-10,U-3788,,Y,
217424,001,11040006,2035-07-10,U-3789,,Y,
217424,001,10736839,2035-07-10,U-3790,,,
217424,001,10736839,2035-07-10,U-3791,,,
217424,001,10736839,2035-07-10,U-3792,,,
217424,001,10322081,2035-07-10,U-3793,,,
217424,001,10322081,2035-07-10,U-3794,,,
217424,001,10322081,2035-07-10,U-3795,,,
217424,001,10322081,2035-07-10,U-3796,,,
217424,001,10258564,2034-11-22,U-3797,,,
217424,001,10258564,2034-11-22,U-3798,,,
217424,001,10258564,2034-11-22,U-3799,,,
217424,001,9855211,2034-02-27,U-3800,,Y,
217424,001,9855211,2034-02-27,U-3801,,Y,
217424,001,9737561,2030-08-20,U-3802,,,
217424,001,9289442,2032-07-03,U-3803,,Y,
217064,001,11400077,2039-10-25,U-3804,,,
212018,001,10898482,2036-02-09,U-3805,,Y,
212018,001,10898482,2036-02-09,U-3807,,Y,
212018,001,10898482,2036-02-09,U-3806,,Y,
212018,002,10898482,2036-02-09,U-3806,,Y,
212018,002,10898482,2036-02-09,U-3807,,Y,
212018,002,10898482,2036-02-09,U-3805,,Y,
212018,003,10898482,2036-02-09,U-3807,,Y,
212018,003,10898482,2036-02-09,U-3805,,Y,
212018,003,10898482,2036-02-09,U-3806,,Y,
212018,001,9464071,2031-04-28,U-3805,,,
212018,002,9464071,2031-04-28,U-3805,,,
212018,003,9464071,2031-04-28,U-3805,,,
212526,001,8227462,2033-04-29,U-3809,Y,Y,
212526,002,8227462,2033-04-29,U-3809,Y,Y,
212526,003,8227462,2033-04-29,U-3809,Y,Y,
208010,001,9498486,2028-04-25,U-3814,,,
208010,001,11154509,2028-04-25,U-3815,,,
206494,001,7112592,2026-01-07,U-3818,Y,Y,
213976,001,11564934,2039-01-10,U-3820,,,
213976,001,11357859,2028-11-12,U-3820,,,
211215,001,11918622,2039-05-20,U-3817,,,
210656,001,11891372,2036-04-13,U-3254,,,
210656,002,11891372,2036-04-13,U-3254,,,
214133,001,11903940,2040-03-02,U-3821,,,
213978,001,11911380,2035-10-19,U-1900,,,
213978,001,11903943,2035-10-19,U-1900,,,
213978,001,11903941,2035-10-19,U-1900,,,
208944,001,11903908,2034-06-17,U-3822,,,
208944,002,11903908,2034-06-17,U-3822,,,
208065,001,8946235,2032-08-08,U-3823,Y,Y,
208065,002,8946235,2032-08-08,U-3823,Y,Y,
208065,001,9732058,2032-07-25,U-3823,Y,Y,
208065,002,9732058,2032-07-25,U-3823,Y,Y,
208065,001,10183020,2035-01-02,U-3823,,Y,
208065,002,10183020,2035-01-02,U-3823,,Y,
214679,001,11911362,2040-08-21,U-3413,,Y,
214679,001,11911362,2040-08-21,U-3414,,Y,
214679,001,11911362,2040-08-21,U-3415,,Y,
215320,001,11896567,2031-10-26,U-3744,,,
215320,001,11896567,2031-10-26,U-3745,,,
213217,001,11896596,2043-01-19,U-3715,,,
213217,001,11896596,2043-01-19,U-3720,,,
213217,001,11896596,2043-01-19,U-3719,,,
213217,001,11896596,2043-01-19,U-3718,,,
213217,001,11896596,2043-01-19,U-3717,,,
213217,001,11896596,2043-01-19,U-3716,,,
207793,001,11344552,2036-08-19,U-3824,,,
202293,002,11903955,2040-03-09,U-3825,,,
211340,001,11918685,2037-10-06,U-3447,,,
211340,001,11918685,2037-10-06,U-3448,,,
022496,001,11925706,2041-01-22,U-3380,,Y,
022496,002,11925706,2041-01-22,U-3380,,Y,
214787,002,11491169,2041-05-28,U-3834,,,
214787,002,11491169,2041-05-28,U-3833,,,
214787,001,11491169,2041-05-28,U-3836,,,
214787,001,11491169,2041-05-28,U-3835,,,
214787,001,11007208,2036-09-16,U-3831,,,
214787,001,11007208,2036-09-16,U-3832,,,
214787,001,11903953,2041-05-28,U-3835,,,
214787,001,11903953,2041-05-28,U-3836,,,
205552,001,9795604,2034-10-24,U-2970,,,
205552,001,9795604,2034-10-24,U-2969,,,
205552,002,9795604,2034-10-24,U-2970,,,
205552,002,9795604,2034-10-24,U-2969,,,
207924,002,8420629,2029-03-10,U-247,,,
210563,001,9795604,2034-10-24,U-2970,,,
210563,001,9795604,2034-10-24,U-2969,,,
210563,002,9795604,2034-10-24,U-2969,,,
210563,002,9795604,2034-10-24,U-2970,,,
210563,003,9795604,2034-10-24,U-2970,,,
210563,003,9795604,2034-10-24,U-2969,,,
210563,004,9795604,2034-10-24,U-2969,,,
210563,004,9795604,2034-10-24,U-2970,,,
210132,001,11103513,2032-11-21,U-2439,,,
214826,001,8999393,2034-01-08,U-3210,,Y,
214826,003,8999393,2034-01-08,U-3210,,Y,
214826,002,8999393,2034-01-08,U-3210,,Y,
200063,001,11033543,2031-01-10,U-1583,,,
022036,001,11110074,2027-07-20,U-620,,,
022036,002,11110074,2027-07-20,U-620,,,
022036,001,11096920,2028-04-11,U-620,,,
022036,002,11096920,2028-04-11,U-620,,,
207924,001,11806555,2031-11-02,U-3500,,,
207924,002,11806555,2031-11-02,U-3500,,,
207924,003,11806555,2031-11-02,U-3500,,,
217369,001,10342810,2034-04-17,U-2552,,,
217369,003,10342810,2034-04-17,U-2552,,,
217369,002,10342810,2034-04-17,U-2552,,,
217369,001,10172871,2034-04-17,U-2552,,,
217369,002,10172871,2034-04-17,U-2552,,,
217369,003,10172871,2034-04-17,U-2552,,,
208623,001,11833164,2042-01-11,U-2371,,,
208623,001,11813255,2038-05-30,U-2371,,,
208144,001,11833245,2029-07-27,U-2222,,,
206977,001,11241382,2039-09-17,U-3757,,,
206977,015,11241382,2039-09-17,U-3758,,,
206977,014,11241382,2039-09-17,U-3758,,,
206977,013,11241382,2039-09-17,U-3758,,,
206977,012,11241382,2039-09-17,U-3758,,,
206977,011,11241382,2039-09-17,U-3758,,,
206977,010,11241382,2039-09-17,U-3758,,,
206977,009,11241382,2039-09-17,U-3758,,,
206977,008,11241382,2039-09-17,U-3758,,,
206977,007,11241382,2039-09-17,U-3758,,,
206977,006,11241382,2039-09-17,U-3758,,,
206977,005,11241382,2039-09-17,U-3758,,,
206977,004,11241382,2039-09-17,U-3758,,,
206977,003,11241382,2039-09-17,U-3758,,,
206977,002,11241382,2039-09-17,U-3758,,,
206977,001,11241382,2039-09-17,U-3758,,,
206977,015,11241382,2039-09-17,U-3757,,,
206977,014,11241382,2039-09-17,U-3757,,,
206977,013,11241382,2039-09-17,U-3757,,,
206977,012,11241382,2039-09-17,U-3757,,,
206977,011,11241382,2039-09-17,U-3757,,,
206977,010,11241382,2039-09-17,U-3757,,,
206977,009,11241382,2039-09-17,U-3757,,,
206977,008,11241382,2039-09-17,U-3757,,,
206977,007,11241382,2039-09-17,U-3757,,,
206977,006,11241382,2039-09-17,U-3757,,,
206977,005,11241382,2039-09-17,U-3757,,,
206977,004,11241382,2039-09-17,U-3757,,,
206977,003,11241382,2039-09-17,U-3757,,,
206977,002,11241382,2039-09-17,U-3757,,,
204629,001,11813275,2034-04-03,U-3759,,,
204629,001,11813275,2034-04-03,U-3760,,,
208658,001,11813275,2034-04-03,U-3759,,,
208658,002,11813275,2034-04-03,U-3759,,,
206111,001,11813275,2034-04-03,U-3759,,,
206111,002,11813275,2034-04-03,U-3759,,,
213674,001,8183274,2026-08-24,U-3763,,,
213674,002,8183274,2026-08-24,U-3763,,,
213674,001,9126941,2026-05-15,U-3763,,,
213674,002,9126941,2026-05-15,U-3763,,,
203415,001,8183274,2026-08-24,U-3763,,,
203415,001,9126941,2026-05-15,U-3763,,,
211230,001,11839599,2040-03-19,U-3764,,,
211230,002,11839599,2040-03-19,U-3764,,,
211230,001,11839598,2040-03-19,U-3765,,,
211230,002,11839598,2040-03-19,U-3765,,,
022201,001,11826397,2032-04-27,U-1978,,,
022201,002,11826397,2032-04-27,U-1978,,,
208194,001,11844783,2031-01-28,U-1542,,,
208194,001,11844783,2031-01-28,U-1972,,,
208194,001,11844783,2031-01-28,U-1971,,,
205580,001,11844783,2031-01-28,U-1542,,,
205580,001,11844783,2031-01-28,U-1971,,,
205580,001,11844783,2031-01-28,U-1972,,,
201739,002,11771830,2037-12-21,U-2980,,Y,
204708,001,8410102,2025-05-24,U-1428,,,
200533,004,8536130,2028-09-22,U-1276,,,
203505,001,8236861,2026-08-11,U-1370,,,
205552,001,8476284,2026-12-28,U-1946,,,
205552,001,8497277,2026-12-28,U-1650,,,
020866,001,8613947,2032-04-30,U-976,,Y,
021991,001,8450372,2028-03-18,U-892,,,
200063,001,8318788,2027-11-08,U-1584,,,
201635,004,8877248,2027-11-16,U-1992,,Y,
022249,002,8883836,2029-03-26,U-1402,,Y,
204623,001,8563613,2027-10-17,U-1488,,Y,
201281,002,8673927,2027-05-04,U-1503,,,Y
202293,001,6515117,2025-10-04,U-2139,Y,Y,
202293,002,6515117,2025-10-04,U-493,Y,Y,
204026,001,8198262,2025-06-17,U-1360,,,
204042,001,7943582,2029-02-26,U-493,Y,Y,
204042,002,8222219,2025-04-11,U-2441,,,
204275,001,7439393,2025-05-21,U-1401,Y,Y,
020947,001,8741956,2029-07-10,U-1435,,,
021436,002,8759350,2027-03-02,U-1529,,,
021436,003,8759350,2027-03-02,U-1529,,,
021436,005,8759350,2027-03-02,U-1529,,,
022430,001,8809394,2025-03-04,U-1182,,Y,
022272,005,8808741,2027-08-24,U-1556,,,
202788,006,8835460,2027-01-25,U-55,,Y,
204623,001,8871809,2027-10-17,U-1614,,,
022291,002,8828430,2027-08-01,U-1306,,Y,
204168,004,8481598,2031-03-02,U-839,,,
022421,005,8679533,2029-09-08,U-219,,Y,
205834,001,8334270,2028-03-21,U-1470,Y,Y,
205649,004,8685934,2030-05-26,U-1522,,,
202057,001,8445013,2030-04-29,U-1287,,,
213491,001,10905662,2036-08-16,U-1399,,,
213491,002,10905662,2036-08-16,U-1399,,,
209381,001,10918723,2033-09-10,U-2310,,,
203389,001,10905662,2036-08-16,U-1399,,,
203389,002,10905662,2036-08-16,U-1399,,,
022483,001,10918635,2030-04-30,U-172,,,
022483,001,10918635,2030-04-30,U-1455,,,
213876,001,9717740,2032-11-19,U-3075,,,
213876,001,9675559,2033-01-10,U-3075,,,
213876,001,9649280,2034-05-12,U-3075,,Y,
213876,002,9675559,2033-01-10,U-3075,,,
213876,002,9649280,2034-05-12,U-3075,,Y,
213876,002,9717740,2032-11-19,U-3075,,,
213876,003,9717740,2032-11-19,U-3075,,,
213876,003,9649280,2034-05-12,U-3075,,Y,
213876,003,9675559,2033-01-10,U-3075,,,
213876,004,9717740,2032-11-19,U-3075,,,
213876,004,9649280,2034-05-12,U-3075,,Y,
213876,004,9675559,2033-01-10,U-3075,,,
209241,001,10912771,2037-10-10,U-1995,,,
209241,001,10912771,2037-10-10,U-3076,,,
209241,002,10912771,2037-10-10,U-1995,,,
209241,002,10912771,2037-10-10,U-3076,,,
214096,001,8658643,2028-07-04,U-3077,,,
214096,001,8927540,2028-07-21,U-3078,,,
214096,001,9403799,2028-07-04,U-3077,,,
209394,001,10028937,2030-06-10,U-3237,,,
209394,001,10286029,2034-03-14,U-3237,,,
209394,001,10039754,2030-06-10,U-3237,,,
209500,001,RE48839,2033-08-19,U-814,,,
209863,001,11160751,2034-10-07,U-2418,,Y,
209863,003,11160751,2034-10-07,U-2418,,Y,
209863,002,11160751,2034-10-07,U-2418,,Y,
203469,001,11192897,2033-12-12,U-1700,Y,,
203469,002,11192897,2033-12-12,U-1700,Y,,
203469,003,11192897,2033-12-12,U-1700,Y,,
203469,004,11192897,2033-12-12,U-1700,Y,,
203469,001,11192897,2033-12-12,U-1701,Y,,
203469,002,11192897,2033-12-12,U-1701,Y,,
203469,003,11192897,2033-12-12,U-1701,Y,,
203469,004,11192897,2033-12-12,U-1701,Y,,
203469,001,11192897,2033-12-12,U-1948,Y,,
203469,002,11192897,2033-12-12,U-1948,Y,,
203469,003,11192897,2033-12-12,U-1948,Y,,
203469,004,11192897,2033-12-12,U-1948,Y,,
203469,001,11192895,2033-12-12,U-1700,,,
203469,002,11192895,2033-12-12,U-1700,,,
203469,003,11192895,2033-12-12,U-1700,,,
203469,004,11192895,2033-12-12,U-1700,,,
203469,001,11192895,2033-12-12,U-1701,,,
203469,002,11192895,2033-12-12,U-1701,,,
203469,003,11192895,2033-12-12,U-1701,,,
203469,004,11192895,2033-12-12,U-1701,,,
203469,001,11192895,2033-12-12,U-1948,,,
203469,002,11192895,2033-12-12,U-1948,,,
203469,003,11192895,2033-12-12,U-1948,,,
203469,004,11192895,2033-12-12,U-1948,,,
209935,001,8962630,2029-12-09,U-3264,,,
209935,001,9416136,2029-08-20,U-3264,,,
209935,001,9868739,2031-11-09,U-3264,,,
209092,001,9416136,2029-08-20,U-3266,,,
209092,001,9416136,2029-08-20,U-3265,,,
209092,001,8962630,2029-12-09,U-3265,,,
209092,001,8962630,2029-12-09,U-3266,,,
209092,001,9868739,2031-11-09,U-3265,,,
209092,001,9868739,2031-11-09,U-3266,,,
022134,001,8664215,2027-12-23,U-3267,,,
022134,001,10617695,2027-03-19,U-3267,,Y,
209360,003,10500247,2029-12-16,U-2681,,,
209500,001,10117867,2029-05-27,U-3271,,,
209500,001,11026951,2034-12-03,U-3274,,,
204819,001,11203593,2034-02-18,U-2834,Y,Y,
204819,002,11203593,2034-02-18,U-2834,Y,Y,
204819,003,11203593,2034-02-18,U-2834,Y,Y,
204819,004,11203593,2034-02-18,U-2834,Y,Y,
204819,005,11203593,2034-02-18,U-2834,Y,Y,
204819,001,11203593,2034-02-18,U-2835,Y,Y,
204819,002,11203593,2034-02-18,U-2835,Y,Y,
204819,003,11203593,2034-02-18,U-2835,Y,Y,
204819,004,11203593,2034-02-18,U-2835,Y,Y,
204819,005,11203593,2034-02-18,U-2835,Y,Y,
215358,001,8829195,2033-05-13,U-1374,Y,,
215358,002,8829195,2033-05-13,U-1374,Y,,
209360,003,10500247,2029-12-16,U-2680,,,
209360,003,10493124,2034-12-18,U-2679,,,
209360,003,10548943,2029-12-16,U-2740,,,
209360,003,10548943,2029-12-16,U-2739,,,
209360,003,11096983,2034-12-18,U-3212,,,
209360,003,11096983,2034-12-18,U-3211,,,
207793,001,10980795,2033-06-12,U-1848,,,
209500,001,11690842,2039-08-30,U-3362,,Y,
209500,002,11690842,2039-08-30,U-3362,,Y,
209500,003,11690842,2039-08-30,U-3362,,Y,
209500,001,11690842,2039-08-30,U-3363,,Y,
209500,002,11690842,2039-08-30,U-3363,,Y,
209500,003,11690842,2039-08-30,U-3363,,Y,
213388,001,11690845,2040-08-27,U-3655,,,
216956,001,11007175,2036-01-06,U-3730,,,
216956,001,10676435,2036-06-21,U-3731,,,
216956,001,9126932,2029-07-22,U-3732,,,
215092,001,11793798,2035-01-08,U-3454,,Y,
212102,001,11786487,2037-08-02,U-3733,,,
211675,001,11780848,2036-10-17,U-3371,,,
213931,001,10940146,2034-04-10,U-381,,,
213931,003,10940146,2034-04-10,U-3736,,,
213931,002,10940146,2034-04-10,U-3736,,,
213931,001,10940146,2034-04-10,U-3736,,,
213931,003,10940146,2034-04-10,U-381,,,
213931,002,10940146,2034-04-10,U-381,,,
213931,001,10272079,2034-04-10,U-381,,,
213931,003,10272079,2034-04-10,U-3736,,,
213931,002,10272079,2034-04-10,U-3736,,,
213931,001,10272079,2034-04-10,U-3736,,,
213931,003,10272079,2034-04-10,U-381,,,
213931,002,10272079,2034-04-10,U-381,,,
210132,001,11793819,2032-11-21,U-2439,,,
210132,002,11793819,2032-11-21,U-2439,,,
205739,004,7556799,2025-02-27,U-1766,,,
205739,004,11123363,2033-10-08,U-1766,,,
209899,001,11680050,2038-09-30,U-2774,Y,Y,
209899,002,11680050,2038-09-30,U-2774,Y,Y,
209899,003,11680050,2038-09-30,U-2774,Y,Y,
209899,001,11680050,2038-09-30,U-3740,Y,Y,
209899,002,11680050,2038-09-30,U-3740,Y,Y,
209899,003,11680050,2038-09-30,U-3740,Y,Y,
209311,001,11911518,2032-03-23,U-2357,,,
209311,002,11911518,2032-03-23,U-2357,,,
209311,003,11911518,2032-03-23,U-2357,,,
209311,004,11911518,2032-03-23,U-2357,,,
209311,005,11911518,2032-03-23,U-2357,,,
022496,001,11931459,2042-03-17,U-3839,,,
022496,002,11931459,2042-03-17,U-3840,,,
022496,001,11931459,2042-03-17,U-3840,,,
022496,002,11931459,2042-03-17,U-3839,,,
022496,001,11918565,2043-02-02,U-3841,,,
022496,002,11918565,2043-02-02,U-3841,,,
217003,001,9795604,2034-10-24,U-2970,,,
217003,001,8497277,2026-12-28,U-3842,,,
217003,001,8497277,2026-12-28,U-3843,,,
217003,001,8497277,2026-12-28,U-3845,,,
217003,001,8497277,2026-12-28,U-3844,,,
217003,001,8497277,2026-12-28,U-2666,,,
217003,001,10478439,2031-06-03,U-3842,,,
217003,001,10478439,2031-06-03,U-3844,,,
217003,001,10478439,2031-06-03,U-2666,,,
217003,001,10478439,2031-06-03,U-2970,,,
217003,001,10478439,2031-06-03,U-3843,,,
217003,001,10478439,2031-06-03,U-3845,,,
217003,001,8497277,2026-12-28,U-2970,,,
213260,001,11925704,2037-06-07,U-3853,,Y,
208026,001,11911388,2030-04-10,U-3854,,,
208026,002,11911388,2030-04-10,U-3854,,,
201281,001,11911388,2030-04-10,U-3854,,,
201281,003,11911388,2030-04-10,U-3854,,,
201281,002,11911388,2030-04-10,U-3854,,,
201280,001,11911388,2030-04-10,U-3854,,,
214517,001,11918556,2033-04-07,U-3342,,,
214517,001,11826339,2033-01-25,U-3342,,,
205677,001,11918557,2033-01-25,U-3003,,,
205677,001,11918557,2033-01-25,U-3865,,,
205677,001,11918556,2033-04-07,U-3342,,,
205677,001,11918556,2033-04-07,U-3343,,,
205677,001,11826339,2033-01-25,U-3342,,,
205677,001,11826339,2033-01-25,U-3343,,,
213004,001,11931463,2034-02-12,U-3866,,Y,
214517,001,11918557,2033-01-25,U-3003,,,
215727,001,11944595,2033-11-01,U-3867,,,
215727,001,11944595,2033-11-01,U-3868,,,
217439,006,10780088,2029-07-27,U-3651,,,
217439,005,10780088,2029-07-27,U-3651,,,
217439,004,10780088,2029-07-27,U-3651,,,
217439,003,10780088,2029-07-27,U-3651,,,
217439,002,10780088,2029-07-27,U-3651,,,
217439,001,10780088,2029-07-27,U-3651,,,
217439,001,9820985,2029-07-27,U-2437,,,
217439,002,9820985,2029-07-27,U-2437,,,
217439,003,9820985,2029-07-27,U-2437,,,
217439,004,9820985,2029-07-27,U-2437,,,
217439,005,9820985,2029-07-27,U-2437,,,
217439,006,9820985,2029-07-27,U-2437,,,
212489,001,8524746,2029-07-14,U-3869,,,
212489,002,8524746,2029-07-14,U-3869,,,
212489,001,8168793,2029-04-02,U-3869,Y,Y,
212489,002,8168793,2029-04-02,U-3869,Y,Y,
212489,001,10583130,2030-03-31,U-3869,,,
212489,002,10583130,2030-03-31,U-3869,,,
213217,001,11896596,2043-01-19,U-3875,,,
215192,001,11857543,2034-06-09,U-3876,,,
215192,003,11857543,2034-06-09,U-3876,,,
215192,002,11857543,2034-06-09,U-3876,,,
215192,001,11844756,2036-03-31,U-3876,,,
201739,003,11771830,2037-12-21,U-2980,,Y,
217417,001,11819533,2038-07-11,U-3566,Y,Y,
217242,001,11129818,2037-08-25,U-3773,,,
217242,001,9907788,2037-06-07,U-3773,,,
217242,001,11707454,2041-12-03,U-3773,,,
217242,001,11819496,2037-06-07,U-3773,,,
211230,001,11850226,2040-03-19,U-3775,,,
211230,002,11850226,2040-03-19,U-3775,,,
211230,001,11850227,2040-03-19,U-3775,,,
211230,002,11850227,2040-03-19,U-3775,,,
211230,001,11850228,2040-03-19,U-3775,,,
211230,002,11850228,2040-03-19,U-3775,,,
217677,001,11872211,2043-05-19,U-3754,,,
211230,001,11857528,2040-03-19,U-3521,,,
211230,002,11857528,2040-03-19,U-3521,,,
211230,001,11872203,2042-12-30,U-3693,,,
211230,002,11872203,2042-12-30,U-3693,,,
211230,001,11872204,2042-12-30,U-3693,,,
211230,002,11872204,2042-12-30,U-3693,,,
216457,001,11878074,2035-09-18,U-3787,,,
215390,001,11890272,2040-07-17,U-3756,,,
215390,002,11890272,2040-07-17,U-3756,,,
213721,001,11872192,2039-04-03,U-2952,,,
212018,001,11684620,2036-02-09,U-3805,,,
212018,002,11684620,2036-02-09,U-3805,,,
212018,003,11684620,2036-02-09,U-3805,,,
212018,001,11077106,2038-02-02,U-3808,,,
212018,001,11684620,2036-02-09,U-3807,,,
212018,001,11684620,2036-02-09,U-3806,,,
212018,002,11684620,2036-02-09,U-3807,,,
212018,002,11684620,2036-02-09,U-3806,,,
212018,002,11077106,2038-02-02,U-3808,,,
212018,003,11077106,2038-02-02,U-3808,,,
212018,003,11684620,2036-02-09,U-3807,,,
212018,003,11684620,2036-02-09,U-3806,,,
208232,001,11890316,2040-12-28,U-3232,,,
218158,001,11376262,2036-05-09,U-19,,Y,
218490,001,10946015,2026-09-11,U-3881,,Y,
218490,002,10946015,2026-09-11,U-3881,,Y,
208325,001,11959486,2034-06-27,U-2014,,Y,
208325,002,11959486,2034-06-27,U-2014,,Y,
208325,003,11959486,2034-06-27,U-2014,,Y,
218390,001,10857137,2037-10-10,U-1995,,,
218390,003,10857137,2037-10-10,U-1995,,,
218390,002,10857137,2037-10-10,U-1995,,,
218390,001,10851104,2036-10-28,U-1995,Y,,
218390,003,10851104,2036-10-28,U-3055,Y,,
218390,002,10851104,2036-10-28,U-3055,Y,,
218390,001,10851104,2036-10-28,U-3055,Y,,
218390,003,10851104,2036-10-28,U-1995,Y,,
218390,002,10851104,2036-10-28,U-1995,Y,,
218390,001,10851103,2036-10-28,U-1995,Y,Y,
218390,003,10851103,2036-10-28,U-3055,Y,Y,
218390,002,10851103,2036-10-28,U-3055,Y,Y,
218390,001,10851103,2036-10-28,U-3055,Y,Y,
218390,003,10851103,2036-10-28,U-1995,Y,Y,
218390,002,10851103,2036-10-28,U-1995,Y,Y,
218390,001,10844058,2036-10-28,U-1995,Y,Y,
218390,003,10844058,2036-10-28,U-3055,Y,Y,
218390,002,10844058,2036-10-28,U-3055,Y,Y,
218390,001,10844058,2036-10-28,U-3055,Y,Y,
218390,003,10844058,2036-10-28,U-1995,Y,Y,
218390,002,10844058,2036-10-28,U-1995,Y,Y,
218390,001,10065952,2036-10-28,U-1995,Y,Y,
218390,003,10065952,2036-10-28,U-3055,Y,Y,
218390,002,10065952,2036-10-28,U-3055,Y,Y,
218390,001,10065952,2036-10-28,U-3055,Y,Y,
218390,003,10065952,2036-10-28,U-1995,Y,Y,
218390,002,10065952,2036-10-28,U-1995,Y,Y,
218390,001,8357697,2027-11-08,U-1995,,,
218390,003,8357697,2027-11-08,U-3055,,,
218390,002,8357697,2027-11-08,U-3055,,,
218390,001,8357697,2027-11-08,U-3055,,,
218390,003,8357697,2027-11-08,U-1995,,,
218390,002,8357697,2027-11-08,U-1995,,,
213721,001,11963958,2039-04-03,U-2828,,,
215430,001,11986444,2043-02-15,U-3419,,,
211230,001,11986455,2040-03-19,U-3521,,,
211230,002,11986455,2040-03-19,U-3521,,,
211230,001,11986454,2040-03-19,U-3775,,,
211230,002,11986454,2040-03-19,U-3775,,,
211230,001,12005036,2042-12-30,U-3693,,,
211230,002,12005036,2042-12-30,U-3693,,,
209354,001,11986527,2031-11-02,U-2625,,,
208232,001,11986529,2029-09-17,U-2857,,,
215985,001,12005051,2037-06-07,U-3748,,,
215256,005,12029779,2038-10-10,U-3162,,,
213973,001,12059411,2040-08-12,U-3971,,,
213973,001,12059410,2040-08-12,U-3153,,,
205718,001,12042494,2030-11-18,U-3522,,Y,
209092,001,9416136,2029-08-20,U-3975,,,
209092,001,8962630,2029-12-09,U-3975,,,
208716,004,7855211,2031-09-28,U-3265,Y,Y,
208716,004,7855211,2031-09-28,U-3546,Y,Y,
208716,004,7855211,2031-09-28,U-3242,Y,Y,
218276,001,11723901,2038-08-30,U-3980,,,
218276,001,10093663,2034-07-14,U-3980,,,
217415,001,12053502,2038-08-28,U-3981,,,
217415,002,12053502,2038-08-28,U-3981,,,
218549,001,11795176,2042-01-13,U-713,Y,,
218549,002,11795176,2042-01-13,U-713,Y,,
202155,001,6967208,2026-11-21,U-1323,Y,Y,
202155,001,6967208,2026-11-21,U-1502,Y,Y,
203137,001,7270800,2025-09-03,U-336,Y,Y,
203085,001,8680124,2030-06-02,U-1506,,,
204114,002,8835443,2025-06-10,U-2305,,,
204114,003,8835443,2025-06-10,U-2305,,,
022309,003,8466138,2026-10-12,U-1103,,,
022309,003,8466137,2026-10-12,U-1103,,,
050808,001,7919483,2027-03-07,U-1078,,,
205552,001,8703780,2026-12-28,U-1491,,,
050819,001,8663699,2029-06-03,U-124,,,
205776,002,8664231,2029-06-01,U-1442,,,
205776,006,8664231,2029-06-01,U-1442,,,
204031,001,8372432,2029-03-11,U-1499,,Y,
204242,001,8470361,2030-05-22,U-1425,,Y,
022309,001,8741881,2026-10-12,U-1103,,,
202057,001,8518929,2030-02-09,U-1287,,,
204447,001,7144884,2026-06-17,U-1439,Y,Y,
201635,004,8889191,2027-11-16,U-1992,,,
205755,001,8703787,2032-02-02,U-1179,,,
020845,002,8573210,2031-01-06,U-1453,,Y,
203975,001,7439393,2025-05-21,U-1476,Y,Y,
203975,001,8511304,2027-06-14,U-1476,,Y,
204308,001,8778366,2032-11-06,U-1892,,,
022291,001,7547719,2025-07-13,U-1306,Y,Y,
022291,002,7547719,2025-07-13,U-2451,Y,Y,
022291,003,7547719,2025-07-13,U-1306,Y,Y,
022291,003,7547719,2025-07-13,U-2452,Y,Y,
022291,004,7547719,2025-07-13,U-1306,Y,Y,
022483,001,8598196,2029-08-18,U-1455,,,
209963,001,10857095,2037-02-07,U-3014,,,
206406,001,10864199,2028-05-30,U-2678,,,
206406,001,10864199,2028-05-30,U-2677,,,
206406,002,10864199,2028-05-30,U-2677,,,
206406,002,10864199,2028-05-30,U-2678,,,
206406,003,10864199,2028-05-30,U-2677,,,
206406,003,10864199,2028-05-30,U-2678,,,
210607,001,10888558,2035-12-02,U-2582,,,
212520,001,10912765,2031-08-26,U-2849,,,
209410,001,8895616,2025-11-23,U-219,,,
209410,001,8895616,2025-11-23,U-3054,,,
209410,001,8895615,2025-11-23,U-219,,,
209410,001,8895615,2025-11-23,U-3054,,,
209410,001,8389578,2028-01-22,U-3054,,,
209410,001,8389578,2028-01-22,U-219,,,
209410,001,8796337,2025-11-23,U-219,,,
209410,001,8796337,2025-11-23,U-3054,,,
209410,001,8796337,2025-11-23,U-2497,,,
209410,001,8895617,2025-11-23,U-219,,,
209410,001,8895617,2025-11-23,U-3054,,,
209410,001,9072697,2025-11-23,U-219,,,
209410,001,9072697,2025-11-23,U-3054,,,
209410,002,8895617,2025-11-23,U-3054,,,
209410,002,8895617,2025-11-23,U-219,,,
209410,002,9072697,2025-11-23,U-219,,,
209410,002,9072697,2025-11-23,U-3054,,,
209410,002,8796337,2025-11-23,U-219,,,
209410,002,8796337,2025-11-23,U-3054,,,
209410,002,8796337,2025-11-23,U-2497,,,
209410,002,8389578,2028-01-22,U-219,,,
209410,002,8389578,2028-01-22,U-3054,,,
209410,002,8895616,2025-11-23,U-219,,,
209410,002,8895616,2025-11-23,U-3054,,,
209410,002,8895615,2025-11-23,U-219,,,
209410,002,8895615,2025-11-23,U-3054,,,
209410,003,8895616,2025-11-23,U-3054,,,
209410,003,8895616,2025-11-23,U-219,,,
209410,003,8895615,2025-11-23,U-219,,,
209410,003,8895615,2025-11-23,U-3054,,,
209410,003,8389578,2028-01-22,U-219,,,
209410,003,8389578,2028-01-22,U-3054,,,
209410,003,8796337,2025-11-23,U-3054,,,
209410,003,8796337,2025-11-23,U-219,,,
209410,003,8796337,2025-11-23,U-2497,,,
209410,003,8895617,2025-11-23,U-219,,,
209410,003,8895617,2025-11-23,U-3054,,,
209410,003,9072697,2025-11-23,U-3054,,,
209410,003,9072697,2025-11-23,U-219,,,
209410,004,8796337,2025-11-23,U-219,,,
209410,004,8796337,2025-11-23,U-2497,,,
209410,004,8796337,2025-11-23,U-3054,,,
209410,004,8389578,2028-01-22,U-3054,,,
209410,004,8389578,2028-01-22,U-219,,,
209410,004,8895615,2025-11-23,U-219,,,
209410,004,8895615,2025-11-23,U-3054,,,
209410,004,8895617,2025-11-23,U-219,,,
209410,004,8895617,2025-11-23,U-3054,,,
209410,004,8895616,2025-11-23,U-219,,,
209410,004,8895616,2025-11-23,U-3054,,,
209410,004,9072697,2025-11-23,U-219,,,
209410,004,9072697,2025-11-23,U-3054,,,
208400,001,11116724,2033-01-02,U-1349,,,
208400,001,11116724,2033-01-02,U-1699,,,
209360,003,10028995,2034-12-18,U-2338,,,
209360,003,10335451,2029-12-16,U-2581,,,
209360,003,9572856,2031-07-18,U-2221,,,
209360,003,9867863,2029-12-16,U-2231,,,
209360,003,9220745,2034-12-18,U-2217,,,
209360,003,9220745,2034-12-18,U-2218,,,
210132,002,11033626,2032-11-21,U-2439,,Y,
210132,002,10206932,2032-11-21,U-2439,,,
210132,002,9301920,2032-11-21,U-2439,,Y,
210132,002,9114146,2032-11-21,U-2439,,Y,
210132,002,9114145,2032-11-21,U-2439,,,
210132,002,8933059,2032-11-21,U-2439,,Y,
210132,002,8846649,2032-11-21,U-2439,,Y,
210132,002,8846648,2032-11-21,U-2439,,,
203340,002,11207306,2038-04-16,U-2804,,,
214133,001,11020393,2040-03-02,U-3282,,,
210132,002,10675288,2032-11-21,U-2439,,,
214907,001,9061057,2033-08-26,U-3291,Y,Y,
214907,001,10881747,2033-08-26,U-3291,Y,Y,
214907,001,9789208,2033-08-26,U-3291,Y,Y,
202057,001,11213504,2030-04-29,U-3292,,,
202057,002,11213504,2030-04-29,U-3292,,,
215650,001,11129896,2036-09-22,U-3293,,,
213176,001,10981919,2033-07-02,U-3063,,,
213176,001,10981919,2033-07-02,U-3064,,,
213645,001,11173189,2041-03-11,U-3294,,Y,
213871,001,9549929,2034-02-19,U-3195,,,
213871,002,9549929,2034-02-19,U-3195,,,
213871,003,9549929,2034-02-19,U-3195,,,
208081,001,11235169,2040-10-15,U-3303,,,
214869,001,11033521,2039-03-28,U-219,,Y,
214869,001,11033521,2039-03-28,U-3304,,Y,
214869,001,11033521,2039-03-28,U-3305,,Y,
213407,001,11241400,2040-05-16,U-3183,,,
210807,001,8486975,2032-08-30,U-3307,Y,Y,
208623,001,11241422,2027-05-16,U-2371,,,
210806,001,8486975,2032-08-30,U-3308,Y,Y,
208623,001,11234972,2037-03-15,U-2371,,,
214200,001,10966984,2034-03-14,U-3079,,,
214200,001,10966984,2034-03-14,U-3080,,,
203341,001,11103497,2034-02-28,U-3216,,,
203341,002,11103497,2034-02-28,U-3216,,,
203341,003,11103497,2034-02-28,U-3216,,,
203341,001,11103497,2034-02-28,U-3217,,,
203341,002,11103497,2034-02-28,U-3217,,,
203341,003,11103497,2034-02-28,U-3217,,,
214187,001,11116783,2034-01-30,U-1470,,Y,
214187,002,11116783,2034-01-30,U-1470,,Y,
209195,001,11116783,2034-01-30,U-2039,,Y,
209195,001,11116783,2034-01-30,U-2040,,Y,
211617,001,10912751,2036-03-14,U-3224,,,
208692,001,8877776,2030-10-08,U-3225,Y,Y,
208692,001,11098015,2030-01-15,U-3225,,,
208692,002,11098015,2030-01-15,U-3225,,,
208692,002,8877776,2030-10-08,U-3225,Y,Y,
208692,003,8877776,2030-10-08,U-3225,Y,Y,
208692,003,11098015,2030-01-15,U-3225,,,
202192,002,9079912,2026-12-12,U-3227,,,
202192,002,9079912,2026-12-12,U-3226,,,
208716,001,7855211,2031-09-28,U-3242,Y,Y,
202192,002,9079912,2026-12-12,U-3228,,,
202192,002,8822481,2028-06-12,U-3228,,,
202192,002,8822481,2028-06-12,U-3226,,,
202192,002,8822481,2028-06-12,U-3227,,,
202192,002,10016429,2028-06-12,U-3226,,,
202192,002,7598257,2027-12-24,U-3228,Y,Y,
202192,002,7598257,2027-12-24,U-3227,Y,Y,
202192,002,9814722,2026-12-12,U-3226,,,
202192,003,8829013,2028-06-12,U-3228,,,
202192,003,8829013,2028-06-12,U-3227,,,
202192,003,8822481,2028-06-12,U-3226,,,
202192,003,8822481,2028-06-12,U-3227,,,
208716,002,7855211,2031-09-28,U-3242,Y,Y,
202192,003,8822481,2028-06-12,U-3228,,,
202192,003,7598257,2027-12-24,U-3228,Y,Y,
202192,003,7598257,2027-12-24,U-3227,Y,Y,
202192,003,10016429,2028-06-12,U-3226,,,
202192,003,9814722,2026-12-12,U-3226,,,
202192,003,9079912,2026-12-12,U-3228,,,
202192,003,9079912,2026-12-12,U-3226,,,
202192,003,9079912,2026-12-12,U-3227,,,
202192,004,10016429,2028-06-12,U-3226,,,
202192,004,9079912,2026-12-12,U-3227,,,
202192,004,9079912,2026-12-12,U-3228,,,
202192,004,9079912,2026-12-12,U-3226,,,
202192,004,8822481,2028-06-12,U-3226,,,
202192,004,8822481,2028-06-12,U-3228,,,
202192,004,8822481,2028-06-12,U-3227,,,
202192,004,9814722,2026-12-12,U-3226,,,
202192,004,8829013,2028-06-12,U-3227,,,
202192,004,8829013,2028-06-12,U-3228,,,
202192,004,7598257,2027-12-24,U-3227,Y,Y,
202192,004,7598257,2027-12-24,U-3228,Y,Y,
202192,005,8822481,2028-06-12,U-3228,,,
202192,005,8822481,2028-06-12,U-3227,,,
202192,005,8822481,2028-06-12,U-3226,,,
202192,005,10016429,2028-06-12,U-3226,,,
202192,005,9079912,2026-12-12,U-3228,,,
202192,005,9079912,2026-12-12,U-3226,,,
208716,003,7855211,2031-09-28,U-3242,Y,Y,
202192,005,9079912,2026-12-12,U-3227,,,
202192,005,7598257,2027-12-24,U-3227,Y,Y,
202192,005,7598257,2027-12-24,U-3228,Y,Y,
202192,005,8829013,2028-06-12,U-3228,,,
202192,005,8829013,2028-06-12,U-3227,,,
202192,005,9814722,2026-12-12,U-3226,,,
202192,002,8829013,2028-06-12,U-3228,,,
202192,002,8829013,2028-06-12,U-3227,,,
202192,001,9079912,2026-12-12,U-3230,,,
202192,001,9814722,2026-12-12,U-3230,,,
202192,001,10016429,2028-06-12,U-3230,,,
202192,001,8822481,2028-06-12,U-3230,,,
202192,002,10016429,2028-06-12,U-3230,,,
202192,002,8822481,2028-06-12,U-3230,,,
202192,002,9814722,2026-12-12,U-3230,,,
202192,002,9079912,2026-12-12,U-3230,,,
202192,003,8822481,2028-06-12,U-3230,,,
202192,003,9079912,2026-12-12,U-3230,,,
202192,003,10016429,2028-06-12,U-3230,,,
202192,003,9814722,2026-12-12,U-3230,,,
202192,004,8822481,2028-06-12,U-3230,,,
202192,004,9079912,2026-12-12,U-3230,,,
202192,004,10016429,2028-06-12,U-3230,,,
202192,004,9814722,2026-12-12,U-3230,,,
202192,005,10016429,2028-06-12,U-3230,,,
202192,005,8822481,2028-06-12,U-3230,,,
202192,005,9814722,2026-12-12,U-3230,,,
202192,005,9079912,2026-12-12,U-3230,,,
209899,001,8481573,2033-03-24,U-2774,Y,Y,
209899,001,9382217,2029-05-14,U-2774,,,
209899,002,9382217,2029-05-14,U-2774,,,
209899,002,8481573,2033-03-24,U-2774,Y,Y,
209899,003,8481573,2033-03-24,U-2774,Y,Y,
209899,003,9382217,2029-05-14,U-2774,,,
218549,003,11795176,2042-01-13,U-713,Y,,
218549,001,9763953,2026-12-01,U-713,,,
218549,002,9763953,2026-12-01,U-713,,,
218549,003,9763953,2026-12-01,U-713,,,
215390,001,12090140,2043-01-12,U-3986,,,
215390,002,12090140,2043-01-12,U-3986,,,
214902,001,12070629,2030-12-30,U-3987,,Y,
209381,001,12083179,2033-09-10,U-2310,,Y,
216403,001,9993461,2030-03-29,U-3993,,,
216403,002,9993461,2030-03-29,U-3993,,,
211230,001,12102609,2042-12-30,U-3693,,,
211230,002,12102609,2042-12-30,U-3693,,,
214755,001,12097176,2037-07-21,U-4006,,,
214755,004,12097176,2037-07-21,U-4006,,,
214755,003,12097176,2037-07-21,U-4006,,,
214755,002,12097176,2037-07-21,U-4006,,,
215430,001,12109178,2034-11-05,U-3419,,,
217347,001,11123325,2037-07-20,U-2398,,Y,
217347,001,11084788,2034-05-22,U-2398,,Y,
217347,001,11052067,2034-05-22,U-2398,,Y,
217347,001,11034652,2034-05-22,U-2398,,Y,
217347,001,11026919,2034-05-22,U-2398,,Y,
217347,001,10961191,2034-05-22,U-2398,,,
217347,001,10959983,2034-05-22,U-2398,,,
217347,001,8628759,2026-11-13,U-2398,,,
217347,001,10952990,2034-05-22,U-2398,,,
217347,001,10947192,2034-05-22,U-2398,,,
217347,001,10383846,2034-03-14,U-2398,,,
217347,001,9492429,2034-03-14,U-2398,,Y,
217347,001,9895350,2034-03-14,U-2398,,,
217347,001,9220707,2034-03-14,U-2398,,,
213224,001,11052196,2040-11-03,U-4007,,,
213224,001,11052196,2040-11-03,U-4008,,,
213224,001,11052196,2040-11-03,U-4009,,,
216158,003,10933020,2039-09-27,U-3513,,Y,
216158,002,10933020,2039-09-27,U-3513,,Y,
216158,001,10695339,2030-07-21,U-3513,,,
216158,003,10695339,2030-07-21,U-3513,,,
216158,002,10695339,2030-07-21,U-3513,,,
216158,001,10369144,2030-07-21,U-3513,,Y,
216158,003,10369144,2030-07-21,U-3513,,Y,
216158,002,10369144,2030-07-21,U-3513,,Y,
216158,001,10369143,2030-07-21,U-3513,,,
216158,003,10369143,2030-07-21,U-3513,,,
216158,002,10369143,2030-07-21,U-3513,,,
216158,001,10265311,2030-07-21,U-3513,,,
216158,003,10265311,2030-07-21,U-3513,,,
216158,002,10265311,2030-07-21,U-3513,,,
020866,001,11666567,2032-04-30,U-4015,,,
020866,001,11666567,2032-04-30,U-4016,,,
020866,001,11666567,2032-04-30,U-4017,,,
020866,001,11666567,2032-04-30,U-4018,,,
219249,001,9650393,2036-07-01,U-4024,Y,Y,
219249,002,9650393,2036-07-01,U-4024,Y,Y,
219249,001,8343955,2030-09-27,U-4024,,,
219249,002,8343955,2030-09-27,U-4024,,,
216632,001,12128059,2040-07-31,U-3713,,Y,
211882,001,12128137,2038-05-11,U-2368,,Y,
210933,001,12115246,2033-05-03,U-2985,,Y,
210565,001,12115246,2033-05-03,U-4025,,Y,
213972,001,12109197,2039-04-01,U-4026,,,
213972,001,11554112,2039-04-01,U-4026,,,
213972,001,11478428,2039-12-23,U-4026,,Y,
213972,001,7795243,2029-06-03,U-4026,Y,Y,
212614,001,12115179,2030-02-11,U-4023,,,
212614,002,12115179,2030-02-11,U-4023,,,
212614,003,12115179,2030-02-11,U-4023,,,
212614,004,12115179,2030-02-11,U-4023,,,
208658,001,12115179,2030-02-11,U-4023,,,
208658,004,12115179,2030-02-11,U-4023,,,
208658,003,12115179,2030-02-11,U-4023,,,
208658,002,12115179,2030-02-11,U-4023,,,
206111,001,12115179,2030-02-11,U-4023,,,
206111,004,12115179,2030-02-11,U-4023,,,
206111,003,12115179,2030-02-11,U-4023,,,
206111,002,12115179,2030-02-11,U-4023,,,
206073,001,12115179,2030-02-11,U-4023,,,
206073,002,12115179,2030-02-11,U-4023,,,
217186,001,12128141,2034-10-07,U-219,,Y,
217186,002,12128141,2034-10-07,U-219,,Y,
217186,003,12128141,2034-10-07,U-219,,Y,
217186,004,12128141,2034-10-07,U-219,,Y,
218711,001,11419842,2036-05-16,U-881,,Y,
218711,001,11419842,2036-05-16,U-937,,Y,
218711,001,11419842,2036-05-16,U-946,,Y,
218711,001,11419842,2036-05-16,U-4027,,Y,
218711,001,11419842,2036-05-16,U-4028,,Y,
218711,001,12090134,2036-05-16,U-881,,Y,
218711,001,12090134,2036-05-16,U-937,,Y,
218711,001,12090134,2036-05-16,U-946,,Y,
218711,001,12090134,2036-05-16,U-4027,,Y,
218711,001,12090134,2036-05-16,U-4028,,Y,
215390,001,12138247,2043-01-12,U-4029,,,
215390,002,12138247,2043-01-12,U-4029,,,
216962,001,9446059,2035-10-21,U-4030,Y,Y,
216962,001,10174061,2035-10-21,U-4030,,Y,
216117,001,10695336,2037-02-03,U-4032,,,
203567,001,8039494,2030-07-08,U-281,,,
204353,002,8222219,2025-04-11,U-493,,,
204353,004,7943582,2029-02-26,U-2441,Y,Y,
022192,007,8586610,2027-11-02,U-1625,,,
201635,001,8298580,2027-11-16,U-106,,Y,
201635,004,8298580,2027-11-16,U-106,,Y,
022396,001,8946292,2027-03-22,U-1659,,,
204824,002,8945063,2030-03-19,U-1442,,Y,
204447,001,8969355,2027-06-15,U-1668,,,
206333,001,8546367,2028-02-21,U-1690,,Y,
022291,004,8052993,2027-08-01,U-1714,,Y,
200063,001,8916195,2030-02-02,U-1639,,,
022165,001,8927604,2026-06-16,U-436,,,
204592,002,8999387,2030-04-23,U-55,,,
204623,001,9101591,2027-10-17,U-1488,,Y,
204370,002,7737142,2029-09-17,U-2543,Y,Y,
205739,002,8337824,2030-05-29,U-1766,Y,,
203188,001,8354427,2026-07-06,U-1311,,,
202292,001,8962680,2031-10-31,U-1319,,,
208462,001,8530694,2027-08-06,U-2434,Y,Y,
204223,003,9192608,2034-03-12,U-43,,,
204223,004,9192608,2034-03-12,U-55,,,
021729,003,9125939,2026-07-28,U-1749,,,
205837,001,6911461,2026-02-21,U-2130,Y,Y,
022348,002,9138404,2029-09-30,U-1756,,,
207071,001,9211259,2029-02-28,U-1796,,,
200063,001,9248123,2032-01-13,U-1808,,,
202806,002,9233956,2029-05-04,U-2032,,,
203284,001,9254278,2030-09-22,U-1816,,,
204671,001,9284342,2030-09-13,U-1470,Y,Y,
204399,003,9295675,2034-02-11,U-1531,,Y,
205223,001,8946276,2032-06-28,U-1664,,,
204286,001,9161914,2033-01-31,U-540,,,
214439,001,11253474,2041-02-24,U-3309,,Y,
214439,001,11253474,2041-02-24,U-3310,,Y,
214439,001,11253474,2041-02-24,U-3311,,Y,
022036,001,11234954,2028-01-18,U-620,,,
022036,002,11234954,2028-01-18,U-620,,,
203565,004,7754702,2028-02-15,U-3312,,,
203565,004,7754702,2028-02-15,U-3314,,,
203565,004,7754702,2028-02-15,U-3313,,,
203565,004,8895612,2027-01-08,U-3315,,,
203565,004,8895612,2027-01-08,U-3316,,,
203565,004,8895612,2027-01-08,U-3116,,,
203565,004,8895612,2027-01-08,U-3115,,,
203565,001,8895612,2027-01-08,U-3315,,,
203565,001,8895612,2027-01-08,U-3316,,,
203565,002,8895612,2027-01-08,U-3316,,,
203565,002,8895612,2027-01-08,U-3315,,,
203565,003,8895612,2027-01-08,U-3316,,,
203565,003,8895612,2027-01-08,U-3315,,,
203565,001,7754702,2028-02-15,U-3314,,,
203565,001,7754702,2028-02-15,U-3312,,,
203565,001,7754702,2028-02-15,U-3313,,,
203565,002,7754702,2028-02-15,U-3314,,,
203565,002,7754702,2028-02-15,U-3313,,,
203565,002,7754702,2028-02-15,U-3312,,,
203565,003,7754702,2028-02-15,U-3313,,,
203565,003,7754702,2028-02-15,U-3314,,,
203565,003,7754702,2028-02-15,U-3312,,,
210583,001,11253478,2030-05-26,U-3318,,Y,
216196,001,9193701,2032-10-26,U-3319,,,
216196,002,9193701,2032-10-26,U-3319,,,
216196,003,9193701,2032-10-26,U-3319,,,
216196,001,9682080,2032-05-03,U-3319,,,
216196,002,9682080,2032-05-03,U-3319,,,
216196,003,9682080,2032-05-03,U-3319,,,
216196,001,9980961,2032-05-03,U-3319,,,
216196,002,9980961,2032-05-03,U-3319,,,
216196,003,9980961,2032-05-03,U-3319,,,
216196,001,10632114,2032-05-03,U-3320,,,
216196,002,10632114,2032-05-03,U-3320,,,
216196,003,10632114,2032-05-03,U-3320,,,
216196,001,11234976,2038-10-11,U-3321,,,
216196,002,11234976,2038-10-11,U-3321,,,
216196,003,11234976,2038-10-11,U-3321,,,
209311,001,11241391,2032-03-23,U-2357,,,
209311,002,11241391,2032-03-23,U-2357,,,
209311,003,11241391,2032-03-23,U-2357,,,
209311,004,11241391,2032-03-23,U-2357,,,
209311,005,11241391,2032-03-23,U-2357,,,
212690,001,11253494,2033-03-15,U-3323,,,
212690,001,11253494,2033-03-15,U-3324,,,
021196,001,11253494,2033-03-15,U-3323,,,
021196,001,11253494,2033-03-15,U-3324,,,
214103,001,11261447,2038-11-20,U-2995,Y,Y,
021064,001,11266750,2037-03-16,U-665,,,
021064,002,11266750,2037-03-16,U-665,,,
208712,001,9573964,2028-05-05,U-3332,,,
208712,001,9573964,2028-05-05,U-3331,,,
208712,001,8153632,2029-01-17,U-3332,Y,Y,
208712,001,8153632,2029-01-17,U-3331,Y,Y,
208712,001,8980873,2030-03-25,U-3331,Y,Y,
208712,001,8980873,2030-03-25,U-3332,Y,Y,
208623,001,11278538,2038-05-30,U-2371,,,
208623,001,11278537,2038-05-30,U-2371,,,
208623,001,11278536,2038-05-30,U-2371,,,
208623,001,11278539,2038-05-30,U-2371,,,
208623,001,11278540,2038-05-30,U-2371,,,
211288,001,10603314,2026-02-02,U-3337,,,
211288,003,10603314,2026-02-02,U-3337,,,
211288,002,10603314,2026-02-02,U-3337,,,
211288,001,10596162,2026-02-02,U-3338,,,
211288,003,10596162,2026-02-02,U-3338,,,
211288,002,10596162,2026-02-02,U-3338,,,
209830,001,11273158,2039-04-06,U-543,,,
207533,001,11273158,2039-04-06,U-543,,,
207533,002,11273158,2039-04-06,U-543,,,
207533,003,11273158,2039-04-06,U-543,,,
207533,004,11273158,2039-04-06,U-543,,,
207925,001,11147770,2033-02-27,U-3339,,Y,
207925,002,11147770,2033-02-27,U-3339,,Y,
207925,003,11147770,2033-02-27,U-3339,,Y,
215401,001,9456993,2033-10-24,U-3340,,Y,
215401,004,9456993,2033-10-24,U-3340,,Y,
215401,003,9456993,2033-10-24,U-3340,,Y,
215401,002,9456993,2033-10-24,U-3340,,Y,
211675,003,8962629,2031-01-15,U-3341,Y,,
211675,001,8962629,2031-01-15,U-3341,Y,,
211675,002,8962629,2031-01-15,U-3341,Y,,
214517,001,11285129,2033-01-25,U-3342,,,
205677,001,11285129,2033-01-25,U-3342,,,
205677,001,11285129,2033-01-25,U-3343,,,
214826,004,8999393,2034-01-08,U-3210,,Y,
212102,001,10603290,2037-08-02,U-3347,,,
212102,001,11040018,2037-08-02,U-3347,,,
212888,001,7125879,2025-04-21,U-3348,Y,Y,
209500,002,11052084,2039-08-30,U-3362,,Y,
209500,003,11052084,2039-08-30,U-3363,,Y,
209500,002,11052084,2039-08-30,U-3363,,Y,
209500,003,11052084,2039-08-30,U-3362,,Y,
209500,002,11026951,2034-12-03,U-3364,,,
209500,003,11026951,2034-12-03,U-3364,,,
209500,002,10695345,2039-08-30,U-814,,Y,
209500,003,10695345,2039-08-30,U-814,,Y,
209500,002,10117867,2029-05-27,U-3271,,,
209500,003,10117867,2029-05-27,U-3271,,,
209500,002,9956227,2034-12-03,U-2714,,,
209500,003,9956227,2034-12-03,U-2714,,,
209500,002,9199995,2029-03-12,U-2713,,,
209500,003,9199995,2029-03-12,U-2713,,,
209500,002,RE48839,2033-08-19,U-3271,,,
209500,003,RE48839,2033-08-19,U-814,,,
209500,002,RE48839,2033-08-19,U-814,,,
209500,003,RE48839,2033-08-19,U-3271,,,
209363,001,11324721,2035-09-04,U-2583,,Y,
209363,001,11324721,2035-09-04,U-3169,,Y,
209363,001,11324721,2035-09-04,U-3270,,Y,
209363,001,11324721,2035-09-04,U-3302,,Y,
207981,001,9943537,2034-09-05,U-3659,,,
207981,002,9943537,2034-09-05,U-3659,,,
212905,001,11147790,2038-08-22,U-3663,,Y,
212905,001,11147790,2038-08-22,U-3664,,Y,
212905,001,11052064,2035-05-28,U-3665,,Y,
212905,001,11052064,2035-05-28,U-3663,,Y,
214187,001,11707479,2034-01-30,U-1470,,Y,
214187,002,11707479,2034-01-30,U-1470,,Y,
210598,001,11858898,2030-07-14,U-2440,Y,Y,
215192,003,11844756,2036-03-31,U-3876,,,
215192,002,11844756,2036-03-31,U-3876,,,
215192,001,11065237,2034-11-14,U-3876,Y,Y,
215192,003,11065237,2034-11-14,U-3876,Y,Y,
215192,002,11065237,2034-11-14,U-3876,Y,Y,
215192,001,9987262,2034-11-14,U-3876,,,
215192,003,9987262,2034-11-14,U-3876,,,
215192,002,9987262,2034-11-14,U-3876,,,
215192,001,8940773,2027-06-26,U-3876,,,
215192,003,8940773,2027-06-26,U-3876,,,
215192,002,8940773,2027-06-26,U-3876,,,
215192,001,8323671,2028-04-03,U-3876,,,
215192,002,8323671,2028-04-03,U-3876,,,
215192,003,8323671,2028-04-03,U-3876,,,
217686,001,11787782,2038-03-02,U-3877,,,
217686,001,11680058,2038-07-26,U-3878,,,
217686,001,11174247,2037-11-06,U-3879,,,
217686,001,8324232,2029-09-21,U-3878,Y,Y,
208464,001,8754065,2032-08-15,U-3880,Y,Y,
208464,001,9296769,2032-08-15,U-3880,Y,Y,
214846,001,11957684,2037-09-29,U-3129,,,
217806,007,11918623,2039-06-14,U-3855,,,
217806,012,11918623,2039-06-14,U-3855,,,
217806,011,11918623,2039-06-14,U-3855,,,
217806,010,11918623,2039-06-14,U-3855,,,
217806,009,11918623,2039-06-14,U-3855,,,
217806,008,11918623,2039-06-14,U-3855,,,
218490,001,8268847,2029-04-18,U-3882,,Y,
218490,002,8268847,2029-04-18,U-3882,,Y,
213378,001,11951111,2041-11-12,U-3886,,,
213378,002,11951111,2041-11-12,U-3886,,,
213378,003,11951111,2041-11-12,U-3886,,,
213378,004,11951111,2041-11-12,U-3886,,,
213378,001,11951111,2041-11-12,U-3887,,,
213378,002,11951111,2041-11-12,U-3887,,,
213378,003,11951111,2041-11-12,U-3887,,,
213378,004,11951111,2041-11-12,U-3887,,,
217677,002,11872211,2043-05-19,U-3754,,,
217677,003,11872211,2043-05-19,U-3754,,,
217677,002,11845732,2039-08-09,U-3754,Y,,
217677,003,11845732,2039-08-09,U-3754,Y,,
217677,002,11844780,2042-09-08,U-3754,,Y,
217677,003,11844780,2042-09-08,U-3754,,Y,
217677,002,11807611,2042-09-08,U-3754,,Y,
217677,003,11807611,2042-09-08,U-3754,,Y,
217677,002,11612588,2042-07-08,U-3754,,Y,
217677,003,11612588,2042-07-08,U-3754,,Y,
217677,002,10941118,2039-08-09,U-3754,Y,,
217677,003,10941118,2039-08-09,U-3754,Y,,
217677,002,10710966,2039-08-09,U-3754,Y,,
217677,003,10710966,2039-08-09,U-3754,Y,,
216285,001,11951213,2031-06-28,U-2553,,,
211367,001,11951213,2031-06-28,U-2553,,,
219016,001,7125879,2025-04-21,U-3874,Y,Y,
209884,001,11944602,2036-04-23,U-3889,,,
209884,002,11944602,2036-04-23,U-3889,,,
209884,003,11944602,2036-04-23,U-3889,,,
214511,001,10285759,2031-12-08,U-3890,,,
214511,001,9763577,2034-09-14,U-3890,Y,Y,
214511,001,9532835,2031-12-08,U-3890,,,
214511,001,9155471,2031-10-12,U-3890,,,
214511,001,9032965,2031-12-08,U-3890,,,
213498,001,11951097,2042-10-10,U-3891,,,
213498,006,11951097,2042-10-10,U-3891,,,
213498,005,11951097,2042-10-10,U-3891,,,
213498,004,11951097,2042-10-10,U-3891,,,
213498,003,11951097,2042-10-10,U-3891,,,
213498,002,11951097,2042-10-10,U-3891,,,
211230,001,11969404,2040-03-19,U-3892,,,
209355,001,11839656,2031-11-02,U-2625,,,
216165,001,7687488,2027-12-03,U-3851,Y,Y,
216165,001,11124526,2034-11-07,U-3852,,,
216117,007,10695336,2037-02-03,U-4032,,,
216117,006,10695336,2037-02-03,U-4032,,,
216117,005,10695336,2037-02-03,U-4032,,,
216117,004,10695336,2037-02-03,U-4032,,,
216117,003,10695336,2037-02-03,U-4032,,,
216117,002,10695336,2037-02-03,U-4032,,,
216117,001,10265308,2037-02-03,U-4032,,Y,
216117,007,10265308,2037-02-03,U-4032,,Y,
216117,006,10265308,2037-02-03,U-4032,,Y,
216117,005,10265308,2037-02-03,U-4032,,Y,
216117,004,10265308,2037-02-03,U-4032,,Y,
216117,003,10265308,2037-02-03,U-4032,,Y,
216117,002,10265308,2037-02-03,U-4032,,Y,
216117,001,9855258,2037-02-03,U-4032,,Y,
216117,007,9855258,2037-02-03,U-4032,,Y,
216117,006,9855258,2037-02-03,U-4032,,Y,
216117,005,9855258,2037-02-03,U-4032,,Y,
216117,004,9855258,2037-02-03,U-4032,,Y,
216117,003,9855258,2037-02-03,U-4032,,Y,
216117,002,9855258,2037-02-03,U-4032,,Y,
216117,001,9827234,2037-02-03,U-4032,,,
216117,007,9827234,2037-02-03,U-4032,,,
216117,006,9827234,2037-02-03,U-4032,,,
216117,005,9827234,2037-02-03,U-4032,,,
216117,004,9827234,2037-02-03,U-4032,,,
216117,003,9827234,2037-02-03,U-4032,,,
216117,002,9827234,2037-02-03,U-4032,,,
214324,005,11826327,2042-02-03,U-3749,,,
213586,001,12128132,2040-09-11,U-543,,Y,
213586,002,12128132,2040-09-11,U-543,,Y,
213586,003,12128132,2040-09-11,U-543,,Y,
213586,004,12128132,2040-09-11,U-543,,Y,
213586,005,12128132,2040-09-11,U-543,,Y,
213586,006,12128132,2040-09-11,U-543,,Y,
213586,007,12128132,2040-09-11,U-543,,Y,
208700,001,12144873,2038-07-25,U-4036,,,
208700,001,12151003,2038-07-25,U-4036,,Y,
022496,001,12151024,2041-01-22,U-4037,,Y,
022496,002,12151024,2041-01-22,U-4037,,Y,
214902,001,12133919,2041-05-23,U-3987,,Y,
212489,001,12129247,2032-01-11,U-4038,,,
212489,002,12129247,2032-01-11,U-4038,,,
208700,001,12161732,2038-07-25,U-4036,,Y,
213690,001,12138311,2030-10-01,U-1631,,,
214793,001,12070513,2029-07-31,U-3130,Y,Y,
216956,001,12156866,2036-01-06,U-4047,,,
206911,001,RE50218,2029-03-05,U-1834,,Y,
216190,001,12042484,2042-05-07,U-2779,,Y,
212690,001,12138233,2041-02-22,U-4044,,,
021064,001,12161730,2037-03-16,U-665,,,
021064,002,12161730,2037-03-16,U-665,,,
207356,001,12168022,2035-05-15,U-2414,,,
207356,001,12168021,2035-05-15,U-2414,,,
217779,001,12171778,2039-06-16,U-3956,,,
217779,002,12171778,2039-06-16,U-3956,,,
218614,001,9593333,2034-02-14,U-4050,,,
218614,001,9157082,2032-04-27,U-4050,,,
210496,002,10258622,2032-11-21,U-4051,,,
210496,002,9314464,2031-07-04,U-4051,,,
210496,002,8541575,2030-02-26,U-4051,Y,Y,
210496,002,9474754,2033-08-05,U-4051,,,
210496,002,9850230,2030-08-27,U-4051,,,
210496,002,10005761,2030-08-27,U-4051,,,
217660,001,11752106,2033-02-27,U-4052,,Y,
217660,002,11752106,2033-02-27,U-4052,,Y,
217660,001,11639347,2027-04-09,U-4053,Y,Y,
217660,001,11578062,2031-03-25,U-4054,,Y,
217660,002,11578062,2031-03-25,U-4054,,Y,
217660,001,11564916,2029-08-13,U-4055,,,
217660,002,11564916,2029-08-13,U-4055,,,
212273,001,11639347,2027-04-09,U-4056,Y,Y,
212273,002,11639347,2027-04-09,U-4056,Y,Y,
217660,001,11517564,2037-12-08,U-4057,,Y,
217660,002,11517564,2037-12-08,U-4057,,Y,
217660,001,11426407,2035-10-06,U-4058,Y,Y,
217660,002,11426407,2035-10-06,U-4058,Y,Y,
217660,001,11179367,2037-12-08,U-4059,,Y,
217660,002,11179367,2037-12-08,U-4059,,Y,
212273,001,11578062,2031-03-25,U-4054,,Y,
217660,001,11147770,2033-02-27,U-4060,,Y,
217660,002,11147770,2033-02-27,U-4060,,Y,
217660,001,10272046,2033-02-27,U-4062,,Y,
217660,002,10272046,2033-02-27,U-4062,,Y,
212273,001,11564916,2029-08-13,U-4063,,,
212273,001,11517564,2037-12-08,U-4067,,Y,
212273,002,11517564,2037-12-08,U-4069,,Y,
212273,001,11426407,2035-10-06,U-4070,Y,Y,
212273,002,11426407,2035-10-06,U-4070,Y,Y,
212273,001,11179367,2037-12-08,U-4071,,Y,
212273,002,11179367,2037-12-08,U-4071,,Y,
212273,001,10793547,2037-12-08,U-4073,Y,Y,
208462,002,8871745,2027-08-06,U-2434,,,
206143,002,7867996,2026-12-12,U-1694,Y,Y,
206947,002,9006256,2027-07-27,U-1695,,,
208194,001,8791270,2026-01-12,U-1790,,Y,
022036,001,9107898,2028-05-01,U-620,,,
206439,004,8173708,2025-11-22,U-1641,,,Y
208464,001,9296769,2032-08-15,U-999,Y,Y,
205677,001,9549913,2033-01-25,U-1486,,,
201635,003,9549940,2027-11-16,U-1675,,Y,
209195,001,8633309,2029-03-26,U-2040,Y,Y,
208780,003,8778947,2033-08-30,U-2045,,,
208780,003,7910610,2030-01-08,U-2048,,,
208780,003,7910610,2030-01-08,U-2049,,,
208780,001,8592462,2029-04-22,U-2062,,,
208780,003,8592462,2029-04-22,U-2060,,,
208780,001,8609701,2029-04-22,U-2064,,,
208780,003,8609701,2029-04-22,U-2070,,,
208780,001,7635707,2029-04-22,U-2073,,,
208780,003,7635707,2029-04-22,U-2074,,,
021964,001,9492445,2029-09-30,U-1185,,Y,
208799,001,9066957,2034-10-06,U-645,,Y,
202880,005,9452163,2034-09-12,U-55,,,
022264,005,9439906,2031-01-26,U-543,,,
203312,001,9463246,2028-12-26,U-219,,Y,
209661,001,9089489,2033-02-18,U-1382,,Y,
207078,001,8808750,2032-02-10,U-2312,,,
207533,004,9034867,2032-11-07,U-543,,Y,
202057,002,8551521,2030-04-29,U-1287,,,
204485,001,9687526,2035-01-30,U-1857,,,
204820,001,9399036,2033-08-22,U-1020,,,
208558,002,8859562,2031-08-04,U-2480,,,
209203,002,9216179,2031-08-01,U-2104,,,
209203,002,8546437,2029-04-29,U-2104,,,
200603,001,9555027,2026-05-26,U-543,,Y,
202107,001,10006924,2036-08-12,U-1643,,,
210655,002,9186413,2028-02-13,U-543,,,
205580,001,8609707,2031-08-11,U-1972,,Y,
205580,001,8791270,2026-01-12,U-1971,,Y,
205580,001,8791270,2026-01-12,U-1972,,Y,
202880,005,9433619,2033-07-25,U-1810,,,
205879,003,8222219,2025-04-11,U-2441,,,
205879,004,8513202,2027-12-03,U-2441,Y,Y,
022063,004,9173857,2026-05-12,U-2025,,,
208090,001,9737530,2036-09-02,U-1556,,Y,
205266,001,8178563,2029-07-24,U-1722,Y,,
206843,001,8900566,2027-08-08,U-1724,,,
206439,003,8039009,2029-03-24,U-1641,,,
208401,001,9616096,2035-11-06,U-8,,,
208401,001,9616096,2035-11-06,U-71,,,
021514,004,9668981,2025-10-07,U-2024,,,
207925,002,9670163,2026-12-28,U-1311,,Y,
201280,001,10034877,2029-08-05,U-2347,,,
207202,002,9433371,2029-09-15,,,Y,
220020,001,10071985,2037-08-17,,Y,Y,
205787,001,7731690,2025-01-15,,,Y,
208799,004,9731087,2031-05-18,,,Y,
022285,001,7858122,2028-09-17,,,Y,
217677,001,12247012,2042-07-08,,,Y,
202192,003,8722693,2028-06-12,,Y,Y,
206111,003,7579449,2028-08-01,,Y,,
208692,001,9724342,2033-07-09,,,Y,
216117,007,9707217,2037-02-03,,,Y,
022272,004,9492392,2027-08-24,,,Y,
205435,001,9988406,2030-02-03,,,Y,
206627,005,9770416,2027-08-24,,,Y,
022272,004,12246094,2027-08-24,,,Y,
205552,002,10961251,2033-06-03,,,Y,
210563,002,8754091,2026-12-28,,,Y,
208341,002,9757406,2034-01-30,,,Y,
216457,001,10500208,2035-09-18,,,Y,
215985,001,10940142,2037-06-07,,,Y,
208082,003,11813232,2038-03-15,,,Y,
214410,001,9815835,2030-06-14,,,Y,
211962,006,10849956,2035-11-06,,,Y,
204447,002,8722684,2031-06-30,,Y,Y,
207202,004,9149577,2029-12-15,,,Y,
205122,002,9555005,2033-03-19,,,Y,
211765,002,12220408,2035-01-30,,,Y,
206627,001,9861584,2031-12-21,,,Y,
215401,003,9474722,2033-10-24,,,Y,
209483,001,9855334,2035-03-11,,,Y,
021137,011,10231931,2038-03-23,,,Y,
021829,003,8246980,2025-11-27,,,Y,
217806,007,11357820,2039-06-14,,,Y,
213953,002,11590146,2030-12-31,,,Y,
214793,001,8487129,2027-11-07,,Y,Y,
022029,001,9233184,2027-08-01,,,Y,
022272,004,9073933,2025-03-30,,Y,,
216158,003,10238643,2030-07-21,,,Y,
206627,002,9872837,2031-12-21,,,Y,
209863,002,11191908,2035-10-18,,,Y,
212038,001,10292938,2035-10-30,,,Y,
214511,001,11592396,2030-09-01,,Y,,
213973,001,11918564,2040-12-30,,,Y,
200179,001,8613950,2028-12-23,,,Y,
211280,002,12071423,2040-07-06,,,Y,
208658,001,7713938,2027-04-15,,Y,Y,
022068,003,8293756,2027-09-25,,,Y,
208658,001,7579449,2028-08-01,,Y,,
022272,005,9073933,2025-03-30,,Y,,
208799,003,8714149,2032-02-25,,,Y,
217388,001,9127276,2034-05-01,,Y,,
213051,002,10933120,2033-03-15,,,Y,
022272,002,9775808,2027-08-24,,,Y,
213586,004,9023897,2033-04-05,,,Y,
214679,001,11826343,2040-08-21,,,Y,
218010,001,11426306,2030-10-17,,,Y,
213227,001,12102696,2041-09-03,,,Y,
217424,001,11285098,2034-02-28,,,Y,
208799,006,11266796,2041-02-22,,,Y,
205836,003,10729653,2030-04-09,,,Y,
217660,002,11453655,2037-12-08,,Y,Y,
215498,001,11801226,2039-06-20,,,Y,
022287,002,9011926,2026-02-24,,,Y,
021361,001,8518949,2026-02-27,,,Y,
209311,001,11241392,2032-03-23,,,Y,
207620,002,8877938,2027-05-27,,Y,Y,
209637,004,10357616,2026-01-20,,,Y,Y
209777,002,7955619,2028-08-12,,,Y,
216993,002,8865710,2029-08-15,,,Y,
206406,001,10166190,2028-05-30,,,Y,
218591,001,8101659,2025-01-15,,,Y,
203496,005,8410169,2030-02-13,,,Y,
205739,004,8147873,2028-06-20,,,Y,
211371,001,8410077,2029-03-13,,,Y,
213973,001,12213967,2040-12-30,,,Y,
204326,001,8709491,2032-06-28,,,Y,
216157,001,10034879,2032-12-28,,Y,Y,
212725,002,9029356,2028-07-08,,Y,Y,
209806,004,9308204,2030-10-21,,,Y,
205422,001,10307419,2032-10-12,,,Y,
022416,004,9206135,2026-04-21,,Y,,
201281,001,9155705,2030-05-21,,,Y,
208798,004,8978966,2032-01-13,,,Y,
205636,001,9463288,2025-05-19,,,Y,
202192,002,8722693,2028-06-12,,Y,Y,
215904,001,7858609,2026-11-28,,,Y,
208798,005,11344685,2039-09-26,,,Y,
213756,002,9156795,2026-12-12,,Y,Y,
217439,003,10189837,2031-10-20,,Y,Y,
021992,003,8269040,2027-07-05,,Y,,
208276,003,9593066,2028-12-15,,Y,,
216993,001,8865710,2029-08-15,,,Y,
215152,001,7977488,2028-08-11,,Y,,
217806,001,9474780,2036-01-05,,Y,Y,
216540,001,10398681,2031-05-05,,,Y,
201848,001,11833286,2032-12-30,,,Y,
216018,002,11510878,2038-01-24,,,Y,
211651,002,8420650,2029-07-27,,Y,Y,
216099,004,11298356,2041-01-22,,,Y,
204326,005,8709491,2032-06-28,,,Y,
206500,001,7563801,2027-04-04,,,Y,
208232,001,11969471,2029-09-17,,,Y,
214518,001,10576165,2031-08-02,,,Y,
203634,001,8895064,2031-09-07,,,Y,
218466,001,8476268,2029-09-10,,Y,Y,
019618,002,7645801,2027-07-24,,Y,Y,
217660,002,8410274,2026-12-28,,,Y,
212608,005,11964980,2040-04-10,,Y,Y,
213586,005,8802127,2025-01-12,,,Y,
206316,003,9149532,2028-03-28,,,Y,
213051,003,11759501,2033-03-15,,,Y,
211913,004,9700535,2035-08-04,,,Y,
202788,003,8486972,2030-04-27,,,Y,
212038,004,10507186,2035-10-30,,,Y,
215875,002,10653646,2039-03-21,,,Y,
215256,001,8536122,2026-03-20,,Y,Y,
204485,006,12186362,2035-01-30,,,Y,
210874,002,7919598,2029-12-16,,Y,,
205552,002,9296753,2033-10-30,,Y,,
209863,003,11446440,2031-08-21,,,Y,
205525,001,10265293,2028-08-06,,Y,Y,
209128,001,11672738,2038-02-02,,,Y,
202278,001,8597272,2027-04-12,,,Y,
211288,002,7772243,2028-05-05,,Y,Y,
208772,002,9012462,2031-04-28,,Y,,
203255,005,7473761,2026-12-14,,Y,Y,
208379,003,8829186,2031-01-19,,Y,Y,
211765,001,12220408,2035-01-30,,,Y,
202833,002,9833429,2026-12-18,,,Y,
204353,001,7943788,2027-07-14,,Y,Y,
202236,001,8168620,2026-02-24,,,Y,
215985,001,12220409,2037-06-07,,,Y,
210660,001,10653719,2039-01-15,,,Y,
210132,001,8993548,2032-11-21,,,Y,
212209,001,12208086,2042-07-29,,,Y,
219304,002,9181223,2034-03-14,,Y,Y,
215143,001,12295932,2041-11-02,,,Y,
211651,002,8735392,2031-10-20,,Y,Y,
200796,001,9066936,2028-03-26,,,Y,
215310,001,9796712,2035-05-13,,Y,Y,
209935,001,8415355,2031-03-13,,Y,Y,
214103,001,9828606,2034-12-26,,Y,Y,
217677,002,11884635,2039-08-09,,,Y,
209311,004,10182995,2032-03-23,,,Y,
205388,001,9486406,2033-10-23,,,Y,
208564,002,11116717,2032-11-21,,,Y,
211723,001,10786511,2035-12-19,,,Y,
022287,001,7790755,2026-08-02,,,Y,
208799,002,11969544,2039-08-20,,,Y,
216285,001,11351122,2031-06-28,,,Y,
206940,001,8609709,2025-03-14,,Y,,
209637,003,8684969,2025-10-20,,,Y,Y
205108,001,11013703,2034-04-01,,,Y,
204026,001,8828427,2031-06-21,,Y,Y,
209482,002,8746242,2030-10-11,,,Y,
202860,001,8944049,2029-08-13,,,Y,
208798,005,10765820,2025-05-19,,,Y,
214621,001,7300935,2026-01-28,,Y,,
210563,003,9181257,2026-12-28,,Y,,
219208,001,10016393,2034-07-07,,,Y,
022272,005,9775808,2027-08-24,,,Y,
209091,001,8221786,2028-03-21,,,Y,
215875,004,11207280,2039-03-21,,,Y,
022272,003,9770416,2027-08-24,,,Y,
203312,001,9089608,2028-12-26,,,Y,
208799,001,10195375,2031-02-14,,,Y,
208325,001,10344765,2034-06-27,,,Y,
213674,002,11839689,2033-09-11,,,Y,
209311,002,8927010,2032-03-23,,,Y,
218347,001,9951080,2036-10-17,,Y,,
207202,006,7978064,2026-09-14,,,Y,
209379,003,11998565,2041-07-01,,,Y,
217677,001,11884635,2039-08-09,,,Y,
207202,003,9119554,2028-12-16,,,Y,
021038,004,9616049,2032-01-04,,,Y,
208271,001,8956651,2031-03-10,,,Y,
211675,003,RE47221,2033-08-16,,Y,,
021747,001,7396341,2026-10-10,,,Y,Y
021641,001,7572834,2026-12-05,,,Y,
205122,001,9101545,2033-03-19,,,Y,
208799,001,9731087,2031-05-18,,,Y,
208798,008,9731087,2031-05-18,,,Y,
215401,002,8591941,2025-10-07,,,Y,
215401,001,9034370,2025-10-07,,,Y,
213756,001,11813246,2029-03-26,,,Y,
210563,002,8957079,2026-12-28,,Y,Y,
211635,003,9642913,2025-05-11,,,Y,
214410,003,11925648,2041-04-21,,,Y,
212849,002,11110094,2032-04-10,,,Y,
206628,003,9717796,2036-04-20,,,Y,
208325,003,9278995,2030-07-29,,Y,,
204223,001,9248229,2034-03-12,,,Y,
208313,005,9241948,2033-07-01,,,Y,
204790,002,8129385,2027-10-05,,Y,Y,
215498,003,11801226,2039-06-20,,,Y,
209482,002,7498440,2025-04-27,,Y,Y,
206038,002,9216969,2026-11-08,,,Y,
213051,005,11382957,2031-12-16,,Y,Y,
211970,001,RE47691,2028-06-28,,,Y,
211970,001,10227590,2025-06-28,,Y,Y,
206038,002,8993600,2030-12-11,,,Y,
202788,007,9241935,2027-01-25,,,Y,
204819,003,7173037,2026-12-04,,Y,Y,
022059,001,8821927,2029-09-18,,Y,Y,
217003,001,8957079,2026-12-28,,Y,Y,
212268,002,11813364,2033-09-22,,,Y,
218390,001,8039627,2031-04-11,,Y,Y,
206316,002,9149532,2028-03-28,,,Y,
212273,002,RE50453,2027-05-01,,Y,Y,
217064,001,12350366,2034-01-31,,,Y,
208799,003,9216260,2031-06-28,,,Y,
206544,003,7955619,2028-08-12,,,Y,
208073,001,9890141,2030-10-21,,Y,,
213378,002,7262298,2025-11-23,,Y,,
212994,002,10584112,2037-12-09,,Y,Y,
204242,004,10946010,2032-09-18,,,Y,
208798,004,9782550,2035-08-28,,,Y,
216457,001,9974793,2035-09-18,,,Y,
204441,001,10905694,2030-04-07,,,Y,
211710,001,10799505,2036-08-15,,Y,,
218730,002,10646481,2029-08-13,,,Y,
209022,001,10252010,2031-02-07,,,Y,
207202,002,8114021,2030-06-21,,,Y,
217186,001,12274793,2034-10-07,,,Y,
209819,002,10558394,2031-06-25,,,Y,
210913,001,10441630,2033-08-23,,,Y,
208147,001,8062667,2029-03-29,,,Y,
206089,003,11179402,2026-04-14,,Y,Y,
205836,005,10729653,2030-04-09,,,Y,
210632,002,9782376,2036-12-01,,,Y,
205437,001,7427638,2028-02-16,,Y,Y,
215179,001,11147817,2035-03-26,,,Y,
208547,001,9375498,2032-08-10,,,Y,
205552,002,8735403,2026-12-28,,Y,Y,
208056,001,9238029,2026-01-17,,,Y,
211913,004,9750711,2035-05-29,,,Y,
213931,003,8969377,2029-12-30,,Y,Y,
202833,001,8377919,2026-12-18,,,Y,
201280,001,12178819,2027-05-04,,,Y,
205353,001,7989494,2028-01-17,,Y,Y,
215842,002,11053502,2035-10-29,,Y,Y,
021137,012,10231931,2038-03-23,,,Y,
022387,001,9593066,2028-12-15,,Y,,
217906,001,8969566,2032-06-15,,Y,,
205649,003,9616028,2030-11-12,,,Y,
208798,005,10195375,2031-02-14,,,Y,
213137,002,10806733,2032-12-28,,Y,,
217603,001,11752137,2038-12-14,,,Y,
212038,005,10512612,2035-10-30,,,Y,
208798,006,9463288,2025-05-19,,,Y,
217677,003,11820748,2039-08-09,,,Y,
219008,001,11453656,2038-04-18,,Y,Y,
208447,001,11091459,2038-03-27,,,Y,
214200,001,11040042,2031-10-25,,,Y,
210491,001,8410274,2026-12-28,,,Y,
203188,001,8410274,2026-12-28,,,Y,
208798,002,10124131,2031-05-18,,,Y,
213426,001,8846744,2031-06-03,,,Y,
207356,001,8226975,2028-08-15,,,Y,
206406,003,11419823,2028-05-30,,,Y,
210303,001,8822424,2028-11-21,,,Y,
022257,001,9642911,2027-12-11,,,Y,
209410,003,8895618,2025-11-23,,,Y,
218730,002,8623905,2027-05-01,,Y,Y,
218784,002,9579324,2034-07-11,,Y,,
214965,001,8298568,2027-11-03,,,Y,
208624,001,8686026,2031-06-09,,,Y,
204824,007,11497753,2030-03-19,,,Y,
205525,001,9345771,2028-08-06,,Y,Y,
209862,001,8926594,2026-03-31,,,Y,
205551,001,9242986,2029-12-08,,Y,Y,
217677,003,7795447,2030-08-18,,Y,,
207960,003,11103494,2033-08-14,,,Y,
208799,006,10569034,2036-08-16,,,Y,
213378,001,7262298,2025-11-23,,Y,,
208400,001,11969503,2033-01-02,,,Y,
209905,003,10441554,2037-03-10,,,Y,
208082,001,9233959,2033-09-18,,,Y,
215192,003,8343952,2027-08-14,,Y,Y,
204325,001,8709491,2032-06-28,,,Y,
215842,003,11053502,2035-10-29,,Y,Y,
208799,005,11000653,2038-12-18,,,Y,
219379,001,11084780,2041-02-17,,Y,,
218347,001,10981923,2036-10-17,,Y,,
207925,001,10646481,2029-08-13,,,Y,
022360,001,8940772,2029-04-30,,,Y,
215887,001,10385341,2035-04-01,,Y,Y,
215401,001,11559501,2042-01-06,,,Y,
205636,001,8651103,2028-03-26,,,Y,
216665,001,7799777,2029-03-05,,Y,,
204031,001,9050335,2032-05-16,,,Y,
209637,002,9108002,2026-01-20,,,Y,Y
213976,001,11197822,2026-11-09,,,Y,
206627,005,9872837,2031-12-21,,,Y,
209092,001,9193732,2031-11-09,,Y,Y,
217225,001,7803931,2025-02-14,,Y,,
022029,001,8809615,2030-01-03,,,Y,
204824,004,9629959,2026-01-24,,,Y,
211810,002,8404700,2027-11-21,,Y,,
213586,004,8802127,2025-01-12,,,Y,
205787,001,7749194,2028-10-30,,,Y,
205122,002,8889190,2033-03-19,,,Y,
207202,006,8114021,2030-06-21,,,Y,
215888,001,8236962,2031-04-22,,Y,Y,
204824,003,8562564,2026-01-24,,,Y,
210563,004,10010507,2036-03-03,,,Y,
215875,001,10653646,2039-03-21,,,Y,
209311,002,9023389,2032-03-23,,,Y,
205677,001,11566011,2035-02-12,,Y,Y,
202231,003,9168238,2032-08-29,,,Y,
211358,003,9216969,2026-11-08,,,Y,
216986,004,8114863,2028-09-19,,Y,,
208799,001,9216260,2031-06-28,,,Y,
213189,001,8236799,2025-12-28,,Y,Y,
202324,002,8791140,2030-12-14,,Y,,
022156,001,8658676,2031-10-10,,,Y,
202788,005,9642844,2027-01-25,,,Y,
211911,001,9492316,2034-10-31,,,Y,
219616,001,8247411,2028-04-17,,Y,Y,
203255,003,7759308,2026-10-25,,,Y,
207921,001,11395889,2031-05-18,,,Y,Y
216387,001,7459554,2026-11-24,,Y,,
215239,001,11833159,2029-05-28,,,Y,
217439,001,8735392,2031-10-20,,Y,Y,
213690,001,10265404,2030-10-01,,,Y,
021361,001,7906542,2025-06-01,,Y,Y,
213138,001,7378508,2027-07-31,,Y,Y,
022580,004,8895058,2028-06-09,,,Y,
209299,001,8445485,2026-06-17,,,Y,
217186,003,11622941,2034-10-07,,,Y,
216227,001,11969403,2039-05-14,,,Y,
212099,001,12329742,2042-05-14,,,Y,
216157,001,10017491,2032-12-28,,,Y,
207931,001,8686026,2031-06-09,,,Y,
203496,001,8410169,2030-02-13,,,Y,
212038,002,10688060,2035-10-30,,,Y,
208798,003,10195375,2031-02-14,,,Y,
202810,001,11896599,2027-04-13,,,Y,
210563,004,8754091,2026-12-28,,,Y,
210563,003,9296753,2033-10-30,,Y,,
213872,001,8071073,2028-06-04,,,Y,
211913,001,9700535,2035-08-04,,,Y,
215814,001,10532047,2039-05-16,,Y,,
210598,001,11247969,2025-03-10,,,Y,
022024,002,7959946,2026-07-31,,,Y,
208694,001,9254286,2032-07-09,,,Y,
212905,001,12290651,2041-02-19,,,Y,
216793,002,11673877,2038-03-27,,Y,Y,
209575,001,11040032,2037-02-07,,,Y,
205636,002,11351317,2038-02-10,,,Y,
213756,002,11813246,2029-03-26,,,Y,
209311,002,11241392,2032-03-23,,,Y,
206829,001,10125149,2035-08-14,,,Y,
205422,004,10307419,2032-10-12,,,Y,
214755,004,11896572,2037-07-21,,,Y,
210872,001,9011897,2025-02-08,,,Y,
212849,004,11110094,2032-04-10,,,Y,
206073,002,12178819,2027-05-04,,,Y,
205494,001,7196205,2026-06-26,,Y,,
208745,001,12146003,2034-06-05,,,Y,
216834,003,10835574,2035-06-12,,,Y,
209394,001,11246866,2036-06-24,,,Y,
213973,001,11896585,2040-12-30,,,Y,
022165,001,9827197,2026-06-16,,,Y,
022416,003,9643929,2026-04-21,,,Y,
207999,002,10174073,2033-06-17,,Y,,
212038,001,10507186,2035-10-30,,,Y,
212273,001,10646481,2029-08-13,,,Y,
205122,004,8889190,2033-03-19,,,Y,
211225,001,7893074,2026-04-25,,Y,Y,
208798,005,8651103,2028-03-26,,,Y,
213005,003,11744836,2037-05-05,,,Y,
021137,005,10231931,2038-03-23,,,Y,
216117,001,9707217,2037-02-03,,,Y,
204326,005,9017731,2032-06-28,,,Y,
216655,002,11331315,2040-11-03,,,Y,
022051,002,8347879,2028-07-15,,,Y,
205703,001,8829054,2033-03-15,,,Y,
211746,001,11679210,2038-09-03,,,Y,
204803,001,8153149,2025-09-15,,,Y,
018207,003,8133893,2029-03-13,,Y,Y,
022272,002,8894987,2030-03-29,,,Y,
214755,001,11896572,2037-07-21,,,Y,
214410,003,9815835,2030-06-14,,,Y,
209241,001,10906902,2036-12-22,,Y,Y,
210308,001,9889144,2034-03-17,,,Y,
206627,004,9750703,2031-12-21,,,Y,
208794,001,8193204,2031-02-27,,Y,,
022383,001,8479730,2028-10-11,,,Y,
207975,002,9572803,2027-09-13,,,Y,
211635,003,12268664,2029-03-27,,,Y,
206439,004,8168209,2025-11-22,,,Y,Y
206619,001,8420596,2031-04-10,,Y,Y,
022272,004,10407434,2025-03-30,,Y,,
212535,001,11826383,2039-01-15,,,Y,
204824,008,8814834,2031-05-27,,,Y,
204958,001,9439921,2035-07-10,,,Y,
206073,001,8883805,2025-11-26,,,Y,
022321,005,8685444,2025-07-03,,,Y,
020533,006,7857802,2026-11-28,,,Y,
204824,008,8562564,2026-01-24,,,Y,
208692,002,9724342,2033-07-09,,,Y,
210875,002,9044475,2030-06-11,,,Y,
021272,001,11723887,2028-12-15,,Y,,
202714,001,8207125,2025-04-14,,Y,Y,
212614,002,7579449,2028-08-01,,Y,,
207103,002,10723730,2034-02-08,,Y,Y,
022272,005,9522919,2025-03-30,,Y,Y,
214628,002,10568850,2038-01-30,,,Y,
019734,002,9364564,2027-12-26,,,Y,
022272,002,11964056,2027-08-24,,,Y,
217906,001,8835455,2030-10-08,,,Y,
217242,001,12011437,2037-06-07,,,Y,
207916,001,9427421,2032-05-08,,,Y,
204223,003,9072781,2034-03-12,,,Y,
210563,002,7514444,2026-12-28,,Y,Y,
206940,001,7786158,2025-03-14,,Y,,
217677,001,12110277,2042-07-08,,,Y,
212327,001,7825246,2026-12-16,,Y,,
209905,002,11160772,2037-03-10,,,Y,
208798,007,8651103,2028-03-26,,,Y,
021829,001,10350174,2030-12-22,,,Y,
212937,001,11617793,2039-07-01,,,Y,
208910,002,11638692,2035-03-13,,,Y,
204824,003,8021335,2026-10-04,,,Y,
206406,003,9549918,2028-05-30,,,Y,
214094,002,12116346,2035-03-09,,Y,,
022416,001,9566244,2028-10-23,,,Y,
022426,006,8288539,2025-03-15,,Y,,
213953,001,10576090,2030-12-31,,,Y,
209241,001,8039627,2031-04-11,,Y,Y,
209296,001,12115254,2035-09-18,,,Y,
022203,002,8071073,2028-06-04,,,Y,
215985,002,12042487,2037-06-07,,,Y,
209862,001,8016788,2025-03-21,,,Y,
208798,007,8714149,2032-02-25,,,Y,
022426,001,8637079,2029-06-04,,,Y,
022272,006,9763933,2027-08-24,,,Y,
212269,001,11458103,2038-10-25,,,Y,
211109,001,11578044,2037-10-19,,Y,,
213005,004,11744836,2037-05-05,,,Y,
209816,001,7553828,2025-06-02,,Y,,
202788,004,8835459,2027-01-25,,,Y,
201292,001,8545884,2029-12-19,,,Y,
208623,001,11304940,2038-05-30,,Y,,
204824,004,8562564,2026-01-24,,,Y,
206073,002,8883805,2025-11-26,,,Y,
213246,001,10112942,2037-10-10,,Y,Y,
208798,008,11000653,2038-12-18,,,Y,
205649,005,7919598,2029-12-16,,Y,,
206353,001,10039718,2032-10-06,,,Y,
206089,002,11179402,2026-04-14,,Y,Y,
021539,001,8148356,2026-05-21,,,Y,
021457,001,10022510,2031-05-18,,,Y,
205353,003,7989494,2028-01-17,,Y,Y,
201280,001,11033552,2027-05-04,,,Y,
214835,001,10085936,2031-05-31,,,Y,
212614,004,7713938,2027-04-15,,Y,Y,
210563,004,10125140,2033-06-03,,Y,Y,
211675,003,12110298,2036-10-17,,Y,Y,
021433,001,7500444,2026-02-26,,,Y,Y
203496,004,11723887,2028-12-15,,Y,,
215401,004,8591941,2025-10-07,,,Y,
209627,001,11529308,2039-06-21,,,Y,
201655,004,8192722,2025-09-15,,,Y,
210910,001,8529945,2025-05-03,,,Y,
218730,002,11066417,2039-02-14,,Y,Y,
208944,001,8895618,2025-11-23,,,Y,
217660,001,8410274,2026-12-28,,,Y,
205552,001,8735403,2026-12-28,,Y,Y,
212728,001,8759372,2033-02-25,,Y,Y,
020911,002,10022510,2031-05-18,,,Y,
210498,001,7777050,2026-03-13,,Y,Y,
209776,001,12171772,2031-08-08,,Y,,
207621,005,7815934,2027-12-12,,,Y,
217003,001,8735403,2026-12-28,,Y,Y,
213026,001,10287586,2030-11-12,,Y,Y,
214755,004,11839597,2037-07-21,,,Y,
206406,002,11419823,2028-05-30,,,Y,
210563,001,8754091,2026-12-28,,,Y,
213217,001,11851437,2037-08-15,,Y,Y,
215422,001,11654124,2039-07-29,,,Y,
204326,005,8840924,2026-04-09,,,Y,
022239,001,7901385,2026-07-31,,,Y,
207202,005,11229378,2031-07-11,,,Y,
212099,001,10010530,2036-01-28,,Y,,
214410,002,8927710,2031-05-05,,,Y,
218390,001,10906903,2036-12-22,,Y,Y,
208798,003,11969544,2039-08-20,,,Y,
209862,001,7749194,2028-10-30,,,Y,
212273,002,8623905,2027-05-01,,Y,Y,
213973,001,12318374,2040-12-30,,,Y,
213388,001,7419983,2029-07-06,,Y,Y,
215256,004,8536122,2026-03-20,,Y,Y,
210864,001,8410077,2029-03-13,,,Y,
205353,002,7989494,2028-01-17,,Y,Y,
214410,002,8987441,2031-09-21,,Y,Y,
211150,002,8207197,2030-03-07,,Y,Y,
200677,003,8299209,2025-12-27,,Y,Y,
211288,003,7772243,2028-05-05,,Y,Y,
217700,001,10426782,2035-06-23,,,Y,
210864,001,9200088,2029-03-13,,,Y,
211962,001,12161690,2035-11-06,,,Y,
216986,004,11590246,2040-01-17,,,Y,
022309,003,8754070,2026-10-12,,,Y,
216986,007,10973934,2039-08-06,,Y,,
213137,001,10722502,2035-02-06,,,Y,
208114,001,11085043,2032-06-22,,,Y,
206333,001,8461140,2028-02-21,,,Y,
217439,002,8012976,2029-10-19,,Y,Y,
202535,001,8450338,2028-10-10,,,Y,
217604,001,12042559,2038-06-18,,,Y,
201655,003,7851482,2029-07-10,,Y,,
211358,003,8653103,2028-12-04,,,Y,
204485,005,12186362,2035-01-30,,,Y,
021829,005,9925150,2032-03-01,,,Y,
207621,002,7815934,2027-12-12,,,Y,
205777,002,9522919,2025-03-30,,Y,Y,
202811,001,8933030,2031-02-17,,,Y,
206038,001,7495103,2027-05-20,,Y,Y,
216718,001,9701709,2033-04-24,,Y,Y,
210526,004,9675704,2027-03-15,,,Y,
212994,001,10584112,2037-12-09,,Y,Y,
204569,002,11980623,2033-05-29,,,Y,
213591,001,8420645,2031-06-05,,Y,Y,
022272,005,9770416,2027-08-24,,,Y,
214358,005,7932273,2025-09-07,,Y,Y,
218614,001,9181549,2034-05-01,,Y,,
204592,001,9180096,2030-04-23,,,Y,
212038,001,10688060,2035-10-30,,,Y,
213378,001,11707466,2041-11-12,,,Y,
203496,004,8497393,2028-12-15,,Y,,Y
022388,001,9962376,2030-06-27,,,Y,
213586,006,10736965,2025-01-12,,,Y,
215974,001,11267799,2038-08-16,,Y,,
208653,001,9549923,2030-07-01,,Y,Y,
212501,003,12329767,2036-02-15,,,Y,
212526,002,8476268,2029-09-10,,Y,Y,
217388,001,9181549,2034-05-01,,Y,,
205832,001,9907756,2029-06-07,,,Y,
218784,002,10172864,2034-07-11,,Y,Y,
213973,001,11576903,2040-12-30,,,Y,
202080,002,7201920,2025-03-16,,,Y,
021688,001,9375405,2026-09-22,,,Y,
207981,002,10457666,2034-06-17,,Y,Y,
217906,001,9695122,2032-06-15,,Y,Y,
211635,003,11793786,2029-03-27,,,Y,
216986,006,11590246,2040-01-17,,,Y,
217899,001,7709682,2026-09-13,,Y,,
205755,001,8039479,2030-06-29,,Y,Y,
212028,001,11026944,2035-10-21,,,Y,
212306,002,9714226,2032-07-26,,Y,Y,
209311,003,10905652,2032-03-23,,,Y,
207960,002,8999386,2033-08-14,,,Y,
204790,003,8129385,2027-10-05,,Y,Y,
207921,001,12296089,2038-01-26,,,Y,
217677,002,11820748,2039-08-09,,,Y,
206627,004,9492389,2027-08-24,,,Y,
206627,001,9084816,2027-08-24,,,Y,
203137,002,8916131,2028-09-16,,,Y,
209482,001,8534281,2030-03-08,,,Y,
209905,001,10441554,2037-03-10,,,Y,
021272,002,11723887,2028-12-15,,Y,,
208743,001,8148333,2027-11-08,,,Y,
212028,002,10702529,2035-10-21,,,Y,
022272,001,9522919,2025-03-30,,Y,Y,
215014,001,10125171,2033-08-02,,Y,,
022321,006,7682634,2027-06-19,,,Y,
209091,002,8716251,2028-03-21,,,Y,
212801,001,10143680,2035-07-06,,,Y,
202860,001,10926054,2029-08-13,,,Y,
214520,001,11738120,2042-04-15,,Y,Y,
203496,005,9593066,2028-12-15,,Y,,
208686,001,11040023,2036-03-25,,,Y,
204629,002,7579449,2028-08-01,,Y,,
208692,001,7579473,2026-08-14,,Y,Y,
215866,002,11357820,2039-06-14,,,Y,
203214,001,RE41783,2025-12-08,,Y,,
215014,001,7989589,2027-12-04,,Y,,
208065,001,11524951,2032-07-25,,Y,Y,
215498,004,11801226,2039-06-20,,,Y,
214755,003,12109186,2037-07-21,,,Y,
206940,002,9675587,2033-03-14,,,Y,
212489,002,8907099,2027-05-12,,Y,,
208799,006,10022510,2031-05-18,,,Y,
204223,003,9248229,2034-03-12,,,Y,
019430,002,9586010,2025-09-11,,,Y,
207202,005,8718193,2029-12-05,,,Y,
211358,003,7495103,2027-05-20,,Y,Y,
208798,004,10765820,2025-05-19,,,Y,
209401,001,8518437,2026-06-07,,,Y,
021764,001,7265117,2025-08-19,,,Y,
021947,002,7862832,2028-06-15,,,Y,
208799,006,9782550,2035-08-28,,,Y,
212690,001,9132107,2033-01-11,,,Y,
213138,001,7863249,2027-07-31,,,Y,
215192,003,7811595,2028-03-13,,Y,Y,
211913,006,9700535,2035-08-04,,,Y,
215457,001,8939943,2031-02-28,,,Y,
022272,006,10696684,2025-03-30,,Y,,
206627,007,9492389,2027-08-24,,,Y,
204824,003,8814834,2031-05-27,,,Y,
204824,003,9533102,2026-01-24,,,Y,
210132,002,8987237,2032-11-21,,,Y,
202788,007,10610523,2027-01-25,,,Y,
208232,001,8329198,2029-09-17,,,Y,
204326,001,8840924,2026-04-09,,,Y,
209863,002,10478560,2026-01-24,,,Y,
209884,003,7939519,2028-08-27,,Y,Y,
216318,001,12138271,2039-03-25,,,Y,
210192,001,9242986,2029-12-08,,Y,Y,
204114,001,8580304,2032-01-28,,,Y,
209863,001,10646495,2038-08-30,,,Y,
206073,001,7713938,2027-04-15,,Y,Y,
208564,001,11065197,2032-11-21,,,Y,
206030,001,9493582,2033-02-27,,,Y,
202788,006,9241935,2027-01-25,,,Y,
214200,001,10189850,2031-10-25,,,Y,
209606,001,9732062,2034-09-16,,Y,,
217242,001,12016848,2037-06-07,,,Y,
219008,001,12138351,2041-04-13,,,Y,
216718,001,9670147,2029-04-20,,Y,,
206111,004,7579449,2028-08-01,,Y,,
206544,001,10314788,2028-08-12,,,Y,
206406,002,9549918,2028-05-30,,,Y,
021272,004,11723887,2028-12-15,,Y,,
204417,001,8535717,2026-02-22,,,Y,
208325,001,9278995,2030-07-29,,Y,,
204153,001,9453006,2033-09-06,,Y,,
022360,001,8501164,2029-06-14,,,Y,
215499,001,12138264,2031-09-15,,,Y,
206073,002,7713938,2027-04-15,,Y,Y,
022239,001,7776007,2026-11-22,,,Y,
206030,001,7635773,2029-03-13,,,Y,
209269,001,11103517,2036-04-07,,,Y,
203414,002,8288539,2025-06-24,,Y,,
205934,002,9308195,2033-09-30,,,Y,
021343,001,11931559,2041-12-22,,Y,,
216196,002,RE49582,2031-02-24,,Y,Y,
202192,001,8415362,2027-12-24,,Y,Y,
214154,001,11957694,2036-06-17,,,Y,
208799,006,11344685,2039-09-26,,,Y,
202788,002,8486972,2030-04-27,,,Y,
207988,001,8546436,2032-02-29,,Y,Y,
208090,003,8557291,2025-03-21,,,Y,
202714,002,8207297,2025-04-14,,Y,Y,
207999,002,10751349,2036-04-26,,,Y,
022421,007,7695734,2028-04-26,,,Y,
208799,006,9731087,2031-05-18,,,Y,
202833,001,8372827,2026-12-18,,,Y,
206276,001,9533053,2032-05-19,,,Y,
213426,001,9012440,2030-04-19,,Y,Y,
021299,003,7598271,2025-05-04,,Y,,
202810,002,11166960,2027-04-13,,,Y,
207925,005,7495103,2027-05-20,,Y,Y,
218390,002,8039627,2031-04-11,,Y,Y,
207924,002,8158616,2032-05-31,,Y,Y,
214096,001,8580781,2030-03-19,,Y,Y,
200678,003,9339472,2025-07-13,,,Y,
204200,001,9119876,2035-03-13,,,Y,
214755,004,11766418,2037-07-21,,,Y,
206627,003,9750703,2031-12-21,,,Y,
208552,001,8883838,2031-12-01,,,Y,
212501,002,10993952,2036-02-15,,,Y,
022320,001,7820186,2025-11-23,,,Y,
202123,001,10857102,2033-01-14,,,Y,
202714,002,7737112,2027-12-07,,,Y,
204353,001,11576894,2030-07-06,,,Y,
210861,001,8513263,2029-12-23,,Y,Y,
218785,001,10927117,2037-08-15,,Y,Y,
212516,004,10959982,2037-04-13,,,Y,
215341,002,RE49826,2035-07-29,,Y,,
022108,001,7241805,2026-06-27,,,Y,
216660,001,11071742,2033-12-24,,,Y,
217677,002,11504354,2042-07-08,,,Y,
212327,001,7528143,2031-11-16,,Y,Y,
202429,001,8143271,2026-06-21,,Y,Y,
205636,002,9782551,2035-08-28,,,Y,
022309,002,8754070,2026-10-12,,,Y,
207202,001,11464423,2030-09-15,,,Y,
207202,005,11464423,2030-09-15,,,Y,
202810,001,9855278,2027-04-13,,,Y,
207921,001,10022510,2031-05-18,,,Y,
022421,005,7695734,2028-04-26,,,Y,
022321,001,7815934,2027-12-12,,,Y,
217660,002,8883206,2033-02-27,,,Y,
217677,002,12247012,2042-07-08,,,Y,
210132,001,8987237,2032-11-21,,,Y,
204803,001,11400019,2041-01-12,,,Y,
212304,001,10300025,2037-07-26,,,Y,
208798,001,9216260,2031-06-28,,,Y,
022321,004,8846104,2027-06-19,,,Y,
202810,002,9855278,2027-04-13,,,Y,
208026,001,9415016,2029-04-02,,,Y,
209606,001,9738625,2034-08-01,,Y,,
204569,001,10098892,2033-05-29,,,Y,
210565,001,10688045,2033-05-03,,,Y,
208325,001,11162500,2034-06-27,,,Y,
217677,001,7795447,2030-08-18,,Y,,
021976,005,7700645,2026-12-26,,Y,Y,
205580,001,10010533,2031-01-28,,,Y,
205552,001,10106548,2033-06-03,,Y,Y,
022500,001,8337890,2027-04-17,,,Y,
209637,002,11097063,2026-07-17,,,Y,Y
208742,001,8409606,2030-05-14,,,Y,
213535,001,12122789,2041-04-15,,Y,Y,
201281,003,10973827,2029-04-02,,,Y,
210875,004,9044475,2030-06-11,,,Y,
022405,002,8067427,2028-08-08,,,Y,
207925,002,10646481,2029-08-13,,,Y,
209311,003,9498447,2032-03-23,,,Y,
204441,004,8501730,2026-09-01,,Y,,
214835,001,10881605,2031-05-31,,,Y,
216158,001,10238643,2030-07-21,,,Y,
208026,002,9415016,2029-04-02,,,Y,
210632,001,9782376,2036-12-01,,,Y,
021610,007,8871779,2029-11-22,,Y,,
207202,003,8258962,2030-11-25,,,Y,
213137,002,10017491,2032-12-28,,,Y,
206439,001,8293794,2025-11-22,,,Y,
202811,002,8933030,2031-02-17,,,Y,
208798,005,11969544,2039-08-20,,,Y,
214755,002,11065224,2037-07-21,,,Y,
211675,003,11661425,2036-10-17,,Y,Y,
214621,001,11795178,2033-09-27,,Y,Y,
200063,001,8088786,2029-02-03,,,Y,
204708,001,8163725,2031-06-13,,,Y,
210875,001,9044475,2030-06-11,,,Y,
210491,001,7776905,2027-06-03,,Y,Y,
206627,001,9763933,2027-08-24,,,Y,
209311,001,9498447,2032-03-23,,,Y,
211566,002,10925871,2035-02-25,,,Y,
216018,002,12161761,2038-01-24,,,Y,
213260,001,12370136,2037-06-07,,,Y,
021880,002,7465800,2027-04-27,,Y,Y,
206307,001,9993483,2030-07-02,,,Y,
219293,001,11793809,2040-02-18,,,Y,
207947,002,8791122,2030-08-01,,Y,Y,
202880,002,9132096,2034-09-12,,,Y,
209863,001,11813435,2035-02-25,,,Y,
211765,001,8912210,2033-12-23,,Y,Y,
212520,001,10898573,2039-12-16,,,Y,
212306,005,8999996,2033-07-03,,Y,Y,
214755,001,10272062,2037-07-21,,,Y,
214755,002,10925844,2040-02-28,,,Y,
208383,002,8987463,2030-12-28,,,Y,
214628,001,12245996,2038-01-30,,,Y,
204768,001,8734847,2030-04-23,,,Y,
209637,004,11097063,2026-07-17,,,Y,Y
215151,002,9186411,2030-08-11,,,Y,
212038,002,10507186,2035-10-30,,,Y,
206111,004,10610489,2030-09-30,,,Y,
214324,003,9593066,2028-12-15,,Y,,
022309,001,8729057,2026-10-12,,,Y,
203923,001,9585912,2030-07-07,,Y,Y,
203826,005,11213480,2036-09-26,,,Y,
019734,002,7612102,2027-12-26,,,Y,
217581,002,7230098,2025-08-26,,Y,,
204326,004,9017731,2032-06-28,,,Y,
204326,002,8709491,2032-06-28,,,Y,
206038,001,8507534,2030-09-20,,Y,Y,
219304,003,9181223,2034-03-14,,Y,Y,
215151,002,7977488,2028-08-11,,Y,,
200603,002,8729085,2026-05-26,,,Y,
202813,001,7780038,2027-01-24,,,Y,
207202,002,8961412,2030-11-17,,,Y,
210861,002,8513263,2029-12-23,,Y,Y,
209637,002,9775953,2026-07-17,,,Y,Y
207947,001,8791122,2030-08-01,,Y,Y,
208010,001,9861644,2034-03-14,,,Y,
205489,003,9072680,2032-06-28,,,Y,
213593,001,12329752,2039-07-16,,,Y,
215866,005,11357820,2039-06-14,,,Y,
209482,002,7488827,2027-12-18,,Y,Y,
212273,001,7645789,2027-05-01,,Y,Y,
216018,002,10898444,2038-01-24,,,Y,
205109,001,10695367,2028-11-13,,,Y,
211988,001,10398686,2034-03-13,,,Y,
213137,002,10034879,2032-12-28,,Y,Y,
214938,003,9907834,2036-08-01,,,Y,
217186,001,12303605,2034-10-07,,,Y,
203697,001,10646431,2032-09-29,,,Y,
213756,002,8178693,2026-03-13,,Y,Y,
217806,006,9474780,2036-01-05,,Y,Y,
202714,003,8207126,2025-04-14,,,Y,
206162,001,8247416,2028-09-24,,Y,,
210951,001,9987261,2027-03-27,,,Y,
216340,001,12281113,2041-09-10,,Y,Y,
204824,003,9629959,2026-01-24,,,Y,
208401,001,10265370,2035-11-06,,,Y,
207975,004,8445018,2029-07-31,,,Y,
207103,001,10723730,2034-02-08,,Y,Y,
022030,001,8501723,2027-06-07,,,Y,
021272,006,11723887,2028-12-15,,Y,,
208798,001,10124131,2031-05-18,,,Y,
214755,003,12226377,2037-07-21,,,Y,
217901,001,11872314,2037-08-04,,,Y,
216059,001,10342780,2036-12-16,,Y,Y,
208798,004,9782551,2035-08-28,,,Y,
213976,001,11413296,2026-11-09,,,Y,
022224,002,7259186,2025-01-07,,Y,,
210884,001,9283280,2026-05-09,,,Y,
209376,003,11786548,2041-07-01,,,Y,
211675,002,12091415,2036-10-17,,,Y,
021137,009,10231931,2038-03-23,,,Y,
217186,003,12274793,2034-10-07,,,Y,
208081,001,11540981,2028-02-07,,,Y,
217806,005,11357820,2039-06-14,,,Y,
204790,001,9242986,2029-12-08,,Y,Y,
204640,001,10130592,2035-03-13,,,Y,
208437,001,10376661,2035-09-14,,,Y,
208798,008,10569034,2036-08-16,,,Y,
215875,002,12133837,2039-03-21,,,Y,
217677,003,11905255,2039-08-09,,,Y,
206544,004,7955619,2028-08-12,,,Y,
209863,002,11446440,2031-08-21,,,Y,
218390,003,8039627,2031-04-11,,Y,Y,
019430,001,7449012,2025-09-11,,,Y,
203752,002,9833419,2028-07-10,,,Y,
206406,001,9549918,2028-05-30,,,Y,
209805,002,9308204,2030-10-21,,,Y,
204017,001,8747888,2028-07-10,,,Y,
019034,007,9248229,2034-03-12,,,Y,
022309,003,8729057,2026-10-12,,,Y,
203975,001,9750726,2030-11-29,,,Y,
218347,001,11680069,2036-10-17,,Y,,
022272,006,8894988,2027-08-24,,,Y,
209963,001,10231961,2037-02-07,,,Y,
203255,004,7473761,2026-12-14,,Y,Y,
211765,002,12168004,2035-01-30,,,Y,
217439,003,8420650,2029-07-27,,Y,Y,
215813,003,10398785,2036-03-14,,,Y,
209637,004,10376652,2026-01-20,,,Y,Y
211280,001,12071423,2040-07-06,,,Y,
211810,002,10730876,2036-05-05,,Y,,
020911,001,10086156,2031-05-18,,,Y,
206038,001,8653103,2028-12-04,,,Y,
208434,001,10350214,2035-04-24,,,Y,
211210,002,8545879,2030-08-31,,,Y,
214755,002,12115143,2037-07-21,,,Y,
022127,001,7985418,2025-10-27,,,Y,
213586,007,8802127,2025-01-12,,,Y,
211675,002,10981924,2036-10-17,,,Y,
215192,003,RE47437,2027-06-26,,Y,Y,
210875,005,10821074,2029-08-07,,,Y,
213586,003,9023897,2033-04-05,,,Y,
204031,001,8597681,2030-12-21,,,Y,
209637,001,9687611,2027-02-27,,,Y,Y
205636,002,11344685,2039-09-26,,,Y,
204370,002,7943621,2028-12-16,,Y,Y,
206627,007,9095615,2027-08-24,,,Y,
208798,004,10124131,2031-05-18,,,Y,
205109,001,11013762,2028-11-13,,,Y,
207925,005,8410274,2026-12-28,,,Y,
022321,003,7682634,2027-06-19,,,Y,
202570,002,7858643,2029-10-08,,Y,Y,
210884,001,12090139,2030-06-16,,,Y,
207768,001,8790700,2027-03-15,,,Y,
212273,002,7645789,2027-05-01,,Y,Y,
204223,001,9072781,2034-03-12,,,Y,
211988,003,10398686,2034-03-13,,,Y,
216793,002,8071623,2031-03-27,,Y,Y,
208352,001,11439610,2033-03-15,,Y,Y,
204326,003,8709491,2032-06-28,,,Y,
207925,003,8754224,2026-12-28,,Y,Y,
022156,003,11103490,2031-10-10,,,Y,
211358,001,8653103,2028-12-04,,,Y,
204708,001,8231885,2025-05-24,,,Y,
022108,001,7645802,2026-06-27,,,Y,
210942,001,10383821,2036-11-22,,,Y,
206940,002,7786158,2025-03-14,,Y,,
215842,001,11053502,2035-10-29,,Y,Y,
022110,001,7531623,2027-01-01,,Y,,
201281,001,9415016,2029-04-02,,,Y,
210563,001,10213386,2036-03-03,,,Y,
212526,001,8476268,2029-09-10,,Y,Y,
202810,002,7722898,2027-04-13,,,Y,
210450,001,12102637,2038-08-20,,,Y,
021223,003,7932241,2028-02-05,,,Y,
215401,001,8591941,2025-10-07,,,Y,
022287,001,9238029,2026-01-17,,,Y,
202810,001,7722898,2027-04-13,,,Y,
200603,001,9907794,2026-05-26,,,Y,
206073,001,11033552,2027-05-04,,,Y,
214998,003,RE50050,2034-06-19,,Y,Y,
218213,002,10294242,2036-07-05,,Y,,
206333,001,8653058,2030-03-02,,,Y,
208798,005,11464923,2040-06-19,,,Y,
205422,003,10307419,2032-10-12,,,Y,
209863,003,10646495,2038-08-30,,,Y,
213176,001,9150579,2033-07-02,,Y,Y,
211882,001,11679116,2036-06-06,,,Y,
211651,005,8012976,2029-10-19,,Y,Y,
215904,001,8022054,2026-11-28,,,Y,
205787,001,8226610,2029-04-10,,,Y,
213586,001,9023897,2033-04-05,,,Y,
202293,001,7851502,2028-08-19,,,Y,
206099,001,8899229,2030-08-18,,,Y,
209511,001,11746141,2033-01-09,,,Y,
020066,002,8323683,2028-04-30,,,Y,
207202,003,9060708,2029-03-05,,,Y,
213005,002,11744835,2037-05-05,,,Y,
022272,003,9073933,2025-03-30,,Y,,
205677,001,12049457,2035-02-12,,Y,Y,
211617,001,11613511,2040-06-19,,Y,,
215272,001,10647649,2038-11-13,,Y,,
219249,001,8242104,2030-09-27,,Y,Y,
211617,001,11760714,2040-06-19,,,Y,
211844,002,10966990,2038-06-20,,,Y,
204242,004,8940330,2032-09-18,,,Y,
210557,001,6794489,2025-06-28,,Y,Y,
205494,001,11458119,2030-11-24,,Y,Y,
215358,001,12252478,2040-05-14,,,Y,
204768,002,8992982,2030-04-23,,,Y,
021986,005,7491725,2026-03-28,,Y,Y,
022108,003,7572935,2026-06-27,,,Y,
214998,001,RE50050,2034-06-19,,Y,Y,
208653,003,8828978,2030-07-01,,,Y,
217677,003,7951958,2025-03-11,,Y,,
209092,001,12064434,2036-04-14,,,Y,
207202,001,10441194,2029-07-26,,,Y,
021514,002,8632802,2025-10-07,,,Y,
206627,003,9872837,2031-12-21,,,Y,
216540,001,9642838,2031-05-05,,Y,Y,
021985,002,8617595,2026-02-19,,,Y,
212273,001,7776905,2027-06-03,,Y,Y,
218490,001,7094781,2025-12-05,,Y,Y,
020696,001,7553863,2027-06-30,,Y,Y,
022272,003,11964056,2027-08-24,,,Y,
211340,001,10799453,2039-04-11,,,Y,
217439,005,8012976,2029-10-19,,Y,Y,
210854,001,8927710,2031-05-05,,,Y,
218730,002,8865902,2032-05-17,,Y,Y,
021821,001,7879828,2029-02-05,,,Y,
206843,002,8329159,2029-07-24,,Y,,
214755,003,12115143,2037-07-21,,,Y,
207202,003,11464423,2030-09-15,,,Y,
214622,002,10278969,2034-12-11,,,Y,
214628,003,10159657,2038-01-30,,,Y,
216986,006,10973934,2039-08-06,,Y,,
205718,001,9951016,2035-09-25,,Y,Y,
213051,001,10960052,2031-12-16,,,Y,
021457,001,10086156,2031-05-18,,,Y,
214755,002,12138239,2037-07-21,,,Y,
203496,003,11723887,2028-12-15,,Y,,
217564,001,7829574,2028-05-09,,Y,Y,
207921,002,11957832,2041-05-05,,,Y,
209637,004,9775953,2026-07-17,,,Y,Y
214755,004,12115144,2037-07-21,,,Y,
205677,001,10829465,2035-02-12,,Y,Y,
200603,002,8883794,2026-05-26,,,Y,
217603,001,12213964,2038-12-14,,,Y,
022497,001,7674479,2028-08-23,,,Y,
203975,001,7498440,2025-04-27,,Y,Y,
212614,004,8883805,2025-11-26,,,Y,
213137,002,10493035,2037-10-12,,,Y,
205703,001,8835505,2033-03-15,,,Y,
215515,001,10806791,2028-12-04,,Y,,
208901,001,10806792,2033-06-21,,,Y,
203469,001,8114874,2027-01-24,,Y,Y,
214787,002,9949994,2035-10-29,,Y,,
202155,002,9326945,2031-02-24,,,Y,
210496,002,8946250,2029-07-23,,Y,Y,
208564,002,11123283,2032-11-21,,,Y,
215973,001,10071985,2037-08-17,,Y,Y,
212306,004,11807629,2035-08-14,,Y,Y,
021947,001,7862833,2028-06-15,,,Y,
022426,006,8637079,2029-06-04,,,Y,
022272,007,9770416,2027-08-24,,,Y,
214697,001,12324838,2039-02-06,,,Y,
210526,004,8337890,2027-03-15,,,Y,
202570,001,8217057,2029-11-06,,Y,Y,
212018,001,8895601,2033-04-12,,Y,Y,
022574,001,8617597,2030-02-08,,,Y,
205636,002,11000653,2038-12-18,,,Y,
206627,007,9872837,2031-12-21,,,Y,
209311,004,9283214,2032-03-23,,,Y,
208610,001,8871938,2029-09-23,,Y,,
203341,002,7767678,2026-11-23,,Y,Y,
211358,002,8754224,2026-12-28,,Y,Y,
209863,001,10357609,2031-08-21,,,Y,
213535,001,11938136,2036-11-08,,,Y,
207202,002,9320455,2031-12-15,,,Y,
021947,003,7862832,2028-06-15,,,Y,
206940,001,11007179,2033-03-14,,,Y,
214622,002,8552002,2029-08-25,,Y,Y,
217660,002,10646481,2029-08-13,,,Y,
208798,008,8651103,2028-03-26,,,Y,
213137,002,9018210,2033-11-25,,Y,Y,
213051,003,11759502,2033-03-15,,,Y,
205649,004,9616028,2030-11-12,,,Y,
204326,006,9839619,2032-06-28,,,Y,
209478,001,10888570,2036-10-28,,,Y,
217581,003,7858643,2029-10-08,,Y,Y,
216196,003,RE49582,2031-02-24,,Y,Y,
205636,002,9216260,2031-06-28,,,Y,
209940,001,RE46791,2029-01-18,,Y,Y,
203565,002,7612109,2026-02-05,,Y,Y,
209863,002,10881798,2034-02-11,,,Y,
204485,004,9919026,2035-01-30,,,Y,
213411,002,8648087,2031-04-12,,Y,Y,
202429,001,9447089,2032-06-06,,,Y,
218944,001,10683302,2037-06-08,,Y,Y,
210864,001,9750822,2029-03-13,,,Y,
202813,001,10188811,2031-10-21,,,Y,
212595,001,9962336,2035-05-01,,,Y,
215309,001,8722693,2028-06-12,,Y,Y,
207925,004,7495103,2027-05-20,,Y,Y,
205787,001,8206360,2027-02-27,,,Y,
210450,001,11542239,2039-07-23,,Y,Y,
206627,001,9486413,2027-08-24,,,Y,
212268,003,11123305,2033-07-25,,,Y,
022272,006,9522919,2025-03-30,,Y,Y,
211810,002,7893075,2033-05-04,,Y,,
211950,001,9937075,2034-05-02,,,Y,
208799,003,10022510,2031-05-18,,,Y,
208798,002,9216260,2031-06-28,,,Y,
212516,001,9839626,2037-04-13,,,Y,
204592,001,9017721,2030-04-23,,,Y,
214622,001,10278969,2034-12-11,,,Y,
217604,001,10925833,2038-06-18,,,Y,
212045,001,11975096,2034-08-26,,,Y,
218201,001,9427351,2032-08-14,,,Y,
216951,001,8324208,2028-12-11,,Y,Y,
215192,002,8343952,2027-08-14,,Y,Y,
208910,002,10493028,2035-03-13,,,Y,
214155,001,9649352,2035-07-16,,Y,Y,
215985,002,12016848,2037-06-07,,,Y,
210563,002,8735403,2026-12-28,,Y,Y,
216986,006,8114863,2028-09-19,,Y,,
021829,006,8246980,2025-11-27,,,Y,
211367,001,11478487,2031-06-28,,,Y,
212849,001,11110094,2032-04-10,,,Y,
022321,006,7815934,2027-12-12,,,Y,
210854,003,9815835,2030-06-14,,,Y,
210491,001,7495103,2027-05-20,,Y,Y,
021991,001,7456219,2027-03-11,,Y,,
022309,001,8759329,2026-10-12,,,Y,
214096,001,8329692,2029-10-30,,Y,Y,
022217,002,8168616,2026-07-03,,,Y,
022395,001,9226903,2028-12-15,,,Y,
201444,001,12304813,2030-02-10,,,Y,
210563,002,10961251,2033-06-03,,,Y,
215344,001,12290529,2044-08-02,,,Y,
022360,002,8501164,2029-06-14,,,Y,
212436,002,10723730,2034-02-08,,Y,Y,
022545,003,8613949,2029-12-21,,,Y,
212516,003,11202772,2037-04-13,,,Y,
021379,001,11931559,2041-12-22,,Y,,
202331,002,7157584,2025-05-22,,Y,,
206321,001,8114833,2025-08-13,,,Y,
205636,001,9216260,2031-06-28,,,Y,
211527,001,7807708,2031-07-19,,Y,Y,
215498,002,11802115,2039-06-20,,,Y,
022288,001,8784789,2025-01-13,,,Y,
213422,001,10265265,2027-09-27,,,Y,
211230,001,11439597,2037-09-05,,,Y,
022474,001,8735380,2029-02-20,,,Y,
217660,001,7776905,2027-06-03,,Y,Y,
211321,001,8809322,2028-01-18,,,Y,
213051,001,11759503,2033-03-15,,,Y,
212516,003,9839626,2037-04-13,,,Y,
208798,008,11357935,2038-09-24,,,Y,
213895,001,10849956,2035-11-06,,,Y,
022569,001,9731869,2032-01-26,,,Y,
211675,001,11198697,2036-10-17,,,Y,
201739,002,8226610,2029-04-10,,,Y,
204242,006,10946010,2032-09-18,,,Y,
212516,002,11202772,2037-04-13,,,Y,
212516,002,10413525,2037-04-13,,,Y,
202317,001,8450375,2026-03-07,,,Y,
215904,001,8367651,2026-11-28,,,Y,
209311,004,11241392,2032-03-23,,,Y,
022249,004,8445524,2029-03-26,,Y,,
204819,004,7173037,2026-12-04,,Y,Y,
211988,004,10980886,2035-04-20,,,Y,
021038,004,8242158,2032-01-04,,,Y,
210496,001,8946250,2029-07-23,,Y,Y,
206323,001,9107921,2032-01-03,,,Y,
212614,002,7713938,2027-04-15,,Y,Y,
201655,006,8871779,2029-11-22,,Y,,
203975,001,7488827,2027-12-18,,Y,Y,
215866,010,11357820,2039-06-14,,Y,Y,
211964,003,9358204,2033-02-07,,,Y,
022156,002,10010537,2031-10-10,,,Y,
022156,003,10010537,2031-10-10,,,Y,
218010,001,10206813,2030-10-17,,,Y,
214518,001,8039504,2027-07-23,,,Y,
211358,002,7495103,2027-05-20,,Y,Y,
208700,001,10596278,2038-07-25,,,Y,
216665,001,7572789,2026-12-20,,Y,Y,
207962,001,9283174,2031-05-10,,,Y,
209347,001,9486530,2034-09-02,,,Y,
202344,001,9592195,2031-12-05,,,Y,
214860,002,11433041,2036-10-17,,,Y,
211172,001,9061044,2031-04-29,,Y,,
211651,005,8420650,2029-07-27,,Y,Y,
214410,003,8927710,2031-05-05,,,Y,
211616,001,11760714,2040-06-19,,,Y,
021829,005,10130589,2030-12-22,,,Y,
022051,002,8062264,2026-04-05,,,Y,
209637,004,8920383,2026-07-17,,,Y,Y
210735,002,9662342,2035-06-26,,,Y,
022272,002,10696684,2025-03-30,,Y,,
213378,003,7262298,2025-11-23,,Y,,
050795,002,8715724,2028-02-03,,,Y,
209863,002,8021335,2026-10-04,,,Y,
204251,001,9044484,2030-10-30,,,Y,
209279,001,8309126,2026-05-15,,,Y,
050808,002,7544373,2027-04-02,,,Y,
205836,002,10729653,2030-04-09,,,Y,
211675,001,11661425,2036-10-17,,Y,Y,
208090,001,7399488,2025-03-24,,,Y,
208325,001,9820938,2034-06-27,,,Y,
208171,001,10414831,2029-03-25,,Y,Y,
202155,003,9326945,2031-02-24,,,Y,
207202,006,11229378,2031-07-11,,,Y,
211810,001,8722702,2027-11-21,,Y,,
205836,004,10729653,2030-04-09,,,Y,
207925,004,8754224,2026-12-28,,Y,Y,
209637,002,10357616,2026-01-20,,,Y,Y
218730,001,8754224,2026-12-28,,Y,Y,
209884,002,7939519,2028-08-27,,Y,Y,
216974,001,9309245,2033-04-02,,Y,,
205109,001,10624855,2034-11-26,,,Y,
207202,006,8258962,2030-11-25,,,Y,
210132,002,11166963,2032-11-21,,,Y,
212038,006,9974752,2035-10-30,,,Y,
217424,001,8956658,2026-05-30,,Y,,
217677,003,7342118,2025-08-18,,Y,,
209637,001,10376652,2026-01-20,,,Y,Y
216665,003,7572789,2026-12-20,,Y,Y,
209311,005,11241392,2032-03-23,,,Y,
021318,001,7517334,2025-03-25,,,Y,
202810,003,9370525,2027-04-13,,,Y,
207103,001,RE47739,2027-03-05,,Y,Y,
211580,001,11712320,2039-07-14,,,Y,
213051,003,11759503,2033-03-15,,,Y,
022181,001,7566462,2025-11-16,,,Y,
208379,001,8829186,2031-01-19,,Y,Y,
212994,001,10584113,2037-12-09,,,Y,
210132,002,8993549,2032-11-21,,,Y,
216457,001,12290520,2035-09-18,,,Y,
205422,006,7888362,2026-04-12,,Y,,Y
214628,001,10568850,2038-01-30,,,Y,
021038,002,10016396,2032-01-04,,,Y,
215985,001,12016848,2037-06-07,,,Y,
217660,001,10646481,2029-08-13,,,Y,
206627,002,9095615,2027-08-24,,,Y,
211675,002,10981923,2036-10-17,,Y,,
208854,001,RE46365,2031-02-24,,Y,Y,
204242,002,8940330,2032-09-18,,,Y,
202788,001,8486972,2030-04-27,,,Y,
217581,003,8785632,2025-03-01,,Y,Y,
214628,002,12245996,2038-01-30,,,Y,
215192,001,9701636,2034-11-14,,Y,Y,
208854,001,9108975,2031-11-11,,Y,Y,
022426,005,8637079,2029-06-04,,,Y,
215309,001,7598257,2027-12-24,,Y,Y,
050790,002,8292129,2031-02-25,,,Y,Y
204026,002,10555939,2030-05-19,,,Y,
208910,002,10688046,2035-03-13,,,Y,
209637,004,9861757,2026-01-20,,,Y,Y
206627,004,9861584,2031-12-21,,,Y,
215498,004,12091394,2039-06-20,,Y,,
021137,012,10406108,2038-03-23,,,Y,
214410,002,11261198,2038-09-25,,,Y,
210251,002,9216996,2033-12-19,,Y,Y,
202057,001,8298554,2030-04-29,,,Y,
205422,001,RE48059,2028-12-23,,Y,,
217806,011,9474780,2036-01-05,,Y,Y,
203634,001,10660858,2031-09-07,,,Y,
204168,003,8865937,2032-05-23,,Y,Y,
206229,001,12004992,2033-10-06,,Y,,
206316,001,7365205,2027-04-18,,Y,,
210660,001,10918662,2039-01-15,,,Y,
213498,008,RE43728,2029-11-16,,Y,Y,
217186,004,11622941,2034-10-07,,,Y,
216984,002,11975013,2041-08-16,,,Y,
212038,006,10512612,2035-10-30,,,Y,
206627,002,9750703,2031-12-21,,,Y,
215457,001,9022022,2031-02-28,,,Y,
022328,002,8252809,2025-02-16,,,Y,
019734,003,9364564,2027-12-26,,,Y,
208799,005,10022510,2031-05-18,,,Y,
208627,001,9339466,2031-03-23,,Y,Y,
200677,003,7473761,2026-12-14,,Y,Y,
211225,001,8039479,2030-06-29,,Y,Y,
211617,001,7335799,2030-12-03,,Y,,
208010,001,8361488,2028-07-19,,,Y,
213586,003,10736965,2025-01-12,,,Y,
211349,001,11938133,2036-07-01,,,Y,
207925,005,10646481,2029-08-13,,,Y,
202293,001,8721615,2030-01-18,,,Y,Y
210874,001,8716251,2028-03-21,,,Y,
215866,004,11357820,2039-06-14,,,Y,
209819,001,10558394,2031-06-25,,,Y,
209863,002,9533102,2026-01-24,,,Y,
208090,001,8557291,2025-03-21,,,Y,
211155,001,11312718,2032-01-10,,,Y,
208745,001,7041786,2028-01-30,,Y,,
217729,002,7919625,2025-12-11,,,Y,
209299,002,8211889,2026-01-19,,Y,,
205552,001,10752634,2033-06-03,,,Y,
022411,001,8133893,2029-03-13,,Y,Y,
208798,005,9782551,2035-08-28,,,Y,
208798,006,11439777,2040-05-24,,,Y,
213006,001,8653260,2029-04-02,,Y,,
212994,002,10759778,2037-12-09,,,Y,
021936,002,7396341,2026-10-10,,,Y,Y
207202,002,9149577,2029-12-15,,,Y,
021361,001,9271968,2026-02-27,,,Y,
022275,001,8501730,2026-09-01,,Y,,
021457,001,10695512,2031-05-18,,,Y,
204026,003,8828427,2031-06-21,,Y,Y,
206829,001,8906898,2034-05-28,,Y,Y,
209241,001,10919892,2036-12-22,,Y,Y,
215457,001,9814838,2031-02-28,,,Y,
202331,001,7157584,2025-05-22,,Y,,
207921,001,10695512,2031-05-18,,,Y,
211358,002,10646481,2029-08-13,,,Y,
208573,003,8546399,2031-06-27,,Y,Y,
204768,001,8992982,2030-04-23,,,Y,
214965,001,9132071,2029-06-02,,,Y,
212994,003,9079928,2032-07-27,,,Y,
217806,010,11357820,2039-06-14,,,Y,
214313,001,12290494,2041-03-08,,,Y,
214324,003,10421729,2035-04-01,,,Y,
205739,001,8147873,2028-06-20,,,Y,
022416,001,9206135,2026-04-21,,Y,,
204824,008,11497753,2030-03-19,,,Y,
208798,002,10022510,2031-05-18,,,Y,
211340,001,11701326,2037-10-06,,,Y,
217785,003,9266861,2033-09-17,,Y,Y,
206940,002,11007179,2033-03-14,,,Y,
208798,004,11464923,2040-06-19,,,Y,
210864,002,9200088,2029-03-13,,,Y,
201655,001,8192722,2025-09-15,,,Y,
202231,001,9168239,2032-08-29,,,Y,
206977,011,11096913,2037-02-28,,,Y,
210563,003,9725455,2033-06-03,,Y,,
210872,001,8226971,2025-05-06,,,Y,
201848,001,10369264,2032-11-07,,,Y,
208090,003,7771707,2025-03-24,,,Y,
209241,002,10919892,2036-12-22,,Y,Y,
214755,004,12115142,2037-07-21,,,Y,
206679,001,9597289,2030-02-23,,,Y,
215039,002,8476268,2029-09-10,,Y,Y,
208325,001,8377880,2030-07-29,,Y,Y,
209394,001,8937150,2032-05-18,,Y,Y,
022512,003,7932273,2025-09-07,,Y,Y,
208798,004,9216260,2031-06-28,,,Y,
211172,001,8101743,2025-04-01,,Y,Y,
209777,003,10314788,2028-08-12,,,Y,
212306,004,9714226,2032-07-26,,Y,Y,
205637,001,9522188,2035-04-24,,,Y,
203697,002,10646431,2032-09-29,,,Y,
215192,002,7811595,2028-03-13,,Y,Y,
022088,001,8026276,2026-01-20,,,Y,
206977,007,11096913,2037-02-28,,,Y,
216354,001,8524733,2031-04-03,,Y,Y,
210864,002,9750822,2029-03-13,,,Y,
209410,001,8987333,2025-11-23,,,Y,
208692,002,11298349,2032-02-10,,,Y,
021272,007,9593066,2028-12-15,,Y,,
204824,006,10709844,2029-03-10,,,Y,
217186,004,12064521,2034-10-07,,,Y,
210864,002,8410077,2029-03-13,,,Y,
209482,002,8534281,2030-03-08,,,Y,
208912,001,10799642,2032-05-11,,,Y,
210045,001,10350171,2038-06-14,,,Y,
207960,003,11633389,2033-08-14,,,Y,
021038,002,9616049,2032-01-04,,,Y,
205649,001,7919598,2029-12-16,,Y,,
214755,001,11504347,2037-07-21,,,Y,
210852,002,10849916,2035-07-13,,,Y,
210874,003,7919598,2029-12-16,,Y,,
204223,005,9248229,2034-03-12,,,Y,
214200,001,10189849,2031-10-25,,Y,,
202714,001,8207126,2025-04-14,,,Y,
210864,002,9493582,2033-02-27,,,Y,
207202,004,8718193,2029-12-05,,,Y,
206627,001,9572779,2031-12-21,,,Y,
022108,001,7585897,2026-06-27,,,Y,
209637,002,9616180,2026-01-20,,,Y,Y
208082,001,8524733,2031-04-03,,Y,Y,
022309,003,8759329,2026-10-12,,,Y,
210583,001,9974746,2030-05-26,,,Y,
205552,002,9713617,2033-06-03,,,Y,
208799,002,8714149,2032-02-25,,,Y,
211962,004,11628200,2035-11-06,,,Y,
207921,001,8132712,2028-09-07,,,Y,Y
208799,006,11173259,2040-07-06,,,Y,
205920,001,8367734,2026-01-26,,,Y,
205175,001,10071054,2031-08-08,,,Y,
204353,003,7943788,2027-07-14,,Y,Y,
204824,006,9629959,2026-01-24,,,Y,
211651,001,8735392,2031-10-20,,Y,Y,
209091,001,8716251,2028-03-21,,,Y,
209862,001,8206360,2027-02-27,,,Y,
210922,001,11141378,2029-04-15,,,Y,
206940,001,9700542,2025-03-14,,,Y,
215429,001,7776358,2028-05-16,,,Y,
211340,001,11484498,2037-10-06,,,Y,
206627,004,9775809,2027-08-24,,,Y,
208447,001,8436185,2029-04-24,,Y,,
213871,002,9035074,2034-02-19,,Y,Y,
204286,001,10729667,2033-01-31,,,Y,
210598,001,10550081,2030-07-14,,Y,,
209482,002,9750726,2030-11-29,,,Y,
216986,002,8114863,2028-09-19,,Y,,
201655,002,7851482,2029-07-10,,Y,,
202714,001,7417042,2026-07-20,,Y,Y,
208447,001,8071623,2031-03-27,,Y,Y,
204353,004,7943788,2027-07-14,,Y,Y,
207921,001,10022509,2031-05-18,,,Y,
021829,006,9925150,2032-03-01,,,Y,
204824,006,11684723,2029-03-10,,,Y,
214755,003,11896572,2037-07-21,,,Y,
210496,001,9593099,2030-08-27,,Y,,
211225,001,8399450,2027-11-20,,Y,Y,
207793,001,9782349,2025-05-02,,Y,Y,
206038,002,10646481,2029-08-13,,,Y,
210132,001,11529360,2032-11-21,,,Y,
212535,001,10905714,2039-01-15,,,Y,
209500,002,8648077,2029-12-01,,Y,Y,
214998,002,RE50050,2034-06-19,,Y,Y,
210793,001,11452721,2038-08-27,,,Y,
217660,001,RE50453,2027-05-01,,Y,Y,
214755,004,12226377,2037-07-21,,,Y,
022568,001,8481565,2026-10-04,,,Y,
204031,001,8980319,2030-12-21,,,Y,
022272,005,12280152,2027-08-24,,,Y,
216354,003,11813232,2038-03-15,,,Y,
022474,001,9844510,2028-12-08,,,Y,
213586,003,8802127,2025-01-12,,,Y,
202192,001,8722693,2028-06-12,,Y,Y,
206940,002,11090291,2033-03-14,,,Y,
205739,001,8282913,2027-05-29,,,Y,
208611,001,7728143,2031-06-19,,Y,,
021137,004,10231931,2038-03-23,,,Y,
209863,002,9744302,2035-11-19,,,Y,
201739,001,11590286,2026-12-12,,,Y,
022272,001,9073933,2025-03-30,,Y,,
204242,003,9259421,2032-09-18,,,Y,
206627,001,9492389,2027-08-24,,,Y,
022433,002,8425934,2030-04-17,,,Y,
217006,002,8399469,2025-06-29,,Y,,
213591,002,10596178,2035-07-22,,,Y,
209195,001,9868745,2032-11-16,,Y,Y,
217347,001,8147809,2027-03-26,,Y,Y,
211962,004,10849956,2035-11-06,,,Y,
202088,002,8440170,2029-03-14,,,Y,
210565,001,11642317,2033-05-03,,,Y,
211962,002,10849956,2035-11-06,,,Y,
203188,001,8754224,2026-12-28,,Y,Y,
208772,001,9012462,2031-04-28,,Y,,
204325,001,9017731,2032-06-28,,,Y,
206488,002,RE47769,2029-02-02,,,Y,
212269,001,10940116,2038-10-25,,,Y,
216490,002,11890326,2037-09-28,,Y,Y,
019430,002,7449012,2025-09-11,,,Y,
209862,001,10960155,2026-06-25,,,Y,
022321,002,8846104,2027-06-19,,,Y,
214755,001,12109186,2037-07-21,,,Y,
206627,002,9486412,2027-08-24,,,Y,
215866,012,11357820,2039-06-14,,Y,Y,
214755,004,10925844,2040-02-28,,,Y,
206977,012,11096913,2037-02-28,,,Y,
022117,003,8022228,2026-04-06,,Y,Y,
206038,002,8754224,2026-12-28,,Y,Y,
022272,004,9492389,2027-08-24,,,Y,
208798,008,10195375,2031-02-14,,,Y,
213593,001,10751333,2039-07-16,,,Y,
021829,004,10130589,2030-12-22,,,Y,
210660,001,10905713,2039-01-15,,,Y,
213036,001,12121506,2044-02-16,,,Y,
204326,004,9265737,2032-06-28,,,Y,
207202,001,9060708,2029-03-05,,,Y,
208798,006,8978966,2032-01-13,,,Y,
205382,001,7488827,2027-12-18,,Y,Y,
022272,006,12280152,2027-08-24,,,Y,
209410,002,8895618,2025-11-23,,,Y,
202293,001,8221786,2028-03-21,,,Y,
219008,002,11453656,2038-04-18,,Y,Y,
207921,002,8931476,2031-07-17,,,Y,
208799,001,10022510,2031-05-18,,,Y,
219839,001,11007198,2039-01-28,,Y,Y,
204417,002,8163306,2027-09-03,,,Y,
200677,001,8299209,2025-12-27,,Y,Y,
203752,005,9833419,2028-07-10,,,Y,
208611,001,9200088,2029-03-13,,,Y,
211765,001,11925709,2035-01-30,,,Y,
208798,006,10569034,2036-08-16,,,Y,
216984,001,11975013,2041-08-16,,,Y,
050795,001,8715724,2028-02-03,,,Y,
209940,002,10603384,2033-02-28,,,Y,
208073,001,8927574,2030-11-12,,,Y,
207202,002,9258035,2029-03-05,,,Y,
211801,001,8969377,2029-12-30,,Y,Y,
021821,001,9254328,2026-03-13,,,Y,
209355,001,11957753,2031-11-02,,,Y,
209637,001,9861757,2026-01-20,,,Y,Y
022272,001,9775808,2027-08-24,,,Y,
208798,006,11464923,2040-06-19,,,Y,
207953,001,8895557,2028-01-07,,,Y,
206940,002,8609709,2025-03-14,,Y,,
212436,001,RE47739,2027-03-05,,Y,Y,
213586,002,9023897,2033-04-05,,,Y,
208082,002,9814708,2033-09-18,,,Y,
212028,002,11026944,2035-10-21,,,Y,
209311,004,9023389,2032-03-23,,,Y,
206627,006,9861584,2031-12-21,,,Y,
022108,003,7645802,2026-06-27,,,Y,
208798,005,11439777,2040-05-24,,,Y,
209299,001,8652492,2028-11-06,,,Y,
022272,007,12246094,2027-08-24,,,Y,
206099,001,9108015,2025-09-15,,,Y,
208325,003,11162500,2034-06-27,,,Y,
208313,009,9241948,2033-07-01,,,Y,
204275,003,8746242,2030-10-11,,,Y,
215400,001,10532049,2039-02-26,,,Y,
215875,005,11207280,2039-03-21,,,Y,
213591,002,7767675,2032-11-19,,Y,Y,
203085,001,9458107,2031-04-08,,,Y,
207921,001,10561808,2032-01-01,,,Y,Y
209637,001,9616180,2026-01-20,,,Y,Y
208798,002,9731087,2031-05-18,,,Y,
205422,003,RE48059,2028-12-23,,Y,,
208573,002,10730873,2031-11-21,,Y,,
213687,001,9186344,2025-07-01,,,Y,
216059,002,10342780,2036-12-16,,Y,Y,
202429,001,7863288,2029-06-20,,Y,Y,
208611,001,9750822,2029-03-13,,,Y,
207103,003,10723730,2034-02-08,,Y,Y,
204286,001,8778365,2033-01-31,,,Y,
205649,003,7919598,2029-12-16,,Y,,
201655,007,7851482,2029-07-10,,Y,,
201699,001,7378508,2027-07-31,,Y,Y,
210655,002,9597402,2026-09-26,,,Y,
214876,002,11091459,2038-03-27,,,Y,
207921,002,10086156,2031-05-18,,,Y,
206627,005,9861584,2031-12-21,,,Y,
205636,002,9731087,2031-05-18,,,Y,
210132,001,8993549,2032-11-21,,,Y,
022272,003,9522919,2025-03-30,,Y,Y,
205109,001,10933090,2028-11-13,,,Y,
022115,005,8637512,2029-01-07,,,Y,
208798,008,9782551,2035-08-28,,,Y,
215814,001,12053463,2039-05-16,,Y,Y,
213491,001,9173851,2034-06-17,,,Y,
213312,001,10206887,2030-04-15,,,Y,
217677,003,12116347,2039-08-09,,,Y,
205739,004,8282913,2027-05-29,,,Y,
208799,004,10022510,2031-05-18,,,Y,
208692,003,11091440,2030-01-15,,,Y,
216986,004,10973934,2039-08-06,,Y,,
021038,004,8338470,2032-01-04,,,Y,
206494,001,9284314,2032-06-15,,Y,,
021747,001,7837235,2028-03-13,,,Y,Y
205787,001,9278182,2026-02-01,,,Y,
216457,001,12115254,2035-09-18,,,Y,
219122,001,12295953,2040-10-23,,,Y,
210632,003,11135190,2036-12-01,,,Y,
201739,003,10335549,2025-04-30,,,Y,
203340,002,11806338,2038-04-16,,,Y,
209381,001,10780112,2032-03-09,,,Y,
210563,004,10213386,2036-03-03,,,Y,
208798,008,8714149,2032-02-25,,,Y,
202788,002,10610523,2027-01-25,,,Y,
210656,001,8148401,2031-01-30,,Y,Y,
206756,001,8733341,2030-10-16,,,Y,Y
206977,003,11096913,2037-02-28,,,Y,
210655,001,10010612,2028-02-13,,,Y,
213756,001,12318367,2029-03-26,,,Y,
214012,001,10806791,2028-12-04,,Y,,
208686,001,9669008,2036-03-25,,,Y,
216986,001,11590246,2040-01-17,,,Y,
207921,001,11793953,2038-01-26,,,Y,
201922,003,7544373,2027-04-02,,,Y,
209482,001,8746242,2030-10-11,,,Y,
050795,005,8715724,2028-02-03,,,Y,
022287,001,8871273,2028-01-11,,,Y,
210906,003,10130646,2037-07-25,,,Y,
209637,001,10357616,2026-01-20,,,Y,Y
217439,005,8735392,2031-10-20,,Y,Y,
022272,006,9775808,2027-08-24,,,Y,
207793,001,10722508,2025-05-02,,Y,Y,
208799,004,9463288,2025-05-19,,,Y,
022416,002,10912781,2028-10-23,,,Y,
216158,002,10925832,2039-09-27,,,Y,
217064,001,11844858,2034-01-31,,,Y,
205122,005,8652527,2033-03-19,,,Y,
208799,005,11173259,2040-07-06,,,Y,
022572,001,8186511,2026-07-19,,,Y,
206627,004,9486413,2027-08-24,,,Y,
022421,002,7695734,2028-04-26,,,Y,
204623,001,9168304,2027-10-17,,,Y,
212535,001,11045438,2039-03-15,,,Y,
218201,001,11850181,2032-08-14,,,Y,
021925,002,8071130,2028-06-08,,,Y,
022272,001,12246094,2027-08-24,,,Y,
209311,005,10182995,2032-03-23,,,Y,
206940,002,9700542,2025-03-14,,,Y,
210884,001,8268791,2026-05-09,,,Y,
213973,001,11903933,2040-12-30,,,Y,
211488,001,10646572,2027-01-16,,,Y,
050444,001,11944634,2032-10-16,,,Y,
208400,001,10610485,2033-01-02,,,Y,
214755,002,10973795,2037-07-21,,,Y,
210933,001,11642317,2033-05-03,,,Y,
202231,001,9168238,2032-08-29,,,Y,
212273,001,7495103,2027-05-20,,Y,Y,
215431,001,10058614,2036-04-11,,,Y,
215272,001,11617724,2036-05-19,,,Y,
205552,002,7514444,2026-12-28,,Y,Y,
203505,001,8642079,2028-07-09,,,Y,
204242,002,10874661,2032-09-18,,,Y,
214253,001,11154498,2036-07-20,,,Y,
022321,001,8846104,2027-06-19,,,Y,
211988,004,10398686,2034-03-13,,,Y,
219301,001,10364238,2035-11-26,,Y,Y,
217439,004,8420650,2029-07-27,,Y,Y,
207981,001,9527833,2034-06-17,,Y,Y,
216834,001,10835574,2035-06-12,,,Y,
211635,001,10265402,2025-05-11,,,Y,
219249,002,10851091,2036-07-01,,Y,Y,
208799,004,10195375,2031-02-14,,,Y,
209128,001,9744129,2027-01-05,,,Y,
214324,003,10130685,2025-08-23,,,Y,
210565,001,10646437,2033-05-03,,,Y,
216285,001,11123299,2031-06-28,,,Y,
214324,001,10421729,2035-04-01,,,Y,
213137,001,10493035,2037-10-12,,,Y,
219285,001,9586955,2033-02-08,,Y,Y,
207202,002,9119554,2028-12-16,,,Y,
216354,007,8524733,2031-04-03,,Y,Y,
211810,002,10941142,2038-07-24,,,Y,
205122,004,8652527,2033-03-19,,,Y,
206500,001,8361500,2029-10-09,,,Y,
022580,002,9011905,2028-06-09,,,Y,
022433,001,8425934,2030-04-17,,,Y,
209863,003,8021335,2026-10-04,,,Y,
210598,001,8273894,2025-03-10,,,Y,
022203,002,9919050,2025-11-22,,,Y,
208686,001,10772868,2036-03-25,,,Y,
216903,001,11110054,2038-10-25,,,Y,
213498,005,RE43728,2029-11-16,,Y,Y,
218784,001,10172864,2034-07-11,,Y,Y,
022421,001,7695734,2028-04-26,,,Y,
203085,001,9957232,2032-07-09,,Y,,
213983,001,9242986,2029-12-08,,Y,Y,
206756,001,7727984,2027-01-19,,Y,,
211723,001,9090562,2031-09-12,,Y,Y,
209862,001,8021344,2029-11-02,,,Y,
209354,001,12076403,2031-11-02,,,Y,
214487,001,11951214,2039-11-27,,,Y,
200327,001,9629861,2030-09-21,,,Y,
202293,001,7919598,2029-12-16,,Y,,
210854,003,8927710,2031-05-05,,,Y,
208025,001,11077055,2036-04-21,,,Y,
208798,008,11969544,2039-08-20,,,Y,
212018,002,9902714,2035-03-26,,,Y,
203093,001,8981103,2026-10-26,,Y,Y,
214755,001,11839597,2037-07-21,,,Y,
217003,001,10106548,2033-06-03,,Y,Y,
201655,005,7851482,2029-07-10,,Y,,
208434,001,11433076,2035-04-24,,,Y,
208056,001,8461187,2026-01-17,,,Y,
206111,003,7713938,2027-04-15,,Y,Y,
208564,002,11065197,2032-11-21,,,Y,
212690,001,8901173,2033-01-11,,,Y,
209575,001,10231961,2037-02-07,,,Y,
216834,003,11965040,2035-06-12,,,Y,
214755,002,12115142,2037-07-21,,,Y,
218010,001,12201555,2031-02-14,,Y,Y,
205060,001,9050309,2033-01-04,,Y,,
210861,001,10799505,2036-08-15,,Y,Y,
211349,001,11944620,2036-07-01,,,Y,
216285,001,11439598,2031-06-28,,,Y,
207155,001,11020363,2030-05-28,,,Y,
203496,001,9604901,2028-12-15,,Y,,Y
022203,001,8071073,2028-06-04,,,Y,
021252,002,8217083,2028-06-06,,,Y,
206099,001,8978647,2030-12-06,,,Y,
215358,002,11407735,2040-05-14,,Y,,
213051,002,11759503,2033-03-15,,,Y,
214755,003,10272062,2037-07-21,,,Y,
214835,002,10881605,2031-05-31,,,Y,
209637,004,RE46363,2026-08-03,,,Y,Y
021137,005,10406108,2038-03-23,,,Y,
213586,002,9895447,2025-01-12,,,Y,
209311,005,10905652,2032-03-23,,,Y,
211651,006,8012976,2029-10-19,,Y,Y,
021514,003,8632802,2025-10-07,,,Y,
021610,003,8871779,2029-11-22,,Y,,
208798,004,9731087,2031-05-18,,,Y,
202714,002,8207125,2025-04-14,,Y,Y,
207925,002,8754224,2026-12-28,,Y,Y,
208798,005,9216260,2031-06-28,,,Y,
209128,001,8945592,2031-07-29,,,Y,
217388,001,8101743,2026-04-01,,Y,Y,
214846,001,12325714,2033-09-27,,Y,Y,
206627,002,9861584,2031-12-21,,,Y,
207925,004,8883206,2033-02-27,,,Y,
207202,005,11476952,2026-04-28,,,Y,
208564,001,9289382,2032-11-21,,,Y,
202231,003,9168239,2032-08-29,,,Y,
218390,002,10919892,2036-12-22,,Y,Y,
207533,003,8431576,2030-10-26,,Y,,
216665,002,7572789,2026-12-20,,Y,Y,
214985,002,9790208,2034-12-02,,Y,Y,
021947,004,7862833,2028-06-15,,,Y,
210951,002,9987261,2027-03-27,,,Y,
022249,001,8609863,2026-01-12,,,Y,
202293,002,8221786,2028-03-21,,,Y,
206494,001,7612087,2026-11-12,,,Y,
218347,001,12110298,2036-10-17,,Y,,
214410,001,10759814,2037-08-09,,Y,Y,
215809,001,9345772,2035-02-27,,,Y,
208798,004,10022510,2031-05-18,,,Y,
207202,005,7978064,2026-09-14,,,Y,
204286,001,10695303,2033-01-31,,,Y,
206627,007,9763933,2027-08-24,,,Y,
207975,005,9572803,2027-09-13,,,Y,
217604,001,12233166,2038-06-18,,,Y,
214517,001,12049457,2035-02-12,,Y,Y,
212273,002,8410274,2026-12-28,,,Y,
215092,001,10774072,2035-06-10,,Y,,
205551,001,8129385,2027-10-05,,Y,Y,
212306,001,11807629,2035-08-14,,Y,Y,
213051,001,10933120,2033-03-15,,,Y,
208434,001,9126931,2031-05-29,,Y,,
206627,005,9095615,2027-08-24,,,Y,
021821,001,8975242,2028-10-24,,,Y,
211675,001,12103933,2036-10-17,,,Y,
050813,001,8357394,2026-12-08,,,Y,
211962,006,11628200,2035-11-06,,,Y,
204824,007,11446441,2026-01-24,,,Y,
208564,001,10806697,2032-11-21,,,Y,
215985,002,12336983,2037-06-07,,,Y,
215092,001,8648097,2029-10-13,,Y,Y,
210493,002,11312698,2032-05-23,,Y,Y,
207202,004,9258035,2029-03-05,,,Y,
020873,001,7582727,2028-07-27,,,Y,
211675,002,11718627,2036-10-17,,Y,Y,
217806,007,9474780,2036-01-05,,Y,Y,
022321,004,7682634,2027-06-19,,,Y,
214410,001,8987441,2031-09-21,,Y,Y,
209637,001,9457154,2027-09-27,,,Y,Y
209637,002,9861757,2026-01-20,,,Y,Y
210428,003,9504655,2035-07-09,,,Y,
208798,005,10022510,2031-05-18,,,Y,
020911,001,9463289,2031-05-18,,,Y,Y
208558,002,11975001,2029-10-07,,,Y,
208799,006,8651103,2028-03-26,,,Y,
019034,002,9248229,2034-03-12,,,Y,
022580,003,8895058,2028-06-09,,,Y,
210251,001,11744802,2036-11-08,,,Y,
204516,001,7598271,2025-05-04,,Y,,
203496,003,9593066,2028-12-15,,Y,,
206111,001,7713938,2027-04-15,,Y,Y,
214410,001,11925648,2041-04-21,,,Y,
022012,003,8101209,2025-09-11,,,Y,
205636,002,10569034,2036-08-16,,,Y,
208798,003,10765820,2025-05-19,,,Y,
215499,001,10927129,2026-04-28,,Y,Y,
212268,001,10022445,2033-07-25,,,Y,
218033,001,8293752,2031-08-04,,Y,Y,
205109,001,10925897,2028-11-13,,,Y,
050795,003,8715724,2028-02-03,,,Y,
209128,001,8252329,2027-01-05,,,Y,
207921,001,10792447,2039-01-25,,,Y,
212436,002,RE47739,2027-03-05,,Y,Y,
208799,004,9782550,2035-08-28,,,Y,
208956,001,10166181,2029-06-30,,,Y,
208743,001,11977067,2038-04-30,,,Y,
217660,001,8623905,2027-05-01,,Y,Y,
217369,001,9512165,2034-04-17,,Y,Y,
204824,001,8562564,2026-01-24,,,Y,
201023,001,7241907,2025-12-10,,Y,,
210854,001,8987441,2031-09-21,,Y,Y,
212854,001,11027072,2039-05-24,,,Y,
216834,001,11535650,2035-06-12,,,Y,
021829,005,8246980,2025-11-27,,,Y,
208799,002,10124131,2031-05-18,,,Y,
207318,001,7732615,2028-06-03,,Y,Y,
212279,001,9849199,2036-02-11,,,Y,
213051,002,10960052,2031-12-16,,,Y,
206977,015,10537538,2037-02-28,,,Y,
215192,001,RE47437,2027-06-26,,Y,Y,
208799,005,10195375,2031-02-14,,,Y,
211964,002,9358204,2033-02-07,,,Y,
217677,001,12234210,2042-07-08,,,Y,
209401,001,9271931,2027-01-23,,,Y,
210563,003,8957079,2026-12-28,,Y,Y,
212306,004,8999996,2033-07-03,,Y,Y,
214755,002,12115144,2037-07-21,,,Y,
207078,002,10413569,2032-02-10,,Y,,
211988,001,9744163,2034-03-13,,,Y,
202317,001,8501818,2026-03-07,,,Y,
208147,001,8597684,2027-03-15,,,Y,
216655,001,11701352,2041-12-15,,,Y,
216117,003,9707217,2037-02-03,,,Y,
022181,001,8003126,2025-11-16,,,,
210132,002,8633178,2032-11-21,,,Y,
207930,001,8182838,2028-10-20,,,Y,
213491,002,9233077,2034-06-17,,,Y,
203414,001,8900638,2029-05-24,,,Y,
202810,003,9855278,2027-04-13,,,Y,
022063,002,8846100,2029-08-24,,,Y,
204824,007,8021335,2026-10-04,,,Y,
207202,005,10441194,2029-07-26,,,Y,
205755,001,8399450,2027-11-20,,Y,Y,
212516,001,10413525,2037-04-13,,,Y,
214985,001,9790208,2034-12-02,,Y,Y,
216196,001,RE49582,2031-02-24,,Y,Y,
214755,003,10925844,2040-02-28,,,Y,
215272,001,11597692,2038-11-13,,Y,Y,
208798,008,10918816,2035-12-14,,,Y,
216387,001,9290504,2032-07-11,,Y,Y,
205874,001,9387191,2030-07-21,,,Y,
022321,004,8877247,2027-06-19,,,Y,
211675,003,11198697,2036-10-17,,,Y,
217729,001,7767678,2026-11-23,,Y,Y,
214517,001,10829465,2035-02-12,,Y,Y,
203565,003,7612109,2026-02-05,,Y,Y,
209862,001,11590286,2026-12-12,,,Y,
213436,001,10940278,2033-01-23,,,Y,
206627,001,9750703,2031-12-21,,,Y,
208799,004,8714149,2032-02-25,,,Y,
210496,002,9387208,2032-11-21,,,Y,
209355,001,12076403,2031-11-02,,,Y,
217159,001,12257285,2041-12-29,,,Y,
214846,001,11795178,2033-09-27,,Y,Y,
217604,001,10987311,2038-06-18,,,Y,
217684,001,12016857,2039-08-16,,,Y,
204734,002,8980327,2030-12-01,,,Y,
208558,001,11633396,2029-10-07,,,Y,
208147,001,10086087,2027-03-15,,,Y,
205787,001,8021344,2029-11-02,,,Y,
211810,002,10435404,2038-07-24,,,Y,
210854,002,8927710,2031-05-05,,,Y,
208798,007,9216260,2031-06-28,,,Y,
202788,003,8835459,2027-01-25,,,Y,
206494,001,8471025,2031-08-12,,Y,,
214902,001,12053546,2032-06-29,,,Y,
206038,001,8754224,2026-12-28,,Y,Y,
216158,002,10238643,2030-07-21,,,Y,
209627,001,10918649,2039-06-21,,,Y,
216986,005,8114863,2028-09-19,,Y,,
207202,006,11476952,2026-04-28,,,Y,
216158,003,10925832,2039-09-27,,,Y,
217514,001,11504333,2038-06-29,,,Y,
213535,001,9586955,2033-02-08,,Y,Y,
207925,003,10646481,2029-08-13,,,Y,
208798,007,8978966,2032-01-13,,,Y,
022076,001,7981877,2025-01-23,,,Y,
211810,001,10730876,2036-05-05,,Y,,
213586,004,9895447,2025-01-12,,,Y,
214876,003,8436185,2029-04-24,,Y,,
208090,002,7399488,2025-03-24,,,Y,
215875,003,11207280,2039-03-21,,,Y,
204824,004,10709844,2029-03-10,,,Y,
204824,003,11684723,2029-03-10,,,Y,
207958,004,11160786,2034-03-14,,,Y,
207103,003,RE47739,2027-03-05,,Y,Y,
206030,001,9750822,2029-03-13,,,Y,
202331,001,9169238,2030-02-04,,,Y,
212099,001,11046713,2030-10-27,,Y,,
204242,006,9259421,2032-09-18,,,Y,
208623,001,11612594,2038-05-30,,Y,,
209394,001,RE48923,2035-05-08,,Y,,
217514,001,8415345,2030-01-20,,Y,Y,
209637,002,9687611,2027-02-27,,,Y,Y
216203,001,8217156,2030-10-07,,Y,Y,
211367,001,11504334,2031-06-28,,,Y,
212614,004,9155705,2030-05-21,,,Y,
209241,002,10906903,2036-12-22,,Y,Y,
206940,001,11311516,2033-03-14,,,Y,
216318,001,11642355,2039-03-25,,,Y,
211675,003,10981923,2036-10-17,,Y,,
208082,003,9296739,2033-09-18,,,Y,
210660,001,10905714,2039-01-15,,,Y,
206627,001,9775809,2027-08-24,,,Y,
208799,005,8978966,2032-01-13,,,Y,
209091,002,7919598,2029-12-16,,Y,,
209863,003,9629959,2026-01-24,,,Y,
213895,001,11000567,2035-11-06,,,Y,
208573,002,8546399,2031-06-27,,Y,Y,
202810,003,11166960,2027-04-13,,,Y,
204824,003,11497753,2030-03-19,,,Y,
212839,006,7598279,2032-10-30,,Y,,
216482,001,12097284,2039-08-16,,,Y,
203255,003,9351923,2028-05-23,,,Y,
215206,001,9850246,2033-03-13,,Y,,
214520,002,11738120,2042-04-15,,Y,Y,
207925,001,7495103,2027-05-20,,Y,Y,
211672,001,8071643,2033-03-25,,Y,Y,
208798,003,8714149,2032-02-25,,,Y,
208400,001,9855215,2033-01-02,,,Y,
205636,001,9731087,2031-05-18,,,Y,
207202,003,9258035,2029-03-05,,,Y,
214510,001,12350382,2028-02-03,,,Y,
207589,001,9566286,2031-06-10,,,Y,
204824,001,10709844,2029-03-10,,,Y,
210563,003,10125140,2033-06-03,,Y,Y,
209817,001,7553828,2025-06-02,,Y,,
208254,001,9415043,2034-03-14,,Y,,
204026,001,10555939,2030-05-19,,,Y,
213217,001,10927117,2037-08-15,,Y,Y,
208653,003,9549923,2030-07-01,,Y,Y,
219104,002,RE46791,2029-01-18,,Y,Y,
205637,001,8703177,2032-08-20,,,Y,
205649,004,7919598,2029-12-16,,Y,,
214200,001,10927120,2031-10-25,,,Y,
022416,001,8372431,2030-04-17,,,Y,
205832,001,10105323,2029-06-04,,,Y,
209311,005,9283214,2032-03-23,,,Y,
212379,001,8945516,2030-10-01,,,Y,
201739,003,8231573,2028-11-25,,,Y,
209354,001,10251895,2036-06-06,,,Y,
207500,002,10603280,2027-09-14,,,Y,
206910,001,9283209,2034-11-21,,Y,Y,
203312,003,9089608,2028-12-26,,,Y,
211651,004,8735392,2031-10-20,,Y,Y,
202810,001,8821930,2027-04-13,,,Y,
208798,003,8978966,2032-01-13,,,Y,
212801,002,8835646,2026-08-23,,Y,Y,
209311,002,9498447,2032-03-23,,,Y,
208799,004,11439777,2040-05-24,,,Y,
205552,001,8957079,2026-12-28,,Y,Y,
022341,001,8114833,2025-08-13,,Y,Y,
207960,002,11633389,2033-08-14,,,Y,
022309,002,8729057,2026-10-12,,,Y,
215153,001,9186411,2030-08-11,,,Y,
209529,001,9918970,2031-05-18,,,Y,
204026,004,10555939,2030-05-19,,,Y,
208798,001,10022510,2031-05-18,,,Y,
215813,001,10398785,2036-03-14,,,Y,
217369,002,9512165,2034-04-17,,Y,Y,
201739,003,8021344,2029-11-02,,,Y,
214787,001,11492353,2031-12-08,,Y,,
211962,004,12161690,2035-11-06,,,Y,
050818,001,8450287,2027-12-19,,,Y,
212535,001,11642370,2039-01-15,,,Y,
212516,001,12171742,2037-04-13,,,Y,
207947,006,8791122,2030-08-01,,Y,Y,
207947,008,8791122,2030-08-01,,Y,Y,
204200,001,12280024,2035-03-13,,,Y,
210874,003,8716251,2028-03-21,,,Y,
209299,002,8263122,2030-11-24,,,Y,
215331,001,12005069,2042-09-23,,,Y,
216099,006,11298356,2041-01-22,,,Y,
022272,001,10407434,2025-03-30,,Y,,
205636,002,11266796,2041-02-22,,,Y,
212516,002,9839626,2037-04-13,,,Y,
209531,001,8361977,2030-12-23,,Y,Y,
205787,001,8231573,2028-11-25,,,Y,
204153,001,9199977,2033-09-06,,Y,Y,
215833,001,10398791,2034-10-17,,Y,Y,
211810,001,9802932,2036-05-05,,Y,,
209381,001,10016504,2033-09-10,,,Y,
206111,001,10610489,2030-09-30,,,Y,
208798,001,8714149,2032-02-25,,,Y,
212306,003,11807629,2035-08-14,,Y,Y,
204824,003,11446441,2026-01-24,,,Y,
213973,001,12226406,2040-12-30,,,Y,
203094,002,10039718,2032-10-06,,,Y,
210563,002,10106548,2033-06-03,,Y,Y,
204417,001,8163306,2027-09-03,,,Y,
214787,001,8318682,2029-04-22,,Y,Y,
022272,005,11964056,2027-08-24,,,Y,
218390,003,10906903,2036-12-22,,Y,Y,
205552,002,10294231,2033-06-03,,,Y,
206627,005,9572779,2031-12-21,,,Y,
212123,002,8932557,2032-05-26,,Y,,
216686,001,12042504,2039-01-11,,,Y,
215192,003,9701636,2034-11-14,,Y,Y,
201848,001,10098997,2032-11-07,,,Y,
209863,002,10357609,2031-08-21,,,Y,
214628,003,10568850,2038-01-30,,,Y,
211913,003,9750711,2035-05-29,,,Y,
212038,005,9974752,2035-10-30,,,Y,
213586,005,10736965,2025-01-12,,,Y,
207202,006,8961412,2030-11-17,,,Y,
211765,001,12168004,2035-01-30,,,Y,
216117,005,9707217,2037-02-03,,,Y,
218730,001,7776905,2027-06-03,,Y,Y,
212038,003,10512612,2035-10-30,,,Y,
201848,001,11083831,2032-12-30,,,Y,
210951,002,9388159,2027-03-27,,Y,Y,
214375,001,10583205,2035-02-20,,,Y,
213378,001,9119848,2031-08-30,,Y,,
205122,003,9555005,2033-03-19,,,Y,
021731,001,11931559,2041-12-22,,Y,,
208026,002,7407955,2025-05-02,,Y,Y,
218213,001,10294242,2036-07-05,,Y,,
206406,001,11419823,2028-05-30,,,Y,
021137,007,10231931,2038-03-23,,,Y,
207155,001,10864183,2030-05-28,,,Y,
209589,001,10624879,2034-06-23,,,Y,
200603,005,RE45573,2025-06-23,,Y,,
204569,004,11980623,2033-05-29,,,Y,
208692,003,11298349,2032-02-10,,,Y,
213586,004,9925268,2025-01-12,,,Y,
214377,003,10736896,2031-05-19,,Y,Y,
202860,001,8607785,2030-07-14,,,Y,
213586,002,9717799,2025-01-12,,,Y,
217564,002,7829574,2028-05-09,,Y,Y,
214517,001,10071977,2035-02-12,,Y,Y,
020845,003,8573209,2031-01-06,,,Y,
209637,003,9616180,2026-01-20,,,Y,Y
208383,002,7598276,2026-11-08,,Y,,
215446,001,10987341,2039-11-01,,,Y,
214755,001,12097175,2037-07-21,,,Y,
208798,004,8714149,2032-02-25,,,Y,
210793,001,10449185,2038-08-27,,,Y,
022107,003,8618172,2028-07-13,,,Y,
209905,003,11160772,2037-03-10,,,Y,
215092,001,8685986,2029-10-13,,,Y,
209482,001,9750726,2030-11-29,,,Y,
208313,006,9241948,2033-07-01,,,Y,
212614,002,7407955,2025-05-02,,Y,Y,
203255,005,9351923,2028-05-23,,,Y,
206627,005,9763933,2027-08-24,,,Y,
209637,003,9457154,2027-09-29,,,Y,Y
202971,002,11648347,2034-04-06,,,Y,
213586,004,10736965,2025-01-12,,,Y,
201281,002,7407955,2025-05-02,,Y,Y,
210868,002,11299500,2038-10-04,,Y,,
204326,003,9839619,2032-06-28,,,Y,
207202,003,10441194,2029-07-26,,,Y,
209184,001,8685442,2032-11-16,,,Y,
212725,002,9085558,2028-07-08,,,Y,
210874,002,9616028,2030-11-12,,,Y,
209299,001,8263122,2030-11-24,,,Y,
207202,004,11476952,2026-04-28,,,Y,
217677,003,11884635,2039-08-09,,,Y,
203565,001,7612109,2026-02-05,,Y,Y,
204734,001,9023397,2030-12-01,,,Y,
203491,001,9662398,2030-12-01,,,Y,
022421,003,7695734,2028-04-26,,,Y,
209863,002,8562564,2026-01-24,,,Y,
217003,001,9181257,2026-12-28,,Y,,
213218,002,10154963,2033-10-06,,,Y,
201373,001,8933097,2030-08-02,,,Y,
211913,005,9700535,2035-08-04,,,Y,
214622,001,8552002,2029-08-25,,Y,Y,
217159,001,12268725,2041-12-29,,,Y,
207960,001,8202537,2027-03-15,,,Y,
207921,002,11395888,2038-01-26,,,Y,
203756,001,11091440,2030-01-15,,,Y,
208799,006,11969544,2039-08-20,,,Y,
213736,002,9611267,2035-01-30,,Y,Y,
207202,005,9060708,2029-03-05,,,Y,
206192,001,7803839,2029-11-10,,Y,Y,
215401,002,9474722,2033-10-24,,,Y,
217064,001,9795560,2034-01-31,,,Y,
211367,001,11123299,2031-06-28,,,Y,
201655,004,7851482,2029-07-10,,Y,,
206439,003,8293794,2025-11-22,,,Y,
207921,002,10022509,2031-05-18,,,Y,
208799,006,11464923,2040-06-19,,,Y,
207947,007,8791122,2030-08-01,,Y,Y,
206627,005,11304908,2027-08-24,,,Y,
212849,003,11110094,2032-04-10,,,Y,
210874,004,9616028,2030-11-12,,,Y,
202611,001,12059409,2029-09-28,,,Y,
021355,001,8906890,2031-10-22,,,Y,
217439,002,10189837,2031-10-20,,Y,Y,
208082,002,9296739,2033-09-18,,,Y,
209777,001,7955619,2028-08-12,,,Y,
211988,001,10980886,2035-04-20,,,Y,
209311,003,8927010,2032-03-23,,,Y,
207071,001,9265725,2027-12-08,,,Y,
215192,001,8598210,2027-06-26,,Y,Y,
207500,001,10206879,2027-09-14,,,Y,
207975,004,9216176,2027-09-13,,,Y,
022321,003,8877247,2027-06-19,,,Y,
207202,006,9149577,2029-12-15,,,Y,
021610,006,8871779,2029-11-22,,Y,,
213586,001,9925268,2025-01-12,,,Y,
210565,001,9393213,2033-05-03,,,Y,
210563,004,9296753,2033-10-30,,Y,,
022416,003,10912781,2028-10-23,,,Y,
207960,002,11103494,2033-08-14,,,Y,
204223,005,9072781,2034-03-12,,,Y,
212436,003,10723730,2034-02-08,,Y,Y,
202834,005,8772497,2026-07-01,,Y,,
206627,001,11304908,2027-08-24,,,Y,
210906,001,10130646,2037-07-25,,,Y,
206843,001,8329159,2029-07-24,,Y,,
214622,001,9067896,2028-08-06,,Y,,
211675,002,10344036,2036-10-17,,,Y,
218709,001,11045461,2038-12-11,,,Y,
214410,003,11261198,2038-09-25,,,Y,
208799,006,10195375,2031-02-14,,,Y,
214622,002,9067896,2028-08-06,,Y,,
022272,003,8894988,2027-08-24,,,Y,
207988,001,8003681,2025-08-25,,Y,,
216993,001,8883783,2027-03-16,,Y,,
209022,001,8550073,2029-10-22,,,Y,
213150,001,11931559,2041-12-22,,Y,,
210854,003,11261198,2038-09-25,,,Y,
203756,002,11091440,2030-01-15,,,Y,
208854,001,10952968,2033-05-13,,Y,Y,
212038,002,10292938,2035-10-30,,,Y,
210563,002,9296753,2033-10-30,,Y,,
208623,001,12042488,2038-05-30,,Y,,
202833,001,9833429,2026-12-18,,,Y,
206439,002,8338485,2025-11-22,,,Y,
203341,002,7919625,2025-12-11,,,Y,
209354,001,8809307,2031-11-02,,,Y,
214787,002,8318682,2029-04-22,,Y,Y,
214860,003,11154521,2036-10-17,,,Y,
214755,002,12115145,2037-07-21,,,Y,
219293,001,10874671,2040-02-18,,,Y,
212937,001,11510984,2039-07-01,,,Y,
204824,007,8562564,2026-01-24,,,Y,
213586,005,9717799,2025-01-12,,,Y,
215341,003,RE49826,2035-07-29,,Y,,
202834,004,8772497,2026-07-01,,Y,,
205436,001,9988406,2030-02-03,,,Y,
205422,001,7888362,2026-04-12,,Y,,Y
208259,001,11185538,2034-03-14,,,Y,
212273,002,8754224,2026-12-28,,Y,Y,
207202,003,8961412,2030-11-17,,,Y,
203923,001,12304813,2030-02-10,,,Y,
209863,003,10905827,2031-08-21,,,Y,
216665,002,7799777,2029-03-05,,Y,,
208073,001,9085553,2033-07-25,,,Y,
214461,001,8962829,2034-10-10,,Y,Y,
202331,002,9169238,2030-02-04,,,Y,
208799,005,10569034,2036-08-16,,,Y,
216354,005,8524733,2031-04-03,,Y,Y,
215320,001,11213498,2036-01-14,,,Y,
020911,001,10695512,2031-05-18,,,Y,
203389,001,9173851,2034-06-17,,,Y,
202811,001,8802628,2031-10-30,,,Y,
212535,001,10493051,2039-03-15,,,Y,
214324,002,11723887,2028-12-15,,Y,,
211675,003,11186584,2036-10-17,,Y,,
215256,001,8129343,2031-12-05,,Y,Y,
217171,001,10035822,2033-11-15,,Y,,
215875,004,10653646,2039-03-21,,,Y,
204326,003,9265737,2032-06-28,,,Y,
208794,001,7553840,2027-12-11,,Y,,
204447,003,8722684,2031-06-30,,Y,Y,
213051,001,10086047,2031-12-16,,,Y,
213312,001,11497737,2040-10-28,,,Y,
022500,001,8623409,2031-09-08,,,Y,
210563,002,9181257,2026-12-28,,Y,,
021669,001,7427574,2026-04-25,,,Y,
217439,001,10189837,2031-10-20,,Y,Y,
207202,004,8961412,2030-11-17,,,Y,
216718,001,8440854,2029-04-20,,,Y,
209445,001,10004750,2035-09-03,,Y,Y,
212994,001,9079928,2032-07-27,,,Y,
205109,001,11234938,2034-11-26,,,Y,
021717,001,10603293,2031-01-14,,,Y,
216951,002,8324208,2028-12-11,,Y,Y,
216540,001,8877795,2031-05-05,,,Y,
207620,002,8101659,2025-01-15,,,Y,
209305,001,10493103,2035-04-21,,,Y,
211675,001,11773105,2036-10-17,,Y,Y,
218197,001,9006430,2025-10-25,,,Y,
203496,002,9593066,2028-12-15,,Y,,
206316,003,7365205,2027-04-18,,Y,,
209091,001,7919598,2029-12-16,,Y,,
202834,002,8772497,2026-07-01,,Y,,
209410,003,8889740,2025-11-23,,,Y,
206229,001,11571328,2040-09-07,,,Y,
210793,001,7923564,2025-09-26,,Y,Y,
212268,003,11813364,2033-09-22,,,Y,
208010,001,10300078,2034-03-14,,,Y,
217806,002,9474780,2036-01-05,,Y,Y,
217677,001,11884634,2039-08-09,,,Y,
021038,003,8242158,2032-01-04,,,Y,
215985,002,12011437,2037-06-07,,,Y,
208056,001,9011926,2026-02-24,,,Y,
206073,002,11033552,2027-05-04,,,Y,
209128,001,12033733,2030-03-16,,,Y,
210656,001,10414748,2036-04-13,,Y,Y,
218160,002,10112942,2037-10-10,,Y,Y,
203634,001,10307375,2031-09-07,,,Y,
214787,002,8008264,2029-09-06,,Y,Y,
208276,004,9593066,2028-12-15,,Y,,
202714,003,7232818,2025-04-14,,Y,Y,
219285,001,12122789,2041-04-15,,Y,Y,
211109,002,8906887,2030-12-28,,,Y,
212725,002,8299057,2032-03-10,,Y,Y,
211651,001,8012976,2029-10-19,,Y,Y,
204223,004,9072781,2034-03-12,,,Y,
204275,003,8534281,2030-03-08,,,Y,
218160,003,10112942,2037-10-10,,Y,Y,
217660,002,8623905,2027-05-01,,Y,Y,
212304,001,10307379,2037-07-26,,,Y,
021908,001,8779187,2027-01-23,,,Y,
210942,001,9907751,2036-11-22,,,Y,
021137,003,10406108,2038-03-23,,,Y,
211913,002,9700535,2035-08-04,,,Y,
208798,005,9463288,2025-05-19,,,Y,
210875,002,10821074,2029-08-07,,,Y,
203496,004,7417070,2026-07-30,,Y,,
215179,003,11147817,2035-03-26,,,Y,
022272,004,10696684,2025-03-30,,Y,,
209637,001,8920383,2026-07-17,,,Y,Y
202971,003,11648347,2034-04-06,,,Y,
210563,002,10010507,2036-03-03,,,Y,
022108,002,7662407,2026-06-27,,,Y,
211765,002,10117836,2035-01-30,,,Y,
202834,003,8772497,2026-07-01,,Y,,
207202,002,10517507,2032-06-13,,,Y,
218197,002,10059714,2028-10-10,,Y,Y,
207960,002,8202537,2027-03-15,,,Y,
022271,002,8288539,2025-03-15,,Y,,
202788,003,9241935,2027-01-25,,,Y,
022260,001,8598227,2027-02-02,,,,
205109,001,10682376,2028-11-13,,,Y,
206333,001,8367649,2030-03-02,,,Y,
214965,001,9220694,2026-01-27,,,Y,
211988,002,10980886,2035-04-20,,,Y,
211358,003,8410274,2026-12-28,,,Y,
202100,001,9040083,2031-02-15,,,Y,
217677,002,11905255,2039-08-09,,,Y,
210854,003,10759814,2037-08-09,,Y,Y,
208271,001,9314461,2031-03-10,,,Y,
214324,002,10421729,2035-04-01,,,Y,
203496,001,8349892,2031-01-22,,,Y,
211844,001,10966990,2038-06-20,,,Y,
210874,004,8716251,2028-03-21,,,Y,
208026,001,8883805,2025-11-26,,,Y,
209884,003,12071402,2032-01-05,,,Y,
210563,001,7514444,2026-12-28,,Y,Y,
212888,002,10927129,2026-04-28,,Y,Y,
215192,001,7811595,2028-03-13,,Y,Y,
204326,003,8840924,2026-04-09,,,Y,
215192,002,10149842,2034-11-14,,Y,Y,
208573,001,11369599,2032-05-23,,,Y,
213793,001,11129869,2034-07-04,,,Y,
214876,002,8071623,2031-03-27,,Y,Y,
212614,004,9415016,2029-04-02,,,Y,
202833,002,8377919,2026-12-18,,,Y,
205879,004,7943788,2027-07-14,,Y,Y,
204824,004,8021335,2026-10-04,,,Y,
211962,005,11628200,2035-11-06,,,Y,
205552,001,10294231,2033-06-03,,,Y,
205636,002,11173259,2040-07-06,,,Y,
213973,001,11844788,2040-12-30,,,Y,
206627,006,9763933,2027-08-24,,,Y,
208171,002,10414831,2029-03-25,,Y,Y,
215830,001,12116368,2041-10-17,,Y,,
022399,002,6818787,2025-04-06,,Y,Y,
207931,001,8691938,2032-04-13,,Y,Y,
212725,002,9085565,2033-05-22,,Y,Y,
206977,009,10537538,2037-02-28,,,Y,
210563,002,10213386,2036-03-03,,,Y,
215888,001,9840492,2036-03-17,,Y,Y,
216903,001,11938217,2038-10-25,,,Y,
204592,001,9173854,2030-04-23,,,Y,
208437,001,7931212,2025-11-25,,,Y,
211675,002,11680069,2036-10-17,,Y,Y,
213586,001,10736965,2025-01-12,,,Y,
203255,005,7759308,2026-10-25,,,Y,
214902,001,8617580,2028-02-03,,,Y,
210526,003,8747902,2027-03-15,,,Y,
205879,002,7943788,2027-07-14,,Y,Y,
210251,001,9732092,2033-12-19,,Y,Y,
021829,002,10130589,2030-12-22,,,Y,
022272,002,9763933,2027-08-24,,,Y,
207960,001,11103494,2033-08-14,,,Y,
207202,001,8545402,2030-04-27,,,Y,
209637,002,8920383,2026-07-17,,,Y,Y
022500,002,8337890,2027-04-17,,,Y,
209241,002,10906902,2036-12-22,,Y,Y,
212018,002,8895601,2033-04-12,,Y,Y,
208798,001,9463288,2025-05-19,,,Y,
202570,001,7858643,2029-10-08,,Y,Y,
212306,003,8999996,2033-07-03,,Y,Y,
216993,002,9675549,2033-09-30,,,Y,
213674,002,7709517,2027-08-13,,Y,Y,
208051,001,7399865,2030-12-29,,Y,Y,
207921,001,11865247,2038-01-26,,,Y,
215985,002,10940142,2037-06-07,,,Y,
216059,001,12109193,2041-09-14,,,Y,
021829,004,8246980,2025-11-27,,,Y,
211367,001,10987364,2031-06-28,,,Y,
022115,004,8637512,2029-01-07,,,Y,
205552,002,9725455,2033-06-03,,Y,,
202860,001,11511252,2029-09-21,,,Y,
212306,005,9714226,2032-07-26,,Y,Y,
205435,001,10442829,2030-02-03,,Y,,
214096,001,8921357,2028-05-30,,Y,Y,
205677,001,11760740,2035-02-12,,Y,Y,
205777,002,9073933,2025-03-30,,Y,,
202057,002,8298554,2030-04-29,,,Y,
217604,001,10881617,2038-06-18,,,Y,
205579,001,7758890,2025-06-30,,,Y,
208692,001,11091440,2030-01-15,,,Y,
021137,006,10406108,2038-03-23,,,Y,
210493,002,11529362,2037-06-02,,,Y,
212725,001,9029356,2028-07-08,,Y,Y,
212304,002,10300025,2037-07-26,,,Y,
202810,003,7722898,2027-04-13,,,Y,
208798,006,11000653,2038-12-18,,,Y,
204326,003,9017731,2032-06-28,,,Y,
217064,001,11090261,2034-01-31,,,Y,
209311,005,8927010,2032-03-23,,,Y,
210656,001,8431597,2028-06-29,,,Y,
209863,001,11446441,2026-01-24,,,Y,
208082,003,9233959,2033-09-18,,,Y,
022156,003,8658676,2031-10-10,,,Y,
206111,003,10610489,2030-09-30,,,Y,
204441,003,8501730,2026-09-01,,Y,,
207202,001,9119554,2028-12-16,,,Y,
022272,004,9775808,2027-08-24,,,Y,
210852,001,10849916,2035-07-13,,,Y,
022321,005,7815934,2027-12-12,,,Y,
218730,002,RE50453,2027-05-01,,Y,Y,
210132,001,10639375,2032-11-21,,,Y,
204485,005,9919026,2035-01-30,,,Y,
206073,002,7407955,2025-05-02,,Y,Y,
208799,003,9731087,2031-05-18,,,Y,
212295,001,9777007,2027-07-10,,,Y,
213189,001,8980890,2025-12-28,,Y,Y,
217110,001,10537520,2036-06-29,,,Y,
204824,005,11497753,2030-03-19,,,Y,
215866,008,11357820,2039-06-14,,Y,Y,
210563,001,10752634,2033-06-03,,,Y,
217677,002,12234210,2042-07-08,,,Y,
207975,002,8445018,2029-07-31,,,Y,
205649,002,7919598,2029-12-16,,Y,,
202293,001,8716251,2028-03-21,,,Y,
206111,002,7579449,2028-08-01,,Y,,
207103,002,RE47739,2027-03-05,,Y,Y,
022024,001,7959946,2026-07-31,,,Y,
202880,005,10322120,2033-07-25,,,Y,
211566,003,10925871,2035-02-25,,,Y,
214755,003,12115142,2037-07-21,,,Y,
209410,002,8895614,2025-11-23,,,Y,
215985,001,9884050,2037-06-07,,,Y,
210296,001,9517209,2035-02-27,,,Y,
209500,003,9616061,2029-05-27,,,Y,
201848,001,10195334,2033-01-16,,,Y,
211230,001,10195151,2037-09-05,,,Y,
214047,001,9050307,2031-08-06,,,Y,
200796,001,7157584,2025-05-22,,Y,,
214755,003,11839597,2037-07-21,,,Y,
213378,004,7262298,2025-11-23,,Y,,
021991,001,8093295,2026-05-16,,,Y,
200677,002,8299209,2025-12-27,,Y,Y,
214787,002,RE46762,2029-04-22,,Y,Y,
216490,002,11759504,2037-09-28,,,Y,
207768,001,8062667,2029-03-29,,,Y,
208944,002,8895618,2025-11-23,,,Y,
205636,001,8978966,2032-01-13,,,Y,
214755,004,10973795,2037-07-21,,,Y,
022524,001,9095577,2030-07-13,,,Y,
217003,001,8008309,2027-11-13,,Y,Y,
202192,002,8415362,2027-12-24,,Y,Y,
205422,004,7888362,2026-04-12,,Y,,Y
215875,005,12133837,2039-03-21,,,Y,
208799,004,8651103,2028-03-26,,,Y,
210496,002,9593099,2030-08-27,,Y,,
206627,007,9084816,2027-08-24,,,Y,
217347,001,11584715,2040-05-22,,Y,Y,
206947,001,7253286,2025-10-24,,Y,Y,
022321,003,8685444,2025-07-03,,,Y,
022426,004,8288539,2025-03-15,,Y,,
022108,002,7572935,2026-06-27,,,Y,
211651,006,8735392,2031-10-20,,Y,Y,
021137,008,10231931,2038-03-23,,,Y,
215413,001,9242986,2029-12-08,,Y,Y,
207155,001,10040872,2034-01-30,,,Y,
217581,002,7858643,2029-10-08,,Y,Y,
209500,001,11753419,2040-12-10,,,Y,Y
213051,003,10960052,2031-12-16,,,Y,
217439,003,8012976,2029-10-19,,Y,Y,
203684,001,10232061,2038-07-06,,,Y,
205422,004,RE48059,2028-12-23,,Y,,
210951,001,12303493,2035-12-03,,,Y,
206627,005,9492389,2027-08-24,,,Y,
208401,001,9463183,2035-11-06,,,Y,
022012,002,8101209,2025-09-11,,,Y,
215064,001,11083733,2039-01-04,,,Y,
206110,001,9636407,2032-12-21,,,Y,
209637,002,10376652,2026-01-20,,,Y,Y
211675,001,12110298,2036-10-17,,Y,Y,
204790,002,9242986,2029-12-08,,Y,Y,
207501,001,6812238,2025-10-31,,Y,,
209510,002,10525033,2031-03-10,,,Y,
021908,002,8779187,2027-01-23,,,Y,
201281,003,9415016,2029-04-02,,,Y,
212038,004,9974752,2035-10-30,,,Y,
214377,001,10736896,2031-05-19,,Y,Y,
203341,001,7767678,2026-11-23,,Y,Y,
211566,001,10925871,2035-02-25,,,Y,
210296,001,9566259,2035-02-27,,,Y,
205122,005,9555005,2033-03-19,,,Y,
203496,005,9604901,2028-12-15,,Y,,Y
216834,002,10835574,2035-06-12,,,Y,
204824,008,10709844,2029-03-10,,,Y,
214835,002,10058504,2031-05-31,,,Y,
208437,001,9789270,2030-10-30,,,Y,
208798,005,11357935,2038-09-24,,,Y,
213312,001,12061183,2036-03-05,,,Y,
213976,001,10293052,2028-11-22,,,Y,
205834,002,8088368,2030-05-12,,Y,Y,
203496,005,11723887,2028-12-15,,Y,,
205552,001,10294232,2033-06-03,,,Y,
021986,006,7491725,2026-03-28,,Y,Y,
208798,008,11464923,2040-06-19,,,Y,
022260,001,8318802,2027-03-15,,,Y,
207202,004,11464423,2030-09-15,,,Y,
211616,001,7335799,2030-12-03,,Y,,
019034,001,9731082,2032-04-23,,,Y,
205552,001,9713617,2033-06-03,,,Y,
212614,004,7407955,2025-05-02,,Y,Y,
019430,001,8048035,2025-09-11,,,Y,
216755,001,11541035,2039-10-04,,,Y,
217645,001,8062667,2029-03-29,,,Y,
209092,001,8415355,2031-03-13,,Y,Y,
205636,002,8978966,2032-01-13,,,Y,
205489,003,9089496,2032-06-28,,,Y,
206030,001,9770407,2028-11-10,,,Y,
204760,001,7786133,2028-09-16,,Y,Y,
205395,001,7700645,2026-12-26,,Y,Y,
206977,006,11096913,2037-02-28,,,Y,
022524,002,8580830,2029-11-23,,,Y,
214094,001,10329260,2035-03-09,,Y,,
216264,001,11845867,2036-11-25,,Y,,
021829,006,10130589,2030-12-22,,,Y,
022024,001,7785627,2026-07-31,,,Y,
205552,001,8008309,2027-11-13,,Y,Y,
215401,004,11559501,2042-01-06,,,Y,
211150,001,8207197,2030-03-07,,Y,Y,
212304,002,9993466,2037-07-26,,,Y,
212608,001,11964980,2040-04-10,,Y,Y,
215239,001,11382922,2040-07-16,,Y,Y,
217901,001,12102754,2041-10-12,,,Y,
206947,001,7612208,2026-09-19,,Y,Y,
207958,002,11160786,2034-03-14,,,Y,
202788,006,8486972,2030-04-27,,,Y,
210854,003,8987441,2031-09-21,,Y,Y,
207921,002,11865247,2038-01-26,,,Y,
210563,004,9725455,2033-06-03,,Y,,
210563,001,9296753,2033-10-30,,Y,,
208798,003,9731087,2031-05-18,,,Y,
202788,007,10016403,2027-01-25,,,Y,
207202,001,11476952,2026-04-28,,,Y,
217389,001,12251384,2044-06-25,,,Y,
209203,001,8003681,2025-08-25,,Y,,
209862,001,7731690,2025-01-15,,,Y,
204026,002,8828427,2031-06-21,,Y,Y,
211962,005,10849956,2035-11-06,,,Y,
205122,002,8652527,2033-03-19,,,Y,
216655,001,11331315,2040-11-03,,,Y,
202317,001,7838564,2026-03-07,,,Y,
208090,002,7771707,2025-03-24,,,Y,
202100,001,8062667,2029-03-29,,,Y,
206627,005,9775809,2027-08-24,,,Y,
212273,002,7495103,2027-05-20,,Y,Y,
022108,002,7585897,2026-06-27,,,Y,
204824,005,11684723,2029-03-10,,,Y,
209863,001,10905827,2031-08-21,,,Y,
211746,001,10561672,2034-09-04,,,Y,
202714,001,7737112,2027-12-07,,,Y,
022272,001,9492389,2027-08-24,,,Y,
209805,001,9308204,2030-10-21,,,Y,
213051,001,11382957,2031-12-16,,,Y,
202833,001,8372828,2026-12-18,,,Y,
208147,001,8747902,2027-03-15,,,Y,
208798,005,11266796,2041-02-22,,,Y,
206302,001,7803838,2026-08-29,,,Y,
203684,001,10335502,2038-07-06,,,Y,
209296,001,9974793,2035-09-18,,,Y,
206500,001,8178550,2027-04-04,,Y,Y,
210251,002,7390791,2025-01-07,,Y,Y,
215014,001,10035822,2033-11-15,,Y,,
215814,001,10959994,2039-05-16,,,Y,
205489,002,9089496,2032-06-28,,,Y,
214755,004,12115143,2037-07-21,,,Y,
204441,002,8501730,2026-09-01,,Y,,
213871,003,9545405,2034-02-19,,Y,Y,
209410,002,8987333,2025-11-23,,,Y,
207620,001,8877938,2027-05-27,,Y,Y,
022321,001,8685444,2025-07-03,,,Y,
210868,001,11020376,2036-07-27,,,Y,
206627,004,11304908,2027-08-24,,,Y,
216986,003,11590246,2040-01-17,,,Y,
203922,001,8568793,2031-12-24,,Y,Y,
218171,002,9126947,2031-11-29,,Y,,
215446,001,12285409,2039-11-01,,,Y,
214962,001,9925138,2036-01-19,,,Y,
217439,004,8735392,2031-10-20,,Y,Y,
213872,002,8071073,2028-06-04,,,Y,
211488,001,11717555,2039-01-01,,,Y,
204824,002,9629959,2026-01-24,,,Y,
021514,003,9034370,2025-10-07,,,Y,
201655,001,7851482,2029-07-10,,Y,,
208799,005,11969544,2039-08-20,,,Y,
202860,001,7618594,2026-10-17,,,Y,
021137,009,10406108,2038-03-23,,,Y,
214324,002,10130685,2025-08-23,,,Y,
204114,003,9271941,2032-01-28,,,Y,
208798,002,8714149,2032-02-25,,,Y,
208399,001,8178550,2027-04-04,,Y,Y,
209310,001,10406332,2034-03-13,,,Y,
212839,003,7598279,2032-10-30,,Y,,
209482,001,7498440,2025-04-27,,Y,Y,
212801,002,9434754,2031-01-13,,Y,,
205552,001,9181257,2026-12-28,,Y,Y,
208558,001,8475842,2029-12-31,,,Y,
207078,002,10695365,2033-10-22,,Y,,
008975,002,12324787,2043-10-27,,,Y,
211911,001,7799336,2029-04-24,,,Y,
206627,003,9084816,2027-08-24,,,Y,
021829,004,9925150,2032-03-01,,,Y,
207621,004,7815934,2027-12-12,,,Y,
216834,002,11535650,2035-06-12,,,Y,
206627,005,9486412,2027-08-24,,,Y,
208264,003,9931458,2037-05-31,,,Y,
209862,001,7947017,2028-03-12,,,Y,
204168,004,8865937,2032-05-23,,Y,Y,
208798,007,9731087,2031-05-18,,,Y,
019734,004,10758616,2027-04-18,,,Y,
205122,001,9555005,2033-03-19,,,Y,
022110,002,7531623,2027-01-01,,Y,,
210428,004,9700530,2035-07-09,,,Y,
217186,002,12178918,2034-10-07,,,Y,
201281,002,9155705,2030-05-21,,,Y,
204569,001,11980623,2033-05-29,,,Y,
215814,001,10414752,2035-09-18,,,Y,
203496,004,9593066,2028-12-15,,Y,,
209410,004,8889740,2025-11-23,,,Y,
210852,003,11382923,2035-12-01,,,Y,
215401,003,8632802,2025-10-07,,,Y,
214461,001,9371344,2034-10-10,,,Y,
209241,003,8039627,2031-04-11,,Y,Y,
208232,001,9265812,2029-09-17,,,Y,
050808,005,9192615,2031-11-17,,,Y,
207202,005,9258035,2029-03-05,,,Y,
212801,002,10143680,2035-07-06,,,Y,
203414,001,8288539,2025-06-24,,Y,,
206627,006,9492389,2027-08-24,,,Y,
213378,003,9119848,2031-08-30,,Y,,
218785,001,12233069,2040-06-10,,,Y,
022272,005,11304908,2027-08-24,,,Y,
217806,010,9474780,2036-01-05,,Y,Y,
206185,001,9629852,2029-09-12,,,Y,
211675,003,10202393,2036-10-17,,,Y,
211109,002,10961190,2037-10-19,,Y,,
217806,005,9474780,2036-01-05,,Y,Y,
207975,002,9216176,2027-09-13,,,Y,
209311,003,9283214,2032-03-23,,,Y,
021829,003,10350174,2030-12-22,,,Y,
214835,001,10058504,2031-05-31,,,Y,
209777,004,10314788,2028-08-12,,,Y,
210136,005,11135215,2032-07-26,,,Y,
205636,002,11357935,2038-09-24,,,Y,
219122,001,11944621,2040-10-23,,,Y,
217677,002,11884634,2039-08-09,,,Y,
214324,005,9593066,2028-12-15,,Y,,
210563,001,9655857,2036-03-03,,,Y,
219301,001,11001578,2035-11-26,,Y,Y,
211635,003,8895546,2029-03-27,,,Y,
022161,001,8106183,2027-02-02,,Y,,
200678,001,8628799,2025-07-13,,,Y,
205636,002,11464923,2040-06-19,,,Y,
205552,001,9296753,2033-10-30,,Y,Y,
215974,001,10071985,2037-08-17,,Y,Y,
206628,003,9649296,2036-04-20,,,Y,
207078,001,8877255,2033-10-22,,Y,,
207589,001,10130640,2031-06-10,,,Y,
203168,001,8129431,2025-09-11,,Y,Y,
208798,006,8714149,2032-02-25,,,Y,
205636,001,10765820,2025-05-19,,,Y,
206038,002,8653103,2028-12-04,,,Y,
216986,001,10973934,2039-08-06,,Y,,
021527,001,8474447,2030-01-17,,,Y,Y
211710,001,8513263,2029-12-23,,Y,Y,
216986,003,8114863,2028-09-19,,Y,,
208078,001,10626088,2037-02-25,,,Y,
021821,001,8372995,2030-10-08,,,Y,
204026,004,9993467,2030-05-19,,,Y,
050795,008,8715724,2028-02-03,,,Y,
208780,002,10188637,2037-03-28,,,Y,
019734,002,10758616,2027-04-18,,,Y,
214755,004,12097175,2037-07-21,,,Y,
214324,001,9593066,2028-12-15,,Y,,
021272,004,9593066,2028-12-15,,Y,,
208558,001,12048695,2029-10-07,,,Y,
209988,001,10272064,2034-04-03,,,Y,
213953,002,10576090,2030-12-31,,,Y,
213591,002,8420645,2031-06-05,,Y,Y,
205787,001,7947017,2028-03-12,,,Y,
206627,003,9763933,2027-08-24,,,Y,
211358,001,7495103,2027-05-20,,Y,Y,
201532,001,RE46965,2027-01-08,,,Y,
205637,002,9522188,2035-04-24,,,Y,
211651,006,8420650,2029-07-27,,Y,Y,
022075,002,8318201,2027-09-05,,,Y,
022325,002,7635773,2029-03-13,,,Y,
209311,002,10905652,2032-03-23,,,Y,
208799,006,10918816,2035-12-14,,,Y,
213422,001,11696919,2039-03-18,,,Y,
204768,002,8734847,2030-04-23,,,Y,
203100,001,10039718,2032-10-06,,,Y,
206333,001,8101593,2030-03-02,,,Y,
209863,003,11191908,2035-10-18,,,Y,
207202,003,10517507,2032-06-13,,,Y,
211988,002,10398686,2034-03-13,,,Y,
215499,001,8410103,2026-04-28,,Y,Y,
022272,003,9775808,2027-08-24,,,Y,
201655,007,8871779,2029-11-22,,Y,,
204822,001,9144561,2029-03-13,,,Y,
022287,002,9238029,2026-01-17,,,Y,
206627,006,9770416,2027-08-24,,,Y,
215192,002,RE47437,2027-06-26,,Y,Y,
214665,002,10519146,2038-05-21,,Y,Y,
209905,004,11160772,2037-03-10,,,Y,
214324,001,11723887,2028-12-15,,Y,,
209510,001,10525033,2031-03-10,,,Y,
022388,001,9474746,2028-03-27,,,Y,
021038,002,8338470,2032-01-04,,,Y,
216956,001,11091435,2036-06-21,,Y,Y,
208400,001,9259427,2033-01-02,,,Y,
202207,001,6409990,2025-05-12,,Y,,
212436,003,11065250,2036-08-19,,,Y,
215272,001,10195160,2036-05-19,,,Y,
211358,003,8507534,2030-09-20,,Y,Y,
208799,004,11969544,2039-08-20,,,Y,
210491,001,7645789,2027-05-01,,Y,Y,
210251,001,10548846,2036-11-08,,,Y,
208313,008,9241948,2033-07-01,,,Y,
211349,001,11938130,2036-07-01,,,Y,
213591,001,10596178,2035-07-22,,,Y,
022108,001,7662407,2026-06-27,,,Y,
206627,003,9095615,2027-08-24,,,Y,
212194,001,9150605,2025-08-28,,Y,Y,
219423,001,10322117,2038-01-23,,,Y,
210910,001,8263120,2025-05-03,,,Y,
208653,002,8828978,2030-07-01,,,Y,
205832,002,10105323,2029-06-04,,,Y,
021908,001,8026393,2027-10-25,,,Y,
021862,001,8071648,2025-12-02,,,Y,
210493,001,11312698,2032-05-23,,Y,Y,
208623,001,11357764,2038-05-30,,Y,,
213756,002,12220403,2029-03-26,,,Y,
201739,001,8206360,2027-02-27,,,Y,
212209,001,11844784,2042-07-29,,,Y,
213436,001,9550036,2032-09-05,,,Y,
211810,001,8404700,2027-11-21,,Y,,
206111,002,10610489,2030-09-30,,,Y,
208798,004,10195375,2031-02-14,,,Y,
200677,002,7473761,2026-12-14,,Y,Y,
207202,002,7978064,2026-09-14,,,Y,
213051,003,10933120,2033-03-15,,,Y,
201739,003,8206360,2027-02-27,,,Y,
216354,001,11813232,2038-03-15,,,Y,
022272,004,8894987,2030-03-29,,,Y,
205596,001,9750822,2029-03-13,,,Y,
207202,002,8545402,2030-04-27,,,Y,
217686,001,12297189,2038-02-26,,,Y,
213498,001,RE43728,2029-11-16,,Y,Y,
206089,002,10617696,2030-04-12,,Y,Y,
212516,002,10959982,2037-04-13,,,Y,
207975,001,9216176,2027-09-13,,,Y,
205552,001,10125140,2033-06-03,,Y,Y,
210563,001,10010507,2036-03-03,,,Y,
219249,001,11028100,2038-04-26,,Y,Y,
211340,001,10952998,2037-10-06,,,Y,
204114,001,7378423,2027-05-29,,Y,Y,
213586,007,9023897,2033-04-05,,,Y,
217901,001,10792253,2037-08-04,,,Y,
050795,007,9511031,2034-10-23,,,Y,
203826,005,11471400,2036-08-05,,,Y,
208470,001,8268806,2031-03-19,,,Y,
204242,002,9259421,2032-09-18,,,Y,
209445,001,9949982,2035-09-03,,,Y,
212535,001,10918662,2039-01-15,,,Y,
206977,010,10537538,2037-02-28,,,Y,
209863,002,10279131,2031-07-31,,,Y,
212304,002,10307379,2037-07-26,,,Y,
205436,001,10442829,2030-02-03,,Y,,
208082,001,11813232,2038-03-15,,,Y,
212268,001,11123305,2033-07-25,,,Y,
207925,002,8410274,2026-12-28,,,Y,
202834,006,8772497,2026-07-01,,Y,,
210632,002,10398669,2036-12-01,,,Y,
209203,002,8003681,2025-08-25,,Y,,
207202,005,8258962,2030-11-25,,,Y,
208799,004,10765820,2025-05-19,,,Y,
210498,001,9562016,2033-10-18,,Y,Y,
208686,001,10786482,2036-03-25,,,Y,
205109,001,10925896,2028-11-13,,,Y,
207924,003,8158616,2032-05-31,,Y,Y,
213586,004,9717799,2025-01-12,,,Y,
214096,001,9062029,2028-07-04,,,Y,
219839,002,11007198,2039-01-28,,Y,Y,
205388,001,9066856,2033-10-23,,,Y,
022108,001,7572935,2026-06-27,,,Y,
214324,005,11723887,2028-12-15,,Y,,
209863,002,11497753,2030-03-19,,,Y,
022321,004,8685444,2025-07-03,,,Y,
208745,001,9925231,2031-09-15,,,Y,
204275,002,8534281,2030-03-08,,,Y,
209500,002,9168258,2029-05-27,,,Y,
202810,002,9370525,2027-04-13,,,Y,
022287,001,8105626,2026-09-27,,,Y,
208558,002,12178816,2029-10-07,,,Y,
211358,002,8507534,2030-09-20,,Y,Y,
202788,005,10610523,2027-01-25,,,Y,
212273,001,8410274,2026-12-28,,,Y,
208611,001,7635773,2029-03-13,,,Y,
201655,005,8192722,2025-09-15,,,Y,
214410,002,9815835,2030-06-14,,,Y,
208325,002,8377880,2030-07-29,,Y,Y,
208082,002,11666566,2033-09-18,,,Y,
022512,002,7932273,2025-09-07,,Y,Y,
202570,002,7230098,2025-08-26,,Y,,
212038,003,10688060,2035-10-30,,,Y,
022549,001,8387612,2026-10-23,,,Y,
211448,001,9694008,2033-08-07,,,Y,
214755,001,12115144,2037-07-21,,,Y,
214755,003,12138239,2037-07-21,,,Y,
200678,003,8628799,2025-07-13,,,Y,
215401,002,8632802,2025-10-07,,,Y,
208799,003,8651103,2028-03-26,,,Y,
213793,001,9458195,2027-10-13,,Y,Y,
022108,003,7671094,2026-06-27,,,Y,
211810,001,10435404,2038-07-24,,,Y,
213378,002,11707466,2041-11-12,,,Y,
206977,014,10537538,2037-02-28,,,Y,
211651,005,10189837,2031-10-20,,Y,Y,
212273,002,10646481,2029-08-13,,,Y,
212888,001,11389448,2032-04-13,,,Y,
207533,002,11969469,2033-10-24,,,Y,
021936,002,7837235,2028-03-13,,,Y,Y
208082,001,9296739,2033-09-18,,,Y,
214755,004,12138239,2037-07-21,,,Y,
203826,004,11213480,2036-09-26,,,Y,
219097,001,11957681,2040-04-27,,,Y,
022068,002,8501760,2026-07-18,,,Y,
217677,002,7342118,2025-08-18,,Y,,
022117,001,8022228,2026-04-06,,Y,Y,
202810,002,8821930,2027-04-13,,,Y,
208558,002,11633396,2029-10-07,,,Y,
213586,002,10736965,2025-01-12,,,Y,
208798,001,10765820,2025-05-19,,,Y,
203752,001,9833419,2028-07-10,,,Y,
208799,002,8978966,2032-01-13,,,Y,
217806,009,9474780,2036-01-05,,Y,Y,
207078,002,8877255,2033-10-22,,Y,,
020911,002,10086156,2031-05-18,,,Y,
207202,001,10517507,2032-06-13,,,Y,
021338,001,9731121,2031-10-17,,,Y,
022272,004,9770416,2027-08-24,,,Y,
207202,003,9941931,2030-11-04,,,Y,
212801,002,8314097,2029-03-27,,Y,Y,
217806,012,9474780,2036-01-05,,Y,Y,
213224,001,10342850,2038-05-15,,,Y,
216834,001,10562934,2035-06-12,,Y,,
212099,001,10383853,2036-01-28,,Y,,
209863,002,11813435,2035-02-25,,,Y,
207533,002,8431576,2030-10-26,,Y,,
209311,003,10182995,2032-03-23,,,Y,
208611,001,8410077,2029-03-13,,,Y,
212306,001,9714226,2032-07-26,,Y,Y,
215256,002,8129343,2031-12-05,,Y,Y,
210598,001,9765028,2030-07-14,,Y,,
204824,005,9629959,2026-01-24,,,Y,
207500,001,6812238,2025-10-31,,Y,,
209637,003,9108002,2026-01-20,,,Y,Y
209936,001,10383876,2032-03-29,,Y,Y,
213586,007,9925268,2025-01-12,,,Y,
204114,003,7378423,2027-05-29,,Y,Y,
205777,003,9073933,2025-03-30,,Y,,
201739,001,8231573,2028-11-25,,,Y,
204819,001,7173037,2026-12-04,,Y,Y,
207202,002,11476952,2026-04-28,,,Y,
207202,004,9941931,2030-11-04,,,Y,
207999,001,10751349,2036-04-26,,,Y,
202293,002,7851502,2028-08-19,,,Y,
202192,003,8415362,2027-12-24,,Y,Y,
209863,002,10905827,2031-08-21,,,Y,
207078,001,11406662,2032-02-10,,Y,,
217439,004,8012976,2029-10-19,,Y,Y,
021829,001,9925150,2032-03-01,,,Y,
211675,001,RE47221,2033-08-16,,Y,,
205266,001,8063043,2029-09-15,,Y,Y,
207620,001,8101659,2025-01-15,,,Y,
022474,001,8512745,2030-06-02,,,Y,
022580,001,8895058,2028-06-09,,,Y,
209478,001,11389461,2036-10-28,,,Y,
205787,001,11590286,2026-12-12,,,Y,
210655,001,9597402,2026-09-26,,,Y,
209863,003,11446441,2026-01-24,,,Y,
213871,001,9545405,2034-02-19,,Y,Y,
207999,001,10174073,2033-06-17,,Y,,
208692,003,11091439,2030-01-15,,Y,,
203567,001,9662394,2034-10-02,,,Y,
206627,006,9572779,2031-12-21,,,Y,
210868,002,8680111,2033-03-05,,Y,Y,
213973,001,8188113,2030-07-27,,Y,Y,
204824,005,8562564,2026-01-24,,,Y,
207925,001,8754224,2026-12-28,,Y,Y,
213931,003,12016856,2029-12-30,,Y,Y,
219304,001,9181223,2034-03-14,,Y,Y,
208215,001,7390791,2025-01-07,,Y,Y,
204441,005,10905694,2030-04-07,,,Y,
205636,002,10022510,2031-05-18,,,Y,
200603,003,RE45573,2025-06-23,,Y,,
216986,005,11590246,2040-01-17,,,Y,
214835,002,10085936,2031-05-31,,,Y,
206627,006,9486413,2027-08-24,,,Y,
218171,002,8551995,2029-02-09,,Y,,
214835,001,10463607,2031-05-31,,,Y,
206544,003,10314788,2028-08-12,,,Y,
207924,001,8158616,2032-05-31,,Y,Y,
021731,001,11771841,2041-12-22,,Y,Y,
217677,001,11905255,2039-08-09,,,Y,
205122,004,9555005,2033-03-19,,,Y,
210951,001,9388159,2027-03-27,,Y,Y,
022580,002,8580298,2029-05-15,,,Y,
203568,001,7511131,2027-01-29,,Y,,
206488,001,9018368,2025-06-28,,Y,Y,
208658,003,7579449,2028-08-01,,Y,,
205422,002,RE48059,2028-12-23,,Y,,
211651,003,8012976,2029-10-19,,Y,Y,
217684,001,12290499,2042-10-17,,,Y,
204441,005,8501730,2026-09-01,,Y,,
207925,001,8883206,2033-02-27,,,Y,
207975,003,9216176,2027-09-13,,,Y,
212018,001,9902714,2035-03-26,,,Y,
206406,002,10166190,2028-05-30,,,Y,
022272,007,10696684,2025-03-30,,Y,,
212306,001,8999996,2033-07-03,,Y,Y,
212614,001,7407955,2025-05-02,,Y,Y,
211215,001,11992514,2039-05-20,,,Y,
214860,005,11154521,2036-10-17,,,Y,
216951,004,8324208,2028-12-11,,Y,Y,
209863,001,11497753,2030-03-19,,,Y,
209806,003,9308204,2030-10-21,,,Y,
216157,001,9018210,2033-11-25,,Y,Y,
218347,001,RE47221,2033-08-16,,Y,,
212477,002,8088368,2030-05-12,,Y,Y,
215431,001,10463736,2036-04-11,,,Y,
204819,002,7173037,2026-12-04,,Y,Y,
202860,001,10737051,2035-10-20,,,Y,
021379,001,11771841,2041-12-22,,Y,Y,
209863,001,9744302,2035-11-19,,,Y,
213953,003,11590146,2030-12-31,,,Y,
208573,001,8546399,2031-06-27,,Y,Y,
204485,006,9919026,2035-01-30,,,Y,
021137,006,10231931,2038-03-23,,,Y,
213872,002,9919050,2025-11-22,,,Y,
209637,004,9687611,2027-02-27,,,Y,Y
215256,005,8129343,2031-12-05,,Y,Y,
204441,001,8501730,2026-09-01,,Y,,
050795,004,8715724,2028-02-03,,,Y,
209296,001,9974742,2035-09-18,,,Y,
022512,001,7932273,2025-09-07,,Y,Y,
022416,004,10912781,2028-10-23,,,Y,
208799,006,10765820,2025-05-19,,,Y,
210563,004,10828259,2036-03-03,,,Y,
217677,003,11884634,2039-08-09,,,Y,
206940,002,7741356,2029-05-27,,Y,Y,
208056,001,9241910,2029-03-10,,,Y,
217581,001,7858643,2029-10-08,,Y,Y,
209203,002,8546436,2032-02-29,,Y,,
208799,002,10022510,2031-05-18,,,Y,
209637,001,9775953,2026-07-17,,,Y,Y
217906,001,7612087,2026-11-12,,,Y,
206099,001,10722667,2028-12-30,,,Y,
204326,002,8840924,2026-04-09,,,Y,
201739,001,7947017,2028-03-12,,,Y,
204223,004,9248229,2034-03-12,,,Y,
214622,002,11160804,2034-12-11,,,Y,
217806,003,11357820,2039-06-14,,,Y,
213436,001,10507295,2032-12-25,,,Y,
206099,001,10398859,2027-12-19,,,Y,
217806,006,11357820,2039-06-14,,,Y,
022272,001,8894987,2030-03-29,,,Y,
210906,002,10342813,2037-07-25,,,Y,
206333,001,8883770,2028-02-21,,,Y,
207078,001,8802152,2032-04-19,,Y,,
219249,001,10851091,2036-07-01,,Y,Y,
022272,003,10407434,2025-03-30,,Y,,
214938,001,9907834,2036-08-01,,,Y,
211728,001,9950069,2031-01-20,,,Y,
210563,001,8697711,2026-12-28,,Y,Y,
213586,006,8802127,2025-01-12,,,Y,
211962,003,11628200,2035-11-06,,,Y,
201292,003,8426586,2029-10-10,,Y,,
213426,001,10245276,2030-04-19,,Y,Y,
208325,003,9820938,2034-06-27,,,Y,
019034,004,9248229,2034-03-12,,,Y,
204569,002,10098892,2033-05-29,,,Y,
214120,001,11571436,2029-05-14,,,Y,
214324,004,11723887,2028-12-15,,Y,,
022272,007,9492392,2027-08-24,,,Y,
216578,001,8871761,2031-04-04,,Y,,
205596,001,9493582,2033-02-27,,,Y,
205122,002,9101545,2033-03-19,,,Y,
211158,001,9855335,2033-04-07,,,Y,
209241,003,10906902,2036-12-22,,Y,Y,
200603,001,8883794,2026-05-26,,,Y,
202788,006,9642844,2027-01-25,,,Y,
211651,004,10189837,2031-10-20,,Y,Y,
206977,013,11096913,2037-02-28,,,Y,
206627,007,9486412,2027-08-24,,,Y,
208215,002,7390791,2025-01-07,,Y,Y,
022426,005,8288539,2025-03-15,,Y,,
208798,004,11351317,2038-02-10,,,Y,
212268,002,9687474,2033-07-25,,,Y,
208082,002,11813232,2038-03-15,,,Y,
212436,003,RE47739,2027-03-05,,Y,Y,
214154,001,11793760,2036-06-17,,,Y,
213687,001,8697748,2029-04-28,,,Y,
204824,006,9533102,2026-01-24,,,Y,
213135,001,11638697,2037-08-04,,,Y,
217439,001,8012976,2029-10-19,,Y,Y,
022108,002,7645802,2026-06-27,,,Y,
207925,002,8883206,2033-02-27,,,Y,
207925,002,7495103,2027-05-20,,Y,Y,
211675,003,11680069,2036-10-17,,Y,Y,
210632,001,11135190,2036-12-01,,,Y,
205703,002,8835505,2033-03-15,,,Y,
212038,002,9974752,2035-10-30,,,Y,
209830,001,11154552,2035-08-17,,,Y,
021457,001,10022509,2031-05-18,,,Y,
204031,001,8394408,2029-03-11,,,Y,
213586,001,8802127,2025-01-12,,,Y,
214755,003,11504347,2037-07-21,,,Y,
212516,004,9839626,2037-04-13,,,Y,
050795,006,8715724,2028-02-03,,,Y,
208799,004,11464923,2040-06-19,,,Y,
208745,001,9616097,2032-08-20,,,Y,
022426,001,8288539,2025-03-15,,Y,,
205787,001,8939943,2031-02-28,,,Y,
204353,004,11576894,2030-07-06,,,Y,
207202,004,7978064,2026-09-14,,,Y,
209500,002,11753419,2040-12-10,,,Y,Y
215192,003,10149842,2034-11-14,,Y,Y,
214278,001,10076494,2036-12-08,,,Y,
021361,001,8193196,2027-09-02,,Y,Y,
206494,001,8969566,2032-06-15,,Y,,
217242,001,12005052,2037-06-07,,,Y,
209939,001,RE46791,2029-01-18,,Y,Y,
021976,006,7700645,2026-12-26,,Y,Y,
209115,001,8754072,2031-02-10,,Y,Y,
208246,001,RE41783,2025-12-08,,Y,,
208798,001,11969544,2039-08-20,,,Y,
206940,001,9675587,2033-03-14,,,Y,
204242,001,9439900,2032-09-18,,,Y,
211340,001,10695329,2037-10-16,,,Y,
207533,001,11969469,2033-10-24,,,Y,
213586,006,9925268,2025-01-12,,,Y,
212099,001,11168058,2038-02-27,,Y,Y,
211675,001,10981924,2036-10-17,,,Y,
208798,006,10918816,2035-12-14,,,Y,
209637,002,10220155,2026-07-17,,,Y,Y
215383,001,12358870,2042-06-30,,,Y,
209115,003,9045487,2031-02-10,,Y,Y,
215498,004,11802115,2039-06-20,,,Y,
208658,002,7713938,2027-04-15,,Y,Y,
213973,001,8461179,2034-05-15,,Y,Y,
206977,001,11096913,2037-02-28,,,Y,
022032,001,9023391,2025-08-16,,,Y,
213491,002,9173851,2034-06-17,,,Y,
204441,002,10905694,2030-04-07,,,Y,
021936,001,7396341,2026-10-10,,,Y,Y
214697,001,10576156,2038-02-06,,,Y,
207958,001,11160786,2034-03-14,,,Y,
215814,001,10550098,2035-09-18,,,Y,
210951,002,12303493,2035-12-03,,,Y,
205060,001,7960370,2026-12-20,,,Y,
021035,002,8802142,2031-06-07,,,Y,
205580,001,11872214,2031-01-28,,,Y,
214628,001,10159657,2038-01-30,,,Y,
214273,001,11529333,2038-08-18,,,Y,
212725,001,9085558,2028-07-08,,,Y,
019034,004,9731082,2032-04-23,,,Y,
207318,001,7601740,2030-04-29,,Y,Y,
217581,002,8217057,2029-11-06,,Y,,
216457,001,9974742,2035-09-18,,,Y,
210132,001,8633178,2032-11-21,,,Y,
022272,002,9770416,2027-08-24,,,Y,
021038,002,8648106,2032-01-04,,,Y,
211988,003,10980886,2035-04-20,,,Y,
212608,004,11964980,2040-04-10,,Y,Y,
209817,001,9265740,2029-03-05,,,Y,
207921,001,11957832,2041-05-05,,,Y,
204824,002,9867949,2029-03-10,,,Y,
202860,001,7560076,2027-04-21,,,Y,
202811,003,10675325,2031-08-11,,,Y,
209376,001,11998565,2041-07-01,,,Y,
215842,001,10351854,2035-10-09,,Y,Y,
208798,006,11969544,2039-08-20,,,Y,
212950,001,8461333,2025-02-25,,Y,,
216718,001,8993640,2033-04-24,,Y,Y,
022416,001,10912781,2028-10-23,,,Y,
206038,001,10646481,2029-08-13,,,Y,
210933,001,10688045,2033-05-03,,,Y,
210136,002,11135215,2032-07-26,,,Y,
204168,002,8865937,2032-05-23,,Y,Y,
209311,002,9283214,2032-03-23,,,Y,
208090,001,7771707,2025-03-24,,,Y,
210365,001,10709673,2035-06-17,,,Y,
208462,003,8859504,2029-06-16,,Y,Y,
209863,003,11497753,2030-03-19,,,Y,
213953,001,11590146,2030-12-31,,,Y,
200603,004,RE45573,2025-06-23,,Y,,
204325,001,9265737,2032-06-28,,,Y,
022272,006,10407434,2025-03-30,,Y,,
213137,001,9447071,2035-02-06,,Y,Y,
217003,001,9725455,2033-06-03,,Y,,
208799,003,10765820,2025-05-19,,,Y,
021441,001,7863287,2027-02-28,,,Y,
204026,003,9993467,2030-05-19,,,Y,
210906,001,10342813,2037-07-25,,,Y,
209863,001,9533102,2026-01-24,,,Y,
217604,001,11666536,2038-06-18,,,Y,
050795,008,9511031,2034-10-23,,,Y,
021947,002,7862833,2028-06-15,,,Y,
212102,001,10947183,2036-12-20,,Y,Y,
208082,003,8524733,2031-04-03,,Y,Y,
022560,001,8246989,2026-01-16,,,Y,
208798,007,10124131,2031-05-18,,,Y,
213994,001,10869845,2040-01-22,,,Y,
215092,001,10765750,2035-01-08,,,Y,
022020,001,7544370,2026-06-07,,,Y,
204031,001,8992975,2032-05-16,,,Y,
022350,001,7951400,2028-11-30,,,Y,
206627,003,9572779,2031-12-21,,,Y,
201292,003,8545884,2029-12-19,,,Y,
021936,001,7837235,2028-03-13,,,Y,Y
206073,001,7579449,2028-08-01,,Y,,
204824,006,11446441,2026-01-24,,,Y,
021529,002,10821277,2027-05-31,,,Y,
200327,002,9629861,2030-09-21,,,Y,
209830,001,8431576,2030-10-26,,Y,,
021986,006,8680103,2025-02-04,,,Y,
206627,007,9572779,2031-12-21,,,Y,
215985,001,12005052,2037-06-07,,,Y,
022532,001,8617597,2030-02-08,,,Y,
217660,002,7776905,2027-06-03,,Y,Y,
204326,006,8840924,2026-04-09,,,Y,
209269,002,11103517,2036-04-07,,,Y,
200603,004,8883794,2026-05-26,,,Y,
212516,003,10413525,2037-04-13,,,Y,
213137,001,10034879,2032-12-28,,Y,Y,
209400,001,10835488,2036-12-08,,,Y,
210875,003,9044475,2030-06-11,,,Y,
215272,001,11622945,2036-05-19,,,Y,
211635,001,11793786,2029-03-27,,,Y,
203634,001,9132093,2031-09-07,,,Y,
213586,007,10736965,2025-01-12,,,Y,
208799,004,8978966,2032-01-13,,,Y,
019430,002,7794432,2025-09-11,,,Y,
206977,002,10537538,2037-02-28,,,Y,
218213,001,12187739,2036-07-05,,,Y,
217677,002,7795447,2030-08-18,,Y,,
021903,001,8415337,2032-03-02,,Y,Y,
210660,001,11684636,2039-01-15,,,Y,
207975,004,9572803,2027-09-13,,,Y,
211635,002,11793786,2029-03-27,,,Y,
202788,004,9642844,2027-01-25,,,Y,
215446,001,11241416,2039-11-01,,,Y,
206977,013,10537538,2037-02-28,,,Y,
207202,001,9433371,2029-09-15,,,Y,
204242,003,9439900,2032-09-18,,,Y,
215401,002,9034370,2025-10-07,,,Y,
213005,001,11744836,2037-05-05,,,Y,
217439,006,10189837,2031-10-20,,Y,Y,
212725,001,11253515,2038-07-18,,,Y,
217677,001,7342118,2025-08-18,,Y,,
022036,001,9907780,2028-04-11,,,Y,
208462,002,8859504,2029-06-16,,Y,Y,
213994,002,10869845,2040-01-22,,,Y,
206073,001,7407955,2025-05-02,,Y,Y,
209299,001,8211889,2026-01-19,,Y,,
204822,001,8722735,2029-10-10,,,Y,
215256,005,8536122,2026-03-20,,Y,Y,
209311,004,9498447,2032-03-23,,,Y,
207071,001,7700076,2027-09-18,,,Y,
208854,001,12350377,2033-05-13,,,Y,
022428,001,9114168,2029-05-29,,,Y,
209884,002,12071402,2032-01-05,,,Y,
208171,001,12030962,2029-03-25,,Y,Y,
207921,002,11395889,2031-05-18,,,Y,Y
216632,001,12138278,2040-07-31,,,Y,
021829,001,8246980,2025-11-27,,,Y,
208912,001,10159683,2034-05-23,,,Y,
210598,001,8541451,2031-08-25,,Y,,
203255,001,7759308,2026-10-25,,,Y,
213586,006,9895447,2025-01-12,,,Y,
018612,002,8323683,2028-04-30,,,,
209022,001,8978647,2030-12-06,,,Y,
209128,001,10896751,2030-03-16,,,Y,
208171,001,11851504,2029-03-25,,Y,Y,
204417,001,8425938,2026-02-22,,,Y,
208223,001,12097183,2036-01-29,,,Y,
022272,004,12280152,2027-08-24,,,Y,
204824,006,8562564,2026-01-24,,,Y,
205832,002,6762180,2025-10-01,,Y,Y,
213586,003,9717799,2025-01-12,,,Y,
022184,001,8278353,2025-03-16,,,Y,
022430,001,9060939,2025-03-04,,,Y,
210923,001,9427402,2031-09-29,,,Y,
215206,003,9850246,2033-03-13,,Y,,
210491,002,7645789,2027-05-01,,Y,Y,
215700,002,RE49422,2035-02-26,,,Y,
022580,004,9011905,2028-06-09,,,Y,
206439,002,8293794,2025-11-22,,,Y,
021610,002,8871779,2029-11-22,,Y,,
216655,003,11701352,2041-12-15,,,Y,
212018,003,9902714,2035-03-26,,,Y,
217369,001,11236121,2037-08-23,,Y,,
201739,001,8021344,2029-11-02,,,Y,
205718,001,8951969,2030-11-18,,,Y,
210933,001,10646436,2033-05-03,,,Y,
212516,001,11202772,2037-04-13,,,Y,
021842,001,9320714,2029-02-03,,,Y,
207078,001,10413569,2032-02-10,,Y,,
204308,001,8568747,2032-11-06,,,Y,
209531,001,7838657,2027-07-11,,Y,,
021925,001,8071130,2028-06-08,,,Y,
205858,001,RE44638,2025-08-05,,Y,Y,
200603,002,RE45573,2025-06-23,,Y,,
209935,001,10799506,2036-04-14,,,Y,
022272,007,8894988,2027-08-24,,,Y,
207921,002,10022510,2031-05-18,,,Y,
205777,001,9522919,2025-03-30,,Y,Y,
209863,001,10881798,2034-02-11,,,Y,
216354,008,11813232,2038-03-15,,,Y,
022318,002,9095509,2030-12-06,,,Y,
204824,002,10709844,2029-03-10,,,Y,
218197,001,10059714,2028-10-10,,Y,Y,
020911,002,9808587,2031-05-18,,,Y,Y
209092,001,8685980,2030-05-25,,Y,Y,
210656,002,8431597,2028-06-29,,,Y,
208026,002,8883805,2025-11-26,,,Y,
215700,003,10888534,2039-04-26,,,Y,
202788,005,10016403,2027-01-25,,,Y,
204629,001,7713938,2027-04-15,,Y,Y,
215110,001,8937150,2032-05-18,,Y,Y,
022321,003,8846104,2027-06-19,,,Y,
217677,002,12297177,2039-08-09,,,Y,
207793,001,8147867,2028-08-29,,Y,Y,
210045,002,10945960,2038-06-14,,,Y,
202810,001,8617600,2027-04-13,,,Y,
212268,001,11813364,2033-09-22,,,Y,
214510,001,12156946,2028-02-03,,,Y,
212273,002,7776905,2027-06-03,,Y,Y,
210296,001,9326947,2035-02-27,,,Y,
215498,003,12091394,2039-06-20,,Y,,
022309,002,8466136,2026-10-12,,,Y,
209115,002,10278974,2031-02-10,,,Y,
212725,002,10398693,2038-07-18,,,Y,
210563,003,8008309,2027-11-13,,Y,Y,
211673,001,12121582,2036-06-14,,,Y,
217603,001,12364685,2038-12-14,,,Y,
021529,002,8888745,2026-08-28,,,Y,
202810,003,8821930,2027-04-13,,,Y,
208090,004,8557291,2025-03-21,,,Y,
217242,001,12257242,2037-06-07,,,Y,
214755,003,12115145,2037-07-21,,,Y,
022272,007,10407434,2025-03-30,,Y,,
211155,002,11312718,2032-01-10,,,Y,
210563,004,10106548,2033-06-03,,Y,Y,
208558,002,7449464,2027-09-08,,Y,Y,
208325,002,9278995,2030-07-29,,Y,,
212614,003,9415016,2029-04-02,,,Y,
208558,001,12178816,2029-10-07,,,Y,
211371,001,9200088,2029-03-13,,,Y,
208700,001,10596276,2038-07-25,,,Y,
211970,001,10968450,2025-06-28,,Y,Y,
208694,001,9750684,2030-03-15,,,Y,
203312,002,9089608,2028-12-26,,,Y,
218614,001,9163239,2034-05-01,,Y,,
205858,001,9469643,2033-09-02,,Y,,
215014,001,7888323,2027-12-04,,Y,,
204242,005,9439900,2032-09-18,,,Y,
215401,001,8632802,2025-10-07,,,Y,
209637,003,10376652,2026-01-20,,,Y,Y
217003,001,8754091,2026-12-28,,,Y,
208658,004,7579449,2028-08-01,,Y,,
214998,004,RE50050,2034-06-19,,Y,Y,
211367,001,11291632,2031-06-28,,,Y,
205718,001,10676440,2035-09-25,,Y,Y,
201739,002,11590286,2026-12-12,,,Y,
212801,003,9434754,2031-01-13,,Y,,
214755,002,11766418,2037-07-21,,,Y,
203479,001,8057811,2028-05-01,,,Y,
021925,002,7700128,2027-01-30,,,Y,
205636,002,10918816,2035-12-14,,,Y,
206256,001,8835501,2027-10-27,,,Y,
217639,002,10385008,2038-01-05,,Y,Y,
022556,001,9522191,2027-06-15,,,Y,
211651,004,8012976,2029-10-19,,Y,Y,
212614,003,9155705,2030-05-21,,,Y,
214755,001,12144793,2037-07-21,,,Y,
207695,001,8039451,2029-06-29,,Y,Y,
022272,006,11304908,2027-08-24,,,Y,
204569,003,11980623,2033-05-29,,,Y,
214487,001,8906938,2029-12-21,,Y,Y,
208082,003,11666566,2033-09-18,,,Y,
204447,001,8722684,2031-06-30,,Y,Y,
207999,001,RE48286,2027-02-21,,Y,Y,
219249,002,8242104,2030-09-27,,Y,Y,
202880,003,10322120,2033-07-25,,,Y,
207202,005,9119554,2028-12-16,,,Y,
214755,003,12097175,2037-07-21,,,Y,
217186,001,11622941,2034-10-07,,,Y,
203756,002,11298349,2032-02-10,,,Y,
204569,004,10098892,2033-05-29,,,Y,
207589,001,10617698,2031-06-10,,,Y,
206038,002,8410274,2026-12-28,,,Y,
217186,002,12303605,2034-10-07,,,Y,
203565,004,7612109,2026-02-05,,Y,Y,
217906,001,8471025,2031-08-12,,Y,,
204592,001,8679544,2030-04-23,,,Y,
204114,002,8580304,2032-01-28,,,Y,
204824,001,9629959,2026-01-24,,,Y,
215401,003,11559501,2042-01-06,,,Y,
210136,003,11135215,2032-07-26,,,Y,
210875,003,10821074,2029-08-07,,,Y,
217186,003,12064521,2034-10-07,,,Y,
210854,003,10392406,2036-04-27,,Y,,
208799,003,11969544,2039-08-20,,,Y,
211675,002,11773105,2036-10-17,,Y,Y,
209115,001,9987285,2035-08-17,,,Y,
211710,001,10668072,2037-04-04,,,Y,
215390,002,11478422,2039-06-26,,,Y,
219016,001,11065198,2037-10-23,,,Y,
208647,004,10413543,2036-02-12,,,Y,
022030,002,8501723,2027-06-07,,,Y,
203085,001,8637553,2031-02-16,,Y,Y,
203752,005,8231906,2030-07-04,,Y,Y,
208798,005,11173259,2040-07-06,,,Y,
207202,006,8545402,2030-04-27,,,Y,
200603,003,8883794,2026-05-26,,,Y,
209863,003,9180259,2026-01-24,,,Y,
207975,003,9572803,2027-09-13,,,Y,
214860,001,11433041,2036-10-17,,,Y,
213931,003,8541448,2033-08-01,,Y,Y,
211225,001,7964592,2028-04-29,,Y,Y,
212690,001,10195168,2033-01-11,,,Y,
210238,001,7638536,2027-07-28,,Y,Y,
204326,006,9017731,2032-06-28,,,Y,
211723,001,12168015,2031-09-12,,Y,Y,
211962,002,12161690,2035-11-06,,,Y,
208798,001,9731087,2031-05-18,,,Y,
208573,003,11369599,2032-05-23,,,Y,
208090,003,8449909,2025-03-24,,,Y,
210259,001,9290504,2032-07-11,,Y,Y,
215272,001,11458108,2036-05-19,,,Y,
214665,003,10519146,2038-05-21,,Y,Y,
202880,002,10322120,2033-07-25,,,Y,
205832,001,6762180,2025-10-01,,Y,Y,
205755,001,9309229,2032-01-18,,Y,Y,
207533,003,11969469,2033-10-24,,,Y,
022108,002,7671094,2026-06-27,,,Y,
203137,001,8916131,2028-09-16,,,Y,
022107,004,8618172,2028-07-13,,,Y,
209935,001,8324225,2028-06-17,,Y,Y,
217186,004,12178918,2034-10-07,,,Y,
207925,001,8410274,2026-12-28,,,Y,
209637,003,9775953,2026-07-17,,,Y,Y
209203,001,8546436,2032-02-29,,Y,,
217785,001,7452882,2026-09-12,,Y,Y,
210864,001,7635773,2029-03-13,,,Y,
215309,001,8415362,2027-12-24,,Y,Y,
208558,001,12144810,2029-10-07,,,Y,
219423,003,10322117,2038-01-23,,,Y,
209863,002,9180259,2026-01-24,,,Y,
212268,002,10022445,2033-07-25,,,Y,
209115,003,10278974,2031-02-10,,,Y,
207154,001,11273132,2033-11-18,,,Y,
211675,002,9951080,2036-10-17,,Y,Y,
050790,002,9676525,2034-02-07,,,Y,Y
212690,001,8591922,2033-01-11,,,Y,
211913,002,9750711,2035-05-29,,,Y,
204824,005,9867949,2029-03-10,,,Y,
216099,003,11298356,2041-01-22,,,Y,
216354,002,8524733,2031-04-03,,Y,Y,
215309,001,10758543,2031-05-20,,,Y,
022272,002,9522919,2025-03-30,,Y,Y,
207620,003,8877938,2027-05-27,,Y,Y,
210660,001,10933089,2039-01-15,,,Y,
021936,002,8733341,2030-10-16,,,Y,Y
204485,003,9919026,2035-01-30,,,Y,
207202,002,11229378,2031-07-11,,,Y,
219008,002,12138351,2041-04-13,,,Y,
207202,006,9060708,2029-03-05,,,Y,
203752,002,8231906,2030-07-04,,Y,Y,
209500,002,RE48825,2029-03-12,,Y,,
211635,002,9642913,2025-05-11,,,Y,
207202,006,9941931,2030-11-04,,,Y,
216675,001,11357738,2036-09-29,,,Y,
211371,001,9750822,2029-03-13,,,Y,
210563,002,8697711,2026-12-28,,Y,Y,
208798,006,10124131,2031-05-18,,,Y,
022272,002,12280152,2027-08-24,,,Y,
021572,003,9138456,2030-11-23,,,Y,
208798,002,9463288,2025-05-19,,,Y,
214965,001,9956289,2026-01-27,,,Y,
019034,007,9731082,2032-04-23,,,Y,
210563,004,9181257,2026-12-28,,Y,,
207981,001,10457666,2034-06-17,,Y,Y,
214410,003,10759814,2037-08-09,,Y,Y,
206111,004,7713938,2027-04-15,,Y,Y,
218785,001,11851437,2037-08-15,,Y,Y,
215358,001,11407735,2040-05-14,,Y,,
208462,001,8859504,2029-06-16,,Y,Y,
215168,001,7344702,2026-05-26,,Y,,
021992,001,8269040,2027-07-05,,Y,,
215866,006,11357820,2039-06-14,,,Y,
022156,001,10010537,2031-10-10,,,Y,
208944,002,8889740,2025-11-23,,,Y,
208799,002,8651103,2028-03-26,,,Y,
208401,001,11179434,2035-11-06,,,Y,
205388,001,9855246,2033-10-23,,,Y,
209500,001,8648077,2029-12-01,,Y,Y,
204326,006,9265737,2032-06-28,,,Y,
207202,006,9320455,2031-12-15,,,Y,
204824,001,11446441,2026-01-24,,,Y,
205122,001,8652527,2033-03-19,,,Y,
022569,003,9731869,2032-01-26,,,Y,
021986,002,7491725,2026-03-28,,Y,Y,
207202,006,11464423,2030-09-15,,,Y,
204417,002,8535717,2026-02-22,,,Y,
202611,002,12059409,2029-09-28,,,Y,
203496,002,7417070,2026-07-30,,Y,,
215446,001,11957660,2039-11-01,,,Y,
215422,002,11654124,2039-07-29,,,Y,
215341,001,8436180,2029-04-12,,Y,Y,
201739,001,10335549,2025-04-30,,,Y,
218160,004,10112942,2037-10-10,,Y,Y,
207931,001,8420596,2031-04-10,,Y,Y,
209884,001,7939519,2028-08-27,,Y,Y,
211673,001,8071643,2033-03-25,,Y,Y,
210861,001,10172861,2035-11-16,,Y,Y,
216117,006,9707217,2037-02-03,,,Y,
021361,002,8518949,2026-02-27,,,Y,
211962,001,10849956,2035-11-06,,,Y,
022321,002,7682634,2027-06-19,,,Y,
209637,001,8684969,2025-10-20,,,Y,Y
215422,002,11931328,2039-07-29,,,Y,
214410,002,10759814,2037-08-09,,Y,Y,
020372,002,9549999,2030-03-10,,,Y,
021829,006,10350174,2030-12-22,,,Y,
208401,001,9814751,2035-11-06,,,Y,
022325,001,7635773,2029-03-13,,,Y,
218730,002,7776905,2027-06-03,,Y,Y,
217171,001,7989589,2027-12-04,,Y,,
205223,001,7893097,2028-02-19,,,Y,
210045,003,10350171,2038-06-14,,,Y,
022029,002,9233184,2027-08-01,,,Y,
215499,001,11224597,2031-09-15,,,Y,
208798,004,11357935,2038-09-24,,,Y,
217660,002,7495103,2027-05-20,,Y,Y,
206627,002,9084816,2027-08-24,,,Y,
019034,006,9248229,2034-03-12,,,Y,
217604,001,11911515,2038-06-18,,,Y,
211210,001,8545879,2030-08-31,,,Y,
215206,002,9850246,2033-03-13,,Y,,
204958,001,9700575,2035-07-10,,,Y,
210192,001,12011506,2038-09-05,,,Y,
210598,001,7550595,2025-03-10,,,Y,
217660,002,7645789,2027-05-01,,Y,Y,
212516,004,10413525,2037-04-13,,,Y,
209501,001,9144559,2026-11-02,,,Y,
021936,002,9027967,2027-03-31,,,Y,Y
204326,001,9839619,2032-06-28,,,Y,
022545,002,8613949,2029-12-21,,,Y,
209296,001,12115255,2035-09-18,,,Y,
206977,012,10537538,2037-02-28,,,Y,
212614,004,7579449,2028-08-01,,Y,,
207202,002,10441194,2029-07-26,,,Y,
207202,003,7978064,2026-09-14,,,Y,
214835,001,11752093,2031-05-31,,,Y,
213586,003,9925268,2025-01-12,,,Y,
216354,003,8524733,2031-04-03,,Y,Y,
210854,001,10759814,2037-08-09,,Y,Y,
211155,001,RE46621,2032-05-17,,Y,Y,
200678,002,9339472,2025-07-13,,,Y,
212028,001,10702529,2035-10-21,,,Y,
206940,001,11229627,2033-03-14,,,Y,
219389,002,11084780,2041-02-17,,Y,,
210132,002,10052386,2032-11-21,,,Y,
021137,008,10406108,2038-03-23,,,Y,
213407,001,11464752,2040-05-16,,,Y,
201739,002,8231573,2028-11-25,,,Y,
218490,002,7094781,2025-12-05,,Y,Y,
022108,003,7649019,2026-06-27,,,Y,
216903,001,10456354,2038-10-25,,,Y,
214094,002,10329260,2035-03-09,,Y,,
207986,001,11246863,2038-11-27,,,Y,
206110,002,9636407,2032-12-21,,,Y,
210493,002,9908907,2032-05-23,,Y,Y,
208171,002,11851504,2029-03-25,,Y,Y,
205122,004,9101545,2033-03-19,,,Y,
210854,001,11261198,2038-09-25,,,Y,
022036,002,9907780,2028-04-11,,,Y,
208401,001,10940177,2035-11-06,,,Y,
216993,001,8557810,2027-03-16,,,Y,
208054,001,10010632,2026-11-28,,,Y,
203826,005,12257342,2036-09-26,,,Y,
211970,001,9024007,2025-06-28,,Y,Y,
214324,001,10772883,2030-06-11,,,Y,
204592,002,8679544,2030-04-23,,,Y,
215331,002,12005069,2042-09-23,,,Y,
217171,001,7888323,2027-12-04,,Y,,
022272,004,9522919,2025-03-30,,Y,Y,
217806,008,9474780,2036-01-05,,Y,Y,
022115,006,8637512,2029-01-07,,,Y,
218201,001,10918516,2037-01-23,,,Y,
202788,001,9241935,2027-01-25,,,Y,
210874,002,8716251,2028-03-21,,,Y,
211349,001,10786500,2036-07-01,,,Y,
202788,002,9241935,2027-01-25,,,Y,
209637,002,8114833,2025-08-13,,,Y,
210854,002,8987441,2031-09-21,,Y,Y,
209863,001,9180259,2026-01-24,,,Y,
206627,004,9770416,2027-08-24,,,Y,
208799,003,10195375,2031-02-14,,,Y,
211988,002,9744163,2034-03-13,,,Y,
207155,001,9200088,2029-03-13,,,Y,
200603,005,8883794,2026-05-26,,,Y,
213871,002,9545405,2034-02-19,,Y,Y,
205223,001,8877792,2028-02-02,,,Y,
206679,002,9597289,2030-02-23,,,Y,
217806,008,11357820,2039-06-14,,,Y,
212576,001,12195496,2040-10-07,,,Y,
204824,007,9867949,2029-03-10,,,Y,
205580,001,12138248,2031-01-28,,,Y,
213591,002,8461330,2027-11-19,,Y,Y,
203341,003,7919625,2025-12-11,,,Y,
019430,001,9586010,2025-09-11,,,Y,
204824,008,8021335,2026-10-04,,,Y,
209410,002,8252331,2030-03-13,,,Y,
021976,001,7700645,2026-12-26,,Y,Y,
209816,001,8383610,2030-09-23,,Y,,
207921,002,10792447,2039-01-25,,,Y,
208798,008,11344685,2039-09-26,,,Y,
205122,005,9101545,2033-03-19,,,Y,
208944,002,11065213,2038-08-23,,,Y,
217639,001,10385008,2038-01-05,,Y,Y,
209806,002,9308204,2030-10-21,,,Y,
209478,001,10660907,2036-10-28,,,Y,
214094,001,12116346,2035-03-09,,Y,,
208313,010,9241948,2033-07-01,,,Y,
209637,004,9616180,2026-01-20,,,Y,Y
208573,003,10730873,2031-11-21,,Y,,
216285,001,11291633,2031-06-28,,,Y,
207962,001,10765749,2031-05-10,,,Y,
212801,003,8835646,2026-08-23,,Y,Y,
022249,002,8895756,2026-01-12,,,Y,
218709,001,10953003,2036-12-14,,,Y,
216956,001,10301262,2036-06-21,,Y,Y,
209310,001,8763222,2032-02-08,,,Y,
211675,003,11773105,2036-10-17,,Y,Y,
209394,001,9321807,2035-06-05,,Y,,
022012,001,8101209,2025-09-11,,,Y,
204824,006,8814834,2031-05-27,,,Y,
205422,005,RE48059,2028-12-23,,Y,,
202231,002,9168238,2032-08-29,,,Y,
210132,001,10052386,2032-11-21,,,Y,
208653,002,8748413,2030-07-01,,Y,Y,
021947,005,7862832,2028-06-15,,,Y,
201655,006,8192722,2025-09-15,,,Y,
208611,001,9493582,2033-02-27,,,Y,
212038,005,10292938,2035-10-30,,,Y,
211635,003,11241414,2029-03-27,,,Y,
206544,004,10314788,2028-08-12,,,Y,
204308,001,9855214,2032-11-06,,,Y,
209354,001,11957753,2031-11-02,,,Y,
202714,003,7737112,2027-12-07,,,Y,
214410,001,10392406,2036-04-27,,Y,,
210251,001,9216996,2033-12-19,,Y,Y,
208232,001,9566246,2029-09-17,,,Y,
214755,002,12097175,2037-07-21,,,Y,
208090,002,8557291,2025-03-21,,,Y,
211651,005,8735392,2031-10-20,,Y,Y,
217677,003,10590087,2039-08-09,,Y,,
022309,001,8754070,2026-10-12,,,Y,
208271,001,10376505,2031-03-10,,,Y,
206627,004,9572779,2031-12-21,,,Y,
022321,006,8846104,2027-06-19,,,Y,
209296,001,11173118,2035-09-18,,,Y,
212520,001,10814001,2039-12-16,,,Y,
208799,001,8651103,2028-03-26,,,Y,
209637,002,RE46363,2026-08-03,,,Y,Y
217806,001,11357820,2039-06-14,,,Y,
203100,001,8981103,2026-10-26,,Y,Y,
216354,004,8524733,2031-04-03,,Y,Y,
204824,001,9533102,2026-01-24,,,Y,
212608,002,11964980,2040-04-10,,Y,Y,
201739,002,7947017,2028-03-12,,,Y,
201922,001,7544373,2027-04-02,,,Y,
209379,001,11998565,2041-07-01,,,Y,
022287,002,8461187,2026-01-17,,,Y,
208798,008,11351317,2038-02-10,,,Y,
213973,001,11850241,2040-12-30,,,Y,
208313,002,9241948,2033-07-01,,,Y,
215498,001,12091394,2039-06-20,,Y,,
214755,004,12144793,2037-07-21,,,Y,
214846,001,7300935,2026-01-28,,Y,,
022272,002,12246094,2027-08-24,,,Y,
201281,003,8883805,2025-11-26,,,Y,
022271,003,8697125,2029-06-16,,,Y,
212501,002,12329767,2036-02-15,,,Y,
208798,005,9782550,2035-08-28,,,Y,
211675,003,12134621,2036-10-17,,,Y,
207318,002,7601740,2030-04-29,,Y,Y,
218197,002,9006430,2025-10-25,,,Y,
209128,001,10342762,2027-01-05,,,Y,
215152,001,9186411,2030-08-11,,,Y,
212614,003,8883805,2025-11-26,,,Y,
209863,003,10881798,2034-02-11,,,Y,
207975,001,9572803,2027-09-13,,,Y,
213138,001,9808530,2034-05-28,,,Y,
200678,001,9339472,2025-07-13,,,Y,
206439,003,8338485,2025-11-22,,,Y,
216490,001,11890326,2037-09-28,,Y,Y,
022556,001,8062667,2029-03-29,,,Y,
211746,001,9370483,2034-09-04,,,Y,
208798,004,11969544,2039-08-20,,,Y,
208745,001,10011637,2034-06-05,,Y,,
214958,001,10000480,2033-11-07,,Y,Y,
214697,002,12324838,2039-02-06,,,Y,
204824,004,11497753,2030-03-19,,,Y,
208686,001,10039745,2036-03-25,,,Y,
212099,001,10711013,2030-10-27,,Y,Y,
207975,003,8445018,2029-07-31,,,Y,
210563,001,10106548,2033-06-03,,Y,Y,
022272,006,12246094,2027-08-24,,,Y,
216903,001,12151020,2038-10-25,,,Y,
214358,003,7932273,2025-09-07,,Y,Y,
021272,008,9593066,2028-12-15,,Y,,
208462,001,7687662,2027-08-06,,Y,Y,
022108,001,7649019,2026-06-27,,,Y,
022272,007,9522919,2025-03-30,,Y,Y,
210852,001,11382923,2035-12-01,,,Y,
208799,005,11357935,2038-09-24,,,Y,
207925,004,8410274,2026-12-28,,,Y,
214628,002,11602508,2038-01-30,,,Y,
203469,002,8114874,2027-01-24,,Y,Y,
217186,004,12274793,2034-10-07,,,Y,
212516,001,10959982,2037-04-13,,,Y,
206038,001,8993600,2030-12-11,,,Y,
022272,001,11964056,2027-08-24,,,Y,
210632,002,11135190,2036-12-01,,,Y,
214324,002,10772883,2030-06-11,,,Y,
217677,003,12110277,2042-07-08,,,Y,
207793,001,12059497,2036-10-15,,,Y,
205649,001,9616028,2030-11-12,,,Y,
210660,001,11826383,2039-01-15,,,Y,
213407,002,11464752,2040-05-16,,,Y,
202860,001,11103669,2030-06-21,,,Y,
206947,002,11186547,2035-08-26,,Y,,
210132,002,11865179,2032-11-21,,Y,Y,
214835,001,10335366,2031-05-31,,,Y,
207921,002,11896759,2038-01-26,,,Y,
210906,002,10130646,2037-07-25,,,Y,
217003,001,8697711,2026-12-28,,Y,Y,
211970,001,10421966,2025-06-28,,Y,Y,
206619,001,8686026,2031-06-09,,,Y,
208798,002,8651103,2028-03-26,,,Y,
203496,001,7417070,2026-07-30,,Y,,
021986,004,7491725,2026-03-28,,Y,Y,
209637,003,8114833,2025-08-13,,,Y,
209500,001,RE48825,2029-03-12,,Y,Y,
020873,001,7598343,2028-07-27,,,Y,
207202,004,8545402,2030-04-27,,,Y,
215422,001,11931328,2039-07-29,,,Y,
210136,001,11135215,2032-07-26,,,Y,
211675,002,11661425,2036-10-17,,Y,Y,
210563,001,8008309,2027-11-13,,Y,Y,
210933,001,9393213,2033-05-03,,,Y,
022272,003,11304908,2027-08-24,,,Y,
208010,001,10357502,2034-03-14,,,Y,
021920,001,9693979,2026-03-03,,,Y,
201655,005,8871779,2029-11-22,,Y,,
213150,001,11771841,2041-12-22,,Y,Y,
022029,002,8809615,2030-01-03,,,Y,
209501,002,9144559,2026-11-02,,,Y,
214787,001,9724360,2035-10-29,,Y,Y,
208799,004,11000653,2038-12-18,,,Y,
208073,001,7314938,2025-03-10,,Y,Y,
208171,003,12030962,2029-03-25,,Y,Y,
214876,003,8071623,2031-03-27,,Y,Y,
022272,006,9073933,2025-03-30,,Y,,
203752,001,8231906,2030-07-04,,Y,Y,
204370,004,7943621,2028-12-16,,Y,Y,
208700,001,11904027,2038-07-25,,,Y,
217900,001,12247034,2044-05-10,,Y,Y,
214697,002,10576156,2038-02-06,,,Y,
207621,006,7815934,2027-12-12,,,Y,
209863,001,9629959,2026-01-24,,,Y,
214755,004,10272062,2037-07-21,,,Y,
208798,006,10022510,2031-05-18,,,Y,
202155,001,9326945,2031-02-24,,,Y,
212614,001,8883805,2025-11-26,,,Y,
213246,002,10112942,2037-10-10,,Y,Y,
204790,001,8129385,2027-10-05,,Y,Y,
211488,001,9744207,2027-01-16,,,Y,
208799,005,9216260,2031-06-28,,,Y,
204592,002,9180096,2030-04-23,,,Y,
211913,001,9750711,2035-05-29,,,Y,
210428,002,9700530,2035-07-09,,,Y,
022249,002,8609863,2026-01-12,,,Y,
208437,001,11278683,2026-08-16,,,Y,
214860,003,11433041,2036-10-17,,,Y,
206627,003,9770416,2027-08-24,,,Y,
210632,001,10398669,2036-12-01,,,Y,
214755,001,11052061,2037-07-21,,,Y,
022272,002,11304908,2027-08-24,,,Y,
208056,001,8871273,2028-01-11,,,Y,
209862,001,9238108,2027-02-20,,,Y,
202813,002,7780038,2027-01-24,,,Y,
207202,002,9060708,2029-03-05,,,Y,
214801,001,11833151,2039-11-05,,,Y,
211358,003,8754224,2026-12-28,,Y,Y,
208623,001,11376244,2038-05-30,,Y,,
216993,001,7820657,2028-09-26,,Y,,
202714,003,7417042,2026-07-20,,Y,Y,
210493,001,8426450,2032-05-23,,Y,Y,
022257,001,8889109,2027-12-11,,,Y,
021920,001,9693978,2026-03-03,,,Y,
208437,001,9604018,2033-05-16,,,Y,
212839,005,7598279,2032-10-30,,Y,,
211675,003,12077545,2036-10-17,,,Y,
207533,004,11969469,2033-10-24,,,Y,
209862,001,10335549,2025-04-30,,,Y,
215498,001,11802115,2039-06-20,,,Y,
204824,004,9533102,2026-01-24,,,Y,
208246,002,RE41783,2025-12-08,,Y,,
213498,007,RE43728,2029-11-16,,Y,Y,
022249,002,8436190,2030-10-26,,,Y,
204417,002,8431156,2027-10-31,,,Y,
022416,002,9566244,2028-10-23,,,Y,
208799,005,11464923,2040-06-19,,,Y,
217186,001,12178918,2034-10-07,,,Y,
206977,003,10537538,2037-02-28,,,Y,
205552,002,10294232,2033-06-03,,,Y,
208799,003,8978966,2032-01-13,,,Y,
215866,011,11357820,2039-06-14,,Y,Y,
214628,002,10159657,2038-01-30,,,Y,
201923,001,8871241,2027-08-12,,,Y,
201281,002,10973827,2029-04-02,,,Y,
205109,001,11446252,2034-11-26,,,Y,
209905,002,10441554,2037-03-10,,,Y,
019430,001,8870827,2025-09-11,,,Y,
022272,004,9763933,2027-08-24,,,Y,
210563,004,9655857,2036-03-03,,,Y,
215985,001,12042487,2037-06-07,,,Y,
215039,002,8227462,2033-04-29,,Y,Y,
215358,003,12252478,2040-05-14,,,Y,
208798,004,11000653,2038-12-18,,,Y,
206679,001,10300041,2027-04-26,,,Y,
208246,001,9937181,2034-03-14,,,Y,
212888,001,10927129,2026-04-28,,Y,Y,
214755,003,10973795,2037-07-21,,,Y,
208798,006,11351317,2038-02-10,,,Y,
022068,001,8293756,2027-09-25,,,Y,
217660,002,8754224,2026-12-28,,Y,Y,
213436,001,11266799,2036-11-05,,,Y,
202788,001,10016403,2027-01-25,,,Y,
200603,002,9907794,2026-05-26,,,Y,
022272,006,9770416,2027-08-24,,,Y,
212994,001,10759778,2037-12-09,,,Y,
206829,001,9872906,2034-03-14,,,Y,
213586,002,8802127,2025-01-12,,,Y,
022272,001,9763933,2027-08-24,,,Y,
208799,002,10765820,2025-05-19,,,Y,
207921,001,10086156,2031-05-18,,,Y,
219423,002,10322117,2038-01-23,,,Y,
218730,002,7645789,2027-05-01,,Y,Y,
209863,002,10646495,2038-08-30,,,Y,
208090,004,8449909,2025-03-24,,,Y,
208653,003,8461137,2031-02-22,,Y,Y,
021821,001,9694078,2026-03-13,,,Y,
209500,003,11753419,2040-12-10,,,Y,Y
211675,002,RE47221,2033-08-16,,Y,,
212295,001,9914738,2027-07-10,,,Y,
212122,001,11833292,2038-10-05,,,Y,
218158,001,10588913,2036-05-09,,,Y,
214410,003,8987441,2031-09-21,,Y,Y,
206488,001,RE47769,2029-02-02,,,Y,
211723,001,8410088,2034-01-23,,Y,Y,
203188,001,7495103,2027-05-20,,Y,Y,
209311,001,9283214,2032-03-23,,,Y,
209092,001,10799506,2036-04-14,,,Y,
211651,004,8420650,2029-07-27,,Y,Y,
019034,001,9248229,2034-03-12,,,Y,
211651,006,10189837,2031-10-20,,Y,Y,
021985,001,8617595,2026-02-19,,,Y,
202714,003,9493582,2033-02-27,,,Y,
208558,001,7449464,2027-09-08,,Y,Y,
022117,002,8022228,2026-04-06,,Y,Y,
216951,005,8324208,2028-12-11,,Y,Y,
209637,002,9457154,2027-09-29,,,Y,Y
208799,005,10918816,2035-12-14,,,Y,
211675,001,11787815,2036-10-17,,,Y,
022048,001,8128960,2029-12-17,,,Y,
207202,003,9320455,2031-12-15,,,Y,
214755,004,10736866,2037-07-21,,,Y,
213978,001,9504645,2035-10-19,,,Y,
202810,003,9351975,2027-04-13,,,Y,
217677,001,11820748,2039-08-09,,,Y,
021272,002,9593066,2028-12-15,,Y,,
019034,005,9248229,2034-03-12,,,Y,
021829,004,10350174,2030-12-22,,,Y,
022321,005,8877247,2027-06-19,,,Y,
022272,003,9492392,2027-08-24,,,Y,
210854,001,12064438,2039-10-09,,,Y,
208147,001,8883217,2027-03-15,,,Y,
205739,003,8147873,2028-06-20,,,Y,
208271,001,8524276,2031-03-10,,,Y,
202860,001,9701538,2029-01-28,,,Y,
022068,001,8163904,2028-08-23,,Y,Y,
213137,001,10806733,2032-12-28,,Y,,
204822,001,8754123,2029-05-19,,,Y,
203756,001,11298349,2032-02-10,,,Y,
202788,005,9241935,2027-01-25,,,Y,
022271,001,8697125,2029-06-16,,,Y,
209400,001,10076494,2036-12-08,,,Y,
205065,002,9216178,2032-11-01,,,Y,
208277,001,8772497,2026-07-01,,Y,,
215153,001,7977488,2028-08-11,,Y,,
213756,001,7425637,2026-03-13,,Y,,
022272,003,10696684,2025-03-30,,Y,,
212489,001,10071085,2030-03-31,,,Y,
204824,001,11497753,2030-03-19,,,Y,
212516,004,11202772,2037-04-13,,,Y,
207921,002,10695512,2031-05-18,,,Y,
208799,005,9463288,2025-05-19,,,Y,
202788,004,8486972,2030-04-27,,,Y,
217003,001,10125140,2033-06-03,,Y,Y,
209115,001,10278974,2031-02-10,,,Y,
205489,001,9089496,2032-06-28,,,Y,
218201,001,10188546,2032-08-14,,,Y,
214755,004,11065224,2037-07-21,,,Y,
217064,001,10278918,2034-01-31,,,Y,
206977,011,10537538,2037-02-28,,,Y,
204824,002,11497753,2030-03-19,,,Y,
204242,005,8940330,2032-09-18,,,Y,
021976,004,7700645,2026-12-26,,Y,Y,
204353,002,7943788,2027-07-14,,Y,Y,
021038,003,8648106,2032-01-04,,,Y,
021880,001,7465800,2027-04-27,,Y,Y,
207233,002,9526734,2033-03-31,,,Y,
212306,005,11807629,2035-08-14,,Y,,
215866,001,11357820,2039-06-14,,,Y,
207589,001,10682364,2031-06-10,,,Y,
210526,001,9675704,2027-03-15,,,Y,
022272,002,9492392,2027-08-24,,,Y,
207999,002,10052337,2036-04-26,,,Y,
212038,004,10292938,2035-10-30,,,Y,
209899,003,8796318,2029-05-14,,Y,Y,
208090,004,7771707,2025-03-24,,,Y,
207202,001,8114021,2030-06-21,,,Y,
206940,002,10188632,2033-03-14,,,Y,
217677,003,12247012,2042-07-08,,,Y,
203826,004,11471400,2036-08-05,,,Y,
207923,001,8479730,2028-10-11,,,Y,
206627,003,9775809,2027-08-24,,,Y,
208558,002,12048695,2029-10-07,,,Y,
021829,002,9925150,2032-03-01,,,Y,
211675,001,12077545,2036-10-17,,,Y,
020263,009,8921326,2031-02-05,,,Y,
207202,001,9258035,2029-03-05,,,Y,
211911,001,8629185,2031-07-15,,Y,Y,
217779,002,7494982,2025-12-27,,Y,Y,
215110,001,9321807,2035-06-05,,Y,Y,
202192,005,8722693,2028-06-12,,Y,Y,
211675,001,11780847,2036-10-17,,,Y,
022524,002,9095577,2030-07-13,,,Y,
022405,001,8067427,2028-08-08,,,Y,
217660,001,8754224,2026-12-28,,Y,Y,
204824,002,11684723,2029-03-10,,,Y,
209863,001,10279131,2031-07-31,,,Y,
208090,001,8449909,2025-03-24,,,Y,
209091,002,8221786,2028-03-21,,,Y,
201281,001,7407955,2025-05-02,,Y,Y,
206977,010,11096913,2037-02-28,,,Y,
204441,003,10905694,2030-04-07,,,Y,
208623,001,11612593,2038-05-30,,Y,,
206628,004,9717796,2036-04-20,,,Y,
210496,001,9593100,2030-08-27,,,Y,
205122,001,8889190,2033-03-19,,,Y,
209637,003,8920383,2026-07-17,,,Y,Y
202788,004,10610523,2027-01-25,,,Y,
212038,004,10688060,2035-10-30,,,Y,
210854,001,10392406,2036-04-27,,Y,,
209115,003,9987285,2035-08-17,,,Y,
201655,003,8192722,2025-09-15,,,Y,
208424,001,9101592,2032-03-11,,,Y,
021272,008,11723887,2028-12-15,,Y,,
208082,002,9233959,2033-09-18,,,Y,
207962,001,9931403,2031-05-10,,,Y,
215422,003,11931328,2039-07-29,,,Y,
218591,002,8877938,2027-05-27,,Y,Y,
204734,002,9023397,2030-12-01,,,Y,
212535,001,10702490,2039-03-15,,,Y,
206333,001,8242294,2028-05-16,,Y,,
209776,001,8680136,2031-08-29,,Y,Y,
218201,001,11207209,2034-08-16,,,Y,
215904,001,9029355,2026-11-28,,,Y,
213756,001,9156795,2026-12-12,,Y,Y,
205637,003,8703177,2032-08-20,,,Y,
210852,002,11382923,2035-12-01,,,Y,
215039,003,8476268,2029-09-10,,Y,Y,
210854,002,9815835,2030-06-14,,,Y,
217785,003,7452882,2026-09-12,,Y,Y,
022580,004,8580298,2029-05-15,,,Y,
022308,001,8604020,2030-03-12,,,Y,
217677,002,12116347,2039-08-09,,,Y,
214517,001,11202770,2040-12-11,,,Y,
202880,005,9132096,2034-09-12,,,Y,
208910,001,10688046,2035-03-13,,,Y,
211225,001,9309229,2032-01-18,,Y,Y,
211358,003,8993600,2030-12-11,,,Y,
214621,001,12325714,2033-09-27,,Y,Y,
214860,006,11433041,2036-10-17,,,Y,
208799,005,9782551,2035-08-28,,,Y,
211358,001,9216969,2026-11-08,,,Y,
211675,001,9963459,2036-10-17,,,Y,
217677,001,10590087,2039-08-09,,Y,,
208623,001,11622962,2039-03-17,,Y,,
218730,001,7495103,2027-05-20,,Y,Y,
201281,002,9415016,2029-04-02,,,Y,
210455,001,7390791,2025-04-17,,Y,Y,
209606,002,9732062,2034-09-16,,Y,,
216354,002,11813232,2038-03-15,,,Y,
202810,001,11166960,2027-04-13,,,Y,
212273,002,11453655,2037-12-08,,Y,Y,
208798,006,9216260,2031-06-28,,,Y,
209410,004,8895614,2025-11-23,,,Y,
209862,001,8627816,2032-02-04,,,Y,
209863,003,11813435,2035-02-25,,,Y,
022360,002,8940772,2029-04-30,,,Y,
217660,002,RE50453,2027-05-01,,Y,Y,
213976,001,11260064,2039-01-10,,,Y,
213973,001,11395818,2040-12-30,,,Y,
208611,001,8871938,2029-09-23,,Y,,
218591,002,8101659,2025-01-15,,,Y,
022428,001,8450311,2029-05-29,,,Y,
202324,001,6534524,2025-04-29,,Y,Y,
215888,001,10414751,2036-03-17,,Y,Y,
205649,002,9616028,2030-11-12,,,Y,
217369,003,11236121,2037-08-23,,Y,,
208010,001,10213442,2027-02-02,,,Y,
211675,002,12116373,2036-10-17,,,Y,
208798,002,10765820,2025-05-19,,,Y,
216285,001,10987364,2031-06-28,,,Y,
204275,001,8534281,2030-03-08,,,Y,
214324,001,10130685,2025-08-23,,,Y,
203496,003,8349892,2031-01-22,,,Y,
205596,001,10117951,2029-03-13,,,Y,
208799,004,11344685,2039-09-26,,,Y,
208653,001,8828978,2030-07-01,,,Y,
205223,001,10238634,2032-06-28,,,Y,
205879,001,7943788,2027-07-14,,Y,Y,
203414,002,8900638,2029-05-24,,,Y,
214755,004,11052061,2037-07-21,,,Y,
022416,003,8372431,2030-04-17,,,Y,
205836,001,10729653,2030-04-09,,,Y,
213498,009,RE43728,2029-11-16,,Y,Y,
202860,001,11291793,2025-08-18,,,Y,
204629,002,7713938,2027-04-15,,Y,Y,
216285,001,11291632,2031-06-28,,,Y,
022421,004,7695734,2028-04-26,,,Y,
021488,001,11771841,2041-12-22,,Y,Y,
214755,002,11504347,2037-07-21,,,Y,
022416,001,9643929,2026-04-21,,,Y,
022503,001,11918559,2039-07-29,,,Y,
021035,003,8802142,2031-06-07,,,Y,
205525,001,11253472,2028-08-06,,Y,Y,
216490,001,11918628,2037-09-28,,Y,Y,
204114,001,9399021,2032-01-28,,,Y,
204824,006,11497753,2030-03-19,,,Y,
214755,001,12226377,2037-07-21,,,Y,
021936,001,9027967,2027-03-31,,,Y,Y
204061,001,8415332,2029-03-11,,,Y,
216793,001,11673877,2038-03-27,,Y,Y,
211358,002,9216969,2026-11-08,,,Y,
022272,007,12280152,2027-08-24,,,Y,
202860,001,10213572,2036-02-12,,,Y,
022272,001,11304908,2027-08-24,,,Y,
202331,001,9066936,2028-03-26,,,Y,
204326,002,9265737,2032-06-28,,,Y,
021137,004,10406108,2038-03-23,,,Y,
209311,001,9023389,2032-03-23,,,Y,
217242,001,12336983,2037-06-07,,,Y,
205004,001,8962572,2032-11-03,,,Y,
212123,001,8932557,2032-05-26,,Y,,
208910,001,10959946,2035-03-13,,,Y,
208799,003,10124131,2031-05-18,,,Y,
022387,001,11723887,2028-12-15,,Y,,
218944,003,10683302,2037-06-08,,Y,Y,
209115,003,8754072,2031-02-10,,Y,Y,
209022,001,10076614,2034-10-20,,,Y,
215422,003,11654124,2039-07-29,,,Y,
211994,001,9242986,2029-12-08,,Y,Y,
214373,001,8987323,2032-05-14,,Y,Y,
205122,003,9101545,2033-03-19,,,Y,
210296,001,10105335,2035-02-27,,,Y,
204824,004,9867949,2029-03-10,,,Y,
216956,001,8580841,2030-03-05,,Y,Y,
022287,002,7790755,2026-08-02,,,Y,
216718,001,8124799,2029-12-03,,Y,,
212501,001,10993952,2036-02-15,,,Y,
214200,001,8598186,2031-10-25,,Y,Y,
213976,001,8679545,2026-11-09,,,Y,
218590,001,11857547,2039-11-05,,,Y,
021986,003,8680103,2025-02-04,,,Y,
204485,002,9750785,2035-01-30,,,Y,
203491,001,8921337,2032-03-31,,,Y,
210655,002,10010612,2028-02-13,,,Y,
215498,002,10975046,2039-06-20,,Y,,
201656,002,9539302,2030-06-15,,,Y,
208692,003,7579473,2026-08-14,,Y,Y,
022416,002,9643929,2026-04-21,,,Y,
210563,003,7514444,2026-12-28,,Y,Y,
212520,001,11311515,2039-12-16,,,Y,
201688,001,7559325,2025-10-27,,,Y,
215498,001,10975046,2039-06-20,,Y,,
211230,002,11439597,2037-09-05,,,Y,
207202,004,10441194,2029-07-26,,,Y,
217242,001,12220409,2037-06-07,,,Y,
218171,001,8551995,2029-02-09,,Y,,
210793,001,7732615,2028-06-03,,Y,Y,
211358,001,8507534,2030-09-20,,Y,Y,
203496,002,8410169,2030-02-13,,,Y,
208798,001,8651103,2028-03-26,,,Y,
050795,007,8715724,2028-02-03,,,Y,
206627,003,9492389,2027-08-24,,,Y,
202880,003,9132096,2034-09-12,,,Y,
213591,001,8461330,2027-11-19,,Y,Y,
209296,001,12290520,2035-09-18,,,Y,
206940,001,7741356,2029-05-27,,Y,Y,
022272,007,9775808,2027-08-24,,,Y,
203469,003,8114874,2027-01-24,,Y,Y,
216354,004,11813232,2038-03-15,,,Y,
022416,002,8372431,2030-04-17,,,Y,
209863,002,9629959,2026-01-24,,,Y,
212038,004,10512612,2035-10-30,,,Y,
209863,003,8562564,2026-01-24,,,Y,
204326,002,9017731,2032-06-28,,,Y,
216793,001,8071623,2031-03-27,,Y,Y,
206627,002,9775809,2027-08-24,,,Y,
207925,003,8410274,2026-12-28,,,Y,
206829,001,8476425,2032-09-27,,Y,,
207921,002,11559637,2039-07-21,,,Y,
207975,005,9216176,2027-09-13,,,Y,
206627,002,9763933,2027-08-24,,,Y,
214410,002,10392406,2036-04-27,,Y,,
208798,008,8978966,2032-01-13,,,Y,
207202,002,11464423,2030-09-15,,,Y,
022184,001,8933127,2025-03-16,,,Y,
202810,003,8617600,2027-04-13,,,Y,
204026,001,9993467,2030-05-19,,,Y,
212725,002,11253515,2038-07-18,,,Y,
021829,002,8246980,2025-11-27,,,Y,
207233,001,9526734,2033-03-31,,,Y,
021137,010,10231931,2038-03-23,,,Y,
204824,003,9867949,2029-03-10,,,Y,
204790,003,9242986,2029-12-08,,Y,Y,
211226,002,11541012,2039-03-25,,,Y,
208653,002,9549923,2030-07-01,,Y,Y,
207202,002,9941931,2030-11-04,,,Y,
217389,001,10945950,2035-09-15,,,Y,
207202,005,9433371,2029-09-15,,,Y,
214907,001,9254341,2033-10-04,,Y,Y,
204592,002,9173854,2030-04-23,,,Y,
212614,002,8883805,2025-11-26,,,Y,
214755,002,10736866,2037-07-21,,,Y,
214324,005,10772883,2030-06-11,,,Y,
204629,001,7579449,2028-08-01,,Y,,
205832,002,9907756,2029-06-07,,,Y,
210563,001,10961251,2033-06-03,,,Y,
021717,001,10751305,2031-01-14,,,Y,
216117,002,9707217,2037-02-03,,,Y,
021817,001,7932241,2028-02-05,,,Y,
208780,003,10188637,2037-03-28,,,Y,
210566,001,10857159,2036-11-30,,,Y,
203389,002,9173851,2034-06-17,,,Y,
207986,001,11369566,2029-04-21,,,Y,
022545,004,8613949,2029-12-21,,,Y,
019034,006,9731082,2032-04-23,,,Y,
021338,001,8301238,2031-09-30,,,Y,
218197,002,9487525,2033-04-16,,Y,Y,
210861,002,10799505,2036-08-15,,Y,Y,
019734,005,7612102,2027-12-26,,,Y,
201922,005,7544373,2027-04-02,,,Y,
022309,003,8486925,2026-10-12,,,Y,
213426,001,8598152,2030-04-19,,Y,Y,
205382,001,7498440,2025-04-27,,Y,Y,
204824,001,11684723,2029-03-10,,,Y,
204677,001,9308284,2032-07-14,,,Y,
210491,001,8623905,2027-05-01,,Y,Y,
022287,002,8105626,2026-09-27,,,Y,
210923,001,8889722,2028-07-29,,Y,Y,
209381,001,10646512,2032-03-25,,,Y,
208090,003,7399488,2025-03-24,,,Y,
214787,001,10065958,2031-09-16,,Y,,
217865,001,7329689,2026-01-15,,Y,Y,
207202,003,8114021,2030-06-21,,,Y,
204824,001,8021335,2026-10-04,,,Y,
202788,005,8486972,2030-04-27,,,Y,
214679,001,11633374,2040-08-21,,,Y,
206111,002,7713938,2027-04-15,,Y,Y,
216018,001,11510878,2038-01-24,,,Y,
207925,005,8883206,2033-02-27,,,Y,
205703,002,8829054,2033-03-15,,,Y,
210861,001,9127013,2029-10-21,,Y,Y,
022308,001,8481526,2031-01-09,,Y,,
214358,004,7932273,2025-09-07,,Y,Y,
210045,002,10350171,2038-06-14,,,Y,
208065,002,11524951,2032-07-25,,Y,Y,
018207,002,8133893,2029-03-13,,Y,Y,
204767,001,8741959,2030-04-19,,,Y,
022063,003,8846100,2029-08-24,,,Y,
204640,001,9119876,2035-03-13,,,Y,
211155,002,RE46621,2032-05-17,,Y,Y,
211970,001,9994851,2025-06-28,,Y,Y,
021862,001,8324281,2025-12-02,,,Y,
211371,001,7635773,2029-03-13,,,Y,
204640,001,12280024,2035-03-13,,,Y,
022055,001,7875630,2027-02-14,,Y,,
210854,002,12064438,2039-10-09,,,Y,
215596,001,12295940,2043-10-11,,Y,Y,
214358,006,7932273,2025-09-07,,Y,Y,
211616,001,11613511,2040-06-19,,Y,,
209862,001,7731686,2026-06-01,,,Y,
217514,001,7994185,2030-01-20,,Y,Y,
217700,001,8293752,2031-08-04,,Y,Y,
210874,004,7919598,2029-12-16,,Y,,
207202,004,9119554,2028-12-16,,,Y,
212690,001,11554102,2033-01-11,,,Y,
210656,002,8148401,2031-01-30,,Y,Y,
217779,001,7494982,2025-12-27,,Y,Y,
020533,007,7828787,2025-10-18,,,Y,
020911,002,10695512,2031-05-18,,,Y,
214324,004,10130685,2025-08-23,,,Y,
022115,003,8637512,2029-01-07,,,Y,
207202,006,8718193,2029-12-05,,,Y,
022272,002,10407434,2025-03-30,,Y,,
210660,001,11679125,2039-01-15,,,Y,
211810,002,8722702,2027-11-21,,Y,,
201292,002,8426586,2029-10-10,,Y,,
022272,007,9492389,2027-08-24,,,Y,
209627,001,10925882,2039-06-21,,,Y,
207233,001,9649318,2035-03-31,,,Y,
210493,002,8426450,2032-05-23,,Y,Y,
206947,001,11186547,2035-08-26,,Y,,
211733,001,11918693,2041-07-09,,,Y,
215192,001,8343952,2027-08-14,,Y,Y,
204824,001,9867949,2029-03-10,,,Y,
215866,003,11357820,2039-06-14,,,Y,
022068,001,8501760,2026-07-18,,,Y,
206977,001,10537538,2037-02-28,,,Y,
215842,002,10351854,2035-10-09,,Y,Y,
217677,003,12234210,2042-07-08,,,Y,
203496,005,7417070,2026-07-30,,Y,,
213026,001,9447415,2025-06-28,,Y,Y,
202834,001,8772497,2026-07-01,,Y,,
205525,001,8222292,2028-08-06,,Y,Y,
206038,001,9216969,2026-11-08,,Y,Y,
205552,002,8008309,2027-11-13,,Y,Y,
208845,001,8828440,2031-08-04,,,Y,
210491,002,8410274,2026-12-28,,,Y,
211358,001,10646481,2029-08-13,,,Y,
209637,001,11097063,2026-07-17,,,Y,Y
209637,001,RE46363,2026-08-03,,,Y,Y
208745,001,11142549,2034-06-05,,,Y,
219847,001,11576878,2040-08-30,,,Y,
211810,001,7893075,2033-05-04,,Y,,
214375,001,11052161,2035-12-29,,,Y,
206627,005,9750703,2031-12-21,,,Y,
021936,001,8733341,2030-10-16,,,Y,Y
021514,001,9034370,2025-10-07,,,Y,
208743,001,10996208,2038-04-30,,,Y,
208081,001,12280146,2043-12-08,,,Y,
207202,004,9433371,2029-09-15,,,Y,
203388,001,7888364,2028-11-11,,Y,Y,
208401,001,11771733,2035-11-06,,,Y,
213498,010,RE43728,2029-11-16,,Y,Y,
203567,001,9861698,2030-07-08,,,Y,
212501,001,12329767,2036-02-15,,,Y,
202100,001,8287903,2031-02-15,,,Y,
214902,001,11071878,2030-12-30,,,Y,
211675,002,10730883,2036-10-17,,,Y,
208798,004,11439777,2040-05-24,,,Y,
208611,001,12138257,2032-05-01,,,Y,
218709,001,12115156,2038-12-11,,,Y,
021299,002,7598271,2025-05-04,,Y,,
022108,003,7241805,2026-06-27,,,Y,
210493,001,12208109,2037-06-02,,,Y,
207155,001,9493582,2033-02-27,,,Y,
214755,004,12115145,2037-07-21,,,Y,
216793,002,8436185,2029-04-24,,Y,Y,
021880,004,7465800,2027-04-27,,Y,Y,
201280,001,8883805,2025-11-26,,,Y,
207999,001,10052337,2036-04-26,,,Y,
021908,002,8026393,2027-10-25,,,Y,
022416,004,9566244,2028-10-23,,,Y,
218171,001,9126947,2031-11-29,,Y,,
205109,001,11013761,2028-11-13,,,Y,
207793,001,10456360,2036-10-15,,,Y,
207202,004,9060708,2029-03-05,,,Y,
208564,001,11123283,2032-11-21,,,Y,
213931,002,8541448,2033-08-01,,Y,Y,
208799,002,9463288,2025-05-19,,,Y,
218347,001,11718627,2036-10-17,,Y,,
208798,005,8978966,2032-01-13,,,Y,
204242,006,9439900,2032-09-18,,,Y,Y
213135,001,10143656,2037-08-04,,,Y,
206977,004,10537538,2037-02-28,,,Y,
216986,001,8114863,2028-09-19,,Y,,
202714,001,8207297,2025-04-14,,Y,Y,
214231,001,10442847,2035-02-03,,Y,Y,
212801,001,8314097,2029-03-27,,Y,Y,
217901,001,10758532,2039-12-11,,,Y,
206627,002,9572779,2031-12-21,,,Y,
210872,001,8703828,2028-05-23,,,Y,
022271,002,8697125,2029-06-16,,,Y,
022309,001,8466136,2026-10-12,,,Y,
205834,001,8088368,2030-05-12,,Y,Y,
209500,003,10464938,2028-03-12,,,Y,
208082,001,11666566,2033-09-18,,,Y,
207999,002,RE48286,2027-02-21,,Y,Y,
022068,003,8501760,2026-07-18,,,Y,
018207,001,8133893,2029-03-13,,Y,Y,
201739,003,8226610,2029-04-10,,,Y,
210491,001,8754224,2026-12-28,,Y,Y,
201281,003,7407955,2025-05-02,,Y,Y,
205677,001,10071977,2035-02-12,,Y,Y,
209381,001,9707297,2033-09-10,,,Y,
208798,001,8978966,2032-01-13,,,Y,
203752,003,9833419,2028-07-10,,,Y,
202293,002,8721615,2030-01-18,,,Y,Y
211371,001,10322139,2033-01-23,,,Y,
210136,004,11135215,2032-07-26,,,Y,
203496,004,8349892,2031-01-22,,,Y,
212994,002,10584113,2037-12-09,,,Y,
207960,001,8999386,2033-08-14,,,Y,
021908,002,8338639,2027-01-23,,,Y,
215039,001,8227462,2033-04-29,,Y,Y,
219616,001,7897792,2027-02-09,,Y,Y,
202788,007,9642844,2027-01-25,,,Y,
209128,001,8574189,2030-03-16,,,Y,
208798,008,11173259,2040-07-06,,,Y,
207202,005,9320455,2031-12-15,,,Y,
216354,007,11813232,2038-03-15,,,Y,
205098,001,9480652,2032-05-12,,,Y,
217347,001,11566000,2040-05-22,,Y,Y,
204824,008,9629959,2026-01-24,,,Y,
217513,001,7378423,2027-05-29,,Y,Y,
204569,003,10098892,2033-05-29,,,Y,
205636,001,10022510,2031-05-18,,,Y,
210868,002,11020376,2036-07-27,,,Y,
217899,001,7301050,2025-08-02,,Y,Y,
210735,003,9662342,2035-06-26,,,Y,
218395,001,12263176,2041-07-31,,,Y,
205489,002,8840924,2026-06-05,,,Y,
210361,001,10543192,2033-02-28,,,Y,
210563,003,10213386,2036-03-03,,,Y,
211962,002,11628200,2035-11-06,,,Y,
217677,003,11504354,2042-07-08,,,Y,
217677,001,7951958,2025-03-11,,Y,,
206627,001,9872837,2031-12-21,,,Y,
210491,002,7776905,2027-06-03,,Y,Y,
211651,001,8420650,2029-07-27,,Y,Y,
203168,001,10085958,2032-11-19,,,Y,
022416,002,9206135,2026-04-21,,Y,,
208799,005,11344685,2039-09-26,,,Y,
208798,003,9216260,2031-06-28,,,Y,
209376,001,11786548,2041-07-01,,,Y,
213137,001,10017491,2032-12-28,,,Y,
021610,004,8871779,2029-11-22,,Y,,
214755,003,11065224,2037-07-21,,,Y,
218718,001,12178824,2041-06-24,,,Y,
204824,006,8021335,2026-10-04,,,Y,
209311,005,9498447,2032-03-23,,,Y,
210922,001,8642076,2027-10-03,,,Y,
214787,001,RE46762,2029-04-22,,Y,Y,
022426,003,8637079,2029-06-04,,,Y,
022569,002,9731869,2032-01-26,,,Y,
215985,001,12336983,2037-06-07,,,Y,
204824,005,11446441,2026-01-24,,,Y,
022321,001,7682634,2027-06-19,,,Y,
202880,006,9132096,2034-09-12,,,Y,
213260,001,12168069,2037-06-07,,,Y,
217064,001,10772829,2034-01-31,,,Y,
212725,001,9085565,2033-05-22,,Y,Y,
021829,005,10350174,2030-12-22,,,Y,
019034,003,9731082,2032-04-23,,,Y,
022115,001,8637512,2029-01-07,,,Y,
206439,001,8338485,2025-11-22,,,Y,
209299,002,8445485,2026-06-17,,,Y,
213931,001,8969377,2029-12-30,,Y,Y,
212535,001,11648262,2039-01-15,,,Y,
214900,001,10927142,2035-01-19,,Y,,
217901,001,12263162,2039-12-11,,,Y,
206627,003,9486413,2027-08-24,,,Y,
208610,001,8273892,2026-08-06,,Y,,
213871,003,9035074,2034-02-19,,Y,Y,
213491,001,9233077,2034-06-17,,,Y,
207202,004,8258962,2030-11-25,,,Y,
215206,001,10117836,2035-01-30,,,Y,
214755,002,11839597,2037-07-21,,,Y,
021829,001,10130589,2030-12-22,,,Y,
208798,006,8651103,2028-03-26,,,Y,
202788,004,9241935,2027-01-25,,,Y,
209637,001,9108002,2026-01-20,,,Y,Y
209939,002,RE46791,2029-01-18,,Y,Y,
217424,001,10376538,2030-08-20,,,Y,
203108,001,7727984,2027-01-19,,Y,,
213051,002,11759502,2033-03-15,,,Y,
207533,003,9526726,2035-03-19,,,Y,
205580,001,9265831,2031-01-28,,,Y,
206940,002,11229627,2033-03-14,,,Y,
217439,006,8420650,2029-07-27,,Y,Y,
218276,001,9682968,2034-07-14,,Y,Y,
201655,006,7851482,2029-07-10,,Y,,
211349,001,8969336,2032-11-28,,Y,Y,
211988,004,9744163,2034-03-13,,,Y,
213586,001,9895447,2025-01-12,,,Y,
206756,001,7396341,2026-10-10,,,Y,Y
201655,002,8192722,2025-09-15,,,Y,
021272,006,9593066,2028-12-15,,Y,,
213793,001,8039435,2032-08-21,,Y,Y,
217581,002,8785632,2025-03-01,,Y,Y,
216354,005,11813232,2038-03-15,,,Y,
207947,003,8791122,2030-08-01,,Y,Y,
021272,001,9593066,2028-12-15,,Y,,
219293,002,11793809,2040-02-18,,,Y,
212516,002,12171742,2037-04-13,,,Y,
021514,001,8632802,2025-10-07,,,Y,
209500,001,9586960,2029-03-12,,Y,Y,
209311,001,10905652,2032-03-23,,,Y,
204485,001,9750785,2035-01-30,,,Y,
211810,001,9169250,2027-11-21,,Y,,
209296,001,10500208,2035-09-18,,,Y,
217901,001,11744967,2041-10-12,,,Y,
208745,001,11834521,2034-06-05,,,Y,
213586,002,9925268,2025-01-12,,,Y,
022272,005,9492389,2027-08-24,,,Y,
208798,002,8978966,2032-01-13,,,Y,
022427,001,8512717,2028-03-07,,,Y,
209410,001,8252331,2030-03-13,,,Y,
205552,002,8957079,2026-12-28,,Y,Y,
021529,002,8722037,2027-09-28,,,Y,
203752,004,9833419,2028-07-10,,,Y,
214876,002,11730725,2039-01-25,,,Y,
208799,004,10569034,2036-08-16,,,Y,
215985,002,12005052,2037-06-07,,,Y,
214755,002,12226377,2037-07-21,,,Y,
208313,001,9241948,2033-07-01,,,Y,
211994,001,8129385,2027-10-05,,Y,Y,
022184,001,8933120,2025-03-16,,,Y,
202833,002,9833428,2026-12-18,,,Y,
210496,002,RE49556,2030-02-27,,Y,Y,
205636,002,10765820,2025-05-19,,,Y,
202788,001,8835459,2027-01-25,,,Y,
206627,007,9750703,2031-12-21,,,Y,
210922,001,8492359,2029-04-15,,,Y,
022416,003,9566244,2028-10-23,,,Y,
218390,003,10919892,2036-12-22,,Y,Y,
201655,004,8871779,2029-11-22,,Y,,
022395,001,10034841,2025-09-06,,,Y,
208026,001,7407955,2025-05-02,,Y,Y,
217242,001,12042487,2037-06-07,,,Y,
210598,001,11691948,2030-07-14,,,Y,
212576,001,11963971,2041-02-24,,,Y,
216986,003,10973934,2039-08-06,,Y,,
214324,004,9593066,2028-12-15,,Y,,
215206,003,10117836,2035-01-30,,,Y,
209241,003,10906903,2036-12-22,,Y,Y,
205777,001,9073933,2025-03-30,,Y,,
210660,001,11648262,2039-01-15,,,Y,
022416,003,9206135,2026-04-21,,Y,,
204353,003,11576894,2030-07-06,,,Y,
208944,001,11065213,2038-08-23,,,Y,
204286,001,10166206,2033-01-31,,,Y,
022275,003,10905694,2030-04-07,,,Y,
216264,001,10927258,2037-12-23,,Y,,
204326,004,9839619,2032-06-28,,,Y,
208259,001,11197853,2034-03-14,,,Y,
201655,001,8871779,2029-11-22,,Y,,
203255,004,7759308,2026-10-25,,,Y,
210526,002,8337890,2027-03-15,,,Y,
208082,002,8524733,2031-04-03,,Y,Y,
022272,004,11304908,2027-08-24,,,Y,
205552,002,9181257,2026-12-28,,Y,,
217806,002,11357820,2039-06-14,,,Y,
216986,002,11590246,2040-01-17,,,Y,
211651,003,8735392,2031-10-20,,Y,Y,
213260,001,11369567,2037-06-07,,,Y,
208090,005,7399488,2025-03-24,,,Y,
217785,002,7452882,2026-09-12,,Y,Y,
217439,002,8420650,2029-07-27,,Y,Y,
207561,001,8981103,2026-10-26,,Y,Y,
203341,001,7919625,2025-12-11,,,Y,
022275,002,8501730,2026-09-01,,Y,,
208798,005,10124131,2031-05-18,,,Y,
208073,001,11058677,2033-12-18,,,Y,
204417,002,8470367,2027-10-31,,,Y,
206089,003,8778916,2030-04-12,,,Y,
019430,001,7794432,2025-09-11,,,Y,
205489,002,9072680,2032-06-28,,,Y,
216158,001,10925832,2039-09-27,,,Y,
208798,002,10195375,2031-02-14,,,Y,
215650,001,12303563,2036-09-22,,,Y,
210874,003,9616028,2030-11-12,,,Y,
208798,003,9463288,2025-05-19,,,Y,
217186,001,12064521,2034-10-07,,,Y,
208798,006,11173259,2040-07-06,,,Y,
204824,007,10709844,2029-03-10,,,Y,
208647,001,10413543,2036-02-12,,,Y,
209863,003,10478560,2026-01-24,,,Y,
207960,003,8999386,2033-08-14,,,Y,
211710,001,10137127,2037-04-04,,,Y,
201444,001,9585912,2030-07-07,,Y,Y,
205787,001,9022022,2031-02-28,,,Y,
213586,005,9925268,2025-01-12,,,Y,
213378,003,11707466,2041-11-12,,,Y,
022260,002,8318802,2027-03-15,,,Y,
206627,002,9492389,2027-08-24,,,Y,
218614,001,9127276,2034-05-01,,Y,,
022063,001,8846100,2029-08-24,,,Y,
211155,001,8193182,2030-02-13,,Y,,
213433,001,9433628,2029-02-28,,,Y,
206494,001,8835455,2030-10-08,,,Y,
022427,001,7842714,2029-08-15,,Y,Y,
208798,004,11173259,2040-07-06,,,Y,
202971,001,11648347,2034-04-06,,,Y,
208341,001,9757406,2034-01-30,,,Y,
212526,003,8476268,2029-09-10,,Y,Y,
214120,002,11571436,2029-05-14,,,Y,
213591,001,7767675,2032-11-19,,Y,Y,
209863,003,10279131,2031-07-31,,,Y,
200603,003,8729085,2026-05-26,,,Y,
206947,002,7612208,2026-09-19,,Y,Y,
212161,001,7214695,2025-12-19,,Y,Y,
210660,001,10912795,2039-01-15,,,Y,
217171,001,10125171,2033-08-02,,Y,,
022580,003,9011905,2028-06-09,,,Y,
021038,003,10016396,2032-01-04,,,Y,
205755,001,7893074,2026-04-25,,Y,Y,
202813,002,10188811,2031-10-21,,,Y,
216196,001,11254652,2038-11-21,,Y,Y,
218390,001,10919892,2036-12-22,,Y,Y,
213586,003,9895447,2025-01-12,,,Y,
209637,003,10220155,2026-07-17,,,Y,Y
021748,002,7780987,2025-03-23,,Y,Y,
202788,002,9642844,2027-01-25,,,Y,
207925,004,10646481,2029-08-13,,,Y,
214860,002,11154521,2036-10-17,,,Y,
211964,001,9358204,2033-02-07,,,Y,
214377,002,10736896,2031-05-19,,Y,Y,
208798,004,11266796,2041-02-22,,,Y,
209627,001,10940157,2039-06-21,,,Y,
208798,003,10124131,2031-05-18,,,Y,
212950,001,7745625,2027-11-19,,Y,,
208276,002,9593066,2028-12-15,,Y,,
205395,002,10039718,2032-10-06,,,Y,
217424,001,9526738,2031-09-03,,,Y,
208653,003,8748413,2030-07-01,,Y,Y,
202278,001,9272137,2027-09-07,,,Y,
216285,001,11504334,2031-06-28,,,Y,
021338,001,9095706,2033-02-03,,,Y,
213736,003,9611267,2035-01-30,,Y,Y,
214962,002,10925829,2036-01-19,,,Y,
214860,001,11154521,2036-10-17,,,Y,
205552,002,10125140,2033-06-03,,Y,Y,
207921,001,11896759,2038-01-26,,,Y,
208437,001,9168556,2032-09-01,,,Y,
207921,002,11583643,2041-08-19,,,Y,
209299,002,8652492,2028-11-06,,,Y,
208686,001,11173141,2036-03-25,,,Y,
204251,001,9421265,2030-06-17,,,Y,
211488,001,12133878,2037-12-18,,,Y,
204485,004,12186362,2035-01-30,,,Y,
022287,002,8871273,2028-01-11,,,Y,
214938,002,9907834,2036-08-01,,,Y,
204242,003,10946010,2032-09-18,,,Y,
205636,002,9782550,2035-08-28,,,Y,
209935,001,12064434,2036-04-14,,,Y,
202714,002,9493582,2033-02-27,,,Y,
206627,006,9486412,2027-08-24,,,Y,
211651,001,10189837,2031-10-20,,Y,Y,
022321,002,7815934,2027-12-12,,,Y,
205437,002,7427638,2028-02-16,,Y,Y,
022249,003,8445524,2029-03-26,,Y,,
210906,003,10342813,2037-07-25,,,Y,
022287,001,8461187,2026-01-17,,,Y,
209376,002,11998565,2041-07-01,,,Y,
215700,001,RE49422,2035-02-26,,,Y,
214835,002,10463607,2031-05-31,,,Y,
209637,003,9687611,2027-02-27,,,Y,Y
209806,001,9308204,2030-10-21,,,Y,
021038,004,9320712,2032-01-04,,,Y,
205718,001,10961195,2035-09-25,,Y,Y,
202880,006,10322120,2033-07-25,,,Y,
022271,003,8288539,2025-03-15,,Y,,
208798,006,9782551,2035-08-28,,,Y,
208623,001,11357765,2038-05-30,,Y,,
213051,002,11382957,2031-12-16,,,Y,
206333,001,10500214,2030-03-02,,,Y,
209128,001,8252328,2027-01-05,,,Y,
208745,001,11319346,2032-03-01,,,Y,
021038,003,8338470,2032-01-04,,,Y,
201739,002,8206360,2027-02-27,,,Y,
208470,001,8629129,2028-08-07,,,Y,
022184,001,7851504,2027-06-13,,Y,Y,
214755,001,10925844,2040-02-28,,,Y,
206627,007,9486413,2027-08-24,,,Y,
207930,001,8479730,2028-10-11,,,Y,
209410,003,8252331,2030-03-13,,,Y,
022272,002,9492389,2027-08-24,,,Y,
209376,003,11998565,2041-07-01,,,Y,
202570,002,8785632,2025-03-01,,Y,,
208798,006,10195375,2031-02-14,,,Y,
208558,002,12144810,2029-10-07,,,Y,
210807,001,10603282,2036-11-29,,,Y,
212614,003,7407955,2025-05-02,,Y,Y,
209311,003,9023389,2032-03-23,,,Y,
210910,001,8486446,2025-05-03,,,Y,
205552,001,10961251,2033-06-03,,,Y,
210491,001,RE50453,2027-05-01,,Y,Y,
212436,001,11065250,2036-08-19,,,Y,
213498,003,RE43728,2029-11-16,,Y,Y,
207202,005,8545402,2030-04-27,,,Y,
213593,001,11103492,2039-07-16,,,Y,
207958,003,11160786,2034-03-14,,,Y,
208798,006,11266796,2041-02-22,,,Y,
216099,001,11298356,2041-01-22,,,Y,
206073,001,12178819,2027-05-04,,,Y,
208944,001,8889740,2025-11-23,,,Y,
022156,001,11103490,2031-10-10,,,Y,
208798,003,10022510,2031-05-18,,,Y,
209862,001,8939943,2031-02-28,,,Y,
206947,002,10407393,2035-08-26,,Y,,
215985,001,11793796,2037-06-07,,,Y,
220018,001,11267799,2038-08-16,,Y,,
202570,001,8785632,2025-03-01,,Y,,
213976,001,9050368,2029-08-01,,,Y,
214200,001,9957276,2031-10-25,,Y,,
215430,001,12156914,2043-01-20,,,Y,
207589,001,10716799,2031-06-10,,,Y,
212479,001,11129833,2035-10-28,,,Y,
204242,005,9259421,2032-09-18,,,Y,
208799,001,8978966,2032-01-13,,,Y,
202833,001,9833428,2026-12-18,,,Y,
206488,001,10781451,2025-06-28,,Y,Y,
219389,001,11066358,2041-02-17,,Y,,
215358,003,11407735,2040-05-14,,Y,,
209482,001,7488827,2027-12-18,,Y,Y,
022545,001,8613949,2029-12-21,,,Y,
211651,002,10189837,2031-10-20,,Y,Y,
212477,001,8088368,2030-05-12,,Y,Y,
215814,001,11723905,2039-11-12,,,Y,
206627,002,9486413,2027-08-24,,,Y,
216157,001,10722502,2035-02-06,,,Y,
205739,002,8282913,2027-05-29,,,Y,
208082,003,9814708,2033-09-18,,,Y,
208799,006,10124131,2031-05-18,,,Y,
213218,001,10154963,2033-10-06,,,Y,
212801,003,8314097,2029-03-27,,Y,Y,
205637,003,9522188,2035-04-24,,,Y,
217186,003,12178918,2034-10-07,,,Y,
201655,002,8871779,2029-11-22,,Y,,
210655,002,9180197,2028-02-13,,,Y,
214755,003,11052061,2037-07-21,,,Y,
214907,001,9341629,2033-08-26,,Y,Y,
207960,001,8287903,2031-02-15,,,Y,
215985,002,12220409,2037-06-07,,,Y,
208026,001,9155705,2030-05-21,,,Y,
216660,001,11583542,2040-07-27,,,Y,
204326,005,9839619,2032-06-28,,,Y,
021947,001,7862832,2028-06-15,,,Y,
022272,001,9492392,2027-08-24,,,Y,
213137,001,9018210,2033-11-25,,Y,Y,
021514,002,9034370,2025-10-07,,,Y,
206910,003,9283209,2034-11-21,,Y,Y,
020911,001,10022509,2031-05-18,,,Y,
217469,001,10813976,2037-09-22,,,Y,
210493,002,10624911,2037-06-02,,,Y,
204242,001,9259421,2032-09-18,,,Y,
021880,006,7465800,2027-04-27,,Y,Y,
209376,002,11786548,2041-07-01,,,Y,
022321,006,8877247,2027-06-19,,,Y,
208254,001,11185538,2034-03-14,,,Y,
213051,006,11382957,2031-12-16,,Y,Y,
212839,001,7598279,2032-10-30,,Y,,
203159,001,11628088,2027-02-07,,,Y,
211358,002,8410274,2026-12-28,,,Y,
214755,001,12115143,2037-07-21,,,Y,
206099,001,8550073,2029-10-22,,,Y,
218591,001,8877938,2027-05-27,,Y,Y,
208627,001,8039504,2027-07-23,,,Y,
218772,001,11890273,2041-10-07,,,Y,
021272,003,9593066,2028-12-15,,Y,,
217603,001,8383659,2030-01-17,,Y,Y,
218730,001,7645789,2027-05-01,,Y,Y,
022399,001,6818787,2025-04-06,,Y,Y,
203094,001,10039718,2032-10-06,,,Y,
207921,001,11395888,2038-01-26,,,Y,
206627,001,9486412,2027-08-24,,,Y,
209410,001,8895618,2025-11-23,,,Y,
213312,001,10705070,2036-03-05,,,Y,
203469,004,8114874,2027-01-24,,Y,Y,
212273,001,8754224,2026-12-28,,Y,Y,
208798,008,11266796,2041-02-22,,,Y,
214876,001,8071623,2031-03-27,,Y,Y,
218347,001,11661425,2036-10-17,,Y,,
205739,003,8282913,2027-05-29,,,Y,
209863,001,11191908,2035-10-18,,,Y,
021747,001,8733341,2030-10-16,,,Y,Y
213189,001,7300931,2026-02-06,,Y,Y,
202514,001,9999593,2029-05-28,,,Y,
207202,001,8718193,2029-12-05,,,Y,
022275,002,10905694,2030-04-07,,,Y,
022068,003,8163904,2028-08-23,,Y,Y,
214410,003,10392406,2036-04-27,,Y,,
215875,003,12133837,2039-03-21,,,Y,
212614,001,9155705,2030-05-21,,,Y,
205787,001,9238108,2027-02-20,,,Y,
210563,003,8754091,2026-12-28,,,Y,
210251,002,9732092,2033-12-19,,Y,Y,
210493,001,11529362,2037-06-02,,,Y,
217439,006,8735392,2031-10-20,,Y,Y,
204017,001,8246978,2028-08-26,,,Y,
215358,002,12252478,2040-05-14,,,Y,
202971,003,8399469,2025-06-29,,Y,,
020911,001,9808587,2031-05-18,,,Y,Y
209863,001,11446440,2031-08-21,,,Y,
209963,001,11040032,2037-02-07,,,Y,
216059,001,12268666,2039-07-29,,,Y,
022272,003,9763933,2027-08-24,,,Y,
206627,004,9095615,2027-08-24,,,Y,
206038,002,7495103,2027-05-20,,Y,Y,
217677,001,12297177,2039-08-09,,,Y,
208383,001,7598276,2026-11-08,,Y,,
212038,003,10292938,2035-10-30,,,Y,
216540,001,10513497,2038-02-16,,Y,,
022309,002,8759329,2026-10-12,,,Y,
215401,004,8632802,2025-10-07,,,Y,
210491,002,10646481,2029-08-13,,,Y,
211746,001,10376526,2034-09-04,,,Y,
208623,001,11426396,2038-05-30,,Y,,
212614,001,7713938,2027-04-15,,Y,Y,
202080,001,7201920,2025-03-16,,,Y,
206977,005,10537538,2037-02-28,,,Y,
210861,002,9127013,2029-10-21,,Y,Y,
217242,001,9884050,2037-06-07,,,Y,
022321,002,8685444,2025-07-03,,,Y,
210563,003,8735403,2026-12-28,,Y,Y,
211801,001,12016856,2029-12-30,,Y,Y,
021137,011,10406108,2038-03-23,,,Y,
216318,001,11311554,2039-03-25,,,Y,
210192,001,8129385,2027-10-05,,Y,Y,
202714,003,8207125,2025-04-14,,Y,Y,
211288,001,7772243,2028-05-05,,Y,Y,
211723,001,10821113,2033-04-11,,Y,Y,
213973,001,11612591,2040-12-30,,,Y,
021038,002,8242158,2032-01-04,,,Y,
212273,001,RE50453,2027-05-01,,Y,Y,
213953,003,10576090,2030-12-31,,,Y,
208010,001,11253528,2034-03-14,,,Y,
214628,003,12245996,2038-01-30,,,Y,
022272,005,9763933,2027-08-24,,,Y,
208313,007,9241948,2033-07-01,,,Y,
208798,006,9731087,2031-05-18,,,Y,
206940,002,11311516,2033-03-14,,,Y,
214231,002,10442847,2035-02-03,,Y,Y,
201281,002,8883805,2025-11-26,,,Y,
214755,003,12115144,2037-07-21,,,Y,
021925,001,7700128,2027-01-30,,,Y,
209940,001,10603384,2033-02-28,,,Y,
210491,002,8623905,2027-05-01,,Y,Y,
208798,007,10022510,2031-05-18,,,Y,
021937,001,8598185,2029-04-28,,,Y,
202788,007,8486972,2030-04-27,,,Y,
208798,005,8714149,2032-02-25,,,Y,
209637,001,9132239,2032-02-01,,,Y,Y
218201,001,10159596,2032-08-14,,,Y,
217415,001,11759497,2038-08-28,,,Y,
209637,004,8114833,2025-08-13,,,Y,
209830,001,10688091,2035-08-17,,,Y,
019034,002,9731082,2032-04-23,,,Y,
213051,002,10086047,2031-12-16,,,Y,
204824,003,10709844,2029-03-10,,,Y,
209311,005,9023389,2032-03-23,,,Y,
217906,001,9284314,2032-06-15,,Y,,
203496,002,8497393,2028-12-15,,Y,,Y
209299,001,RE48898,2026-01-19,,,Y,
211913,006,9750711,2035-05-29,,,Y,
202714,003,8207297,2025-04-14,,Y,Y,
211349,001,11938131,2036-07-01,,,Y,
022145,002,9649311,2030-10-21,,,Y,
208799,004,11266796,2041-02-22,,,Y,
021842,002,9101660,2027-01-22,,,Y,
208944,002,8895614,2025-11-23,,,Y,
202231,003,9006289,2032-10-03,,,Y,
210852,003,10849916,2035-07-13,,,Y,
213756,001,12220403,2029-03-26,,,Y,
204824,005,8021335,2026-10-04,,,Y,
022411,002,8133893,2029-03-13,,Y,Y,
211710,001,10172861,2035-11-16,,Y,,
212725,001,10398693,2038-07-18,,,Y,
204760,001,9012469,2032-04-02,,Y,Y,
216540,001,11260047,2039-08-16,,,Y,
212614,002,9155705,2030-05-21,,,Y,
202788,007,8835459,2027-01-25,,,Y,
209500,003,8648077,2029-12-01,,Y,Y,
200603,005,8729085,2026-05-26,,,Y,
203567,001,8486978,2030-10-24,,,Y,
204326,005,9265737,2032-06-28,,,Y,
208772,003,9012462,2031-04-28,,Y,,
206038,001,8410274,2026-12-28,,,Y,
210563,003,10010507,2036-03-03,,,Y,
208799,005,8651103,2028-03-26,,,Y,
022224,001,7259186,2025-01-07,,Y,,
205395,002,7700645,2026-12-26,,Y,Y,
208799,006,9216260,2031-06-28,,,Y,
019734,003,7612102,2027-12-26,,,Y,
211635,001,12268664,2029-03-27,,,Y,
207078,001,10695365,2033-10-22,,Y,,
216986,007,11590246,2040-01-17,,,Y,
204242,003,8940330,2032-09-18,,,Y,
212268,001,9687474,2033-07-25,,,Y,
215039,001,8476268,2029-09-10,,Y,Y,
215110,001,RE48923,2035-05-08,,Y,,
208798,008,10765820,2025-05-19,,,Y,
212535,001,11510941,2039-03-02,,,Y,
020911,001,10022510,2031-05-18,,,Y,
021821,001,10588975,2026-03-13,,,Y,
204275,002,8746242,2030-10-11,,,Y,
205422,002,10307419,2032-10-12,,,Y,
209311,004,10905652,2032-03-23,,,Y,
211367,001,11291633,2031-06-28,,,Y,
208798,008,9216260,2031-06-28,,,Y,
204114,002,9155706,2032-01-28,,,Y,
211109,001,10961190,2037-10-19,,Y,,
210428,003,9700530,2035-07-09,,,Y,
210854,002,10392406,2036-04-27,,Y,,
217186,003,12303605,2034-10-07,,,Y,
216354,006,11813232,2038-03-15,,,Y,
218944,002,10683302,2037-06-08,,Y,Y,
202088,001,8440170,2029-03-14,,,Y,
218213,002,9714258,2035-01-23,,Y,Y,
213973,001,11185535,2040-12-30,,,Y,
206544,001,7955619,2028-08-12,,,Y,
208564,001,11304959,2032-11-21,,,Y,
215866,007,11357820,2039-06-14,,Y,Y,
202810,003,11896599,2027-04-13,,,Y,
216834,003,10562934,2035-06-12,,Y,,
215192,003,11324734,2036-03-31,,,Y,
022075,001,8318201,2027-09-05,,,Y,
216490,002,11918628,2037-09-28,,Y,Y,
211964,003,9662338,2035-04-02,,,Y,
213026,001,9228187,2030-11-12,,Y,Y,
205858,002,10730879,2033-03-05,,Y,Y,
201848,001,11241522,2032-11-07,,,Y,
210526,001,8337890,2027-03-15,,,Y,
215498,003,10975046,2039-06-20,,Y,,
209115,002,8754072,2031-02-10,,Y,Y,
022350,002,7951400,2028-11-30,,,Y,
215814,001,11498913,2035-09-18,,,Y,
218201,001,10022264,2034-03-22,,,Y,
021994,001,8323630,2027-09-20,,,Y,
208799,006,11000653,2038-12-18,,,Y,
205787,001,8016788,2025-03-21,,,Y,
206439,004,8338485,2025-11-22,,,Y,
216655,002,11701352,2041-12-15,,,Y,
021829,003,10130589,2030-12-22,,,Y,
021842,001,9101660,2027-01-22,,,Y,
212038,006,10507186,2035-10-30,,,Y,
213005,003,11744835,2037-05-05,,,Y,
206627,004,9486412,2027-08-24,,,Y,
204114,002,9271941,2032-01-28,,,Y,
207202,003,11229378,2031-07-11,,,Y,
218390,003,10906902,2036-12-22,,Y,Y,
019430,002,8048035,2025-09-11,,,Y,
211962,003,12161690,2035-11-06,,,Y,
021992,002,8269040,2027-07-05,,Y,,
022519,001,8318202,2026-07-18,,,Y,
207793,001,10993914,2036-10-15,,,Y,
210875,001,10821074,2029-08-07,,,Y,
210563,001,9725455,2033-06-03,,Y,,
022272,001,12280152,2027-08-24,,,Y,
022500,002,8623409,2031-09-08,,,Y,
202192,004,8415362,2027-12-24,,Y,Y,
022156,002,8658676,2031-10-10,,,Y,
219379,001,11571402,2041-02-17,,,Y,
204734,001,8980327,2030-12-01,,,Y,
210864,001,9493582,2033-02-27,,,Y,
212614,002,9415016,2029-04-02,,,Y,
202788,001,10610523,2027-01-25,,,Y,
205596,001,8410077,2029-03-13,,,Y,
020911,002,9463289,2031-05-18,,,Y,Y
022272,002,8894988,2027-08-24,,,Y,
205787,001,10335549,2025-04-30,,,Y,
020911,002,10022509,2031-05-18,,,Y,
211358,002,8653103,2028-12-04,,,Y,
207947,005,8791122,2030-08-01,,Y,Y,
208624,001,10201541,2032-05-17,,,Y,
210563,001,10125140,2033-06-03,,Y,Y,
210526,002,8747902,2027-03-15,,,Y,
217439,004,10189837,2031-10-20,,Y,Y,
021986,004,8680103,2025-02-04,,,Y,
203188,001,10646481,2029-08-13,,,Y,
212725,001,8299057,2032-03-10,,Y,Y,
210259,001,7459554,2026-11-24,,Y,,
019034,003,9248229,2034-03-12,,,Y,
216986,007,8114863,2028-09-19,,Y,,
213378,004,9119848,2031-08-30,,Y,,
208799,002,9216260,2031-06-28,,,Y,
212535,001,11679125,2039-01-15,,,Y,
022272,007,11304908,2027-08-24,,,Y,
211746,001,12303635,2039-04-08,,Y,Y,
208798,007,10195375,2031-02-14,,,Y,
203496,002,11723887,2028-12-15,,Y,,
215039,003,8227462,2033-04-29,,Y,Y,
213593,001,11633478,2039-07-16,,,Y,
202788,003,9642844,2027-01-25,,,Y,
210136,007,11135215,2032-07-26,,,Y,
202324,002,6534524,2025-04-29,,Y,Y,
211962,007,10849956,2035-11-06,,,Y,
214787,002,10065958,2031-09-16,,Y,,
206316,001,9149532,2028-03-28,,,Y,
209776,001,10172874,2031-08-08,,,Y,
214755,001,12115142,2037-07-21,,,Y,
212887,001,10927129,2026-04-28,,Y,Y,
213388,001,11542239,2039-07-23,,Y,Y,
208798,008,11439777,2040-05-24,,,Y,
214755,001,11065224,2037-07-21,,,Y,
218390,001,10906902,2036-12-22,,Y,Y,
209311,001,8927010,2032-03-23,,,Y,
216793,001,11091459,2038-03-27,,Y,Y,
211675,003,11718627,2036-10-17,,Y,Y,
022426,002,8288539,2025-03-15,,Y,,
213433,001,9211295,2025-05-31,,,Y,
213051,003,11382957,2031-12-16,,,Y,
022387,001,9339507,2028-03-10,,,Y,
207925,003,8883206,2033-02-27,,,Y,
201373,002,8933097,2030-08-02,,,Y,
021272,003,11723887,2028-12-15,,Y,,
216834,002,10562934,2035-06-12,,Y,,
201739,002,8021344,2029-11-02,,,Y,
208653,001,8461137,2031-02-22,,Y,Y,
022108,001,7671094,2026-06-27,,,Y,
208686,001,11141405,2036-03-25,,,Y,
206439,004,8598233,2025-11-22,,,Y,Y
208901,001,8921374,2033-06-21,,,Y,
022068,002,8293756,2027-09-25,,,Y,
202192,004,8722693,2028-06-12,,Y,Y,
206627,003,9486412,2027-08-24,,,Y,
022524,001,8580830,2029-11-23,,,Y,
201292,001,RE43431,2026-01-13,,Y,,
205552,001,7514444,2026-12-28,,Y,Y,
214377,001,8420656,2031-05-19,,Y,Y,
203756,002,9717720,2032-02-10,,,Y,
217186,002,12274793,2034-10-07,,,Y,
206940,001,11160792,2033-03-14,,,Y,
212516,003,10959982,2037-04-13,,,Y,
206628,004,9649296,2036-04-20,,,Y,
208799,005,10124131,2031-05-18,,,Y,
200603,003,9907794,2026-05-26,,,Y,
209862,001,8226610,2029-04-10,,,Y,
200678,002,8628799,2025-07-13,,,Y,
212839,004,7598279,2032-10-30,,Y,,
209410,004,8895618,2025-11-23,,,Y,
210563,004,7514444,2026-12-28,,Y,Y,
211358,001,8410274,2026-12-28,,,Y,
216490,003,11759504,2037-09-28,,,Y,
202992,002,8802735,2030-09-14,,,Y,
209305,001,10729720,2035-04-21,,,Y,
210296,001,10105337,2035-02-27,,,Y,
200063,001,7375111,2025-03-26,,,Y,
209637,002,9132239,2032-02-01,,,Y,Y
210563,003,9655857,2036-03-03,,,Y,
022272,005,8894988,2027-08-24,,,Y,
205065,001,9216178,2032-11-01,,,Y,
202788,003,10016403,2027-01-25,,,Y,
218201,001,10166141,2034-06-13,,,Y,
212535,001,10653719,2039-01-15,,,Y,
208799,004,10124131,2031-05-18,,,Y,
214377,002,8420656,2031-05-19,,Y,Y,
209115,002,9987285,2035-08-17,,,Y,
207500,002,6812238,2025-10-31,,Y,,
209128,001,11676691,2030-03-16,,,Y,
214876,001,8436185,2029-04-24,,Y,,
205122,003,8652527,2033-03-19,,,Y,
208799,006,8714149,2032-02-25,,,Y,
204242,006,8940330,2032-09-18,,,Y,
022272,002,9073933,2025-03-30,,Y,,
213005,001,11744835,2037-05-05,,,Y,
208090,002,8449909,2025-03-24,,,Y,
021035,004,8802142,2031-06-07,,,Y,
204822,001,8178582,2029-10-10,,,Y,
022287,001,9011926,2026-02-24,,,Y,
202895,001,7700645,2026-12-26,,Y,Y,
207621,001,7815934,2027-12-12,,,Y,
218637,001,8133893,2029-03-13,,Y,Y,
214278,001,10835488,2036-12-08,,,Y,
212122,001,11331442,2038-10-05,,,Y,
209311,003,11241392,2032-03-23,,,Y,
204824,004,8814834,2031-05-27,,,Y,
022272,004,11964056,2027-08-24,,,Y,
207921,001,11559637,2039-07-21,,,Y,
215985,001,12257242,2037-06-07,,,Y,
019734,005,9364564,2027-12-26,,,Y,
202810,002,8617600,2027-04-13,,,Y,
208401,001,12186360,2035-11-06,,,Y,
214876,001,11730725,2039-01-25,,,Y,
022318,001,9095509,2030-12-06,,,Y,
207202,004,8114021,2030-06-21,,,Y,
212379,001,10265404,2030-10-01,,,Y,
219616,001,7928109,2029-08-21,,Y,Y,
205787,001,7731686,2026-06-10,,,Y,
210428,004,9504655,2035-07-09,,,Y,
208573,002,8722657,2032-01-29,,Y,,
205489,001,9072680,2032-06-28,,,Y,
021908,001,8338639,2027-01-23,,,Y,
209905,001,11160772,2037-03-10,,,Y,
213189,001,10669236,2038-09-07,,Y,Y,
212904,001,7166722,2028-11-16,,Y,Y,
022272,003,9492389,2027-08-24,,,Y,
217660,001,11453655,2037-12-08,,Y,Y,
201292,002,8545884,2029-12-19,,,Y,
215401,004,9474722,2033-10-24,,,Y,
203255,002,7473761,2026-12-14,,Y,Y,
202788,006,10610523,2027-01-25,,,Y,
205552,001,8697711,2026-12-28,,Y,Y,
217006,001,8399469,2025-06-29,,Y,,
210874,001,7919598,2029-12-16,,Y,,
219301,001,11230537,2037-12-25,,Y,Y,
211675,003,9951080,2036-10-17,,Y,Y,
022272,003,12246094,2027-08-24,,,Y,
200796,002,9066936,2028-03-26,,,Y,
206940,002,11160792,2033-03-14,,,Y,
214096,001,9284300,2028-04-29,,,Y,
204824,007,9629959,2026-01-24,,,Y,
208564,002,10806697,2032-11-21,,,Y,
202714,002,8207126,2025-04-14,,,Y,
210496,001,9387208,2032-11-21,,,Y,
208799,003,9463288,2025-05-19,,,Y,
208434,001,9440922,2030-06-09,,,Y,
021514,004,8632802,2025-10-07,,,Y,
202833,002,8372827,2026-12-18,,,Y,
211109,001,8906887,2030-12-28,,,Y,
022272,007,11964056,2027-08-24,,,Y,
211340,001,11364230,2037-10-06,,,Y,
215413,001,8129385,2027-10-05,,Y,Y,
209863,003,9533102,2026-01-24,,,Y,
217729,001,7919625,2025-12-11,,,Y,
204026,004,8828427,2031-06-21,,Y,Y,
208799,005,9731087,2031-05-18,,,Y,
208798,007,11969544,2039-08-20,,,Y,
215192,003,8598210,2027-06-26,,Y,Y,
207202,001,8961412,2030-11-17,,,Y,
210875,004,10821074,2029-08-07,,,Y,
208910,002,10959946,2035-03-13,,,Y,
205636,002,11439777,2040-05-24,,,Y,
208573,003,8722657,2032-01-29,,Y,,
205636,002,9463288,2025-05-19,,,Y,
211765,001,10117836,2035-01-30,,,Y,
204760,002,9012469,2032-04-02,,Y,Y,
207960,003,8287903,2031-02-15,,,Y,
214154,001,11964055,2036-06-17,,,Y,
207999,001,9238673,2033-06-17,,,Y,
022108,003,7662407,2026-06-27,,,Y,
214755,001,12138239,2037-07-21,,,Y,
210875,005,9044475,2030-06-11,,,Y,
206627,003,11304908,2027-08-24,,,Y,
202992,001,8802735,2030-09-14,,,Y,
214876,003,11730725,2039-01-25,,,Y,
022107,001,8618172,2028-07-13,,,Y,
204824,008,9533102,2026-01-24,,,Y,
209863,001,10478560,2026-01-24,,,Y,
218709,001,10548889,2038-12-11,,,Y,
213137,002,9447071,2035-02-06,,Y,Y,
212038,001,10512612,2035-10-30,,,Y,
211488,001,9572857,2027-01-16,,,Y,
209279,001,7959945,2027-12-28,,,Y,
217677,002,10590087,2039-08-09,,Y,,
202293,002,7919598,2029-12-16,,Y,,
021976,002,7700645,2026-12-26,,Y,Y,
208171,003,10414831,2029-03-25,,Y,Y,
215700,003,10251848,2035-02-26,,,Y,
210428,001,9504655,2035-07-09,,,Y,
214755,003,11766418,2037-07-21,,,Y,
215985,002,12257242,2037-06-07,,,Y,
208910,001,10493028,2035-03-13,,,Y,
217439,002,8735392,2031-10-20,,Y,Y,
216962,001,10730895,2035-10-21,,Y,,
210428,001,9700530,2035-07-09,,,Y,
211765,002,11925709,2035-01-30,,,Y,
205395,001,10039718,2032-10-06,,,Y,
214755,001,10973795,2037-07-21,,,Y,
218276,001,11603363,2041-05-25,,Y,Y,
218730,001,8623905,2027-05-01,,Y,Y,
211810,001,10941142,2038-07-24,,,Y,
204326,004,8840924,2026-04-09,,,Y,
207921,002,10561808,2032-01-01,,,Y,Y
219293,002,10874671,2040-02-18,,,Y,
207202,003,8545402,2030-04-27,,,Y,
021035,001,8802142,2031-06-07,,,Y,
214324,004,10772883,2030-06-11,,,Y,
208462,003,7687662,2027-08-06,,Y,Y,
214755,003,10736866,2037-07-21,,,Y,
212268,003,10022445,2033-07-25,,,Y,
215256,002,8536122,2026-03-20,,Y,Y,
218390,002,10906902,2036-12-22,,Y,Y,
212614,003,7713938,2027-04-15,,Y,Y,
217806,003,9474780,2036-01-05,,Y,Y,
204114,002,9399021,2032-01-28,,,Y,
212801,003,10143680,2035-07-06,,,Y,
210493,001,10624911,2037-06-02,,,Y,
210563,002,9655857,2036-03-03,,,Y,
208692,003,9724342,2033-07-09,,,Y,
210563,004,10961251,2033-06-03,,,Y,
205436,001,10065947,2030-02-03,,,Y,
204708,001,10201517,2031-06-13,,,Y,
214377,003,8420656,2031-05-19,,Y,Y,
214755,002,12144793,2037-07-21,,,Y,
215904,001,8318714,2026-11-28,,,Y,
205637,002,8703177,2032-08-20,,,Y,
216157,001,9447071,2035-02-06,,Y,Y,
205755,001,7964592,2028-04-29,,Y,Y,
213005,002,11744836,2037-05-05,,,Y,
213051,002,11759501,2033-03-15,,,Y,
215192,001,11324734,2036-03-31,,,Y,
209410,004,8987333,2025-11-23,,,Y,
212801,001,9434754,2031-01-13,,Y,,
212306,002,8999996,2033-07-03,,Y,Y,
208325,003,10344765,2034-06-27,,,Y,
214902,001,12156946,2028-02-03,,,Y,
021610,005,8871779,2029-11-22,,Y,,
201281,003,9155705,2030-05-21,,,Y,
203496,001,11723887,2028-12-15,,Y,,
208799,005,10765820,2025-05-19,,,Y,
208799,004,9216260,2031-06-28,,,Y,
211635,002,10265402,2025-05-11,,,Y,
217003,001,10961251,2033-06-03,,,Y,
216117,004,9707217,2037-02-03,,,Y,
202714,001,9493582,2033-02-27,,,Y,
208799,001,8714149,2032-02-25,,,Y,
204824,007,9533102,2026-01-24,,,Y,
209637,001,8114833,2025-08-13,,,Y,
208798,006,11357935,2038-09-24,,,Y,
206947,002,10259791,2035-08-26,,Y,,
021361,002,9271968,2026-02-27,,,Y,
211367,001,12280151,2031-06-28,,,Y,
209884,001,12071402,2032-01-05,,,Y,
202231,002,9006289,2032-10-03,,,Y,
209299,001,7449458,2031-09-04,,Y,,
207202,003,8718193,2029-12-05,,,Y,
209637,003,RE46363,2026-08-03,,,Y,Y
216457,001,11173118,2035-09-18,,,Y,
210868,001,11299500,2038-10-04,,Y,,
210563,003,8697711,2026-12-28,,Y,Y,
209627,001,12303518,2039-06-21,,,Y,
204592,002,9017721,2030-04-23,,,Y,
202880,004,9132096,2034-09-12,,,Y,
211673,001,8153689,2028-03-19,,Y,Y,
207960,002,8287903,2031-02-15,,,Y,
209637,001,10220155,2026-07-17,,,Y,Y
218711,001,12090135,2036-05-16,,,Y,
207202,006,9119554,2028-12-16,,,Y,
207793,001,8992970,2025-05-02,,Y,Y,
022496,002,12156940,2044-07-02,,,Y,
201739,001,8226610,2029-04-10,,,Y,
202331,002,9066936,2028-03-26,,,Y,
210136,006,11135215,2032-07-26,,,Y,
208437,001,10688518,2036-11-12,,,Y,
207202,003,11476952,2026-04-28,,,Y,
022321,006,8685444,2025-07-03,,,Y,
211801,001,8541448,2033-08-01,,Y,Y,
209478,001,10624906,2036-10-28,,,Y,
022395,001,8821920,2030-03-26,,,Y,
210491,002,RE50453,2027-05-01,,Y,Y,
208171,002,12030962,2029-03-25,,Y,Y,
201699,001,7863249,2027-07-31,,Y,Y,
201292,002,10004743,2030-07-05,,,Y,
216354,006,8524733,2031-04-03,,Y,Y,
208090,005,8449909,2025-03-24,,,Y,
210660,001,11642370,2039-01-15,,,Y,
215875,001,11207280,2039-03-21,,,Y,
021829,002,10350174,2030-12-22,,,Y,
208026,002,9155705,2030-05-21,,,Y,
217604,001,11229606,2038-06-18,,,Y,
205739,002,8147873,2028-06-20,,,Y,
217003,001,9296753,2033-10-30,,Y,,
021688,003,9375405,2026-09-22,,,Y,
212304,001,9993466,2037-07-26,,,Y,
206494,001,9695122,2032-06-15,,Y,,
208799,001,10124131,2031-05-18,,,Y,
208798,002,11969544,2039-08-20,,,Y,
218390,002,10906903,2036-12-22,,Y,Y,
021272,007,11723887,2028-12-15,,Y,,
021717,001,10350180,2031-01-14,,,Y,
210331,001,8871241,2027-08-12,,,Y,
208780,001,10188637,2037-03-28,,,Y,
022309,001,8486925,2026-10-12,,,Y,
204441,004,10905694,2030-04-07,,,Y,
202833,001,8278292,2027-07-06,,,Y,
208799,005,9782550,2035-08-28,,,Y,
204760,002,7786133,2028-09-16,,Y,Y,
216986,005,10973934,2039-08-06,,Y,,
210296,001,10918617,2035-02-27,,,Y,
204242,002,10946010,2032-09-18,,,Y,
209184,001,8945612,2032-11-16,,,Y,
212937,001,11291728,2039-07-01,,,Y,
213593,001,12042539,2039-07-16,,,Y,
202570,002,8217057,2029-11-06,,Y,Y,
202811,002,8802628,2031-10-30,,,Y,
209637,004,9132239,2032-02-01,,,Y,Y
210450,002,11542239,2039-07-23,,Y,Y,
218730,001,10646481,2029-08-13,,,Y,
211765,001,12310953,2035-01-30,,,Y,
214628,001,11602508,2038-01-30,,,Y,
208799,004,11173259,2040-07-06,,,Y,
211358,001,8754224,2026-12-28,,Y,Y,
022309,002,8486925,2026-10-12,,,Y,
208799,001,10765820,2025-05-19,,,Y,
211675,002,12077545,2036-10-17,,,Y,
214324,004,10421729,2035-04-01,,,Y,
217677,001,12116347,2039-08-09,,,Y,
204824,006,9867949,2029-03-10,,,Y,
204223,002,9248229,2034-03-12,,,Y,
201739,003,7947017,2028-03-12,,,Y,
207561,001,7390791,2025-01-07,,Y,Y,
022024,002,7785627,2026-07-31,,,Y,
204370,003,7943621,2028-12-16,,Y,Y,
207202,003,9149577,2029-12-15,,,Y,
216951,003,8324208,2028-12-11,,Y,Y,
208799,002,9731087,2031-05-18,,,Y,
208798,008,10124131,2031-05-18,,,Y,
022249,001,8436190,2030-10-26,,,Y,
213586,007,9717799,2025-01-12,,,Y,
204242,001,10946010,2032-09-18,,,Y,
211962,001,11628200,2035-11-06,,,Y,
206627,007,9770416,2027-08-24,,,Y,
215206,002,10117836,2035-01-30,,,Y,
217581,001,7230098,2025-08-26,,Y,,
022309,003,8466136,2026-10-12,,,Y,
216490,001,11759504,2037-09-28,,,Y,
217225,001,7538211,2025-02-14,,Y,,
209299,002,7449458,2031-09-04,,Y,,
214487,001,8445515,2031-02-03,,Y,Y,
214410,001,8927710,2031-05-05,,,Y,
209905,005,10441554,2037-03-10,,,Y,
203826,004,12257342,2036-09-26,,,Y,
213586,005,9895447,2025-01-12,,,Y,
217677,001,11504354,2042-07-08,,,Y,
205422,005,7888362,2026-04-12,,Y,,Y
211996,001,7214695,2025-12-19,,Y,Y,
208799,004,11351317,2038-02-10,,,Y,
210864,002,7635773,2029-03-13,,,Y,
202714,002,7232818,2025-04-14,,Y,Y,
204824,008,11446441,2026-01-24,,,Y,
215498,002,12091394,2039-06-20,,Y,,
215401,003,8591941,2025-10-07,,,Y,
214324,005,10421729,2035-04-01,,,Y,
208658,003,7713938,2027-04-15,,Y,Y,
217186,002,12064521,2034-10-07,,,Y,
019734,004,9364564,2027-12-26,,,Y,
208799,005,11439777,2040-05-24,,,Y,
050819,001,9078870,2029-06-03,,,Y,
204326,001,9017731,2032-06-28,,,Y,
203255,001,9351923,2028-05-23,,,Y,
209241,003,10919892,2036-12-22,,Y,Y,
210563,001,8957079,2026-12-28,,Y,Y,
211765,002,8912210,2033-12-23,,Y,Y,
219389,002,11066358,2041-02-17,,Y,,
208573,002,11369599,2032-05-23,,,Y,
217424,001,8282967,2026-05-30,,Y,,
204824,004,11684723,2029-03-10,,,Y,
214275,001,8791122,2030-08-01,,Y,Y,
022580,003,8580298,2029-05-15,,,Y,
206627,001,9770416,2027-08-24,,,Y,
209863,003,10357609,2031-08-21,,,Y,
210491,002,8754224,2026-12-28,,Y,Y,
205422,002,7888362,2026-04-12,,Y,,Y
022427,001,9192571,2028-03-07,,,Y,
206089,001,11179402,2026-04-14,,Y,Y,
208610,001,7728143,2031-06-19,,Y,,
210655,001,9180197,2028-02-13,,,Y,
202428,001,8808716,2030-02-24,,,Y,
211675,001,11718627,2036-10-17,,Y,Y,
211675,002,11198697,2036-10-17,,,Y,
022426,004,8637079,2029-06-04,,,Y,
212801,001,8835646,2026-08-23,,Y,Y,
204447,004,8722684,2031-06-30,,Y,Y,
208325,002,11162500,2034-06-27,,,Y,
217439,005,10189837,2031-10-20,,Y,Y,
021514,004,9034370,2025-10-07,,,Y,
018207,004,8133893,2029-03-13,,Y,Y,
210598,001,8034946,2025-03-10,,,Y,
216457,001,12115255,2035-09-18,,,Y,
200603,001,RE45573,2025-06-23,,Y,,
206030,001,8410077,2029-03-13,,,Y,
217806,004,9474780,2036-01-05,,Y,Y,
050790,002,9669974,2034-05-11,,,Y,Y
207202,001,9149577,2029-12-15,,,Y,
209472,001,11793813,2036-02-19,,,Y,
204417,002,8425938,2026-02-22,,,Y,
204326,001,9265737,2032-06-28,,,Y,
208246,002,10639309,2034-03-14,,,Y,
206089,003,10617696,2030-04-12,,Y,Y,
210598,001,7288657,2028-10-31,,Y,,
210450,002,12102637,2038-08-20,,,Y,
205636,001,10124131,2031-05-18,,,Y,
210656,002,10414748,2036-04-13,,Y,Y,
213498,004,RE43728,2029-11-16,,Y,Y,
213871,001,9035074,2034-02-19,,Y,Y,
022275,001,10905694,2030-04-07,,,Y,
211675,001,12110297,2036-10-17,,,Y,
215875,005,10653646,2039-03-21,,,Y,
218730,002,10047053,2032-05-17,,Y,,
210854,002,10759814,2037-08-09,,Y,Y,
211675,001,9951080,2036-10-17,,Y,Y,
212436,002,11065250,2036-08-19,,,Y,
202971,004,11648347,2034-04-06,,,Y,
203756,001,11091439,2030-01-15,,Y,,
215700,001,10888534,2039-04-26,,,Y,
022519,001,8309127,2026-07-18,,,Y,
201739,003,11590286,2026-12-12,,,Y,
209862,001,9022022,2031-02-28,,,Y,
212018,003,8895601,2033-04-12,,Y,Y,
202880,001,9132096,2034-09-12,,,Y,
217186,001,11357733,2034-10-07,,,Y,
210251,001,7390791,2025-01-07,,Y,Y,
212994,002,9079928,2032-07-27,,,Y,
215700,002,10888534,2039-04-26,,,Y,
021610,001,8871779,2029-11-22,,Y,,
204242,005,10946010,2032-09-18,,,Y,
208624,001,8691938,2032-04-13,,Y,Y,
209899,001,8796318,2029-05-14,,Y,Y,
214200,001,8598197,2031-10-25,,Y,Y,
205435,001,10065947,2030-02-03,,,Y,
213378,004,11707466,2041-11-12,,,Y,
215192,001,10149842,2034-11-14,,Y,Y,
018613,001,7977324,2026-08-14,,,Y,
203752,005,9724310,2028-07-10,,Y,Y,
208692,002,11091440,2030-01-15,,,Y,
201292,003,RE43431,2026-01-13,,Y,,
207925,005,8754224,2026-12-28,,Y,Y,
213973,001,11793795,2040-12-30,,,Y,
213378,002,9119848,2031-08-30,,Y,,
212614,001,9415016,2029-04-02,,,Y,
022272,005,12246094,2027-08-24,,,Y,
207202,002,8718193,2029-12-05,,,Y,
214876,002,8436185,2029-04-24,,Y,,
210793,001,10646480,2038-08-27,,,Y,
210134,001,10765602,2039-09-23,,,Y,
021986,005,8680103,2025-02-04,,,Y,
209940,002,RE46791,2029-01-18,,Y,Y,
205489,001,8840924,2026-06-05,,,Y,
214200,001,12168666,2040-11-13,,Y,Y,
206089,001,10617696,2030-04-12,,Y,Y,
021252,002,8436051,2028-06-06,,,Y,
214103,001,11446380,2035-10-09,,Y,Y,
207318,001,7923564,2025-09-26,,Y,Y,
211746,001,9937189,2034-09-04,,,Y,
208313,003,9241948,2033-07-01,,,Y,
206627,006,9095615,2027-08-24,,,Y,
207986,001,9220796,2035-07-01,,,Y,
213756,001,8178693,2026-03-13,,Y,Y,
022321,002,8877247,2027-06-19,,,Y,
216686,001,11065265,2039-01-11,,,Y,
200677,001,7473761,2026-12-14,,Y,Y,
201292,001,10004743,2030-07-05,,,Y,
212038,003,10507186,2035-10-30,,,Y,
208259,001,9415043,2034-03-14,,Y,,
209935,001,8685980,2030-05-25,,Y,Y,
213591,001,12208101,2035-07-22,,,Y,
207561,001,10039718,2032-10-06,,,Y,
208798,004,9463288,2025-05-19,,,Y,
209500,001,9616061,2029-05-27,,,Y,
022430,001,7947739,2025-03-04,,,Y,
214965,001,7973081,2026-01-27,,,Y,
021947,003,7862833,2028-06-15,,,Y,
207202,006,9433371,2029-09-15,,,Y,
208611,001,RE46617,2029-12-28,,Y,,
213411,001,8648087,2031-04-12,,Y,Y,
210455,001,10039718,2032-10-06,,,Y,
209410,004,8252331,2030-03-13,,,Y,
216490,003,11890326,2037-09-28,,Y,Y,
207202,001,9941931,2030-11-04,,,Y,
217660,001,7645789,2027-05-01,,Y,Y,
210854,002,11261198,2038-09-25,,,Y,
213586,001,9717799,2025-01-12,,,Y,
208434,001,9365514,2032-03-04,,,Y,
215498,004,10975046,2039-06-20,,Y,,
210913,001,10918694,2037-02-28,,,Y,
210296,001,9636319,2035-02-27,,,Y,
210563,002,9725455,2033-06-03,,Y,,
209637,004,9457154,2027-09-29,,,Y,Y
208798,007,10765820,2025-05-19,,,Y,
212038,005,10688060,2035-10-30,,,Y,
209355,001,8809307,2031-11-02,,,Y,
214846,001,8058280,2026-01-28,,Y,Y,
202833,002,8372828,2026-12-18,,,Y,
207233,002,9649318,2035-03-31,,,Y,
207533,004,8431576,2030-10-26,,Y,,
206111,001,7579449,2028-08-01,,Y,,
209478,001,10493083,2036-10-28,,,Y,
210854,003,12064438,2039-10-09,,,Y,
207318,002,7732615,2028-06-03,,Y,Y,
217186,004,11357733,2034-10-07,,,Y,
215341,001,RE49826,2035-07-29,,Y,,
209816,001,9314475,2031-03-18,,,Y,
021343,001,11771841,2041-12-22,,Y,Y,
212489,002,10071085,2030-03-31,,,Y,
218213,002,12187739,2036-07-05,,,Y,
204114,001,9155706,2032-01-28,,,Y,
207155,001,8410077,2029-03-13,,,Y,
212614,003,7579449,2028-08-01,,Y,,
210735,001,9662342,2035-06-26,,,Y,
213586,006,9023897,2033-04-05,,,Y,
206977,015,11096913,2037-02-28,,,Y,
207202,001,9320455,2031-12-15,,,Y,
211710,001,9127013,2029-10-21,,Y,Y,
022275,003,8501730,2026-09-01,,Y,,
207202,004,11229378,2031-07-11,,,Y,
218730,001,8865902,2032-05-17,,Y,Y,
206977,007,10537538,2037-02-28,,,Y,
208194,001,11872214,2031-01-28,,,Y,
210565,001,11872318,2033-05-03,,,Y,
216986,002,10973934,2039-08-06,,Y,,
214755,001,11766418,2037-07-21,,,Y,
209410,002,8889740,2025-11-23,,,Y,
208090,005,7771707,2025-03-24,,,Y,
209862,001,8231573,2028-11-25,,,Y,
208799,006,11439777,2040-05-24,,,Y,
215446,001,11826352,2039-11-01,,,Y,
207533,001,8431576,2030-10-26,,Y,,
209022,001,11033696,2033-05-20,,,Y,
210563,004,8735403,2026-12-28,,Y,Y,
204242,004,9439900,2032-09-18,,,Y,
208799,006,11357935,2038-09-24,,,Y,
207078,002,11406662,2032-02-10,,Y,,
210526,003,9675704,2027-03-15,,,Y,
214787,001,11975017,2038-07-10,,,Y,
209379,002,11998565,2041-07-01,,,Y,
203496,003,8497393,2028-12-15,,Y,,Y
207202,005,9941931,2030-11-04,,,Y,
216655,003,11331315,2040-11-03,,,Y,
215401,004,9034370,2025-10-07,,,Y,
205858,001,10730879,2033-03-05,,Y,Y,
205552,002,8754091,2026-12-28,,,Y,
211728,001,9040074,2031-01-20,,,Y,
022496,001,12156940,2044-07-02,,,Y,
209637,004,8684969,2025-10-20,,,Y,Y
206619,001,8691938,2032-04-13,,Y,Y,
212154,001,9079934,2031-08-31,,Y,Y,
203389,002,9233077,2034-06-17,,,Y,
203752,003,8231906,2030-07-04,,Y,Y,
206977,005,11096913,2037-02-28,,,Y,
021994,001,8268299,2029-10-13,,,Y,
214860,004,11154521,2036-10-17,,,Y,
204824,002,8562564,2026-01-24,,,Y,
209410,003,8987333,2025-11-23,,,Y,
208558,001,11975001,2029-10-07,,,Y,
217439,006,8012976,2029-10-19,,Y,Y,
208692,002,11091439,2030-01-15,,Y,,
204824,002,9533102,2026-01-24,,,Y,
022115,002,8637512,2029-01-07,,,Y,
202570,001,7230098,2025-08-26,,Y,,
208090,005,8557291,2025-03-21,,,Y,
215401,003,9034370,2025-10-07,,,Y,
208798,005,9731087,2031-05-18,,,Y,
214410,001,11261198,2038-09-25,,,Y,
210526,001,8747902,2027-03-15,,,Y,
204114,002,7378423,2027-05-29,,Y,Y,
202207,001,9439985,2029-01-30,,,Y,
210874,001,9616028,2030-11-12,,,Y,
022051,002,8147461,2028-10-15,,,Y,
050790,002,8561859,2032-04-16,,,Y,Y
207960,003,8202537,2027-03-15,,,Y,
209090,001,8633194,2027-10-16,,,Y,
214876,001,11091459,2038-03-27,,,Y,
208692,002,7579473,2026-08-14,,Y,Y,
022036,002,9532971,2029-06-01,,,Y,
206627,004,9872837,2031-12-21,,,Y,
210563,002,8008309,2027-11-13,,Y,Y,
217424,001,10265334,2032-07-03,,,Y,
204286,001,10166205,2033-01-31,,,Y,
205223,001,10596155,2032-06-28,,,Y,
208564,001,11116717,2032-11-21,,,Y,
022272,005,9492392,2027-08-24,,,Y,
021488,001,11931559,2041-12-22,,Y,,
214900,001,10174074,2035-01-19,,Y,Y,
201848,001,9314561,2034-02-07,,,Y,
204370,001,7943621,2028-12-16,,Y,Y,
212516,004,12171742,2037-04-13,,,Y,
215842,003,10351854,2035-10-09,,Y,Y,
217677,002,7951958,2025-03-11,,Y,,
208798,005,10569034,2036-08-16,,,Y,
218466,001,8227462,2033-04-29,,Y,Y,
211911,001,10441543,2026-12-19,,,Y,
218213,001,9714258,2035-01-23,,Y,Y,
212306,003,9714226,2032-07-26,,Y,Y,
201656,001,9539302,2030-06-15,,,Y,
214517,001,11566011,2035-02-12,,Y,Y,
206544,002,10314788,2028-08-12,,,Y,
211226,001,11541012,2039-03-25,,,Y,
204042,001,7943788,2027-07-14,,Y,Y,
204824,008,11684723,2029-03-10,,,Y,
214801,001,10434103,2036-03-31,,Y,Y,
206627,006,9084816,2027-08-24,,,Y,
203756,001,7579473,2026-08-14,,Y,Y,
211371,001,10117951,2029-03-13,,,Y,
019734,003,10758616,2027-04-18,,,Y,
214410,002,11925648,2041-04-21,,,Y,
205636,002,8651103,2028-03-26,,,Y,
208799,004,11357935,2038-09-24,,,Y,
021688,002,9375405,2026-09-22,,,Y,
212520,001,11541036,2039-12-16,,,Y,
208798,003,8651103,2028-03-26,,,Y,
209184,001,8545878,2032-11-16,,,Y,
211635,002,12268664,2029-03-27,,,Y,
202231,001,9006289,2032-10-03,,,Y,
210854,001,9815835,2030-06-14,,,Y,
202714,002,7417042,2026-07-20,,Y,Y,
207202,004,9320455,2031-12-15,,,Y,
021361,002,7906542,2025-06-01,,Y,Y,
216834,003,11535650,2035-06-12,,,Y,
021433,002,7500444,2026-02-26,,,Y,Y
211172,001,8697860,2031-04-29,,,Y,
204114,003,9399021,2032-01-28,,,Y,
208799,001,9463288,2025-05-19,,,Y,
214358,002,7932273,2025-09-07,,Y,Y,
207202,006,10517507,2032-06-13,,,Y,
207202,005,8961412,2030-11-17,,,Y,
203756,001,9717720,2032-02-10,,,Y,
208798,008,9782550,2035-08-28,,,Y,
022426,003,8288539,2025-03-15,,Y,,
204242,004,9259421,2032-09-18,,,Y,
208798,004,10569034,2036-08-16,,,Y,
022249,001,8895756,2026-01-12,,,Y,
208573,001,10730873,2031-11-21,,Y,,
021038,003,9320712,2032-01-04,,,Y,
218730,001,11066417,2039-02-14,,Y,Y,
210632,003,9782376,2036-12-01,,,Y,
203389,001,9233077,2034-06-17,,,Y,
214621,001,10350170,2036-02-25,,,Y,
209241,002,8039627,2031-04-11,,Y,Y,
205552,002,10106548,2033-06-03,,Y,Y,
213051,004,11382957,2031-12-16,,Y,Y,
212994,003,10759778,2037-12-09,,,Y,
202429,001,8741920,2030-07-27,,Y,Y,
211962,007,11628200,2035-11-06,,,Y,
214787,002,11492353,2031-12-08,,Y,,
201281,001,8883805,2025-11-26,,,Y,
208624,001,8420596,2031-04-10,,Y,Y,
210563,003,10106548,2033-06-03,,Y,Y,
021842,002,9320714,2029-02-03,,,Y,
214755,003,12144793,2037-07-21,,,Y,
210861,002,10172861,2035-11-16,,Y,Y,
218730,001,10047053,2032-05-17,,Y,,
021641,002,7572834,2026-12-05,,,Y,
022272,005,10407434,2025-03-30,,Y,,
208437,001,9265900,2028-12-07,,,Y,
207202,002,8258962,2030-11-25,,,Y,
216793,002,11091459,2038-03-27,,Y,Y,
201281,001,10973827,2029-04-02,,,Y,
019034,005,9731082,2032-04-23,,,Y,
022399,001,8026279,2026-11-10,,Y,Y,
204958,001,9295687,2035-07-10,,,Y,
208692,001,11091439,2030-01-15,,Y,,
210942,001,10226423,2037-12-20,,,Y,
021947,005,7862833,2028-06-15,,,Y,
211913,003,9700535,2035-08-04,,,Y,
211448,002,9694008,2033-08-07,,,Y,
219249,002,11028100,2038-04-26,,Y,Y,
214787,001,8008264,2029-09-06,,Y,Y,
022272,006,9492389,2027-08-24,,,Y,
210296,001,10945985,2035-02-27,,,Y,
213978,001,11903942,2035-10-19,,,Y,
210922,001,8058069,2029-04-15,,,Y,
214755,002,11896572,2037-07-21,,,Y,
211367,001,11351122,2031-06-28,,,Y,
022272,006,9492392,2027-08-24,,,Y,
208910,001,11638692,2035-03-13,,,Y,
212516,003,12171742,2037-04-13,,,Y,
202860,001,8821801,2025-08-18,,,Y,
207921,001,11583643,2041-08-19,,,Y,
211911,001,9149428,2026-12-19,,,Y,
211672,001,8153689,2028-03-19,,Y,Y,
212994,003,10584113,2037-12-09,,,Y,
212489,001,8907099,2027-05-12,,Y,,
020533,006,7828787,2025-10-18,,,Y,
206829,001,9320740,2034-03-14,,,Y,
207793,001,9724303,2025-05-02,,Y,Y,
213586,007,9895447,2025-01-12,,,Y,
213004,001,10238606,2034-02-12,,,Y,
214324,005,10130685,2025-08-23,,,Y,
022108,003,7585897,2026-06-27,,,Y,
215498,002,11801226,2039-06-20,,,Y,
211988,003,9744163,2034-03-13,,,Y,
206488,002,10781451,2025-06-28,,Y,Y,
207533,002,9526726,2035-03-19,,,Y,
217186,002,11357733,2034-10-07,,,Y,
211855,001,8669281,2033-10-29,,Y,Y,
215985,002,9884050,2037-06-07,,,Y,
204824,005,10709844,2029-03-10,,,Y,
210132,001,11865179,2032-11-21,,Y,Y,
205394,001,9301948,2034-07-30,,Y,Y,
218730,002,8410274,2026-12-28,,,Y,
208610,001,RE46617,2029-12-28,,Y,,
209128,001,8231900,2027-01-05,,,Y,
213973,001,12213968,2040-12-30,,,Y,
216490,003,11918628,2037-09-28,,Y,Y,
201655,007,8192722,2025-09-15,,,Y,
208799,004,10918816,2035-12-14,,,Y,
206947,001,10407393,2035-08-26,,Y,,
210493,001,9908907,2032-05-23,,Y,Y,
206627,007,9861584,2031-12-21,,,Y,
218730,002,7495103,2027-05-20,,Y,Y,
211962,003,10849956,2035-11-06,,,Y,
215256,003,8129343,2031-12-05,,Y,Y,
209637,004,10220155,2026-07-17,,,Y,Y
207202,004,10517507,2032-06-13,,,Y,
022108,002,7241805,2026-06-27,,,Y,
208798,008,9463288,2025-05-19,,,Y,
212576,001,9567363,2028-10-16,,Y,,
022321,005,7682634,2027-06-19,,,Y,
020845,002,8573209,2031-01-06,,,Y,
209299,002,RE48898,2026-01-19,,,Y,
211675,001,10981923,2036-10-17,,Y,,
209777,004,7955619,2028-08-12,,,Y,
206977,006,10537538,2037-02-28,,,Y,
212268,003,9687474,2033-07-25,,,Y,
215256,004,8129343,2031-12-05,,Y,Y,
211192,001,10449184,2035-03-13,,,Y,
208798,001,10195375,2031-02-14,,,Y,
217242,001,10940142,2037-06-07,,,Y,
204824,004,11446441,2026-01-24,,,Y,
022321,004,7815934,2027-12-12,,,Y,
217242,001,11793796,2037-06-07,,,Y,
213051,001,11759501,2033-03-15,,,Y,
208558,002,8475842,2029-12-31,,,Y,
203567,001,10828369,2028-01-03,,,Y,
205266,001,10266523,2036-03-30,,Y,Y,
212520,001,11103482,2039-12-16,,,Y,
214962,001,10925829,2036-01-19,,,Y,
022580,002,8895058,2028-06-09,,,Y,
210251,002,9708342,2035-06-19,,Y,Y,
213051,001,11759502,2033-03-15,,,Y,
217186,003,11357733,2034-10-07,,,Y,
207202,003,9433371,2029-09-15,,,Y,
211358,003,10646481,2029-08-13,,,Y,
050808,004,9192615,2031-11-17,,,Y,
205422,006,RE48059,2028-12-23,,Y,,
201444,001,8568793,2031-12-24,,Y,Y,
203255,002,9351923,2028-05-23,,,Y,
208573,001,8722657,2032-01-29,,Y,,
021976,003,7700645,2026-12-26,,Y,Y,
209637,003,11097063,2026-07-17,,,Y,Y
201739,002,10335549,2025-04-30,,,Y,
207793,001,8329213,2027-01-06,,Y,Y,
215256,003,8536122,2026-03-20,,Y,Y,
202429,001,7504509,2026-10-22,,Y,Y,
213690,001,8945516,2030-10-01,,,Y,
208798,005,10918816,2035-12-14,,,Y,
022108,002,7649019,2026-06-27,,,Y,
215760,001,10988436,2039-05-03,,Y,,
209410,001,8895614,2025-11-23,,,Y,
021747,001,9027967,2027-03-31,,,Y,Y
214787,002,9724360,2035-10-29,,Y,Y,
022012,004,8101209,2025-09-11,,,Y,
022272,006,11964056,2027-08-24,,,Y,
207356,001,8642075,2026-12-05,,,Y,
216196,002,11254652,2038-11-21,,Y,Y,
211635,002,11241414,2029-03-27,,,Y,
022519,001,8449910,2026-07-18,,,Y,
211448,003,9694008,2033-08-07,,,Y,
209905,004,10441554,2037-03-10,,,Y,
022272,004,8894988,2027-08-24,,,Y,
207202,006,9258035,2029-03-05,,,Y,
204017,001,9050348,2028-07-10,,,Y,
210933,001,11872318,2033-05-03,,,Y,
203496,002,8349892,2031-01-22,,,Y,
211962,007,12161690,2035-11-06,,,Y,
208564,002,9289382,2032-11-21,,,Y,
216993,002,7820657,2028-09-26,,Y,,
022426,002,8637079,2029-06-04,,,Y,
213498,006,RE43728,2029-11-16,,Y,Y,
206627,002,11304908,2027-08-24,,,Y,
214373,001,10981942,2031-06-13,,Y,Y,
205934,001,9308195,2033-09-30,,,Y,
211675,002,12110298,2036-10-17,,Y,Y,
022272,007,9073933,2025-03-30,,Y,,
202788,006,10016403,2027-01-25,,,Y,
207078,002,8802152,2032-04-19,,Y,,
203214,002,RE41783,2025-12-08,,Y,,
218784,001,9579324,2034-07-11,,Y,,
210251,001,9708342,2035-06-19,,Y,Y,
209311,001,10182995,2032-03-23,,,Y,
207921,002,11793953,2038-01-26,,,Y,
022272,005,10696684,2025-03-30,,Y,,
208799,005,8714149,2032-02-25,,,Y,
206947,001,10259791,2035-08-26,,Y,,
205636,002,10124131,2031-05-18,,,Y,
213586,006,9717799,2025-01-12,,,Y,
211964,001,9662338,2035-04-02,,,Y,
204824,007,8814834,2031-05-27,,,Y,
208462,002,7687662,2027-08-06,,Y,Y,
215830,001,9617258,2034-12-03,,Y,Y,
204824,001,8814834,2031-05-27,,,Y,
207962,001,11278623,2031-05-10,,,Y,
216665,003,7799777,2029-03-05,,Y,,
213591,002,12208101,2035-07-22,,,Y,
206627,004,9763933,2027-08-24,,,Y,
217677,002,12110277,2042-07-08,,,Y,
209299,002,8771648,2032-07-27,,,Y,
207202,006,10441194,2029-07-26,,,Y,
212123,004,8932557,2032-05-26,,Y,,
208798,007,9463288,2025-05-19,,,Y,
021038,002,9320712,2032-01-04,,,Y,
203756,002,11091439,2030-01-15,,Y,,
202833,002,8278292,2027-07-06,,,Y,
210132,001,11110099,2032-11-21,,,Y,
208799,006,8978966,2032-01-13,,,Y,
213005,004,11744835,2037-05-05,,,Y,
214835,002,11752093,2031-05-31,,,Y,
202810,002,11896599,2027-04-13,,,Y,
208325,002,10344765,2034-06-27,,,Y,
214517,001,11760740,2035-02-12,,Y,Y,
208623,001,11633387,2038-05-30,,Y,,
212904,002,7166722,2028-11-16,,Y,Y,
203697,001,9216150,2032-09-29,,,Y,
208564,002,11304959,2032-11-21,,,Y,
215192,002,8598210,2027-06-26,,Y,Y,
202192,005,8415362,2027-12-24,,Y,Y,
218201,001,9089418,2033-04-09,,,Y,
217677,003,12297177,2039-08-09,,,Y,
201655,003,8871779,2029-11-22,,Y,,
214622,001,11160804,2034-12-11,,,Y,
202880,001,10322120,2033-07-25,,,Y,
204042,002,7943788,2027-07-14,,Y,Y,
210526,003,8337890,2027-03-15,,,Y,
215192,002,9701636,2034-11-14,,Y,Y,
213931,002,8969377,2029-12-30,,Y,Y,
217686,001,10919881,2038-02-26,,Y,Y,
211109,002,11578044,2037-10-19,,Y,,
211765,002,12310953,2035-01-30,,,Y,
203093,002,8981103,2026-10-26,,Y,Y,
207975,005,8445018,2029-07-31,,,Y,
206756,001,9027967,2027-03-31,,,Y,Y
212273,001,8623905,2027-05-01,,Y,Y,
205437,003,7427638,2028-02-16,,Y,Y,
202293,002,8716251,2028-03-21,,,Y,
213586,005,9023897,2033-04-05,,,Y,
210563,004,8008309,2027-11-13,,Y,Y,
217729,002,7767678,2026-11-23,,Y,Y,
210491,001,10646481,2029-08-13,,,Y,
210563,004,8957079,2026-12-28,,Y,Y,
210132,001,11103516,2032-11-21,,,Y,
211675,002,11186584,2036-10-17,,Y,,
021829,003,9925150,2032-03-01,,,Y,
209500,003,RE48825,2029-03-12,,Y,,
210563,002,10125140,2033-06-03,,Y,Y,
219389,001,11084780,2041-02-17,,Y,,
211635,002,8895546,2029-03-27,,,Y,
217369,002,11236121,2037-08-23,,Y,,
210493,002,12208109,2037-06-02,,,Y,
202788,001,9642844,2027-01-25,,,Y,
201292,001,8426586,2029-10-10,,Y,,
214755,004,12109186,2037-07-21,,,Y,
021038,003,9616049,2032-01-04,,,Y,
021986,002,8680103,2025-02-04,,,Y,
208799,005,11266796,2041-02-22,,,Y,
203567,001,10105444,2030-07-08,,,Y,
204824,002,11446441,2026-01-24,,,Y,
203496,005,8349892,2031-01-22,,,Y,
206038,002,8507534,2030-09-20,,Y,Y,
216632,001,12133859,2040-07-31,,,Y,
204485,003,12186362,2035-01-30,,,Y,
207202,005,8114021,2030-06-21,,,Y,
217186,004,12303605,2034-10-07,,,Y,
022399,002,8026279,2026-11-10,,Y,Y,
206627,004,9084816,2027-08-24,,,Y,
214835,002,10335366,2031-05-31,,,Y,
022272,003,12280152,2027-08-24,,,Y,
212268,002,11123305,2033-07-25,,,Y,
207202,005,9149577,2029-12-15,,,Y,
212614,001,7579449,2028-08-01,,Y,,
200603,005,9907794,2026-05-26,,,Y,
203496,001,9593066,2028-12-15,,Y,,
022325,003,7635773,2029-03-13,,,Y,
217660,001,8883206,2033-02-27,,,Y,
214755,001,12115145,2037-07-21,,,Y,
210493,002,10717721,2032-05-23,,Y,,
207916,002,9427421,2032-05-08,,,Y,
214358,001,7932273,2025-09-07,,Y,Y,
203341,003,7767678,2026-11-23,,Y,Y,
209830,001,10016415,2035-09-08,,,Y,
217806,004,11357820,2039-06-14,,,Y,
204819,005,7173037,2026-12-04,,Y,Y,
211962,005,12161690,2035-11-06,,,Y,
206977,014,11096913,2037-02-28,,,Y,
209472,001,9604990,2035-10-28,,Y,,
204026,003,10555939,2030-05-19,,,Y,
206439,004,8293794,2025-11-22,,,Y,
214860,004,11433041,2036-10-17,,,Y,
216157,001,10806733,2032-12-28,,Y,,
215401,002,11559501,2042-01-06,,,Y,
213433,001,11938141,2028-07-24,,,Y,
208798,004,10918816,2035-12-14,,,Y,
211358,001,8993600,2030-12-11,,,Y,
021986,001,8680103,2025-02-04,,,Y,
220018,001,10071985,2037-08-17,,Y,Y,
207981,002,9527833,2034-06-17,,Y,Y,
208194,001,12138248,2031-01-28,,,Y,
212535,001,10912795,2039-01-15,,,Y,
209777,003,7955619,2028-08-12,,,Y,
211672,001,9120727,2031-05-23,,Y,Y,
209863,002,11446441,2026-01-24,,,Y,
021947,004,7862832,2028-06-15,,,Y,
210807,001,10842751,2036-11-29,,,Y,
218197,001,9487525,2033-04-16,,Y,Y,
205934,003,9308195,2033-09-30,,,Y,
208313,004,9241948,2033-07-01,,,Y,
202324,001,8791140,2030-12-14,,Y,,
210491,002,7495103,2027-05-20,,Y,Y,
217722,001,11806428,2032-05-11,,,Y,
210496,002,9593100,2030-08-27,,,Y,
209195,001,10912814,2037-06-01,,,Y,
021880,003,7465800,2027-04-27,,Y,Y,
209299,001,8771648,2032-07-27,,,Y,
206089,002,8778916,2030-04-12,,,Y,
206977,008,11096913,2037-02-28,,,Y,
206544,002,7955619,2028-08-12,,,Y,
021299,001,7598271,2025-05-04,,Y,,
213433,001,8785427,2030-07-25,,,Y,
022271,001,8288539,2025-03-15,,Y,,
213983,001,8129385,2027-10-05,,Y,Y,
208194,001,10010533,2031-01-28,,,Y,
206627,002,9770416,2027-08-24,,,Y,
213973,001,11850240,2040-12-30,,,Y,
204153,001,8980931,2034-04-28,,,Y,
204824,008,9867949,2029-03-10,,,Y,
210428,002,9504655,2035-07-09,,,Y,
202971,002,8399469,2025-06-29,,Y,,
200603,004,9907794,2026-05-26,,,Y,
203567,001,9302009,2030-10-24,,,Y,
214860,005,11433041,2036-10-17,,,Y,
206334,001,9649352,2035-07-16,,,Y,
203752,004,8231906,2030-07-04,,Y,Y,
206627,001,9095615,2027-08-24,,,Y,
210132,002,8993548,2032-11-21,,,Y,
022063,004,8846100,2029-08-24,,,Y,
212038,005,10507186,2035-10-30,,,Y,
206940,001,10188632,2033-03-14,,,Y,
218347,001,11773105,2036-10-17,,Y,,
217660,001,7495103,2027-05-20,,Y,Y,
208623,001,11826360,2039-02-16,,Y,,
200603,004,8729085,2026-05-26,,,Y,
212038,002,10512612,2035-10-30,,,Y,
208351,001,7390791,2025-01-07,,Y,Y,
216196,003,11254652,2038-11-21,,Y,Y,
217581,001,8785632,2025-03-01,,Y,Y,
211635,001,8895546,2029-03-27,,,Y,
217003,001,7514444,2026-12-28,,Y,Y,
211349,001,11938132,2036-07-01,,,Y,
209478,001,11491166,2036-10-28,,,Y,
208658,002,7579449,2028-08-01,,Y,,
215309,001,12226419,2031-05-20,,,Y,
205787,001,8926594,2026-03-31,,,Y,
208623,001,11786516,2038-05-30,,Y,,
202810,002,9351975,2027-04-13,,,Y,
203255,003,7473761,2026-12-14,,Y,Y,
208653,001,8748413,2030-07-01,,Y,Y,
204417,001,8431156,2027-10-31,,,Y,
203255,004,9351923,2028-05-23,,,Y,
204275,001,8746242,2030-10-11,,,Y,
215401,001,9474722,2033-10-24,,,Y,
220020,001,11267799,2038-08-16,,Y,,
206406,003,10166190,2028-05-30,,,Y,
205123,001,7671032,2025-05-19,,Y,Y,
204824,002,8021335,2026-10-04,,,Y,
206910,002,9283209,2034-11-21,,Y,Y,
209500,002,9616061,2029-05-27,,,Y,
211230,002,10195151,2037-09-05,,,Y,
205787,001,8627816,2032-02-04,,,Y,
209115,002,9045487,2031-02-10,,Y,Y,
022421,006,7695734,2028-04-26,,,Y,
216354,008,8524733,2031-04-03,,Y,Y,
206977,004,11096913,2037-02-28,,,Y,
206627,006,9750703,2031-12-21,,,Y,
216993,002,8883783,2027-03-16,,Y,,
204824,005,8814834,2031-05-27,,,Y,
208692,001,11298349,2032-02-10,,,Y,
215866,009,11357820,2039-06-14,,Y,Y,
216993,002,8557810,2027-03-16,,,Y,
022580,001,8580298,2029-05-15,,,Y,
207202,001,11229378,2031-07-11,,,Y,
212888,002,11389448,2032-04-13,,,Y,
208464,001,7390791,2025-01-07,,Y,Y,
216203,002,8217156,2030-10-07,,Y,Y,
202714,001,7232818,2025-04-14,,Y,Y,
213006,001,12180219,2034-03-12,,Y,Y,
210563,004,8697711,2026-12-28,,Y,Y,
022272,001,9770416,2027-08-24,,,Y,
212950,001,8168615,2029-07-13,,,Y,
209606,002,9738625,2034-08-01,,Y,,
214628,003,11602508,2038-01-30,,,Y,
205858,002,RE44638,2025-08-05,,Y,Y,
206099,001,10076614,2034-10-20,,,Y,
209637,003,9132239,2032-02-01,,,Y,Y
206940,001,11090291,2033-03-14,,,Y,
217581,003,8217057,2029-11-06,,Y,,
216099,005,11298356,2041-01-22,,,Y,
213931,002,12016856,2029-12-30,,Y,Y,
215973,001,11267799,2038-08-16,,Y,,
022161,001,RE47301,2027-02-02,,,Y,
213931,001,12016856,2029-12-30,,Y,Y,
205552,001,8754091,2026-12-28,,,Y,
209637,003,9861757,2026-01-20,,,Y,Y
208090,004,7399488,2025-03-24,,,Y,
210598,001,7910608,2025-03-10,,Y,Y,
217785,001,9266861,2033-09-17,,Y,Y,
214755,002,12109186,2037-07-21,,,Y,
212038,006,10688060,2035-10-30,,,Y,
213674,001,7709517,2027-08-13,,Y,Y,
200796,002,7157584,2025-05-22,,Y,,
209637,004,9108002,2026-01-20,,,Y,Y
208073,001,9353088,2030-10-21,,,Y,
215875,004,12133837,2039-03-21,,,Y,
215602,001,11324696,2037-09-29,,,Y,
209777,001,10314788,2028-08-12,,,Y,
207925,003,7495103,2027-05-20,,Y,Y,
214755,004,11504347,2037-07-21,,,Y,
205122,003,8889190,2033-03-19,,,Y,
204242,002,9439900,2032-09-18,,,Y,
205552,002,8697711,2026-12-28,,Y,Y,
204417,001,8470367,2027-10-31,,,Y,
204168,001,8865937,2032-05-23,,Y,Y,
210632,003,10398669,2036-12-01,,,Y,
217593,001,12059423,2040-07-19,,Y,Y,
219104,001,RE46791,2029-01-18,,Y,Y,
208401,001,12128083,2035-11-06,,,Y,
206977,008,10537538,2037-02-28,,,Y,
209311,004,8927010,2032-03-23,,,Y,
208325,002,9820938,2034-06-27,,,Y,
021272,005,11723887,2028-12-15,,Y,,
209862,001,9278182,2026-02-01,,,Y,
216834,001,11965040,2035-06-12,,,Y,
217439,001,8420650,2029-07-27,,Y,Y,
212501,003,10993952,2036-02-15,,,Y,
022328,001,8252809,2025-02-16,,,Y,
204326,002,9839619,2032-06-28,,,Y,
210455,001,7700645,2026-12-26,,Y,Y,
022156,002,11103490,2031-10-10,,,Y,
208010,001,8906410,2027-02-02,,,Y,
218730,001,RE50453,2027-05-01,,Y,Y,
213137,002,10722502,2035-02-06,,,Y,
207202,001,8258962,2030-11-25,,,Y,
212038,003,9974752,2035-10-30,,,Y,
214787,001,10675296,2038-07-10,,,Y,
205649,005,9616028,2030-11-12,,,Y,
207621,003,7815934,2027-12-12,,,Y,
216099,002,11298356,2041-01-22,,,Y,
206627,003,9861584,2031-12-21,,,Y,
208647,003,10413543,2036-02-12,,,Y,
206439,004,8329752,2025-11-22,,,Y,Y
208611,001,8273892,2026-08-06,,Y,,
210922,001,8334373,2025-05-27,,Y,Y,
217469,001,8614178,2030-12-13,,,Y,
215309,001,11571425,2031-05-20,,,Y,
201292,002,RE43431,2026-01-13,,Y,,
205552,001,9725455,2033-06-03,,Y,,
213756,002,7425637,2026-03-13,,Y,,
208799,005,11351317,2038-02-10,,,Y,
209381,001,8999313,2033-09-10,,,Y,
210563,002,10828259,2036-03-03,,,Y,
201110,001,10537584,2029-02-03,,,Y,
202535,001,8481083,2028-10-10,,,Y,
209500,001,10464938,2028-03-12,,,Y,
203496,003,7417070,2026-07-30,,Y,,
206627,006,9872837,2031-12-21,,,Y,
206488,002,9018368,2025-06-28,,Y,Y,
216264,001,11499050,2037-12-23,,Y,,
213189,001,10323001,2027-12-28,,,Y,
202317,001,9382191,2026-03-07,,,Y,
203496,003,8410169,2030-02-13,,,Y,
214324,003,10772883,2030-06-11,,,Y,
206073,002,7579449,2028-08-01,,Y,,
208799,006,9463288,2025-05-19,,,Y,
209092,001,8324225,2028-06-17,,Y,Y,
209637,003,10357616,2026-01-20,,,Y,Y
208379,002,8829186,2031-01-19,,Y,Y,
214621,001,8058280,2026-01-28,,Y,Y,
211964,002,9662338,2035-04-02,,,Y,
207921,002,8132712,2028-09-07,,,Y,Y
204114,003,8580304,2032-01-28,,,Y,
208082,001,9814708,2033-09-18,,,Y,
211810,002,9802932,2036-05-05,,Y,,
021880,005,7465800,2027-04-27,,Y,Y,
203255,002,7759308,2026-10-25,,,Y,
217369,003,9512165,2034-04-17,,Y,Y,
217439,003,8735392,2031-10-20,,Y,Y,
208073,001,8084047,2026-05-17,,Y,Y,
209311,002,10182995,2032-03-23,,,Y,
211379,001,10537585,2037-12-18,,,Y,
207947,004,8791122,2030-08-01,,Y,Y,
209195,001,9296782,2034-07-17,,Y,Y,
022107,002,8618172,2028-07-13,,,Y,
210563,003,10961251,2033-06-03,,,Y,
212306,002,11807629,2035-08-14,,Y,Y,
204353,002,11576894,2030-07-06,,,Y,
209899,002,8796318,2029-05-14,,Y,Y,
021064,002,10022460,2035-12-28,,Y,Y,
206679,002,10300041,2027-04-26,,,Y,
212038,006,10292938,2035-10-30,,,Y,
218160,001,10112942,2037-10-10,,Y,Y,
202788,004,10016403,2027-01-25,,,Y,
207921,001,8931476,2031-07-17,,,Y,
208799,006,11351317,2038-02-10,,,Y,
206947,002,7253286,2025-10-24,,Y,Y,
207500,002,10206879,2027-09-14,,,Y,
021038,004,8648106,2032-01-04,,,Y,
208325,003,8377880,2030-07-29,,Y,Y,
206627,006,9775809,2027-08-24,,,Y,
215179,002,11147817,2035-03-26,,,Y,
213736,001,9611267,2035-01-30,,Y,Y,
208171,003,11851504,2029-03-25,,Y,Y,
206316,002,7365205,2027-04-18,,Y,,
204031,001,8658631,2032-05-16,,,Y,
217806,011,11357820,2039-06-14,,,Y,
209184,001,9393210,2032-11-16,,,Y,
202810,001,9370525,2027-04-13,,,Y,
218347,001,11186584,2036-10-17,,Y,,
022572,001,7806265,2029-02-01,,,Y,
208025,001,11986554,2036-04-21,,,Y,
208798,004,11344685,2039-09-26,,,Y,
212994,003,10584112,2037-12-09,,Y,Y,
206627,005,9084816,2027-08-24,,,Y,
208799,006,9782551,2035-08-28,,,Y,
208647,002,10413543,2036-02-12,,,Y,
207202,005,10517507,2032-06-13,,,Y,
213498,002,RE43728,2029-11-16,,Y,Y,
214962,002,9925138,2036-01-19,,,Y,
207620,003,8101659,2025-01-15,,,Y,
212123,003,8932557,2032-05-26,,Y,,
204410,001,7094781,2025-12-05,,Y,Y,
207318,002,7923564,2025-09-26,,Y,Y,
217026,001,11370755,2040-08-03,,Y,Y,
210493,001,10717721,2032-05-23,,Y,,
210563,001,9181257,2026-12-28,,Y,,
021137,003,10231931,2038-03-23,,,Y,
021137,010,10406108,2038-03-23,,,Y,
202788,006,8835459,2027-01-25,,,Y,
211635,003,10265402,2025-05-11,,,Y,
215341,003,8436180,2029-04-12,,Y,Y,
204114,003,9155706,2032-01-28,,,Y,
219379,001,11066358,2041-02-17,,Y,,
208799,001,11969544,2039-08-20,,,Y,
209863,001,8021335,2026-10-04,,,Y,
204824,002,8814834,2031-05-27,,,Y,
209115,001,9045487,2031-02-10,,Y,Y,
210563,003,10828259,2036-03-03,,,Y,
211651,002,8012976,2029-10-19,,Y,Y,
217759,001,8653092,2032-02-19,,Y,Y,
021299,004,7598271,2025-05-04,,Y,,
209935,001,9193732,2031-11-09,,Y,Y,
214518,001,9233097,2031-08-02,,,Y,
209863,003,9744302,2035-11-19,,,Y,
207962,001,10765640,2031-05-10,,,Y,
209500,002,10464938,2028-03-12,,,Y,
019734,004,7612102,2027-12-26,,,Y,
216285,001,11478487,2031-06-28,,,Y,
022285,002,7858122,2028-09-17,,,Y,
022217,001,8168616,2026-07-03,,,Y,
209777,002,10314788,2028-08-12,,,Y,
205422,003,7888362,2026-04-12,,Y,,Y
212273,001,11453655,2037-12-08,,Y,Y,
210045,001,10945960,2038-06-14,,,Y,
022572,001,9205075,2026-07-19,,,Y,
202880,004,10322120,2033-07-25,,,Y,
208276,001,9593066,2028-12-15,,Y,,
214313,002,12290494,2041-03-08,,,Y,
212839,002,7598279,2032-10-30,,Y,,
215498,003,11802115,2039-06-20,,,Y,
216059,002,12268666,2039-07-29,,,Y,
205777,003,9522919,2025-03-30,,Y,Y,
217785,002,9266861,2033-09-17,,Y,Y,
206627,006,11304908,2027-08-24,,,Y,
215320,001,11389416,2035-07-17,,,Y,
201917,001,7820671,2025-02-25,,Y,Y,
206089,001,8778916,2030-04-12,,,Y,
215935,001,12171883,2043-01-23,,,Y,
203496,004,8410169,2030-02-13,,,Y,
207960,001,11633389,2033-08-14,,,Y,
208791,001,9504666,2033-12-11,,,Y,
050444,001,12161656,2031-05-12,,,Y,
211675,001,11680069,2036-10-17,,Y,Y,
208147,001,9675703,2027-03-15,,,Y,
208798,006,11344685,2039-09-26,,,Y,
209501,003,9144559,2026-11-02,,,Y,
020533,007,7857802,2026-11-28,,,Y,
205879,003,7943788,2027-07-14,,Y,Y,
206030,001,11529357,2040-01-31,,,Y,
212535,001,10933089,2039-01-15,,,Y,
210526,002,9675704,2027-03-15,,,Y,
212038,001,9974752,2035-10-30,,,Y,
204223,002,9072781,2034-03-12,,,Y,
203756,002,7579473,2026-08-14,,Y,Y,
212608,003,11964980,2040-04-10,,Y,Y,
202788,002,10016403,2027-01-25,,,Y,
208194,001,9265831,2031-01-28,,,Y,
207202,001,7978064,2026-09-14,,,Y,
206627,005,9486413,2027-08-24,,,Y,
208798,005,11000653,2038-12-18,,,Y,
211635,001,9642913,2025-05-11,,,Y,
207921,002,12296089,2038-01-26,,,Y,
210296,001,9820960,2035-02-27,,,Y,
210045,003,10945960,2038-06-14,,,Y,
021994,001,8388941,2027-09-20,,,Y,
212436,001,10723730,2034-02-08,,Y,Y,
022321,005,8846104,2027-06-19,,,Y,
206977,002,11096913,2037-02-28,,,Y,
202971,001,8399469,2025-06-29,,Y,,
207999,002,9238673,2033-06-17,,,Y,
218201,001,12138199,2033-10-18,,,Y,
214324,002,9593066,2028-12-15,,Y,,
213872,001,9919050,2025-11-22,,,Y,
215151,001,7977488,2028-08-11,,Y,,
208383,001,8987463,2030-12-28,,,Y,
211340,001,12053461,2037-10-06,,,Y,
211155,002,8193182,2030-02-13,,Y,,
213931,001,8541448,2033-08-01,,Y,Y,
202088,003,8440170,2029-03-14,,,Y,
215390,001,11478422,2039-06-26,,,Y,
021986,001,7491725,2026-03-28,,Y,Y,
204326,004,8709491,2032-06-28,,,Y,
208799,004,9782551,2035-08-28,,,Y,
209863,001,8562564,2026-01-24,,,Y,
202810,001,9351975,2027-04-13,,,Y,
214755,002,11052061,2037-07-21,,,Y,
211810,002,9169250,2027-11-21,,Y,,
210793,001,7601740,2030-04-29,,Y,Y,
208798,004,8651103,2028-03-26,,,Y,
216993,001,9675549,2033-09-30,,,Y,
215064,001,8828444,2026-06-21,,,Y,
216059,002,12109193,2041-09-14,,,Y,
207500,001,10603280,2027-09-14,,,Y,
212535,001,10905713,2039-01-15,,,Y,
216793,001,8436185,2029-04-24,,Y,Y,
202788,003,10610523,2027-01-25,,,Y,
205858,002,9469643,2033-09-02,,Y,,
214324,003,11723887,2028-12-15,,Y,,
215192,002,11324734,2036-03-31,,,Y,
208798,006,10765820,2025-05-19,,,Y,
212045,001,11135155,2034-08-26,,,Y,
206627,007,9775809,2027-08-24,,,Y,
201292,003,10004743,2030-07-05,,,Y,
207923,001,8182838,2028-10-20,,,Y,
022416,004,9643929,2026-04-21,,,Y,
216834,002,11965040,2035-06-12,,,Y,
022272,007,9763933,2027-08-24,,,Y,
210526,004,8747902,2027-03-15,,,Y,
208944,001,8895614,2025-11-23,,,Y,
022272,001,8894988,2027-08-24,,,Y,
204326,006,8709491,2032-06-28,,,Y,
213756,002,12318367,2029-03-26,,,Y,
204824,005,9533102,2026-01-24,,,Y,
217415,002,11759497,2038-08-28,,,Y,
215875,002,11207280,2039-03-21,,,Y,
207975,001,8445018,2029-07-31,,,Y,
218730,002,8754224,2026-12-28,,Y,Y,
204242,001,8940330,2032-09-18,,,Y,
208798,008,10022510,2031-05-18,,,Y,
211651,003,10189837,2031-10-20,,Y,Y,
213674,001,11839689,2033-09-11,,,Y,
214876,003,11091459,2038-03-27,,,Y,
215700,003,RE49443,2035-02-26,,,Y,
022260,002,8598227,2027-02-02,,,,
209410,001,8889740,2025-11-23,,,Y,
022321,001,8877247,2027-06-19,,,Y,
215985,001,12011437,2037-06-07,,,Y,
209410,003,8895614,2025-11-23,,,Y,
204026,002,9993467,2030-05-19,,,Y,
211675,001,11186584,2036-10-17,,Y,,
201848,001,9707331,2034-09-17,,,Y,
205422,005,10307419,2032-10-12,,,Y,
208271,001,10307417,2031-03-10,,,Y,
022036,001,9532971,2029-06-01,,,Y,
210563,001,10828259,2036-03-03,,,Y,
217225,001,7579456,2026-02-14,,Y,,
214755,001,10736866,2037-07-21,,,Y,
214755,002,10272062,2037-07-21,,,Y,
208114,001,11746348,2032-06-22,,,Y,
021986,003,7491725,2026-03-28,,Y,Y,
211651,003,8420650,2029-07-27,,Y,Y,
213051,003,10086047,2031-12-16,,,Y,
021137,007,10406108,2038-03-23,,,Y,
022272,001,10696684,2025-03-30,,Y,,
022272,003,8894987,2030-03-29,,,Y,
209905,005,11160772,2037-03-10,,,Y,
217003,001,12201690,2039-06-14,,,Y,
215875,001,12133837,2039-03-21,,,Y,
202860,001,9522249,2025-08-18,,,Y,
218730,001,8410274,2026-12-28,,,Y,
019430,002,8870827,2025-09-11,,,Y,
022580,001,9011905,2028-06-09,,,Y,
206627,007,11304908,2027-08-24,,,Y,
021892,001,7687075,2028-06-22,,Y,Y,
214860,006,11154521,2036-10-17,,,Y,
210660,001,11510941,2039-01-15,,,Y,
215875,003,10653646,2039-03-21,,,Y,
212535,001,11684636,2039-01-15,,,Y,
022416,004,8372431,2030-04-17,,,Y,
208224,001,11628088,2027-02-07,,,Y,
211962,006,12161690,2035-11-06,,,Y,
211358,002,8993600,2030-12-11,,,Y,
208901,001,9272046,2033-06-21,,,Y,
200603,001,8729085,2026-05-26,,,Y,
205489,003,8840924,2026-06-05,,,Y,
213082,001,RE41783,2025-12-08,,Y,,
210923,001,8530668,2030-01-21,,Y,Y,
209637,002,8684969,2025-10-20,,,Y,Y
022068,002,8163904,2028-08-23,,Y,Y,
217806,009,11357820,2039-06-14,,,Y,
208798,006,9782550,2035-08-28,,,Y,
213973,001,11911370,2040-12-30,,,Y,
209241,001,10906903,2036-12-22,,Y,Y,
208658,004,7713938,2027-04-15,,Y,Y,
022437,001,10166181,2029-06-30,,,Y,
211675,001,10519164,2036-10-17,,,Y,
204114,001,9271941,2032-01-28,,,Y,
217439,005,8420650,2029-07-27,,Y,Y,
210868,001,8680111,2033-03-05,,Y,Y,
215400,001,11304942,2039-02-26,,,Y,
203415,001,7709517,2027-08-13,,Y,Y,
217581,001,8217057,2029-11-06,,Y,,
214665,001,10519146,2038-05-21,,Y,Y,
022321,003,7815934,2027-12-12,,,Y,
215151,001,9186411,2030-08-11,,,Y,
208653,002,8461137,2031-02-22,,Y,Y,
205787,001,10960155,2026-06-25,,,Y,
021272,005,9593066,2028-12-15,,Y,,
214787,001,9949994,2035-10-29,,Y,,
211635,001,11241414,2029-03-27,,,Y,
202971,004,8399469,2025-06-29,,Y,,
210563,001,8735403,2026-12-28,,Y,Y,
208799,002,10195375,2031-02-14,,,Y,
201280,001,7407955,2025-05-02,,Y,Y,
203312,004,9089608,2028-12-26,,,Y,
209296,001,11744800,2035-09-18,,,Y,
217806,012,11357820,2039-06-14,,,Y,
211913,005,9750711,2035-05-29,,,Y,
205718,001,10233154,2035-09-25,,Y,,
215341,002,8436180,2029-04-12,,Y,Y,
214965,001,8524779,2026-01-27,,,Y,
202231,002,9168239,2032-08-29,,,Y,
215813,002,10398785,2036-03-14,,,Y,
022219,001,7718640,2027-03-14,,,Y,
204824,007,11684723,2029-03-10,,,Y,
218033,001,10426782,2035-06-23,,,Y,
215985,002,11793796,2037-06-07,,,Y,
205122,005,8889190,2033-03-19,,,Y,
206977,009,11096913,2037-02-28,,,Y,
217581,003,7230098,2025-08-26,,Y,,
217186,002,11622941,2034-10-07,,,Y,
207986,001,9233068,2029-12-11,,,Y,
208798,005,11351317,2038-02-10,,,Y,
203255,001,7473761,2026-12-14,,Y,Y,
215700,003,RE49422,2035-02-26,,,Y,
206756,001,7837235,2028-03-13,,,Y,Y
209091,001,8628799,2025-07-13,,,Y,
210874,001,8628799,2025-07-13,,,Y,
210874,002,8628799,2025-07-13,,,Y,
210874,003,8628799,2025-07-13,,,Y,
210874,004,8628799,2025-07-13,,,Y,
209091,002,8628799,2025-07-13,,,Y,
212477,001,10456414,2032-09-14,,,Y,
212477,002,10456414,2032-09-14,,,Y,
205834,001,10456414,2032-09-14,,,Y,
205834,002,10456414,2032-09-14,,,Y,
050795,007,9446057,2034-12-23,U-918,,Y,
050795,008,9446057,2034-12-23,U-918,,Y,
214324,001,10716793,2027-05-14,U-1849,,,Y
214324,002,10716793,2027-05-14,U-1849,,,Y
214324,003,10716793,2027-05-14,U-1849,,,Y
214324,004,10716793,2027-05-14,U-1849,,,Y
019627,002,8476010*PED,2025-06-01,,,,
020610,001,7452872*PED,2027-02-24,,,,
020610,001,7625884*PED,2027-02-24,,,,
020845,002,8282966*PED,2029-12-30,,,,
020845,002,8291904*PED,2031-07-06,,,,
020845,002,8293284*PED,2029-12-30,,,,
020845,002,8431163*PED,2029-12-30,,,,
020845,003,8282966*PED,2029-12-30,,,,
020845,003,8291904*PED,2031-07-06,,,,
020845,003,8293284*PED,2029-12-30,,,,
020845,003,8431163*PED,2029-12-30,,,,
020845,002,8776795*PED,2031-07-06,,,,
020845,002,8776794*PED,2031-07-06,,,,
020845,003,8776795*PED,2031-07-06,,,,
020845,003,8776794*PED,2031-07-06,,,,
020845,002,8795741*PED,2029-12-30,,,,
020845,003,8795741*PED,2029-12-30,,,,
020845,002,8573209*PED,2031-07-06,,,,
020845,003,8573209*PED,2031-07-06,,,,
020845,002,8846112*PED,2029-12-30,,,,
020845,003,8846112*PED,2029-12-30,,,,
020845,002,8573210*PED,2031-07-06,,,,
020845,003,8573210*PED,2031-07-06,,,,
020845,003,9295802*PED,2031-07-06,,,,
020845,003,9408993*PED,2031-07-06,,,,
020845,003,9265911*PED,2031-07-06,,,,
020845,003,9279794*PED,2034-08-19,,,,
020845,003,9770570*PED,2036-11-03,,,,
020845,003,11931377*PED,2029-12-03,,,,
020873,001,7582727*PED,2029-01-27,,,,
020873,001,7598343*PED,2029-01-27,,,,
021926,001,7332183*PED,2026-04-02,,,,
021926,002,7332183*PED,2026-04-02,,,,
021976,001,7700645*PED,2027-06-26,,,,
021976,002,7700645*PED,2027-06-26,,,,
021976,003,7700645*PED,2027-06-26,,,,
021976,004,7700645*PED,2027-06-26,,,,
021976,005,7700645*PED,2027-06-26,,,,
021976,006,7700645*PED,2027-06-26,,,,
021985,001,8617595*PED,2026-08-19,,,,
021985,002,8617595*PED,2026-08-19,,,,
021986,001,7491725*PED,2026-09-28,,,,
021986,002,7491725*PED,2026-09-28,,,,
021986,003,7491725*PED,2026-09-28,,,,
021986,004,7491725*PED,2026-09-28,,,,
021986,005,7491725*PED,2026-09-28,,,,
021986,006,7491725*PED,2026-09-28,,,,
021986,001,8680103*PED,2025-08-04,,,,
021986,002,8680103*PED,2025-08-04,,,,
021986,003,8680103*PED,2025-08-04,,,,
021986,004,8680103*PED,2025-08-04,,,,
021986,005,8680103*PED,2025-08-04,,,,
021986,006,8680103*PED,2025-08-04,,,,
021995,001,7326708*PED,2027-05-24,,,,
021995,002,7326708*PED,2027-05-24,,,,
021995,003,7326708*PED,2027-05-24,,,,
022012,001,8101209*PED,2026-03-11,,,,
022012,002,8101209*PED,2026-03-11,,,,
022012,003,8101209*PED,2026-03-11,,,,
022012,004,8101209*PED,2026-03-11,,,,
022020,001,7544370*PED,2026-12-07,,,,
022020,001,7550153*PED,2025-03-30,,,,
022020,001,7553498*PED,2025-03-30,,,,
022020,001,7838027*PED,2025-03-30,,,,
022030,001,7807715*PED,2027-12-07,,,,
022030,001,8088398*PED,2027-12-07,,,,
022030,002,7807715*PED,2027-12-07,,,,
022030,002,8088398*PED,2027-12-07,,,,
022030,001,8501723*PED,2027-12-07,,,,
022030,002,8501723*PED,2027-12-07,,,,
022044,001,7326708*PED,2027-05-24,,,,
022044,001,8414921*PED,2029-01-21,,,,
022044,002,7326708*PED,2027-05-24,,,,
022044,002,8414921*PED,2029-01-21,,,,
022065,001,7312237*PED,2025-02-21,,,,
022065,002,7312237*PED,2025-02-21,,,,
022068,001,8163904*PED,2029-02-23,,,,
022068,001,8389537*PED,2027-01-18,,,,
022068,001,8415363*PED,2027-01-18,,,,
022068,002,8163904*PED,2029-02-23,,,,
022068,002,8389537*PED,2027-01-18,,,,
022068,002,8415363*PED,2027-01-18,,,,
022068,001,8501760*PED,2027-01-18,,,,
022068,002,8501760*PED,2027-01-18,,,,
022068,001,8293756*PED,2028-03-25,,,,
022068,002,8293756*PED,2028-03-25,,,,
022068,001,9061029*PED,2032-10-07,,,,
022068,002,9061029*PED,2032-10-07,,,,
022068,003,8163904*PED,2029-02-23,,,,
022068,003,8415363*PED,2027-01-18,,,,
022068,003,8389537*PED,2027-01-18,,,,
022068,003,8293756*PED,2028-03-25,,,,
022068,003,8501760*PED,2027-01-18,,,,
022068,003,9061029*PED,2032-10-07,,,,
022088,001,8026276*PED,2026-07-20,,,,
022088,001,8791097*PED,2032-11-10,,,,
022117,001,7741358*PED,2026-10-06,,,,
022117,002,7741358*PED,2026-10-06,,,,
022117,001,8022228*PED,2026-10-06,,,,
022117,002,8022228*PED,2026-10-06,,,,
022117,003,7741358*PED,2026-10-06,,,,
022117,003,8022228*PED,2026-10-06,,,,
022145,001,7754731*PED,2029-09-11,,,,
022145,002,9649311*PED,2031-04-21,,,,
022145,002,7754731*PED,2029-09-11,,,,
021035,001,8802142*PED,2031-12-07,,,,
021035,002,8802142*PED,2031-12-07,,,,
021035,003,8802142*PED,2031-12-07,,,,
021035,004,8802142*PED,2031-12-07,,,,
021038,003,8455527*PED,2032-07-04,,,,
021038,002,8242158*PED,2032-07-04,,,,
021038,002,8338470*PED,2032-07-04,,,,
021038,002,8455527*PED,2032-07-04,,,,
021038,003,8242158*PED,2032-07-04,,,,
021038,003,8338470*PED,2032-07-04,,,,
021038,002,8648106*PED,2032-07-04,,,,
021038,003,8648106*PED,2032-07-04,,,,
021038,004,8648106*PED,2032-07-04,,,,
021038,004,8242158*PED,2032-07-04,,,,
021038,004,8455527*PED,2032-07-04,,,,
021038,004,8338470*PED,2032-07-04,,,,
021038,002,9320712*PED,2032-07-04,,,,
021038,003,9320712*PED,2032-07-04,,,,
021038,004,9320712*PED,2032-07-04,,,,
021038,002,9616049*PED,2032-07-04,,,,
021038,003,9616049*PED,2032-07-04,,,,
021038,004,9616049*PED,2032-07-04,,,,
021196,001,8772306*PED,2033-09-15,,,,
021196,001,9486426*PED,2033-09-15,,,,
021196,001,9050302*PED,2033-09-15,,,,
021196,001,11253494*PED,2033-09-15,,,,
021196,001,10213400*PED,2033-09-15,,,,
021196,001,10864181*PED,2033-09-15,,,,
021223,002,8324189*PED,2025-11-29,,,,
021223,003,8324189*PED,2025-11-29,,,,
021395,001,8022082*PED,2026-07-19,,,,
021433,002,7500444*PED,2026-08-26,,,,
021433,001,7500444*PED,2026-08-26,,,,
021445,001,7612058*PED,2026-04-30,,,,
021528,001,8008338*PED,2027-11-24,,,,
021660,001,7820788*PED,2025-04-27,,,,
021660,001,8034375*PED,2027-02-13,,,,
021660,001,8268348*PED,2026-08-21,,,,
021660,001,7758891*PED,2026-08-21,,,,
021660,001,9393318*PED,2032-09-04,,,,
021660,001,9101543*PED,2026-08-21,,,,
021660,001,9597409*PED,2032-09-04,,,,
021660,001,9511046*PED,2034-07-12,,,,
021817,001,7932241*PED,2028-08-05,,,,
021866,001,7115587*PED,2025-01-21,,,,
021866,001,7550445*PED,2025-01-21,,,,
022181,001,7566462*PED,2026-05-16,,,,
022181,001,7566714*PED,2025-05-17,,,,
022181,001,7612073*PED,2025-05-17,,,,
022181,001,7727987*PED,2025-05-17,,,,
022181,001,8003126*PED,2026-05-16,,,,
022181,001,8067416*PED,2025-05-17,,,,
022181,001,8318745*PED,2025-05-17,,,,
022181,001,RE43797*PED,2025-05-17,,,,
022181,001,9433624*PED,2025-05-17,,,,
022200,001,7456254*PED,2025-12-30,,,,
022200,001,7612176*PED,2025-10-13,,,,
022200,001,8329648*PED,2027-02-18,,,,
022200,001,8431685*PED,2025-10-13,,,,
022200,001,8461105*PED,2025-10-13,,,,
022200,001,8906851*PED,2027-02-18,,,,
022200,001,8501698*PED,2027-12-20,,,,
022200,001,8361972*PED,2028-09-21,,,,
022200,002,6515117*PED,2026-04-04,,,,
022200,002,8361972*PED,2028-09-21,,,,
022200,002,8501698*PED,2027-12-20,,,,
022200,001,6515117*PED,2026-04-04,,,,
022200,002,9884092*PED,2027-02-18,,,,
022200,002,7456254*PED,2025-12-30,,,,
022200,002,8461105*PED,2025-10-13,,,,
022200,002,8329648*PED,2027-02-18,,,,
022200,002,7612176*PED,2025-10-13,,,,
022200,002,8906851*PED,2027-02-18,,,,
022200,002,8431685*PED,2025-10-13,,,,
022200,001,9884092*PED,2027-02-18,,,,
022249,001,8436190*PED,2031-04-26,,,,
022249,001,8445524*PED,2029-09-26,,,,
022249,002,8436190*PED,2031-04-26,,,,
022249,002,8445524*PED,2029-09-26,,,,
022249,001,8883836*PED,2029-09-26,,,,
022249,001,8669279*PED,2029-09-26,,,,
022249,002,8883836*PED,2029-09-26,,,,
022249,002,8669279*PED,2029-09-26,,,,
022249,001,8791270*PED,2026-07-12,,,,
022249,002,8791270*PED,2026-07-12,,,,
022249,003,8791270*PED,2026-07-12,,,,
022249,004,8791270*PED,2026-07-12,,,,
022249,003,8344006*PED,2030-03-23,,,,
022249,003,8445524*PED,2029-09-26,,,,
022249,004,8445524*PED,2029-09-26,,,,
022249,004,8344006*PED,2030-03-23,,,,
022249,001,8609863*PED,2026-07-12,,,,
022249,002,8609863*PED,2026-07-12,,,,
022249,001,8895756*PED,2026-07-12,,,,
022249,002,8895756*PED,2026-07-12,,,,
022249,001,9533955*PED,2029-09-26,,,,
022249,002,9533955*PED,2029-09-26,,,,
022287,001,7790755*PED,2027-02-02,,,,
022287,001,8105626*PED,2027-03-27,,,,
022287,001,8173158*PED,2030-09-17,,,,
022287,001,8461187*PED,2026-07-17,,,,
022287,002,7790755*PED,2027-02-02,,,,
022287,002,8105626*PED,2027-03-27,,,,
022287,002,8173158*PED,2030-09-17,,,,
022287,002,8461187*PED,2026-07-17,,,,
022291,001,8828430*PED,2028-02-01,,,,
022291,002,8828430*PED,2028-02-01,,,,
022291,003,8828430*PED,2028-02-01,,,,
022291,004,8828430*PED,2028-02-01,,,,
022291,001,7547719*PED,2026-01-13,,,,
022291,001,8052993*PED,2028-02-01,,,,
022291,002,7547719*PED,2026-01-13,,,,
022291,002,8052994*PED,2028-02-01,,,,
022291,003,7547719*PED,2026-01-13,,,,
022291,003,8062665*PED,2028-02-01,,,,
022291,004,7547719*PED,2026-01-13,,,,
022291,004,8071129*PED,2028-02-01,,,,
022291,005,7547719*PED,2026-01-13,,,,
022291,001,8062665*PED,2028-02-01,,,,
022291,002,8062665*PED,2028-02-01,,,,
022291,004,8062665*PED,2028-02-01,,,,
022291,002,8052993*PED,2028-02-01,,,,
022291,003,8052993*PED,2028-02-01,,,,
022291,004,8052993*PED,2028-02-01,,,,
022291,001,8052994*PED,2028-02-01,,,,
022291,003,8052994*PED,2028-02-01,,,,
022291,004,8052994*PED,2028-02-01,,,,
022291,001,8071129*PED,2028-02-01,,,,
022291,002,8071129*PED,2028-02-01,,,,
022291,003,8071129*PED,2028-02-01,,,,
022304,001,7994364*PED,2025-12-27,,,,
022304,002,7994364*PED,2025-12-27,,,,
022304,003,7994364*PED,2025-12-27,,,,
022334,001,8410131*PED,2026-05-01,,,,
022334,002,8410131*PED,2026-05-01,,,,
022334,003,8410131*PED,2026-05-01,,,,
022334,004,8410131*PED,2026-05-01,,,,
022341,001,8114833*PED,2026-02-13,,,,
022341,001,9968659*PED,2037-07-09,,,,
022406,001,7157456*PED,2025-02-28,,,,
022406,002,7157456*PED,2025-02-28,,,,
022406,003,7157456*PED,2025-02-28,,,,
022406,001,9415053*PED,2025-05-13,,,,
022406,002,9415053*PED,2025-05-13,,,,
022406,003,9415053*PED,2025-05-13,,,,
022406,001,9539218*PED,2034-08-17,,,,
022406,002,9539218*PED,2034-08-17,,,,
022406,003,9539218*PED,2034-08-17,,,,
022406,004,7157456*PED,2025-02-28,,,,
022406,004,9415053*PED,2025-05-13,,,,
022406,004,10828310*PED,2039-07-31,,,,
022433,001,8425934*PED,2030-10-17,,,,
022433,002,8425934*PED,2030-10-17,,,,
022433,001,RE46276*PED,2025-04-30,,,,
022433,002,RE46276*PED,2025-04-30,,,,
022433,001,10300065*PED,2036-07-27,,,,
022433,002,10300065*PED,2036-07-27,,,,
022450,001,9610265*PED,2029-05-13,,,,
022450,001,9987238*PED,2029-05-13,,,,
022450,001,9399012*PED,2032-03-11,,,,
022512,001,7932273*PED,2026-03-07,,,,
022512,002,7932273*PED,2026-03-07,,,,
022512,003,9034822*PED,2031-07-20,,,,
022512,003,7932273*PED,2026-03-07,,,,
022512,001,9034822*PED,2031-07-20,,,,
022512,002,9034822*PED,2031-07-20,,,,
022525,001,8039009*PED,2029-09-24,,,,
022525,002,8039009*PED,2029-09-24,,,,
022525,003,8039009*PED,2029-09-24,,,,
022525,004,8039009*PED,2029-09-24,,,,
022527,002,9592208*PED,2032-09-30,,,,
201280,001,7407955*PED,2025-11-02,,,,
201280,001,8846695*PED,2030-12-04,,,,
201280,001,8883805*PED,2026-05-26,,,,
201280,001,8673927*PED,2027-11-04,,,,
201280,001,8853156*PED,2031-09-05,,,,
201280,001,10034877*PED,2030-02-05,,,,
201280,001,9486526*PED,2030-02-05,,,,
201280,001,11033552*PED,2027-11-04,,,,
201281,001,7407955*PED,2025-11-02,,,,
201281,002,7407955*PED,2025-11-02,,,,
201281,003,7407955*PED,2025-11-02,,,,
201281,001,8673927*PED,2027-11-04,,,,
201281,002,8673927*PED,2027-11-04,,,,
201281,003,8673927*PED,2027-11-04,,,,
201281,001,8846695*PED,2030-12-04,,,,
201281,002,8846695*PED,2030-12-04,,,,
201281,003,8846695*PED,2030-12-04,,,,
201281,001,8883805*PED,2026-05-26,,,,
201281,002,8883805*PED,2026-05-26,,,,
201281,003,8883805*PED,2026-05-26,,,,
201281,001,9155705*PED,2030-11-21,,,,
201281,002,9155705*PED,2030-11-21,,,,
201281,003,9155705*PED,2030-11-21,,,,
201281,001,10022379*PED,2029-10-02,,,,
201281,002,10022379*PED,2029-10-02,,,,
201281,003,10022379*PED,2029-10-02,,,,
201281,001,9415016*PED,2029-10-02,,,,
201281,002,9415016*PED,2029-10-02,,,,
201281,003,9415016*PED,2029-10-02,,,,
201281,001,10973827*PED,2029-10-02,,,,
201281,002,10973827*PED,2029-10-02,,,,
201281,003,10973827*PED,2029-10-02,,,,
201532,001,RE46965*PED,2027-07-08,,,,
201699,001,7378508*PED,2028-01-31,,,,
201699,001,7863249*PED,2028-01-31,,,,
201699,001,7906489*PED,2027-09-04,,,,
201699,001,8859510*PED,2028-01-31,,,,
202022,001,7125879*PED,2025-10-21,,,,
200533,001,7994364*PED,2025-12-27,,,,
200533,002,7994364*PED,2025-12-27,,,,
200533,003,7994364*PED,2025-12-27,,,,
200533,004,7994364*PED,2025-12-27,,,,
200533,005,7994364*PED,2025-12-27,,,,
200533,001,8536130*PED,2029-03-22,,,,
200533,002,8536130*PED,2029-03-22,,,,
200533,003,8536130*PED,2029-03-22,,,,
200533,004,8536130*PED,2029-03-22,,,,
200533,005,8536130*PED,2029-03-22,,,,
200533,001,11344512*PED,2028-10-21,,,,
200533,002,11344512*PED,2028-10-21,,,,
200533,003,11344512*PED,2028-10-21,,,,
200533,004,11344512*PED,2028-10-21,,,,
200533,005,11344512*PED,2028-10-21,,,,
200603,002,8883794*PED,2026-11-26,,,,
200603,001,8883794*PED,2026-11-26,,,,
200603,003,8883794*PED,2026-11-26,,,,
200603,004,8883794*PED,2026-11-26,,,,
200603,005,8883794*PED,2026-11-26,,,,
200603,001,8729085*PED,2026-11-26,,,,
200603,002,8729085*PED,2026-11-26,,,,
200603,003,8729085*PED,2026-11-26,,,,
200603,004,8729085*PED,2026-11-26,,,,
200603,005,8729085*PED,2026-11-26,,,,
200603,001,9907794*PED,2026-11-26,,,,
200603,002,9907794*PED,2026-11-26,,,,
200603,003,9907794*PED,2026-11-26,,,,
200603,004,9907794*PED,2026-11-26,,,,
200603,005,9907794*PED,2026-11-26,,,,
200603,001,9259423*PED,2031-11-23,,,,
200603,002,9259423*PED,2031-11-23,,,,
200603,003,9259423*PED,2031-11-23,,,,
200603,004,9259423*PED,2031-11-23,,,,
200603,005,9259423*PED,2031-11-23,,,,
200603,001,RE45573*PED,2025-12-23,,,,
200603,002,RE45573*PED,2025-12-23,,,,
200603,003,RE45573*PED,2025-12-23,,,,
200603,004,RE45573*PED,2025-12-23,,,,
200603,005,RE45573*PED,2025-12-23,,,,
201023,001,8927592*PED,2031-04-27,,,,
201023,001,7241907*PED,2026-06-10,,,,
206439,002,8039009*PED,2029-09-24,,,,
206439,004,8168209*PED,2026-05-22,,,,
206439,004,8173708*PED,2026-05-22,,,,
206439,001,8039009*PED,2029-09-24,,,,
206439,003,8039009*PED,2029-09-24,,,,
206439,004,8039009*PED,2029-09-24,,,,
206439,004,8362085*PED,2026-05-22,,,,
206439,004,8329752*PED,2026-05-22,,,,
206439,004,8598233*PED,2026-05-22,,,,
206439,004,8283379*PED,2026-05-22,,,,
206321,001,8114833*PED,2026-02-13,,,,
206321,001,9968659*PED,2037-07-09,,,,
021936,001,7284474*PED,2025-02-26,,,,
021936,001,7837235*PED,2028-09-13,,,,
021936,001,7396341*PED,2027-04-10,,,,
021936,001,9027967*PED,2027-09-30,,,,
021936,001,8733341*PED,2031-04-16,,,,
021936,002,7396341*PED,2027-04-10,,,,
021936,002,7837235*PED,2028-09-13,,,,
021936,002,8733341*PED,2031-04-16,,,,
021936,002,7284474*PED,2025-02-26,,,,
021936,002,9027967*PED,2027-09-30,,,,
203094,001,8148374*PED,2030-03-03,,,,
203094,001,10039718*PED,2033-04-06,,,,
203094,002,10039718*PED,2033-04-06,,,,
203094,002,8148374*PED,2030-03-03,,,,
203093,001,7635704*PED,2027-04-26,,,,
203093,001,7176220*PED,2027-02-27,,,,
203093,002,7176220*PED,2027-02-27,,,,
203093,002,7635704*PED,2027-04-26,,,,
203093,001,8981103*PED,2027-04-26,,,,
203093,002,8981103*PED,2027-04-26,,,,
205834,001,7964580*PED,2029-09-26,,,,
205834,001,8633309*PED,2029-09-26,,,,
205834,001,8618076*PED,2031-06-11,,,,
205834,001,8334270*PED,2028-09-21,,,,
205834,001,8822430*PED,2030-11-12,,,,
205834,001,8735372*PED,2028-09-21,,,,
205834,001,8088368*PED,2030-11-12,,,,
205834,001,8273341*PED,2030-11-12,,,,
205834,001,8580765*PED,2028-09-21,,,,
205834,001,8841278*PED,2030-11-12,,,,
205834,001,8889159*PED,2029-09-26,,,,
205834,001,9085573*PED,2028-09-21,,,,
205834,001,9393256*PED,2033-03-14,,,,
205834,001,10039779*PED,2034-07-30,,,,
205834,001,9284342*PED,2031-03-13,,,,
205834,001,9511056*PED,2030-11-12,,,,
205834,002,7964580*PED,2029-09-26,,,,
205834,002,8334270*PED,2028-09-21,,,,
205834,002,8273341*PED,2030-11-12,,,,
205834,002,8088368*PED,2030-11-12,,,,
205834,002,8580765*PED,2028-09-21,,,,
205834,002,8618076*PED,2031-06-11,,,,
205834,002,8633309*PED,2029-09-26,,,,
205834,002,8841278*PED,2030-11-12,,,,
205834,002,8822430*PED,2030-11-12,,,,
205834,002,8735372*PED,2028-09-21,,,,
205834,002,8889159*PED,2029-09-26,,,,
205834,002,10039779*PED,2034-07-30,,,,
205834,002,9511056*PED,2030-11-12,,,,
205834,002,9085573*PED,2028-09-21,,,,
205834,002,9284342*PED,2031-03-13,,,,
205834,002,9393256*PED,2033-03-14,,,,
204671,001,8580765*PED,2028-09-21,,,,
204671,001,7964580*PED,2029-09-26,,,,
204671,001,8334270*PED,2028-09-21,,,,
204671,001,8633309*PED,2029-09-26,,,,
204671,001,8618076*PED,2031-06-11,,,,
204671,001,8889159*PED,2029-09-26,,,,
204671,001,9085573*PED,2028-09-21,,,,
204671,001,9284342*PED,2031-03-13,,,,
204671,001,9549941*PED,2029-09-26,,,,
204671,002,8618076*PED,2031-06-11,,,,
204671,002,8889159*PED,2029-09-26,,,,
204671,002,8633309*PED,2029-09-26,,,,
204671,002,8580765*PED,2028-09-21,,,,
204671,002,8334270*PED,2028-09-21,,,,
204671,002,9284342*PED,2031-03-13,,,,
204671,002,9085573*PED,2028-09-21,,,,
204671,002,7964580*PED,2029-09-26,,,,
205065,001,8067416*PED,2025-05-17,,,,
205065,001,7612073*PED,2025-05-17,,,,
205065,001,RE43797*PED,2025-05-17,,,,
205065,001,7566714*PED,2025-05-17,,,,
205065,002,7612073*PED,2025-05-17,,,,
205065,002,RE43797*PED,2025-05-17,,,,
205065,002,8067416*PED,2025-05-17,,,,
205065,002,7566714*PED,2025-05-17,,,,
205065,001,9216178*PED,2033-05-01,,,,
205065,002,9216178*PED,2033-05-01,,,,
205065,001,9433624*PED,2025-05-17,,,,
205065,002,9433624*PED,2025-05-17,,,,
205388,001,9066856*PED,2034-04-23,,,,
205388,001,9486406*PED,2034-04-23,,,,
202611,001,8772315*PED,2029-04-30,,,,
202611,002,8772315*PED,2029-04-30,,,,
202611,001,11707451*PED,2030-03-28,,,,
202611,002,11707451*PED,2030-03-28,,,,
202611,001,12097189*PED,2030-03-28,,,,
202611,002,12097189*PED,2030-03-28,,,,
202611,001,10842780*PED,2030-03-28,,,,
202611,002,10842780*PED,2030-03-28,,,,
202611,001,12059409*PED,2030-03-28,,,,
202611,002,12059409*PED,2030-03-28,,,,
202714,001,7417042*PED,2027-01-20,,,,
202714,001,7737112*PED,2028-06-07,,,,
202714,002,7417042*PED,2027-01-20,,,,
202714,002,7737112*PED,2028-06-07,,,,
202714,001,9493582*PED,2033-08-27,,,,
202714,002,9493582*PED,2033-08-27,,,,
202714,003,7417042*PED,2027-01-20,,,,
202714,003,9493582*PED,2033-08-27,,,,
202714,003,7737112*PED,2028-06-07,,,,
202714,001,RE47954*PED,2030-04-21,,,,
202714,002,RE47954*PED,2030-04-21,,,,
202714,003,RE47954*PED,2030-04-21,,,,
202806,002,7994185*PED,2030-07-20,,,,
202806,002,8415345*PED,2030-07-20,,,,
202806,001,7994185*PED,2030-07-20,,,,
202806,001,8415345*PED,2030-07-20,,,,
202806,001,9233956*PED,2029-11-04,,,,
202806,002,9233956*PED,2029-11-04,,,,
202806,001,8835443*PED,2025-12-10,,,,
202806,001,8952018*PED,2031-04-15,,,,
202806,002,8952018*PED,2031-04-15,,,,
202806,002,8835443*PED,2025-12-10,,,,
202806,001,8703781*PED,2031-04-15,,,,
202806,002,8703781*PED,2031-04-15,,,,
202806,001,10869869*PED,2034-02-28,,,,
202806,002,10869869*PED,2034-02-28,,,,
202895,001,7700645*PED,2027-06-26,,,,
202992,001,8802735*PED,2031-03-14,,,,
202992,002,8802735*PED,2031-03-14,,,,
202992,001,6794410*PED,2027-03-12,,,,
202992,002,6794410*PED,2027-03-12,,,,
202992,001,9186346*PED,2034-08-04,,,,
202992,002,9186346*PED,2034-08-04,,,,
203045,001,7754731*PED,2029-09-11,,,,
203045,002,7754731*PED,2029-09-11,,,,
203100,001,7176220*PED,2027-02-27,,,,
203100,001,7635704*PED,2027-04-26,,,,
203100,001,8148374*PED,2030-03-03,,,,
203100,001,8633219*PED,2030-10-30,,,,
203100,001,10039718*PED,2033-04-06,,,,
203100,001,9891239*PED,2030-03-03,,,,
203100,001,8981103*PED,2027-04-26,,,,
203188,001,7495103*PED,2027-11-20,,,,
203188,001,8324242*PED,2028-02-05,,,,
203188,001,8410274*PED,2027-06-28,,,,
203188,001,8754224*PED,2027-06-28,,,,
203188,001,8354427*PED,2027-01-06,,,,
203188,001,9670163*PED,2027-06-28,,,,
203188,001,10646481*PED,2030-02-13,,,,
203188,001,11564916*PED,2030-02-13,,,,
203214,001,RE41783*PED,2026-06-08,,,,
203214,002,RE41783*PED,2026-06-08,,,,
203341,001,7417148*PED,2026-06-11,,,,
203341,001,7767678*PED,2027-05-23,,,,
203341,001,7919625*PED,2026-06-11,,,,
203341,002,7417148*PED,2026-06-11,,,,
203341,002,7767678*PED,2027-05-23,,,,
203341,002,7919625*PED,2026-06-11,,,,
203341,003,7919625*PED,2026-06-11,,,,
203341,003,7767678*PED,2027-05-23,,,,
203341,003,7417148*PED,2026-06-11,,,,
203341,001,11103497*PED,2034-08-28,,,,
203341,002,11103497*PED,2034-08-28,,,,
203341,003,11103497*PED,2034-08-28,,,,
203389,001,8026284*PED,2028-03-22,,,,
203389,002,8026284*PED,2028-03-22,,,,
203389,001,9198882*PED,2027-07-26,,,,
203389,002,9198882*PED,2027-07-26,,,,
203389,001,9192590*PED,2027-07-26,,,,
203389,002,9192590*PED,2027-07-26,,,,
203389,001,9233077*PED,2034-12-17,,,,
203389,002,9233077*PED,2034-12-17,,,,
203389,001,9925156*PED,2027-07-26,,,,
203389,002,9925156*PED,2027-07-26,,,,
203389,001,9925157*PED,2027-07-26,,,,
203389,001,9925158*PED,2027-07-26,,,,
203389,002,9925157*PED,2027-07-26,,,,
203389,002,9925158*PED,2027-07-26,,,,
203389,001,9173851*PED,2034-12-17,,,,
203389,002,9173851*PED,2034-12-17,,,,
203389,001,10143665*PED,2037-02-16,,,,
203389,002,10143665*PED,2037-02-16,,,,
203389,001,10548859*PED,2037-02-16,,,,
203389,002,10548859*PED,2037-02-16,,,,
203389,001,10328037*PED,2037-02-16,,,,
203389,002,10328037*PED,2037-02-16,,,,
203389,001,10905662*PED,2037-02-16,,,,
203389,002,10905662*PED,2037-02-16,,,,
203441,001,7847061*PED,2026-05-01,,,,
203441,001,9060992*PED,2026-05-01,,,,
204353,001,7943582*PED,2029-08-26,,,,
204353,001,8513202*PED,2028-06-03,,,,
204353,001,7943788*PED,2028-01-14,,,,
204353,001,8222219*PED,2025-10-11,,,,
204353,002,7943582*PED,2029-08-26,,,,
204353,002,7943788*PED,2028-01-14,,,,
204353,002,8222219*PED,2025-10-11,,,,
204353,002,8513202*PED,2028-06-03,,,,
204353,003,8222219*PED,2025-10-11,,,,
204353,003,7943788*PED,2028-01-14,,,,
204353,003,7943582*PED,2029-08-26,,,,
204353,003,8513202*PED,2028-06-03,,,,
204353,004,7943582*PED,2029-08-26,,,,
204353,004,7943788*PED,2028-01-14,,,,
204353,004,8222219*PED,2025-10-11,,,,
204353,004,8513202*PED,2028-06-03,,,,
203794,001,7994364*PED,2025-12-27,,,,
204026,001,8198262*PED,2025-12-17,,,,
204026,002,8198262*PED,2025-12-17,,,,
204026,003,8198262*PED,2025-12-17,,,,
204026,004,8198262*PED,2025-12-17,,,,
204026,001,8828427*PED,2031-12-21,,,,
204026,002,8828427*PED,2031-12-21,,,,
204026,003,8828427*PED,2031-12-21,,,,
204026,004,8828427*PED,2031-12-21,,,,
204026,001,9993467*PED,2030-11-19,,,,
204026,002,9993467*PED,2030-11-19,,,,
204026,003,9993467*PED,2030-11-19,,,,
204026,004,9993467*PED,2030-11-19,,,,
204026,001,10555939*PED,2030-11-19,,,,
204026,002,10555939*PED,2030-11-19,,,,
204026,003,10555939*PED,2030-11-19,,,,
204026,004,10555939*PED,2030-11-19,,,,
204042,001,7943582*PED,2029-08-26,,,,
204042,001,7943788*PED,2028-01-14,,,,
204042,001,8222219*PED,2025-10-11,,,,
204042,002,7943582*PED,2029-08-26,,,,
204042,002,7943788*PED,2028-01-14,,,,
204042,002,8222219*PED,2025-10-11,,,,
204042,001,8513202*PED,2028-06-03,,,,
204042,002,8513202*PED,2028-06-03,,,,
204114,001,7378423*PED,2027-11-29,,,,
204114,002,7378423*PED,2027-11-29,,,,
204114,003,7378423*PED,2027-11-29,,,,
204114,001,8835443*PED,2025-12-10,,,,
204114,002,8835443*PED,2025-12-10,,,,
204114,003,8835443*PED,2025-12-10,,,,
204114,001,8580304*PED,2032-07-28,,,,
204114,002,8580304*PED,2032-07-28,,,,
204114,003,8580304*PED,2032-07-28,,,,
204114,001,9155706*PED,2032-07-28,,,,
204114,003,9155706*PED,2032-07-28,,,,
204114,001,8952018*PED,2031-04-15,,,,
204114,002,8952018*PED,2031-04-15,,,,
204114,003,8952018*PED,2031-04-15,,,,
204114,002,9271941*PED,2032-07-28,,,,
204114,002,9155706*PED,2032-07-28,,,,
204114,001,9271941*PED,2032-07-28,,,,
204114,003,9271941*PED,2032-07-28,,,,
204114,001,8703781*PED,2031-04-15,,,,
204114,002,8703781*PED,2031-04-15,,,,
204114,003,8703781*PED,2031-04-15,,,,
204114,001,10869869*PED,2034-02-28,,,,
204114,002,10869869*PED,2034-02-28,,,,
204114,003,10869869*PED,2034-02-28,,,,
204114,001,9399021*PED,2032-07-28,,,,
204114,002,9399021*PED,2032-07-28,,,,
204114,003,9399021*PED,2032-07-28,,,,
204275,001,7439393*PED,2025-11-21,,,,
204275,001,8746242*PED,2031-04-11,,,,
204275,001,8534281*PED,2030-09-08,,,,
204275,001,8511304*PED,2027-12-14,,,,
204275,002,7439393*PED,2025-11-21,,,,
204275,002,8746242*PED,2031-04-11,,,,
204275,002,8534281*PED,2030-09-08,,,,
204275,002,8511304*PED,2027-12-14,,,,
204275,002,11116721*PED,2029-08-26,,,,
204275,003,7439393*PED,2025-11-21,,,,
204275,003,8511304*PED,2027-12-14,,,,
204275,003,8746242*PED,2031-04-11,,,,
204275,003,8534281*PED,2030-09-08,,,,
204275,003,11116721*PED,2029-08-26,,,,
204275,001,11116721*PED,2029-08-26,,,,
201292,001,8545884*PED,2030-06-19,,,,
201292,002,8545884*PED,2030-06-19,,,,
201292,003,8545884*PED,2030-06-19,,,,
201292,001,8426586*PED,2030-04-10,,,,
201292,001,RE43431*PED,2026-07-13,,,,
201292,002,RE43431*PED,2026-07-13,,,,
201292,002,8426586*PED,2030-04-10,,,,
201292,003,RE43431*PED,2026-07-13,,,,
201292,003,8426586*PED,2030-04-10,,,,
201292,001,10004743*PED,2031-01-05,,,,
201292,002,10004743*PED,2031-01-05,,,,
201292,003,10004743*PED,2031-01-05,,,,
201292,001,9539258*PED,2027-05-09,,,,
201292,002,9539258*PED,2027-05-09,,,,
201292,003,9539258*PED,2027-05-09,,,,
205437,001,7427638*PED,2028-08-16,,,,
205437,002,7427638*PED,2028-08-16,,,,
205437,003,7427638*PED,2028-08-16,,,,
205437,001,9872854*PED,2034-11-29,,,,
205437,002,9872854*PED,2034-11-29,,,,
205437,003,9872854*PED,2034-11-29,,,,
205437,001,10092541*PED,2034-11-29,,,,
205437,002,10092541*PED,2034-11-29,,,,
205437,003,10092541*PED,2034-11-29,,,,
205109,001,9561251*PED,2030-07-23,,,,
205109,001,11013762*PED,2029-05-13,,,,
205109,001,11446252*PED,2035-05-26,,,,
205109,001,10925896*PED,2029-05-13,,,,
205109,001,10925897*PED,2029-05-13,,,,
205109,001,10933090*PED,2029-05-13,,,,
205109,001,10682376*PED,2029-05-13,,,,
205109,001,11013761*PED,2029-05-13,,,,
205109,001,10624855*PED,2035-05-26,,,,
205109,001,11234938*PED,2035-05-26,,,,
205109,001,10695367*PED,2029-05-13,,,,
205552,001,8008309*PED,2028-05-13,,,,
205552,001,7514444*PED,2027-06-28,,,,
205552,001,8476284*PED,2027-06-28,,,,
205552,001,8497277*PED,2027-06-28,,,,
205552,001,8754091*PED,2027-06-28,,,,
205552,001,8697711*PED,2027-06-28,,,,
205552,001,8703780*PED,2027-06-28,,,,
205552,001,8735403*PED,2027-06-28,,,,
205552,001,9125889*PED,2031-12-03,,,,
205552,001,8957079*PED,2027-06-28,,,,
205552,001,9181257*PED,2027-06-28,,,,
205552,001,9296753*PED,2034-04-30,,,,
205552,001,9795604*PED,2035-04-24,,,,
205552,001,10004746*PED,2031-12-03,,,,
205552,002,10004746*PED,2031-12-03,,,,
205552,001,9801883*PED,2031-12-03,,,,
205552,001,9801881*PED,2031-12-03,,,,
205552,002,7514444*PED,2027-06-28,,,,
205552,002,8008309*PED,2028-05-13,,,,
205552,002,8476284*PED,2027-06-28,,,,
205552,002,8497277*PED,2027-06-28,,,,
205552,002,8703780*PED,2027-06-28,,,,
205552,002,8735403*PED,2027-06-28,,,,
205552,002,8697711*PED,2027-06-28,,,,
205552,002,8754091*PED,2027-06-28,,,,
205552,002,8952015*PED,2027-06-28,,,,
205552,002,8999999*PED,2031-12-03,,,,
205552,002,8957079*PED,2027-06-28,,,,
205552,002,9125889*PED,2031-12-03,,,,
205552,002,9181257*PED,2027-06-28,,,,
205552,002,9296753*PED,2034-04-30,,,,
205552,002,9540382*PED,2034-02-18,,,,
205552,002,9713617*PED,2033-12-03,,,,
205552,002,9795604*PED,2035-04-24,,,,
205552,002,9801881*PED,2031-12-03,,,,
205552,002,9725455*PED,2033-12-03,,,,
205552,002,9801883*PED,2031-12-03,,,,
205552,001,8563563*PED,2027-10-26,,,,
205552,002,8563563*PED,2027-10-26,,,,
205552,001,8952015*PED,2027-06-28,,,,
205552,001,9540382*PED,2034-02-18,,,,
205552,001,10016435*PED,2031-12-03,,,,
205552,002,10016435*PED,2031-12-03,,,,
205552,001,10106548*PED,2033-12-03,,,,
205552,002,10106548*PED,2033-12-03,,,,
205552,001,9713617*PED,2033-12-03,,,,
205552,001,9725455*PED,2033-12-03,,,,
205552,001,8999999*PED,2031-12-03,,,,
205552,001,10125140*PED,2033-12-03,,,,
205552,002,10125140*PED,2033-12-03,,,,
205552,001,10294232*PED,2033-12-03,,,,
205552,001,10294231*PED,2033-12-03,,,,
205552,002,10294231*PED,2033-12-03,,,,
205552,002,10294232*PED,2033-12-03,,,,
205552,001,10751342*PED,2031-12-03,,,,
205552,002,10751342*PED,2031-12-03,,,,
205552,001,10752634*PED,2033-12-03,,,,
205552,001,10478439*PED,2031-12-03,,,,
205552,002,10478439*PED,2031-12-03,,,,
205552,001,10961251*PED,2033-12-03,,,,
205552,002,10961251*PED,2033-12-03,,,,
205552,001,10463668*PED,2035-04-24,,,,
205552,002,10463668*PED,2035-04-24,,,,
205552,001,10695350*PED,2035-04-24,,,,
205552,002,10695350*PED,2035-04-24,,,,
205649,001,8501698*PED,2027-12-20,,,,
205649,001,7919598*PED,2030-06-16,,,,
205649,001,8685934*PED,2030-11-26,,,,
205649,001,6515117*PED,2026-04-04,,,,
205649,002,6515117*PED,2026-04-04,,,,
205649,002,8685934*PED,2030-11-26,,,,
205649,002,7919598*PED,2030-06-16,,,,
205649,002,8501698*PED,2027-12-20,,,,
205649,003,6515117*PED,2026-04-04,,,,
205649,003,8501698*PED,2027-12-20,,,,
205649,003,8685934*PED,2030-11-26,,,,
205649,003,7919598*PED,2030-06-16,,,,
205649,004,6515117*PED,2026-04-04,,,,
205649,004,7919598*PED,2030-06-16,,,,
205649,004,8501698*PED,2027-12-20,,,,
205649,004,8685934*PED,2030-11-26,,,,
205649,005,8501698*PED,2027-12-20,,,,
205649,005,6515117*PED,2026-04-04,,,,
205649,005,8685934*PED,2030-11-26,,,,
205649,005,7919598*PED,2030-06-16,,,,
205649,001,9616028*PED,2031-05-12,,,,
205649,002,9616028*PED,2031-05-12,,,,
205649,003,9616028*PED,2031-05-12,,,,
205649,004,9616028*PED,2031-05-12,,,,
205649,005,9616028*PED,2031-05-12,,,,
205786,001,7754731*PED,2029-09-11,,,,
203975,001,7439393*PED,2025-11-21,,,,
203975,001,8511304*PED,2027-12-14,,,,
202293,001,8221786*PED,2028-09-21,,,,
202293,001,6515117*PED,2026-04-04,,,,
202293,001,8501698*PED,2027-12-20,,,,
202293,001,8361972*PED,2028-09-21,,,,
202293,001,7851502*PED,2029-02-19,,,,
202293,001,7919598*PED,2030-06-16,,,,
202293,002,8361972*PED,2028-09-21,,,,
202293,002,8501698*PED,2027-12-20,,,,
202293,002,7851502*PED,2029-02-19,,,,
202293,002,6515117*PED,2026-04-04,,,,
202293,002,7919598*PED,2030-06-16,,,,
202293,002,8221786*PED,2028-09-21,,,,
202293,001,8716251*PED,2028-09-21,,,,
202293,002,8716251*PED,2028-09-21,,,,
202293,001,8685934*PED,2030-11-26,,,,
202293,002,8685934*PED,2030-11-26,,,,
202293,001,7456254*PED,2025-12-30,,,,
202293,002,7456254*PED,2025-12-30,,,,
202293,001,8329648*PED,2027-02-18,,,,
202293,002,8329648*PED,2027-02-18,,,,
202293,001,8461105*PED,2025-10-13,,,,
202293,001,8431685*PED,2025-10-13,,,,
202293,002,8431685*PED,2025-10-13,,,,
202293,002,8461105*PED,2025-10-13,,,,
202293,001,8721615*PED,2030-07-18,,,,
202293,002,8721615*PED,2030-07-18,,,,
202293,001,8906851*PED,2027-02-18,,,,
202293,002,8906851*PED,2027-02-18,,,,
202293,002,11826376*PED,2040-01-18,,,,
202293,002,11903955*PED,2040-09-09,,,,
202293,002,10973836*PED,2040-09-09,,,,
205551,001,8129385*PED,2028-04-05,,,,
205551,001,9242986*PED,2030-06-08,,,,
204629,001,7579449*PED,2029-02-01,,,,
204629,001,7713938*PED,2027-10-15,,,,
204629,002,7713938*PED,2027-10-15,,,,
204629,002,7579449*PED,2029-02-01,,,,
204629,001,9949998*PED,2034-12-11,,,,
204629,001,9949997*PED,2034-11-17,,,,
204629,002,9949997*PED,2034-11-17,,,,
204629,002,9949998*PED,2034-12-11,,,,
204629,001,8551957*PED,2030-04-14,,,,
204629,002,8551957*PED,2030-04-14,,,,
204629,001,10258637*PED,2034-10-03,,,,
204629,002,10258637*PED,2034-10-03,,,,
204629,001,11090323*PED,2034-10-03,,,,
204629,002,11090323*PED,2034-10-03,,,,
202155,001,6967208*PED,2027-05-21,,,,
202155,002,6967208*PED,2027-05-21,,,,
202155,001,9326945*PED,2031-08-24,,,,
202155,002,9326945*PED,2031-08-24,,,,
202155,003,6967208*PED,2027-05-21,,,,
202155,003,9326945*PED,2031-08-24,,,,
202192,001,7598257*PED,2028-06-24,,,,
202192,001,8415362*PED,2028-06-24,,,,
202192,002,7598257*PED,2028-06-24,,,,
202192,002,8415362*PED,2028-06-24,,,,
202192,003,7598257*PED,2028-06-24,,,,
202192,003,8415362*PED,2028-06-24,,,,
202192,004,7598257*PED,2028-06-24,,,,
202192,004,8415362*PED,2028-06-24,,,,
202192,005,7598257*PED,2028-06-24,,,,
202192,005,8415362*PED,2028-06-24,,,,
202192,001,8722693*PED,2028-12-12,,,,
202192,002,8722693*PED,2028-12-12,,,,
202192,003,8722693*PED,2028-12-12,,,,
202192,004,8722693*PED,2028-12-12,,,,
202192,005,8722693*PED,2028-12-12,,,,
202192,001,8822481*PED,2028-12-12,,,,
202192,002,8822481*PED,2028-12-12,,,,
202192,003,8822481*PED,2028-12-12,,,,
202192,004,8822481*PED,2028-12-12,,,,
202192,005,8822481*PED,2028-12-12,,,,
202192,001,8829013*PED,2028-12-12,,,,
202192,002,8829013*PED,2028-12-12,,,,
202192,003,8829013*PED,2028-12-12,,,,
202192,004,8829013*PED,2028-12-12,,,,
202192,005,8829013*PED,2028-12-12,,,,
202192,001,9079912*PED,2027-06-12,,,,
202192,002,9079912*PED,2027-06-12,,,,
202192,003,9079912*PED,2027-06-12,,,,
202192,004,9079912*PED,2027-06-12,,,,
202192,005,9079912*PED,2027-06-12,,,,
202192,001,9814722*PED,2027-06-12,,,,
202192,001,10016429*PED,2028-12-12,,,,
202192,002,10016429*PED,2028-12-12,,,,
202192,002,9814722*PED,2027-06-12,,,,
202192,003,9814722*PED,2027-06-12,,,,
202192,003,10016429*PED,2028-12-12,,,,
202192,004,10016429*PED,2028-12-12,,,,
202192,004,9814722*PED,2027-06-12,,,,
202192,005,10016429*PED,2028-12-12,,,,
202192,005,9814722*PED,2027-06-12,,,,
202236,001,8168620*PED,2026-08-24,,,,
202270,002,7326708*PED,2027-05-24,,,,
202270,003,7326708*PED,2027-05-24,,,,
202270,001,7326708*PED,2027-05-24,,,,
202324,001,6534524*PED,2025-10-29,,,,
202324,002,6534524*PED,2025-10-29,,,,
202324,001,8791140*PED,2031-06-14,,,,
202324,002,8791140*PED,2031-06-14,,,,
202324,001,10869924*PED,2037-07-12,,,,
202324,002,10869924*PED,2037-07-12,,,,
202324,001,10570202*PED,2035-08-03,,,,
202324,002,10570202*PED,2035-08-03,,,,
202343,002,7326708*PED,2026-10-11,,,,
202343,001,7326708*PED,2026-10-11,,,,
202343,003,7326708*PED,2026-10-11,,,,
202343,004,7326708*PED,2026-10-11,,,,
202343,005,7326708*PED,2026-10-11,,,,
202343,006,7326708*PED,2026-10-11,,,,
205832,001,6762180*PED,2026-04-01,,,,
205832,002,6762180*PED,2026-04-01,,,,
205832,001,9907756*PED,2029-12-07,,,,
205832,002,9907756*PED,2029-12-07,,,,
205832,001,10105323*PED,2029-12-04,,,,
205832,002,10105323*PED,2029-12-04,,,,
205832,001,10154990*PED,2026-07-08,,,,
205832,002,10154990*PED,2026-07-08,,,,
204790,001,8129385*PED,2028-04-05,,,,
204790,001,9242986*PED,2030-06-08,,,,
204790,002,9242986*PED,2030-06-08,,,,
204790,002,8129385*PED,2028-04-05,,,,
204790,003,9242986*PED,2030-06-08,,,,
204790,003,8129385*PED,2028-04-05,,,,
204447,001,8722684*PED,2031-12-30,,,,
204447,002,8722684*PED,2031-12-30,,,,
204447,003,8722684*PED,2031-12-30,,,,
204447,004,8722684*PED,2031-12-30,,,,
204447,001,7144884*PED,2026-12-17,,,,
204447,002,7144884*PED,2026-12-17,,,,
204447,003,7144884*PED,2026-12-17,,,,
204447,004,7144884*PED,2026-12-17,,,,
204447,001,8969355*PED,2027-12-15,,,,
204447,002,8969355*PED,2027-12-15,,,,
204447,003,8969355*PED,2027-12-15,,,,
204447,004,8969355*PED,2027-12-15,,,,
204447,001,9227946*PED,2027-12-15,,,,
204447,002,9227946*PED,2027-12-15,,,,
204447,003,9227946*PED,2027-12-15,,,,
204447,004,9227946*PED,2027-12-15,,,,
204447,001,9125908*PED,2027-12-15,,,,
204447,001,9125909*PED,2027-12-15,,,,
204447,002,9125908*PED,2027-12-15,,,,
204447,002,9125909*PED,2027-12-15,,,,
204447,003,9125908*PED,2027-12-15,,,,
204447,003,9125909*PED,2027-12-15,,,,
204447,004,9125908*PED,2027-12-15,,,,
204447,004,9125909*PED,2027-12-15,,,,
204447,001,9125910*PED,2027-12-15,,,,
204447,002,9125910*PED,2027-12-15,,,,
204447,003,9125910*PED,2027-12-15,,,,
204447,004,9125910*PED,2027-12-15,,,,
204447,001,9861630*PED,2027-12-15,,,,
204447,002,9861630*PED,2027-12-15,,,,
204447,003,9861630*PED,2027-12-15,,,,
204447,004,9861630*PED,2027-12-15,,,,
204447,001,9278096*PED,2032-09-21,,,,
204447,002,9278096*PED,2032-09-21,,,,
204447,003,9278096*PED,2032-09-21,,,,
204447,004,9278096*PED,2032-09-21,,,,
204447,001,11458134*PED,2027-12-15,,,,
204447,002,11458134*PED,2027-12-15,,,,
204447,003,11458134*PED,2027-12-15,,,,
204447,004,11458134*PED,2027-12-15,,,,
207589,001,9119781*PED,2031-12-10,,,,
207589,001,10130640*PED,2031-12-10,,,,
207953,001,8895557*PED,2028-07-07,,,,
207695,001,8039451*PED,2029-12-29,,,,
207695,001,8168614*PED,2030-07-20,,,,
207695,001,8501712*PED,2027-08-16,,,,
207695,001,9682092*PED,2027-08-16,,,,
209195,001,8575135*PED,2033-05-16,,,,
209195,001,8334270*PED,2028-09-21,,,,
209195,001,7964580*PED,2029-09-26,,,,
209195,001,8618076*PED,2031-06-11,,,,
209195,001,8580765*PED,2028-09-21,,,,
209195,001,8921341*PED,2033-05-16,,,,
209195,001,8735372*PED,2028-09-21,,,,
209195,001,8633309*PED,2029-09-26,,,,
209195,001,9085573*PED,2028-09-21,,,,
209195,001,8940718*PED,2033-05-16,,,,
209195,001,8889159*PED,2029-09-26,,,,
209195,001,9284342*PED,2031-03-13,,,,
209195,001,11338007*PED,2037-12-01,,,,
209195,001,11116783*PED,2034-07-30,,,,
210251,001,7390791*PED,2025-07-07,,,,
210251,001,9296769*PED,2033-02-15,,,,
210251,001,8754065*PED,2033-02-15,,,,
210251,002,9296769*PED,2033-02-15,,,,
210251,002,8754065*PED,2033-02-15,,,,
210251,002,7390791*PED,2025-07-07,,,,
206111,001,7579449*PED,2029-02-01,,,,
206111,001,7713938*PED,2027-10-15,,,,
206111,002,7713938*PED,2027-10-15,,,,
206111,002,7579449*PED,2029-02-01,,,,
206111,003,7579449*PED,2029-02-01,,,,
206111,003,7713938*PED,2027-10-15,,,,
206111,004,7713938*PED,2027-10-15,,,,
206111,004,7579449*PED,2029-02-01,,,,
206111,001,10258637*PED,2034-10-03,,,,
206111,002,10258637*PED,2034-10-03,,,,
206111,003,10258637*PED,2034-10-03,,,,
206111,004,10258637*PED,2034-10-03,,,,
206111,001,11090323*PED,2034-10-03,,,,
206111,002,11090323*PED,2034-10-03,,,,
206111,003,11090323*PED,2034-10-03,,,,
206111,004,11090323*PED,2034-10-03,,,,
206111,001,10610489*PED,2031-03-30,,,,
206111,002,10610489*PED,2031-03-30,,,,
206111,003,10610489*PED,2031-03-30,,,,
206111,004,10610489*PED,2031-03-30,,,,
206111,001,9949997*PED,2034-11-17,,,,
206111,004,9949997*PED,2034-11-17,,,,
206111,003,9949997*PED,2034-11-17,,,,
206111,002,9949997*PED,2034-11-17,,,,
207027,001,7547719*PED,2026-01-13,,,,
207027,002,7547719*PED,2026-01-13,,,,
211358,001,8410274*PED,2027-06-28,,,,
211358,001,8716338*PED,2031-03-20,,,,
211358,002,8716338*PED,2031-03-20,,,,
211358,001,7973038*PED,2027-05-08,,,,
211358,001,8324242*PED,2028-02-05,,,,
211358,001,7495103*PED,2027-11-20,,,,
211358,002,7495103*PED,2027-11-20,,,,
211358,002,8324242*PED,2028-02-05,,,,
211358,002,7973038*PED,2027-05-08,,,,
211358,002,8410274*PED,2027-06-28,,,,
211358,001,8507534*PED,2031-03-20,,,,
211358,001,8653103*PED,2029-06-04,,,,
211358,001,8741933*PED,2027-05-08,,,,
211358,002,8653103*PED,2029-06-04,,,,
211358,002,8507534*PED,2031-03-20,,,,
211358,002,8741933*PED,2027-05-08,,,,
211358,001,9150552*PED,2029-06-04,,,,
211358,001,8754224*PED,2027-06-28,,,,
211358,001,8993600*PED,2031-06-11,,,,
211358,001,8846718*PED,2030-01-02,,,,
211358,002,8993600*PED,2031-06-11,,,,
211358,002,8754224*PED,2027-06-28,,,,
211358,002,8846718*PED,2030-01-02,,,,
211358,002,9150552*PED,2029-06-04,,,,
211358,001,9931334*PED,2027-06-28,,,,
211358,001,9670163*PED,2027-06-28,,,,
211358,001,9216969*PED,2027-05-08,,,,
211358,002,9670163*PED,2027-06-28,,,,
211358,002,9216969*PED,2027-05-08,,,,
211358,002,9931334*PED,2027-06-28,,,,
211358,001,9192606*PED,2030-03-29,,,,
211358,002,9192606*PED,2030-03-29,,,,
211358,003,9931334*PED,2027-06-28,,,,
211358,003,9192606*PED,2030-03-29,,,,
211358,003,9216969*PED,2027-05-08,,,,
211358,003,9670163*PED,2027-06-28,,,,
211358,003,10597384*PED,2029-06-04,,,,
211358,003,10646481*PED,2030-02-13,,,,
211358,001,12065432*PED,2029-06-04,,,,
211358,003,12065432*PED,2029-06-04,,,,
211358,002,12065432*PED,2029-06-04,,,,
211358,001,10597384*PED,2029-06-04,,,,
211358,002,10597384*PED,2029-06-04,,,,
211358,001,10646481*PED,2030-02-13,,,,
211358,002,10646481*PED,2030-02-13,,,,
211358,003,7495103*PED,2027-11-20,,,,
211358,003,8324242*PED,2028-02-05,,,,
211358,003,7973038*PED,2027-05-08,,,,
211358,003,8410274*PED,2027-06-28,,,,
211358,003,8507534*PED,2031-03-20,,,,
211358,003,8653103*PED,2029-06-04,,,,
211358,003,8716338*PED,2031-03-20,,,,
211358,003,8741933*PED,2027-05-08,,,,
211358,003,8754224*PED,2027-06-28,,,,
211358,003,8846718*PED,2030-01-02,,,,
211358,003,8993600*PED,2031-06-11,,,,
211358,003,9150552*PED,2029-06-04,,,,
211358,001,11564916*PED,2030-02-13,,,,
211358,003,11564916*PED,2030-02-13,,,,
211358,002,11564916*PED,2030-02-13,,,,
207501,001,6812238*PED,2026-04-30,,,,
207500,001,6812238*PED,2026-04-30,,,,
207500,001,10603280*PED,2028-03-14,,,,
207500,001,10206879*PED,2028-03-14,,,,
207500,002,10603280*PED,2028-03-14,,,,
207500,002,10206879*PED,2028-03-14,,,,
207500,002,6812238*PED,2026-04-30,,,,
022225,002,RE44733*PED,2026-07-27,,,,
022225,001,RE44733*PED,2026-07-27,,,,
208351,001,8754065*PED,2033-02-15,,,,
208351,001,7390791*PED,2025-07-07,,,,
208351,001,9296769*PED,2033-02-15,,,,
206143,001,7879842*PED,2026-08-22,,,,
206143,001,7361649*PED,2026-08-22,,,,
206143,001,7361650*PED,2026-08-22,,,,
206143,001,7867996*PED,2027-06-12,,,,
206143,002,7879842*PED,2026-08-22,,,,
206143,002,7867996*PED,2027-06-12,,,,
206143,002,7361650*PED,2026-08-22,,,,
206143,002,7361649*PED,2026-08-22,,,,
208056,001,8461187*PED,2026-07-17,,,,
208056,001,8871273*PED,2028-07-11,,,,
209394,001,10028937*PED,2030-12-10,,,,
209394,001,8648037*PED,2032-07-19,,,,
209394,001,8937150*PED,2032-11-18,,,,
209394,001,9586978*PED,2031-05-06,,,,
209394,001,9321807*PED,2035-12-05,,,,
209394,001,10039754*PED,2030-12-10,,,,
209394,001,11246866*PED,2036-12-24,,,,
209394,001,10286029*PED,2034-09-14,,,,
209394,001,11484534*PED,2034-09-14,,,,
209394,001,RE48923*PED,2035-11-08,,,,
207561,001,8754065*PED,2033-02-15,,,,
207561,001,8981103*PED,2027-04-26,,,,
207561,001,10039718*PED,2033-04-06,,,,
207561,001,9891239*PED,2030-03-03,,,,
207561,001,7176220*PED,2027-02-27,,,,
207561,001,7390791*PED,2025-07-07,,,,
207561,001,7635704*PED,2027-04-26,,,,
207561,001,8148374*PED,2030-03-03,,,,
207561,001,8633219*PED,2030-10-30,,,,
207561,001,9296769*PED,2033-02-15,,,,
206192,001,8362002*PED,2027-04-05,,,,
206192,001,7803839*PED,2030-05-10,,,,
206192,001,11254649*PED,2036-12-30,,,,
206192,001,10478400*PED,2036-12-29,,,,
206192,001,10590102*PED,2036-12-30,,,,
206192,001,11087354*PED,2034-12-22,,,,
208082,001,9233959*PED,2034-03-18,,,,
208082,001,8524733*PED,2031-10-03,,,,
208082,002,8524733*PED,2031-10-03,,,,
208082,002,9233959*PED,2034-03-18,,,,
208082,003,9233959*PED,2034-03-18,,,,
208082,003,8524733*PED,2031-10-03,,,,
208082,001,9296739*PED,2034-03-18,,,,
208082,001,9550780*PED,2034-03-18,,,,
208082,002,9550780*PED,2034-03-18,,,,
208082,002,9296739*PED,2034-03-18,,,,
208082,003,9296739*PED,2034-03-18,,,,
208082,003,9550780*PED,2034-03-18,,,,
208082,001,9814708*PED,2034-03-18,,,,
208082,002,9814708*PED,2034-03-18,,,,
208082,003,9814708*PED,2034-03-18,,,,
208082,001,11813232*PED,2038-09-15,,,,
208082,002,11813232*PED,2038-09-15,,,,
208082,003,11813232*PED,2038-09-15,,,,
208082,001,10959996*PED,2036-09-07,,,,
208082,002,10959996*PED,2036-09-07,,,,
208082,003,10959996*PED,2036-09-07,,,,
208082,001,11564917*PED,2036-09-07,,,,
208082,003,11564917*PED,2036-09-07,,,,
208082,002,11564917*PED,2036-09-07,,,,
208082,001,11179386*PED,2038-09-15,,,,
208082,002,11179386*PED,2038-09-15,,,,
208082,003,11179386*PED,2038-09-15,,,,
208082,001,11666566*PED,2034-03-18,,,,
208082,002,11666566*PED,2034-03-18,,,,
208082,003,11666566*PED,2034-03-18,,,,
208082,001,11648244*PED,2036-09-07,,,,
208082,002,11648244*PED,2036-09-07,,,,
208082,003,11648244*PED,2036-09-07,,,,
208082,001,11446291*PED,2036-09-07,,,,
208082,002,11446291*PED,2036-09-07,,,,
208082,003,11446291*PED,2036-09-07,,,,
208082,001,11357772*PED,2036-09-07,,,,
208082,002,11357772*PED,2036-09-07,,,,
208082,003,11357772*PED,2036-09-07,,,,
208082,001,12016858*PED,2036-09-07,,,,
208082,002,12016858*PED,2036-09-07,,,,
208082,003,12016858*PED,2036-09-07,,,,
208694,001,8829005*PED,2030-09-15,,,,
208694,001,9254286*PED,2033-01-09,,,,
205879,001,7943788*PED,2028-01-14,,,,
205879,002,7943788*PED,2028-01-14,,,,
205879,003,7943788*PED,2028-01-14,,,,
205879,004,7943788*PED,2028-01-14,,,,
205879,001,8222219*PED,2025-10-11,,,,
205879,002,8222219*PED,2025-10-11,,,,
205879,003,8222219*PED,2025-10-11,,,,
205879,004,8222219*PED,2025-10-11,,,,
205879,001,8513202*PED,2028-06-03,,,,
205879,002,8513202*PED,2028-06-03,,,,
205879,003,8513202*PED,2028-06-03,,,,
205879,004,8513202*PED,2028-06-03,,,,
205879,001,7943582*PED,2029-08-26,,,,
205879,002,7943582*PED,2029-08-26,,,,
205879,003,7943582*PED,2029-08-26,,,,
205879,004,7943582*PED,2029-08-26,,,,
205395,001,7700645*PED,2027-06-26,,,,
205395,002,7700645*PED,2027-06-26,,,,
206073,001,8673927*PED,2027-11-04,,,,
206073,001,7579449*PED,2029-02-01,,,,
206073,001,7407955*PED,2025-11-02,,,,
206073,001,8551957*PED,2030-04-14,,,,
206073,001,8883805*PED,2026-05-26,,,,
206073,001,7713938*PED,2027-10-15,,,,
206073,002,7713938*PED,2027-10-15,,,,
206073,002,8551957*PED,2030-04-14,,,,
206073,002,8883805*PED,2026-05-26,,,,
206073,002,8673927*PED,2027-11-04,,,,
206073,002,7579449*PED,2029-02-01,,,,
206073,002,7407955*PED,2025-11-02,,,,
206073,001,10258637*PED,2034-10-03,,,,
206073,002,10258637*PED,2034-10-03,,,,
206073,001,11090323*PED,2034-10-03,,,,
206073,002,11090323*PED,2034-10-03,,,,
206073,001,11033552*PED,2027-11-04,,,,
206073,002,11033552*PED,2027-11-04,,,,
209482,001,7439393*PED,2025-11-21,,,,
209482,001,8534281*PED,2030-09-08,,,,
209482,001,8746242*PED,2031-04-11,,,,
209482,002,8534281*PED,2030-09-08,,,,
209482,002,8746242*PED,2031-04-11,,,,
209482,002,7439393*PED,2025-11-21,,,,
209091,001,6515117*PED,2026-04-04,,,,
209091,001,7919598*PED,2030-06-16,,,,
209091,001,8221786*PED,2028-09-21,,,,
209091,001,8361972*PED,2028-09-21,,,,
209091,001,8501698*PED,2027-12-20,,,,
209091,001,8716251*PED,2028-09-21,,,,
209091,002,8501698*PED,2027-12-20,,,,
209091,002,7919598*PED,2030-06-16,,,,
209091,002,8221786*PED,2028-09-21,,,,
209091,002,8716251*PED,2028-09-21,,,,
209091,002,8361972*PED,2028-09-21,,,,
209091,002,6515117*PED,2026-04-04,,,,
208246,001,RE41783*PED,2026-06-08,,,,
208246,001,9937181*PED,2034-09-14,,,,
208246,002,RE41783*PED,2026-06-08,,,,
208246,002,10639309*PED,2034-09-14,,,,
208246,001,11253523*PED,2034-09-14,,,,
208246,002,11253523*PED,2034-09-14,,,,
208700,001,12144873*PED,2039-01-25,,,,
208700,001,12151003*PED,2039-01-25,,,,
208700,001,10596278*PED,2039-01-25,,,,
208700,001,10596276*PED,2039-01-25,,,,
208700,001,12161732*PED,2039-01-25,,,,
208700,001,11904027*PED,2039-01-25,,,,
210563,003,10016435*PED,2031-12-03,,,,
210563,001,10016435*PED,2031-12-03,,,,
210563,002,10016435*PED,2031-12-03,,,,
210563,004,10016435*PED,2031-12-03,,,,
210563,001,8703780*PED,2027-06-28,,,,
210563,001,8754091*PED,2027-06-28,,,,
210563,001,8735403*PED,2027-06-28,,,,
210563,001,8697711*PED,2027-06-28,,,,
210563,001,8999999*PED,2031-12-03,,,,
210563,001,8957079*PED,2027-06-28,,,,
210563,001,8952015*PED,2027-06-28,,,,
210563,001,8563563*PED,2027-10-26,,,,
210563,001,8497277*PED,2027-06-28,,,,
210563,002,8703780*PED,2027-06-28,,,,
210563,002,8497277*PED,2027-06-28,,,,
210563,002,8952015*PED,2027-06-28,,,,
210563,002,8754091*PED,2027-06-28,,,,
210563,002,8999999*PED,2031-12-03,,,,
210563,002,8697711*PED,2027-06-28,,,,
210563,002,8563563*PED,2027-10-26,,,,
210563,002,8957079*PED,2027-06-28,,,,
210563,002,8735403*PED,2027-06-28,,,,
210563,003,8497277*PED,2027-06-28,,,,
210563,003,8957079*PED,2027-06-28,,,,
210563,003,8703780*PED,2027-06-28,,,,
210563,003,8563563*PED,2027-10-26,,,,
210563,003,8735403*PED,2027-06-28,,,,
210563,003,8999999*PED,2031-12-03,,,,
210563,003,8952015*PED,2027-06-28,,,,
210563,003,8754091*PED,2027-06-28,,,,
210563,003,8697711*PED,2027-06-28,,,,
210563,004,8999999*PED,2031-12-03,,,,
210563,004,8957079*PED,2027-06-28,,,,
210563,004,8754091*PED,2027-06-28,,,,
210563,004,8563563*PED,2027-10-26,,,,
210563,004,8754090*PED,2031-12-03,,,,
210563,004,8497277*PED,2027-06-28,,,,
210563,004,8697711*PED,2027-06-28,,,,
210563,001,8008309*PED,2028-05-13,,,,
210563,002,8008309*PED,2028-05-13,,,,
210563,003,8008309*PED,2028-05-13,,,,
210563,004,8008309*PED,2028-05-13,,,,
210563,004,8952015*PED,2027-06-28,,,,
210563,004,8735403*PED,2027-06-28,,,,
210563,004,8703780*PED,2027-06-28,,,,
210563,001,9725455*PED,2033-12-03,,,,
210563,001,9801881*PED,2031-12-03,,,,
210563,001,9125889*PED,2031-12-03,,,,
210563,001,9181257*PED,2027-06-28,,,,
210563,001,9795604*PED,2035-04-24,,,,
210563,001,9296753*PED,2034-04-30,,,,
210563,001,9655857*PED,2036-09-03,,,,
210563,001,8476284*PED,2027-06-28,,,,
210563,001,9801883*PED,2031-12-03,,,,
210563,002,9125889*PED,2031-12-03,,,,
210563,002,9181257*PED,2027-06-28,,,,
210563,002,9296753*PED,2034-04-30,,,,
210563,002,9795604*PED,2035-04-24,,,,
210563,002,9655857*PED,2036-09-03,,,,
210563,002,9725455*PED,2033-12-03,,,,
210563,002,8476284*PED,2027-06-28,,,,
210563,002,9801881*PED,2031-12-03,,,,
210563,002,9801883*PED,2031-12-03,,,,
210563,003,9181257*PED,2027-06-28,,,,
210563,003,9795604*PED,2035-04-24,,,,
210563,003,8476284*PED,2027-06-28,,,,
210563,003,9801883*PED,2031-12-03,,,,
210563,003,9125889*PED,2031-12-03,,,,
210563,003,9296753*PED,2034-04-30,,,,
210563,003,9655857*PED,2036-09-03,,,,
210563,003,9725455*PED,2033-12-03,,,,
210563,003,9801881*PED,2031-12-03,,,,
210563,004,8476284*PED,2027-06-28,,,,
210563,004,9814721*PED,2031-12-03,,,,
210563,004,9801881*PED,2031-12-03,,,,
210563,004,9296753*PED,2034-04-30,,,,
210563,004,9655857*PED,2036-09-03,,,,
210563,004,9125889*PED,2031-12-03,,,,
210563,004,9795604*PED,2035-04-24,,,,
210563,004,9801883*PED,2031-12-03,,,,
210563,004,9181257*PED,2027-06-28,,,,
210563,004,9725455*PED,2033-12-03,,,,
210563,001,10010507*PED,2036-09-03,,,,
210563,001,10004746*PED,2031-12-03,,,,
210563,002,10010507*PED,2036-09-03,,,,
210563,002,10004746*PED,2031-12-03,,,,
210563,003,10004746*PED,2031-12-03,,,,
210563,003,10010507*PED,2036-09-03,,,,
210563,004,10010507*PED,2036-09-03,,,,
210563,004,10004746*PED,2031-12-03,,,,
210563,001,7514444*PED,2027-06-28,,,,
210563,002,7514444*PED,2027-06-28,,,,
210563,003,7514444*PED,2027-06-28,,,,
210563,004,7514444*PED,2027-06-28,,,,
210563,001,10106548*PED,2033-12-03,,,,
210563,002,10106548*PED,2033-12-03,,,,
210563,003,10106548*PED,2033-12-03,,,,
210563,004,10106548*PED,2033-12-03,,,,
210563,001,10125140*PED,2033-12-03,,,,
210563,002,10125140*PED,2033-12-03,,,,
210563,003,10125140*PED,2033-12-03,,,,
210563,004,10125140*PED,2033-12-03,,,,
210563,001,10751342*PED,2031-12-03,,,,
210563,002,10751342*PED,2031-12-03,,,,
210563,003,10751342*PED,2031-12-03,,,,
210563,004,10751342*PED,2031-12-03,,,,
210563,001,10752634*PED,2033-12-03,,,,
210563,001,10478439*PED,2031-12-03,,,,
210563,002,10478439*PED,2031-12-03,,,,
210563,003,10478439*PED,2031-12-03,,,,
210563,004,10478439*PED,2031-12-03,,,,
210563,001,10213386*PED,2036-09-03,,,,
210563,002,10213386*PED,2036-09-03,,,,
210563,003,10213386*PED,2036-09-03,,,,
210563,004,10213386*PED,2036-09-03,,,,
210563,001,10828259*PED,2036-09-03,,,,
210563,002,10828259*PED,2036-09-03,,,,
210563,003,10828259*PED,2036-09-03,,,,
210563,004,10828259*PED,2036-09-03,,,,
210563,001,10463668*PED,2035-04-24,,,,
210563,002,10463668*PED,2035-04-24,,,,
210563,003,10463668*PED,2035-04-24,,,,
210563,004,10463668*PED,2035-04-24,,,,
210563,004,10653696*PED,2031-12-03,,,,
210563,001,10961251*PED,2033-12-03,,,,
210563,002,10961251*PED,2033-12-03,,,,
210563,003,10961251*PED,2033-12-03,,,,
210563,004,10961251*PED,2033-12-03,,,,
210563,001,10695350*PED,2035-04-24,,,,
210563,002,10695350*PED,2035-04-24,,,,
210563,003,10695350*PED,2035-04-24,,,,
210563,004,10695350*PED,2035-04-24,,,,
208799,001,8714149*PED,2032-08-25,,,,
208799,001,8651103*PED,2028-09-26,,,,
208799,001,8978966*PED,2032-07-13,,,,
208799,002,8651103*PED,2028-09-26,,,,
208799,002,8978966*PED,2032-07-13,,,,
208799,002,8714149*PED,2032-08-25,,,,
208799,003,8978966*PED,2032-07-13,,,,
208799,003,8714149*PED,2032-08-25,,,,
208799,003,8651103*PED,2028-09-26,,,,
208799,001,9463288*PED,2025-11-19,,,,
208799,001,9216260*PED,2031-12-28,,,,
208799,001,9415008*PED,2035-04-06,,,,
208799,001,9066957*PED,2035-04-06,,,,
208799,002,9216260*PED,2031-12-28,,,,
208799,002,9066957*PED,2035-04-06,,,,
208799,002,9463288*PED,2025-11-19,,,,
208799,003,9066957*PED,2035-04-06,,,,
208799,003,9216260*PED,2031-12-28,,,,
208799,003,9463288*PED,2025-11-19,,,,
208799,001,10022510*PED,2031-11-18,,,,
208799,002,10022510*PED,2031-11-18,,,,
208799,003,10022510*PED,2031-11-18,,,,
208799,001,9731087*PED,2031-11-18,,,,
208799,002,9731087*PED,2031-11-18,,,,
208799,003,9731087*PED,2031-11-18,,,,
208799,001,9987229*PED,2025-03-01,,,,
208799,002,9987229*PED,2025-03-01,,,,
208799,003,9987229*PED,2025-03-01,,,,
208799,001,9616024*PED,2025-03-01,,,,
208799,002,9616024*PED,2025-03-01,,,,
208799,003,9616024*PED,2025-03-01,,,,
208799,001,10124131*PED,2031-11-18,,,,
208799,002,10124131*PED,2031-11-18,,,,
208799,003,10124131*PED,2031-11-18,,,,
208799,001,10195375*PED,2031-08-14,,,,
208799,002,10195375*PED,2031-08-14,,,,
208799,003,10195375*PED,2031-08-14,,,,
208799,004,11173259*PED,2041-01-06,,,,
208799,006,11173259*PED,2041-01-06,,,,
208799,005,11173259*PED,2041-01-06,,,,
208799,004,10569034*PED,2037-02-16,,,,
208799,005,10569034*PED,2037-02-16,,,,
208799,006,10569034*PED,2037-02-16,,,,
208799,004,11351317*PED,2038-08-10,,,,
208799,006,11351317*PED,2038-08-10,,,,
208799,005,11351317*PED,2038-08-10,,,,
208799,004,11344685*PED,2040-03-26,,,,
208799,006,11344685*PED,2040-03-26,,,,
208799,005,11344685*PED,2040-03-26,,,,
208799,004,11000653*PED,2039-06-18,,,,
208799,005,11000653*PED,2039-06-18,,,,
208799,006,11000653*PED,2039-06-18,,,,
208799,004,9415008*PED,2035-04-06,,,,
208799,004,8651103*PED,2028-09-26,,,,
208799,005,8651103*PED,2028-09-26,,,,
208799,006,8651103*PED,2028-09-26,,,,
208799,004,8714149*PED,2032-08-25,,,,
208799,005,8714149*PED,2032-08-25,,,,
208799,006,8714149*PED,2032-08-25,,,,
208799,004,8978966*PED,2032-07-13,,,,
208799,005,8978966*PED,2032-07-13,,,,
208799,006,8978966*PED,2032-07-13,,,,
208799,004,9616024*PED,2025-03-01,,,,
208799,004,9463288*PED,2025-11-19,,,,
208799,004,9782551*PED,2036-02-28,,,,
208799,004,9987229*PED,2025-03-01,,,,
208799,004,9216260*PED,2031-12-28,,,,
208799,004,9782550*PED,2036-02-28,,,,
208799,004,9066957*PED,2035-04-06,,,,
208799,004,9731087*PED,2031-11-18,,,,
208799,005,9216260*PED,2031-12-28,,,,
208799,005,9782551*PED,2036-02-28,,,,
208799,005,9066957*PED,2035-04-06,,,,
208799,005,9731087*PED,2031-11-18,,,,
208799,005,9987229*PED,2025-03-01,,,,
208799,005,9782550*PED,2036-02-28,,,,
208799,005,9616024*PED,2025-03-01,,,,
208799,005,9463288*PED,2025-11-19,,,,
208799,006,9616024*PED,2025-03-01,,,,
208799,006,9782550*PED,2036-02-28,,,,
208799,006,9216260*PED,2031-12-28,,,,
208799,006,9731087*PED,2031-11-18,,,,
208799,006,9782551*PED,2036-02-28,,,,
208799,006,9066957*PED,2035-04-06,,,,
208799,006,9463288*PED,2025-11-19,,,,
208799,006,9987229*PED,2025-03-01,,,,
208799,004,10022510*PED,2031-11-18,,,,
208799,004,10124131*PED,2031-11-18,,,,
208799,004,10195375*PED,2031-08-14,,,,
208799,005,10195375*PED,2031-08-14,,,,
208799,005,10022510*PED,2031-11-18,,,,
208799,005,10124131*PED,2031-11-18,,,,
208799,006,10124131*PED,2031-11-18,,,,
208799,006,10195375*PED,2031-08-14,,,,
208799,006,10022510*PED,2031-11-18,,,,
208799,004,11266796*PED,2041-08-22,,,,
208799,006,11266796*PED,2041-08-22,,,,
208799,005,11266796*PED,2041-08-22,,,,
208799,004,11969544*PED,2040-02-20,,,,
208799,006,11969544*PED,2040-02-20,,,,
208799,005,11969544*PED,2040-02-20,,,,
208799,001,11969544*PED,2040-02-20,,,,
208799,003,11969544*PED,2040-02-20,,,,
208799,002,11969544*PED,2040-02-20,,,,
208799,001,10765820*PED,2025-11-19,,,,
208799,002,10765820*PED,2025-11-19,,,,
208799,003,10765820*PED,2025-11-19,,,,
208799,004,10765820*PED,2025-11-19,,,,
208799,005,10765820*PED,2025-11-19,,,,
208799,006,10765820*PED,2025-11-19,,,,
208799,004,10918816*PED,2036-06-14,,,,
208799,005,10918816*PED,2036-06-14,,,,
208799,006,10918816*PED,2036-06-14,,,,
208798,001,8651103*PED,2028-09-26,,,,
208798,002,8651103*PED,2028-09-26,,,,
208798,003,8651103*PED,2028-09-26,,,,
208798,001,9216260*PED,2031-12-28,,,,
208798,001,8978966*PED,2032-07-13,,,,
208798,001,8714149*PED,2032-08-25,,,,
208798,001,9463288*PED,2025-11-19,,,,
208798,002,9216260*PED,2031-12-28,,,,
208798,002,8978966*PED,2032-07-13,,,,
208798,002,9463288*PED,2025-11-19,,,,
208798,002,8714149*PED,2032-08-25,,,,
208798,003,9463288*PED,2025-11-19,,,,
208798,003,8978966*PED,2032-07-13,,,,
208798,003,9216260*PED,2031-12-28,,,,
208798,003,8714149*PED,2032-08-25,,,,
208798,001,10022510*PED,2031-11-18,,,,
208798,002,10022510*PED,2031-11-18,,,,
208798,003,10022510*PED,2031-11-18,,,,
208798,001,9731087*PED,2031-11-18,,,,
208798,002,9731087*PED,2031-11-18,,,,
208798,003,9731087*PED,2031-11-18,,,,
208798,001,9616024*PED,2025-03-01,,,,
208798,002,9616024*PED,2025-03-01,,,,
208798,003,9616024*PED,2025-03-01,,,,
208798,001,10124131*PED,2031-11-18,,,,
208798,002,10124131*PED,2031-11-18,,,,
208798,003,10124131*PED,2031-11-18,,,,
208798,008,9216260*PED,2031-12-28,,,,
208798,001,10195375*PED,2031-08-14,,,,
208798,002,10195375*PED,2031-08-14,,,,
208798,003,10195375*PED,2031-08-14,,,,
208798,004,10918816*PED,2036-06-14,,,,
208798,005,10918816*PED,2036-06-14,,,,
208798,006,10918816*PED,2036-06-14,,,,
208798,004,11357935*PED,2039-03-24,,,,
208798,008,11357935*PED,2039-03-24,,,,
208798,006,11357935*PED,2039-03-24,,,,
208798,005,11357935*PED,2039-03-24,,,,
208798,005,11173259*PED,2041-01-06,,,,
208798,004,11173259*PED,2041-01-06,,,,
208798,006,11173259*PED,2041-01-06,,,,
208798,004,10569034*PED,2037-02-16,,,,
208798,005,10569034*PED,2037-02-16,,,,
208798,006,10569034*PED,2037-02-16,,,,
208798,004,11351317*PED,2038-08-10,,,,
208798,008,11351317*PED,2038-08-10,,,,
208798,006,11351317*PED,2038-08-10,,,,
208798,005,11351317*PED,2038-08-10,,,,
208798,004,11344685*PED,2040-03-26,,,,
208798,008,11344685*PED,2040-03-26,,,,
208798,006,11344685*PED,2040-03-26,,,,
208798,005,11344685*PED,2040-03-26,,,,
208798,004,11000653*PED,2039-06-18,,,,
208798,005,11000653*PED,2039-06-18,,,,
208798,006,11000653*PED,2039-06-18,,,,
208798,001,11969544*PED,2040-02-20,,,,
208798,002,11969544*PED,2040-02-20,,,,
208798,003,11969544*PED,2040-02-20,,,,
208798,007,11969544*PED,2040-02-20,,,,
208798,004,9616024*PED,2025-03-01,,,,
208798,004,8651103*PED,2028-09-26,,,,
208798,004,9731087*PED,2031-11-18,,,,
208798,004,10124131*PED,2031-11-18,,,,
208798,005,8651103*PED,2028-09-26,,,,
208798,005,10124131*PED,2031-11-18,,,,
208798,005,9616024*PED,2025-03-01,,,,
208798,005,9731087*PED,2031-11-18,,,,
208798,006,9731087*PED,2031-11-18,,,,
208798,006,10124131*PED,2031-11-18,,,,
208798,006,9616024*PED,2025-03-01,,,,
208798,006,8651103*PED,2028-09-26,,,,
208798,004,9216260*PED,2031-12-28,,,,
208798,004,9463288*PED,2025-11-19,,,,
208798,004,10195375*PED,2031-08-14,,,,
208798,004,8714149*PED,2032-08-25,,,,
208798,005,9463288*PED,2025-11-19,,,,
208798,005,8714149*PED,2032-08-25,,,,
208798,005,9216260*PED,2031-12-28,,,,
208798,005,10195375*PED,2031-08-14,,,,
208798,006,8714149*PED,2032-08-25,,,,
208798,006,9463288*PED,2025-11-19,,,,
208798,006,10195375*PED,2031-08-14,,,,
208798,006,9216260*PED,2031-12-28,,,,
208798,004,9782550*PED,2036-02-28,,,,
208798,004,9782551*PED,2036-02-28,,,,
208798,004,10022510*PED,2031-11-18,,,,
208798,005,9782550*PED,2036-02-28,,,,
208798,005,10022510*PED,2031-11-18,,,,
208798,005,9782551*PED,2036-02-28,,,,
208798,006,10022510*PED,2031-11-18,,,,
208798,006,9782550*PED,2036-02-28,,,,
208798,006,9782551*PED,2036-02-28,,,,
208798,004,8978966*PED,2032-07-13,,,,
208798,005,8978966*PED,2032-07-13,,,,
208798,006,8978966*PED,2032-07-13,,,,
208798,007,8978966*PED,2032-07-13,,,,
208798,007,10765820*PED,2025-11-19,,,,
208798,007,8714149*PED,2032-08-25,,,,
208798,004,11266796*PED,2041-08-22,,,,
208798,005,11266796*PED,2041-08-22,,,,
208798,006,11266796*PED,2041-08-22,,,,
208798,007,9463288*PED,2025-11-19,,,,
208798,007,8651103*PED,2028-09-26,,,,
208798,007,10022510*PED,2031-11-18,,,,
208798,007,9216260*PED,2031-12-28,,,,
208798,007,9616024*PED,2025-03-01,,,,
208798,007,9731087*PED,2031-11-18,,,,
208798,007,10124131*PED,2031-11-18,,,,
208798,007,10195375*PED,2031-08-14,,,,
208798,004,11969544*PED,2040-02-20,,,,
208798,005,11969544*PED,2040-02-20,,,,
208798,006,11969544*PED,2040-02-20,,,,
208798,008,11969544*PED,2040-02-20,,,,
208798,001,10765820*PED,2025-11-19,,,,
208798,002,10765820*PED,2025-11-19,,,,
208798,003,10765820*PED,2025-11-19,,,,
208798,004,10765820*PED,2025-11-19,,,,
208798,005,10765820*PED,2025-11-19,,,,
208798,006,10765820*PED,2025-11-19,,,,
208798,004,11464923*PED,2040-12-19,,,,
208798,008,11464923*PED,2040-12-19,,,,
208798,006,11464923*PED,2040-12-19,,,,
208798,005,11464923*PED,2040-12-19,,,,
208798,004,11439777*PED,2040-11-24,,,,
208798,008,11439777*PED,2040-11-24,,,,
208798,006,11439777*PED,2040-11-24,,,,
208798,005,11439777*PED,2040-11-24,,,,
208798,008,8651103*PED,2028-09-26,,,,
208798,008,8714149*PED,2032-08-25,,,,
208798,008,8978966*PED,2032-07-13,,,,
208798,008,9463288*PED,2025-11-19,,,,
208798,008,9616024*PED,2025-03-01,,,,
208798,008,9731087*PED,2031-11-18,,,,
208798,008,9782550*PED,2036-02-28,,,,
208798,008,9782551*PED,2036-02-28,,,,
208798,008,10022510*PED,2031-11-18,,,,
208798,008,10124131*PED,2031-11-18,,,,
208798,008,10195375*PED,2031-08-14,,,,
208798,008,10569034*PED,2037-02-16,,,,
208798,008,10765820*PED,2025-11-19,,,,
208798,008,10918816*PED,2036-06-14,,,,
208798,008,11000653*PED,2039-06-18,,,,
208798,008,11173259*PED,2041-01-06,,,,
208798,008,11266796*PED,2041-08-22,,,,
209501,001,9144559*PED,2027-05-02,,,,
209501,002,9144559*PED,2027-05-02,,,,
209501,003,9144559*PED,2027-05-02,,,,
209501,001,10022447*PED,2027-05-02,,,,
209501,002,10022447*PED,2027-05-02,,,,
209501,003,10022447*PED,2027-05-02,,,,
209501,001,8945620*PED,2027-05-02,,,,
209501,002,8945620*PED,2027-05-02,,,,
209501,003,8945620*PED,2027-05-02,,,,
210192,001,8129385*PED,2028-04-05,,,,
210192,001,9242986*PED,2030-06-08,,,,
208464,001,9296769*PED,2033-02-15,,,,
208464,001,7390791*PED,2025-07-07,,,,
208464,001,8754065*PED,2033-02-15,,,,
209210,001,8329648*PED,2027-02-18,,,,
209210,001,7612176*PED,2025-10-13,,,,
209210,001,7456254*PED,2025-12-30,,,,
209210,001,8431685*PED,2025-10-13,,,,
209210,001,8461105*PED,2025-10-13,,,,
209210,001,8895033*PED,2031-04-04,,,,
209210,001,8906851*PED,2027-02-18,,,,
209210,001,9884092*PED,2027-02-18,,,,
209210,001,8501698*PED,2027-12-20,,,,
209210,001,6515117*PED,2026-04-04,,,,
209210,001,8361972*PED,2028-09-21,,,,
206038,002,8410274*PED,2027-06-28,,,,
206038,002,8507534*PED,2031-03-20,,,,
206038,002,9216969*PED,2027-05-08,,,,
206038,002,8754224*PED,2027-06-28,,,,
206038,002,7495103*PED,2027-11-20,,,,
206038,002,8993600*PED,2031-06-11,,,,
206038,002,8653103*PED,2029-06-04,,,,
206038,001,9670163*PED,2027-06-28,,,,
206038,002,9670163*PED,2027-06-28,,,,
206038,002,9150552*PED,2029-06-04,,,,
206038,002,8846718*PED,2030-01-02,,,,
206038,002,8741933*PED,2027-05-08,,,,
206038,002,8716338*PED,2031-03-20,,,,
206038,002,8324242*PED,2028-02-05,,,,
206038,001,9150552*PED,2029-06-04,,,,
206038,001,9931334*PED,2027-06-28,,,,
206038,002,9931334*PED,2027-06-28,,,,
206038,001,7495103*PED,2027-11-20,,,,
206038,001,8324242*PED,2028-02-05,,,,
206038,001,8410274*PED,2027-06-28,,,,
206038,001,8507534*PED,2031-03-20,,,,
206038,001,8653103*PED,2029-06-04,,,,
206038,001,8716338*PED,2031-03-20,,,,
206038,001,8754224*PED,2027-06-28,,,,
206038,001,8993600*PED,2031-06-11,,,,
206038,001,8741933*PED,2027-05-08,,,,
206038,001,8846718*PED,2030-01-02,,,,
206038,001,9216969*PED,2027-05-08,,,,
206038,001,9192606*PED,2030-03-29,,,,
206038,002,9192606*PED,2030-03-29,,,,
206038,001,10076513*PED,2029-06-04,,,,
206038,001,7973038*PED,2027-05-08,,,,
206038,002,7973038*PED,2027-05-08,,,,
206038,001,11052075*PED,2029-06-04,,,,
206038,002,11052075*PED,2029-06-04,,,,
206038,001,12065432*PED,2029-06-04,,,,
206038,002,12065432*PED,2029-06-04,,,,
206038,001,10597384*PED,2029-06-04,,,,
206038,002,10597384*PED,2029-06-04,,,,
206038,001,10646481*PED,2030-02-13,,,,
206038,002,10646481*PED,2030-02-13,,,,
206038,001,11564916*PED,2030-02-13,,,,
206038,002,11564916*PED,2030-02-13,,,,
205422,001,9839637*PED,2026-10-12,,,,
205422,002,9839637*PED,2026-10-12,,,,
205422,003,9839637*PED,2026-10-12,,,,
205422,004,9839637*PED,2026-10-12,,,,
205422,005,9839637*PED,2026-10-12,,,,
205422,006,9839637*PED,2026-10-12,,,,
205422,001,8618109*PED,2026-10-12,,,,
205422,002,8618109*PED,2026-10-12,,,,
205422,003,8618109*PED,2026-10-12,,,,
205422,004,8618109*PED,2026-10-12,,,,
205422,005,8618109*PED,2026-10-12,,,,
205422,006,8618109*PED,2026-10-12,,,,
205422,001,7888362*PED,2026-10-12,,,,
205422,002,7888362*PED,2026-10-12,,,,
205422,003,7888362*PED,2026-10-12,,,,
205422,004,7888362*PED,2026-10-12,,,,
205422,005,7888362*PED,2026-10-12,,,,
205422,006,7888362*PED,2026-10-12,,,,
205422,001,8349840*PED,2026-10-12,,,,
205422,002,8349840*PED,2026-10-12,,,,
205422,003,8349840*PED,2026-10-12,,,,
205422,004,8349840*PED,2026-10-12,,,,
205422,005,8349840*PED,2026-10-12,,,,
205422,006,8349840*PED,2026-10-12,,,,
205422,001,RE48059*PED,2029-06-23,,,,
205422,002,RE48059*PED,2029-06-23,,,,
205422,003,RE48059*PED,2029-06-23,,,,
205422,004,RE48059*PED,2029-06-23,,,,
205422,005,RE48059*PED,2029-06-23,,,,
205422,006,RE48059*PED,2029-06-23,,,,
205422,001,10307419*PED,2033-04-12,,,,
205422,002,10307419*PED,2033-04-12,,,,
205422,003,10307419*PED,2033-04-12,,,,
205422,004,10307419*PED,2033-04-12,,,,
205422,005,10307419*PED,2033-04-12,,,,
207931,001,8268349*PED,2025-02-25,,,,
207931,001,8420596*PED,2031-10-10,,,,
207931,001,8399015*PED,2025-02-25,,,,
207620,001,8877938*PED,2027-11-27,,,,
207620,001,8101659*PED,2025-07-15,,,,
207620,002,8101659*PED,2025-07-15,,,,
207620,002,8877938*PED,2027-11-27,,,,
207620,003,8877938*PED,2027-11-27,,,,
207620,003,8101659*PED,2025-07-15,,,,
207620,001,9388134*PED,2027-05-08,,,,
207620,002,9388134*PED,2027-05-08,,,,
207620,003,9388134*PED,2027-05-08,,,,
208215,001,9296769*PED,2033-02-15,,,,
208215,001,8754065*PED,2033-02-15,,,,
208215,001,7390791*PED,2025-07-07,,,,
208215,002,9296769*PED,2033-02-15,,,,
208215,002,7390791*PED,2025-07-07,,,,
208215,002,8754065*PED,2033-02-15,,,,
208026,001,9555001*PED,2033-09-06,,,,
208026,002,9555001*PED,2033-09-06,,,,
208026,001,10022379*PED,2029-10-02,,,,
208026,002,10022379*PED,2029-10-02,,,,
208026,001,9415016*PED,2029-10-02,,,,
208026,002,9415016*PED,2029-10-02,,,,
208026,001,9173859*PED,2027-11-04,,,,
208026,002,9173859*PED,2027-11-04,,,,
208026,001,7407955*PED,2025-11-02,,,,
208026,002,7407955*PED,2025-11-02,,,,
208026,001,8673927*PED,2027-11-04,,,,
208026,002,8673927*PED,2027-11-04,,,,
208026,001,9155705*PED,2030-11-21,,,,
208026,001,8883805*PED,2026-05-26,,,,
208026,002,9155705*PED,2030-11-21,,,,
208026,002,8883805*PED,2026-05-26,,,,
209805,001,7326708*PED,2027-05-24,,,,
209805,002,7326708*PED,2027-05-24,,,,
206947,001,7612208*PED,2027-03-19,,,,
206947,002,7612208*PED,2027-03-19,,,,
206947,001,7253286*PED,2026-04-24,,,,
206947,002,7253286*PED,2026-04-24,,,,
206947,001,9006256*PED,2028-01-27,,,,
206947,002,9006256*PED,2028-01-27,,,,
206947,001,11090386*PED,2036-08-23,,,,
206947,002,11090386*PED,2036-08-23,,,,
206947,001,11186547*PED,2036-02-26,,,,
206947,002,11186547*PED,2036-02-26,,,,
206947,001,10407393*PED,2036-02-26,,,,
206947,002,10407393*PED,2036-02-26,,,,
206947,001,12226409*PED,2038-11-15,,,,
206947,002,12226409*PED,2038-11-15,,,,
206947,001,10259791*PED,2036-02-26,,,,
206947,002,10259791*PED,2036-02-26,,,,
206947,001,12083112*PED,2036-09-03,,,,
206947,002,12083112*PED,2036-09-03,,,,
206510,001,7754731*PED,2029-09-11,,,,
207925,001,9670163*PED,2027-06-28,,,,
207925,002,9670163*PED,2027-06-28,,,,
207925,001,8324242*PED,2028-02-05,,,,
207925,001,8754224*PED,2027-06-28,,,,
207925,001,7495103*PED,2027-11-20,,,,
207925,001,8354427*PED,2027-01-06,,,,
207925,001,8883206*PED,2033-08-27,,,,
207925,001,8410274*PED,2027-06-28,,,,
207925,002,8354427*PED,2027-01-06,,,,
207925,002,8324242*PED,2028-02-05,,,,
207925,002,8410274*PED,2027-06-28,,,,
207925,002,8754224*PED,2027-06-28,,,,
207925,002,8883206*PED,2033-08-27,,,,
207925,002,7495103*PED,2027-11-20,,,,
207925,003,7495103*PED,2027-11-20,,,,
207925,003,8324242*PED,2028-02-05,,,,
207925,003,8354427*PED,2027-01-06,,,,
207925,003,8410274*PED,2027-06-28,,,,
207925,003,8754224*PED,2027-06-28,,,,
207925,003,8883206*PED,2033-08-27,,,,
207925,003,9670163*PED,2027-06-28,,,,
207925,003,10272046*PED,2033-08-27,,,,
207925,001,10272046*PED,2033-08-27,,,,
207925,002,10272046*PED,2033-08-27,,,,
207925,001,10646481*PED,2030-02-13,,,,
207925,002,10646481*PED,2030-02-13,,,,
207925,003,10646481*PED,2030-02-13,,,,
207925,001,11147770*PED,2033-08-27,,,,
207925,002,11147770*PED,2033-08-27,,,,
207925,003,11147770*PED,2033-08-27,,,,
207925,001,11752106*PED,2033-08-27,,,,
207925,002,11752106*PED,2033-08-27,,,,
207925,003,11752106*PED,2033-08-27,,,,
207925,004,11752106*PED,2033-08-27,,,,
207925,005,11752106*PED,2033-08-27,,,,
207925,001,12214083*PED,2033-08-27,,,,
207925,002,12214083*PED,2033-08-27,,,,
207925,004,12214083*PED,2033-08-27,,,,
207925,005,12214083*PED,2033-08-27,,,,
207925,003,12214083*PED,2033-08-27,,,,
207925,004,11147770*PED,2033-08-27,,,,
207925,004,11564916*PED,2030-02-13,,,,
207925,005,11564916*PED,2030-02-13,,,,
207925,005,11147770*PED,2033-08-27,,,,
207925,004,10646481*PED,2030-02-13,,,,
207925,004,10272046*PED,2033-08-27,,,,
207925,005,10646481*PED,2030-02-13,,,,
207925,005,10272046*PED,2033-08-27,,,,
207925,004,8883206*PED,2033-08-27,,,,
207925,004,9670163*PED,2027-06-28,,,,
207925,005,9670163*PED,2027-06-28,,,,
207925,005,8883206*PED,2033-08-27,,,,
207925,004,8754224*PED,2027-06-28,,,,
207925,005,8754224*PED,2027-06-28,,,,
207925,001,11564916*PED,2030-02-13,,,,
207925,003,11564916*PED,2030-02-13,,,,
207925,002,11564916*PED,2030-02-13,,,,
207925,004,8410274*PED,2027-06-28,,,,
207925,005,8410274*PED,2027-06-28,,,,
207925,004,8354427*PED,2027-01-06,,,,
207925,005,8354427*PED,2027-01-06,,,,
207925,004,8324242*PED,2028-02-05,,,,
207925,005,8324242*PED,2028-02-05,,,,
207925,004,7495103*PED,2027-11-20,,,,
207925,005,7495103*PED,2027-11-20,,,,
210566,001,10857159*PED,2037-05-30,,,,
208341,001,8580765*PED,2028-09-21,,,,
208341,001,8940718*PED,2033-05-16,,,,
208341,001,8618076*PED,2031-06-11,,,,
208341,001,8334270*PED,2028-09-21,,,,
208341,001,8575135*PED,2033-05-16,,,,
208341,001,8889159*PED,2029-09-26,,,,
208341,001,7964580*PED,2029-09-26,,,,
208341,001,8633309*PED,2029-09-26,,,,
208341,001,9085573*PED,2028-09-21,,,,
208341,001,8735372*PED,2028-09-21,,,,
208341,001,8921341*PED,2033-05-16,,,,
208341,001,9284342*PED,2031-03-13,,,,
208341,001,10086011*PED,2034-07-30,,,,
208341,001,9757406*PED,2034-07-30,,,,
208341,002,7964580*PED,2029-09-26,,,,
208341,002,8334270*PED,2028-09-21,,,,
208341,002,8575135*PED,2033-05-16,,,,
208341,002,8580765*PED,2028-09-21,,,,
208341,002,8618076*PED,2031-06-11,,,,
208341,002,8735372*PED,2028-09-21,,,,
208341,002,8889159*PED,2029-09-26,,,,
208341,002,9085573*PED,2028-09-21,,,,
208341,002,8921341*PED,2033-05-16,,,,
208341,002,8633309*PED,2029-09-26,,,,
208341,002,8940718*PED,2033-05-16,,,,
208341,002,9284342*PED,2031-03-13,,,,
208341,002,10086011*PED,2034-07-30,,,,
208341,002,9757406*PED,2034-07-30,,,,
208341,001,11116783*PED,2034-07-30,,,,
208341,002,11116783*PED,2034-07-30,,,,
206756,001,7396341*PED,2027-04-10,,,,
206756,001,7837235*PED,2028-09-13,,,,
206756,001,7284474*PED,2025-02-26,,,,
208658,001,9949998*PED,2034-12-11,,,,
208658,002,9949998*PED,2034-12-11,,,,
208658,003,9949998*PED,2034-12-11,,,,
208658,004,9949998*PED,2034-12-11,,,,
208658,001,7579449*PED,2029-02-01,,,,
208658,001,7713938*PED,2027-10-15,,,,
208658,002,7579449*PED,2029-02-01,,,,
208658,002,7713938*PED,2027-10-15,,,,
208658,003,7713938*PED,2027-10-15,,,,
208658,003,7579449*PED,2029-02-01,,,,
208658,004,7579449*PED,2029-02-01,,,,
208658,004,7713938*PED,2027-10-15,,,,
208658,001,10258637*PED,2034-10-03,,,,
208658,002,10258637*PED,2034-10-03,,,,
208658,003,10258637*PED,2034-10-03,,,,
208658,004,10258637*PED,2034-10-03,,,,
208658,001,11090323*PED,2034-10-03,,,,
208658,002,11090323*PED,2034-10-03,,,,
208658,003,11090323*PED,2034-10-03,,,,
208658,004,11090323*PED,2034-10-03,,,,
208658,001,10596120*PED,2032-09-07,,,,
208658,002,10596120*PED,2032-09-07,,,,
208658,003,10596120*PED,2032-09-07,,,,
208658,004,10596120*PED,2032-09-07,,,,
208658,001,9949997*PED,2034-11-17,,,,
208658,002,9949997*PED,2034-11-17,,,,
208658,003,9949997*PED,2034-11-17,,,,
208658,004,9949997*PED,2034-11-17,,,,
212480,001,8334270*PED,2028-09-21,,,,
212480,001,8580765*PED,2028-09-21,,,,
212480,001,7964580*PED,2029-09-26,,,,
212480,002,7964580*PED,2029-09-26,,,,
212480,002,8580765*PED,2028-09-21,,,,
212480,002,8334270*PED,2028-09-21,,,,
212480,001,8618076*PED,2031-06-11,,,,
212480,001,9284342*PED,2031-03-13,,,,
212480,001,9085573*PED,2028-09-21,,,,
212480,001,8633309*PED,2029-09-26,,,,
212480,001,8889159*PED,2029-09-26,,,,
212480,002,8633309*PED,2029-09-26,,,,
212480,002,9284342*PED,2031-03-13,,,,
212480,002,8618076*PED,2031-06-11,,,,
212480,002,8889159*PED,2029-09-26,,,,
212480,002,9085573*PED,2028-09-21,,,,
220073,001,6967208*PED,2027-05-21,,,,
220073,001,11896586*PED,2041-05-22,,,,
212102,001,11759440*PED,2038-02-02,,,,
212102,001,11406606*PED,2038-02-02,,,,
212102,001,9603815*PED,2033-11-03,,,,
212102,001,9549909*PED,2033-11-03,,,,
212102,001,10452815*PED,2038-12-29,,,,
212102,001,9610260*PED,2033-11-03,,,,
212102,001,9603814*PED,2033-11-03,,,,
212102,001,10603290*PED,2038-02-02,,,,
212102,001,10478442*PED,2033-11-03,,,,
212102,001,10478441*PED,2033-11-03,,,,
212102,001,11040018*PED,2038-02-02,,,,
212102,001,12097206*PED,2033-11-03,,,,
212102,001,11786487*PED,2038-02-02,,,,
212102,001,10947183*PED,2037-06-20,,,,
213801,001,10058536*PED,2036-09-30,,,,
216354,001,11813232*PED,2038-09-15,,,,
216354,002,11813232*PED,2038-09-15,,,,
216354,003,11813232*PED,2038-09-15,,,,
216354,001,11648244*PED,2036-09-07,,,,
216354,003,11648244*PED,2036-09-07,,,,
216354,002,11648244*PED,2036-09-07,,,,
216354,007,11446291*PED,2036-09-07,,,,
216354,004,11446291*PED,2036-09-07,,,,
216354,005,11446291*PED,2036-09-07,,,,
216354,006,11446291*PED,2036-09-07,,,,
216354,008,11446291*PED,2036-09-07,,,,
216354,004,11564917*PED,2036-09-07,,,,
216354,005,11564917*PED,2036-09-07,,,,
216354,006,11564917*PED,2036-09-07,,,,
216354,007,11564917*PED,2036-09-07,,,,
216354,008,11564917*PED,2036-09-07,,,,
216354,004,11648244*PED,2036-09-07,,,,
216354,005,11648244*PED,2036-09-07,,,,
216354,006,11648244*PED,2036-09-07,,,,
216354,007,11648244*PED,2036-09-07,,,,
216354,008,11648244*PED,2036-09-07,,,,
216354,004,11813232*PED,2038-09-15,,,,
216354,005,11813232*PED,2038-09-15,,,,
216354,006,11813232*PED,2038-09-15,,,,
216354,007,11813232*PED,2038-09-15,,,,
216354,008,11813232*PED,2038-09-15,,,,
216354,004,9550780*PED,2034-03-18,,,,
216354,005,9550780*PED,2034-03-18,,,,
216354,006,9550780*PED,2034-03-18,,,,
216354,007,9550780*PED,2034-03-18,,,,
216354,008,9550780*PED,2034-03-18,,,,
216354,004,11179386*PED,2038-09-15,,,,
216354,005,11179386*PED,2038-09-15,,,,
216354,006,11179386*PED,2038-09-15,,,,
216354,007,11179386*PED,2038-09-15,,,,
216354,008,11179386*PED,2038-09-15,,,,
216354,004,8524733*PED,2031-10-03,,,,
216354,005,8524733*PED,2031-10-03,,,,
216354,006,8524733*PED,2031-10-03,,,,
216354,007,8524733*PED,2031-10-03,,,,
216354,008,8524733*PED,2031-10-03,,,,
216354,004,10959996*PED,2036-09-07,,,,
216354,005,10959996*PED,2036-09-07,,,,
216354,006,10959996*PED,2036-09-07,,,,
216354,007,10959996*PED,2036-09-07,,,,
216354,008,10959996*PED,2036-09-07,,,,
216354,004,11357772*PED,2036-09-07,,,,
216354,005,11357772*PED,2036-09-07,,,,
216354,006,11357772*PED,2036-09-07,,,,
216354,007,11357772*PED,2036-09-07,,,,
216354,008,11357772*PED,2036-09-07,,,,
216354,001,12016858*PED,2036-09-07,,,,
216354,008,12016858*PED,2036-09-07,,,,
216354,007,12016858*PED,2036-09-07,,,,
216354,006,12016858*PED,2036-09-07,,,,
216354,005,12016858*PED,2036-09-07,,,,
216354,004,12016858*PED,2036-09-07,,,,
216354,003,12016858*PED,2036-09-07,,,,
216354,002,12016858*PED,2036-09-07,,,,
216354,001,11179386*PED,2038-09-15,,,,
216354,003,11179386*PED,2038-09-15,,,,
216354,002,11179386*PED,2038-09-15,,,,
216354,001,10959996*PED,2036-09-07,,,,
216354,003,10959996*PED,2036-09-07,,,,
216354,002,10959996*PED,2036-09-07,,,,
216354,001,9550780*PED,2034-03-18,,,,
216354,003,9550780*PED,2034-03-18,,,,
216354,002,9550780*PED,2034-03-18,,,,
216354,001,11564917*PED,2036-09-07,,,,
216354,003,11564917*PED,2036-09-07,,,,
216354,002,11564917*PED,2036-09-07,,,,
216354,001,11446291*PED,2036-09-07,,,,
216354,003,11446291*PED,2036-09-07,,,,
216354,002,11446291*PED,2036-09-07,,,,
216354,001,11357772*PED,2036-09-07,,,,
216354,003,11357772*PED,2036-09-07,,,,
216354,002,11357772*PED,2036-09-07,,,,
216354,001,8524733*PED,2031-10-03,,,,
216354,003,8524733*PED,2031-10-03,,,,
216354,002,8524733*PED,2031-10-03,,,,
212690,001,10213400*PED,2033-09-15,,,,
212690,001,11253494*PED,2033-09-15,,,,
212690,001,9050302*PED,2033-09-15,,,,
212690,001,9486426*PED,2033-09-15,,,,
212690,001,8772306*PED,2033-09-15,,,,
212690,001,10864181*PED,2033-09-15,,,,
214787,001,11492353*PED,2032-06-08,,,,
214787,002,11492353*PED,2032-06-08,,,,
214787,001,11491169*PED,2041-11-28,,,,
214787,002,11491169*PED,2041-11-28,,,,
214787,001,11903953*PED,2041-11-28,,,,
214787,002,11903953*PED,2041-11-28,,,,
214787,001,11007208*PED,2037-03-16,,,,
214787,002,11007208*PED,2037-03-16,,,,
214787,001,11382926*PED,2037-03-16,,,,
214787,002,11382926*PED,2037-03-16,,,,
214787,001,9949994*PED,2036-04-29,,,,
214787,001,10675296*PED,2039-01-10,,,,
214787,001,8008264*PED,2030-03-06,,,,
214787,001,8318682*PED,2029-10-22,,,,
214787,001,10065958*PED,2032-03-16,,,,
214787,001,10695361*PED,2037-03-16,,,,
214787,001,RE46762*PED,2029-10-22,,,,
214787,001,9724360*PED,2036-04-29,,,,
214787,002,8008264*PED,2030-03-06,,,,
214787,002,10065958*PED,2032-03-16,,,,
214787,002,9949994*PED,2036-04-29,,,,
214787,002,8318682*PED,2029-10-22,,,,
214787,002,RE46762*PED,2029-10-22,,,,
214787,002,10695361*PED,2037-03-16,,,,
214787,002,9724360*PED,2036-04-29,,,,
214787,001,11266681*PED,2039-01-10,,,,
214787,001,11975017*PED,2039-01-10,,,,
214787,001,11975012*PED,2041-11-28,,,,
214787,002,11975012*PED,2041-11-28,,,,
212477,001,8580765*PED,2028-09-21,,,,
212477,001,8273341*PED,2030-11-12,,,,
212477,001,7964580*PED,2029-09-26,,,,
212477,001,8334270*PED,2028-09-21,,,,
212477,001,8088368*PED,2030-11-12,,,,
212477,002,8580765*PED,2028-09-21,,,,
212477,002,8273341*PED,2030-11-12,,,,
212477,002,7964580*PED,2029-09-26,,,,
212477,002,8088368*PED,2030-11-12,,,,
212477,002,8334270*PED,2028-09-21,,,,
212477,001,8822430*PED,2030-11-12,,,,
212477,001,8735372*PED,2028-09-21,,,,
212477,001,8841278*PED,2030-11-12,,,,
212477,001,8618076*PED,2031-06-11,,,,
212477,001,8633309*PED,2029-09-26,,,,
212477,002,8633309*PED,2029-09-26,,,,
212477,002,8618076*PED,2031-06-11,,,,
212477,002,8841278*PED,2030-11-12,,,,
212477,002,8822430*PED,2030-11-12,,,,
212477,002,8735372*PED,2028-09-21,,,,
212477,001,9284342*PED,2031-03-13,,,,
212477,001,9085573*PED,2028-09-21,,,,
212477,001,9393256*PED,2033-03-14,,,,
212477,001,8889159*PED,2029-09-26,,,,
212477,001,9511056*PED,2030-11-12,,,,
212477,002,8889159*PED,2029-09-26,,,,
212477,002,9393256*PED,2033-03-14,,,,
212477,002,9085573*PED,2028-09-21,,,,
212477,002,9284342*PED,2031-03-13,,,,
212477,002,9511056*PED,2030-11-12,,,,
214358,001,7932273*PED,2026-03-07,,,,
214358,002,7932273*PED,2026-03-07,,,,
214358,003,7932273*PED,2026-03-07,,,,
214358,004,7932273*PED,2026-03-07,,,,
214358,005,7932273*PED,2026-03-07,,,,
214358,006,7932273*PED,2026-03-07,,,,
217729,002,7919625*PED,2026-06-11,,,,
217729,001,11103497*PED,2034-08-28,,,,
217729,002,11103497*PED,2034-08-28,,,,
217729,001,7919625*PED,2026-06-11,,,,
217729,001,7767678*PED,2027-05-23,,,,
217729,002,7767678*PED,2027-05-23,,,,
217729,001,7417148*PED,2026-06-11,,,,
217729,002,7417148*PED,2026-06-11,,,,
217003,001,8008309*PED,2028-05-13,,,,
217003,001,8697711*PED,2027-06-28,,,,
217003,001,8735403*PED,2027-06-28,,,,
217003,001,8497277*PED,2027-06-28,,,,
217003,001,7514444*PED,2027-06-28,,,,
217003,001,9296753*PED,2034-04-30,,,,
217003,001,8957079*PED,2027-06-28,,,,
217003,001,9181257*PED,2027-06-28,,,,
217003,001,8754091*PED,2027-06-28,,,,
217003,001,9725455*PED,2033-12-03,,,,
217003,001,9795604*PED,2035-04-24,,,,
217003,001,10106548*PED,2033-12-03,,,,
217003,001,10125140*PED,2033-12-03,,,,
217003,001,10961251*PED,2033-12-03,,,,
217003,001,10478439*PED,2031-12-03,,,,
215413,001,9242986*PED,2030-06-08,,,,
215413,001,8129385*PED,2028-04-05,,,,
217513,001,7378423*PED,2027-11-29,,,,
217513,001,8835443*PED,2025-12-10,,,,
217513,001,8703781*PED,2031-04-15,,,,
217514,001,8835443*PED,2025-12-10,,,,
217514,001,11504333*PED,2038-12-29,,,,
217514,001,8703781*PED,2031-04-15,,,,
217514,001,8415345*PED,2030-07-20,,,,
217514,001,7994185*PED,2030-07-20,,,,
215309,001,11219624*PED,2031-11-20,,,,
215309,001,7598257*PED,2028-06-24,,,,
215309,001,8415362*PED,2028-06-24,,,,
215309,001,8722693*PED,2028-12-12,,,,
215309,001,10758543*PED,2031-11-20,,,,
215309,001,8822481*PED,2028-12-12,,,,
215309,001,9079912*PED,2027-06-12,,,,
215309,001,9974790*PED,2027-06-12,,,,
215309,001,10610530*PED,2028-12-12,,,,
215309,001,10639310*PED,2027-06-12,,,,
215309,001,10869870*PED,2031-11-20,,,,
211994,001,8129385*PED,2028-04-05,,,,
211994,001,9242986*PED,2030-06-08,,,,
213082,001,RE41783*PED,2026-06-08,,,,
213491,001,10905662*PED,2037-02-16,,,,
213491,002,10905662*PED,2037-02-16,,,,
213491,001,8026284*PED,2028-03-22,,,,
213491,001,9198882*PED,2027-07-26,,,,
213491,001,9192590*PED,2027-07-26,,,,
213491,001,9173851*PED,2034-12-17,,,,
213491,002,9192590*PED,2027-07-26,,,,
213491,002,9173851*PED,2034-12-17,,,,
213491,002,8026284*PED,2028-03-22,,,,
213491,002,9198882*PED,2027-07-26,,,,
213491,001,9925156*PED,2027-07-26,,,,
213491,001,10143665*PED,2037-02-16,,,,
213491,001,10328037*PED,2037-02-16,,,,
213491,001,9233077*PED,2034-12-17,,,,
213491,001,9925157*PED,2027-07-26,,,,
213491,001,9925158*PED,2027-07-26,,,,
213491,001,10548859*PED,2037-02-16,,,,
213491,002,9925157*PED,2027-07-26,,,,
213491,002,9925158*PED,2027-07-26,,,,
213491,002,10548859*PED,2037-02-16,,,,
213491,002,9925156*PED,2027-07-26,,,,
213491,002,10143665*PED,2037-02-16,,,,
213491,002,10328037*PED,2037-02-16,,,,
213491,002,9233077*PED,2034-12-17,,,,
215110,001,RE48923*PED,2035-11-08,,,,
215110,001,10028937*PED,2030-12-10,,,,
215110,001,10039754*PED,2030-12-10,,,,
215110,001,9586978*PED,2031-05-06,,,,
215110,001,8648037*PED,2032-07-19,,,,
215110,001,10286029*PED,2034-09-14,,,,
215110,001,8937150*PED,2032-11-18,,,,
215110,001,9321807*PED,2035-12-05,,,,
214187,001,7964580*PED,2029-09-26,,,,
214187,001,8575135*PED,2033-05-16,,,,
214187,001,8580765*PED,2028-09-21,,,,
214187,001,8334270*PED,2028-09-21,,,,
214187,002,8575135*PED,2033-05-16,,,,
214187,002,8334270*PED,2028-09-21,,,,
214187,002,7964580*PED,2029-09-26,,,,
214187,002,8580765*PED,2028-09-21,,,,
214187,001,8889159*PED,2029-09-26,,,,
214187,001,8735372*PED,2028-09-21,,,,
214187,001,8921341*PED,2033-05-16,,,,
214187,001,8633309*PED,2029-09-26,,,,
214187,001,8618076*PED,2031-06-11,,,,
214187,002,8889159*PED,2029-09-26,,,,
214187,002,8921341*PED,2033-05-16,,,,
214187,002,8633309*PED,2029-09-26,,,,
214187,002,8735372*PED,2028-09-21,,,,
214187,002,8618076*PED,2031-06-11,,,,
214187,001,9284342*PED,2031-03-13,,,,
214187,001,8940718*PED,2033-05-16,,,,
214187,001,9085573*PED,2028-09-21,,,,
214187,002,9085573*PED,2028-09-21,,,,
214187,002,8940718*PED,2033-05-16,,,,
214187,002,9284342*PED,2031-03-13,,,,
214187,001,11116783*PED,2034-07-30,,,,
214187,002,11116783*PED,2034-07-30,,,,
214187,001,11707479*PED,2034-07-30,,,,
214187,002,11707479*PED,2034-07-30,,,,
215859,001,7157456*PED,2025-02-28,,,,
213138,001,9808530*PED,2034-11-28,,,,
213138,001,7378508*PED,2028-01-31,,,,
213138,001,7906489*PED,2027-09-04,,,,
213138,001,7863249*PED,2028-01-31,,,,
213138,001,8859510*PED,2028-01-31,,,,
213983,001,8129385*PED,2028-04-05,,,,
213983,001,9242986*PED,2030-06-08,,,,
212614,001,8551957*PED,2030-04-14,,,,
212614,001,7407955*PED,2025-11-02,,,,
212614,001,7713938*PED,2027-10-15,,,,
212614,001,7579449*PED,2029-02-01,,,,
212614,002,8551957*PED,2030-04-14,,,,
212614,002,7713938*PED,2027-10-15,,,,
212614,002,7407955*PED,2025-11-02,,,,
212614,002,7579449*PED,2029-02-01,,,,
212614,003,7407955*PED,2025-11-02,,,,
212614,003,8551957*PED,2030-04-14,,,,
212614,003,7713938*PED,2027-10-15,,,,
212614,003,7579449*PED,2029-02-01,,,,
212614,004,8551957*PED,2030-04-14,,,,
212614,004,7579449*PED,2029-02-01,,,,
212614,004,7713938*PED,2027-10-15,,,,
212614,004,7407955*PED,2025-11-02,,,,
212614,001,8883805*PED,2026-05-26,,,,
212614,002,8883805*PED,2026-05-26,,,,
212614,003,8883805*PED,2026-05-26,,,,
212614,004,8883805*PED,2026-05-26,,,,
212614,001,9949998*PED,2034-12-11,,,,
212614,002,9949998*PED,2034-12-11,,,,
212614,003,9949998*PED,2034-12-11,,,,
212614,004,9949998*PED,2034-12-11,,,,
212614,001,10258637*PED,2034-10-03,,,,
212614,002,10258637*PED,2034-10-03,,,,
212614,003,10258637*PED,2034-10-03,,,,
212614,004,10258637*PED,2034-10-03,,,,
212614,001,11090323*PED,2034-10-03,,,,
212614,002,11090323*PED,2034-10-03,,,,
212614,003,11090323*PED,2034-10-03,,,,
212614,004,11090323*PED,2034-10-03,,,,
210874,001,7919598*PED,2030-06-16,,,,
210874,001,6515117*PED,2026-04-04,,,,
210874,001,8716251*PED,2028-09-21,,,,
210874,001,8501698*PED,2027-12-20,,,,
210874,001,9616028*PED,2031-05-12,,,,
210874,002,8716251*PED,2028-09-21,,,,
210874,002,7919598*PED,2030-06-16,,,,
210874,002,8501698*PED,2027-12-20,,,,
210874,002,9616028*PED,2031-05-12,,,,
210874,002,6515117*PED,2026-04-04,,,,
210874,003,6515117*PED,2026-04-04,,,,
210874,003,7919598*PED,2030-06-16,,,,
210874,003,8501698*PED,2027-12-20,,,,
210874,003,9616028*PED,2031-05-12,,,,
210874,003,8716251*PED,2028-09-21,,,,
210874,004,6515117*PED,2026-04-04,,,,
210874,004,7919598*PED,2030-06-16,,,,
210874,004,8716251*PED,2028-09-21,,,,
210874,004,8501698*PED,2027-12-20,,,,
210874,004,9616028*PED,2031-05-12,,,,
